English,Kurdish (Latin),Kurdish (Arabic Script),Arabic,Transliteration
B.C. (before 4000 BC),berî 4000 berê zayînî,بەری ٤٠٠٠ بەرێ زایینی,BC (قبل 4000 قبل الميلاد),beree 4000 berê zayeenee
RNA,avke tirşê rayiyuzî,ئاڤکە ترشێ راییوزی,RNA,avke turshê rayuyuzee
kurdish letter 02 (“a” sound),a,ئا,آ,a
kurdish letter 02 (“a” sound),a,ا,آ,a
sinner,gunehkar,گونەھكار,آثم,guneḧkar
another,êkedî,ئێکەدی,آخر,êkedee
another,dîtir,دیتر,آخر,deetur
last,paşîn,پاشین,آخر,berdewam duket
last,talîn,تالین,آخر,berdewam duket
last,dawîn,داوین,آخر,berdewam duket
last (v),berdewam kirin,بەردەوام کرن,آخر,berdewam duket
other,dî,دى,آخر,dee
sorry,efû kirin,ئه‌فوو کرن,آسف,efû krun
sorry,bibure,ببورە,آسف,bubure
sorry,bibore,ببۆره‌,آسف,bubore
sorry,lê borîn,لێ بۆرین,آسف,lê boreen
muscle pain,êşa 'ezelata,ئێشا عه‌زه‌لاتا,آلام في العضلات,êsha 'ezelata
machine,mekîne,مەكینە,آلة,mekeene
calculator,ḧasîbe,حاسیبە,آلة حاسبة,ḧaseebe
mechanism,mîkanîzim,میكانیزم,آلية,meekaneezum
safe,silamet,سلامەت,آمن,sulamet
verse,parçe,پارچە,آية,parche
kurdish letter 01 (no sound),no sound,ئـ,أ,no sound
dad,babo,بابۆ,أب,babo
primary,seretayî,سەرەتایى,أبتدائي,seretayee
cheer up,keyf xweş dibit,كەیف خوەش دبیت,أبتهج,keyf xwesh dubut
look for,lê bigere,لێ بگەرە,أبحث عن,"lê geran , lê bugere"
look for,lê geran,لێ گەران,أبحث عن,"lê geran , lê bugere"
never,tu carî,تو جاری,أبدا,qet ne
never,çi caran,چ جاران,أبدا,chu jaran
never,qet ne,قه‌ت نه‌,أبدا,qet ne
never,hîç car na,هیچ جار نا,أبدا,ḧeech jar na
eternal,ebedî,ئه‌به‌دی,أبدي,"ḧeruḧer, ebedee, ḧetaḧetayee"
eternal,hetahetayî,هه‌تاهه‌تایی,أبدي,"ḧeruḧer, ebedee, ḧetaḧetayee"
eternal,heruher,هه‌روهه‌ر,أبدي,"ḧeruḧer, ebedee, ḧetaḧetayee"
acquit,bêsûc,بێسووج,أبرئ,bêsûj
acquit,bêsûc derxistin,بێسووج ده‌رخستن,أبرئ,bêsûce derxustun
parish,deveradêrekê,دەڤەرادێرەكێ,أبرشية,deveradêrekê
drive away,verevandin,ڤه‌ره‌ڤاندن,أبعد,tursandun
dumb,lal,لال,أبكم,lal
pomp,debidebe,دەبدەبە,أبھة,debudebe
white,spî,سپی,أبيض,spee
I practice,ez rahênana dkem,ئەز راھێنانا دکەم,أتدرب,ez raḧênana dkem
look forward,pîşeng,پیشەنگ,أتطلّع لذلك,"chaverê , peesheng , luberaḧeekê"
look forward,çaverê,چاڤەرێ,أتطلّع لذلك,"chaverê , peesheng , luberaḧeekê"
look forward,liberahîkê,لبەراھیکێ,أتطلّع لذلك,"chaverê , peesheng , luberaḧeekê"
Have a nice day,demekê xuşî biburînî,دەمەکێ خوشی ببورینی,أتمنى لك نھارا سعيد,demekê xushee bubureenee
came,hat,ھات,أتى,ḧat
furniture,athath malê,ئاثاث مالێ,أثاث,atḧatḧ malê
furniture,raêxek,رائێخه‌ک,أثاث,raêxek
furniture,mobîliya,مۆبیلیا,أثاث,mobeeluya
agitate,şilqandin,شلقاندن,أثار,seesuruk
agitate,fît kirin,فیت کرن,أثار,seesuruk
agitate,hejandin,هه‌ژاندن,أثار,seesuruk
trace,rêç,ڕێچ,أثر,rêch
trace,şop,شۆپ,أثر,shop
during,li demê,ل دەمێ,أثناء,"lu demê , wextê"
during,wextê,وەختێ,أثناء,"lu demê , wextê"
commend,pesendkirin,په‌سه‌ندکرن,أثني,pesendkrun
Ethiopia,etîyopya,ئه‌تییۆپیا,أثيوبيا,destuk
foreigners,biyanîan,بیانیان,أجانب,buyaneean
fare,kirê,كرێ,أجرة,krê
alien,seyir,سەیر,أجنبي,seyur
foreign,biyanî,بیانی,أجنبي,buyanee
foreign,ẍerîb,خه‌ریب,أجنبي,buyanee
foreigner,ecnebî,ئەجنەبی,أجنبي,ejnebee
foreigner,biyanî,بیانى,أجنبي,"buyanee , ẍereeb"
foreigner,ẍerîb,غەریب,أجنبي,"buyanee , ẍereeb"
frustrate,bê tewş,بێ ته‌وش,أحبط,"bê tewsh ,  bê ḧeevee"
frustrate,bê hîvî,بێ هیڤی,أحبط,"bê tewsh ,  bê ḧeevee"
frustrate,sist,سست,أحبط,sust
frustrate,şaşkirin,شاشکرن,أحبط,sust
11,yazde,١١ ، یازدە,أحد عشر,yazde
eleven,yazde,یازدە,أحد عشر,yazde
latest news,nûtirîn nûçe,نووترین نووچە,أحدث الأخبار,nûtureen nûche
shoes,pêlav,پێلاڤ,أحذية,pêlav
shoes,şekal,شه‌کال,أحذية,shekal
innards,hinav,هناڤ,أحشاء,ḧunav
bring me,bo min bîne,بۆ من بینە,أحضر لي,bo mun beene
red,sor,سۆر,أحمر,sor
lipstick,sorav,سۆراڤ,أحمر الشفاھ,sorav
foolish,"bê hiş, bê aql, bê mejî",بێ هش، بێ ئاقل، بێ مەژی,أحمق,"bê ḧush, bê aql, bê mezhee"
foolish,pîç,پیچ,أحمق,peech
foolish,debeng,دەبەنگ,أحمق,debeng
occasionally,hindek dema,ھندەك دەما,أحيانا,ḧundek dema
brother,bra,برا,أخ,bra
stepbrother,kurrê zirbab,کوڕێ زرباب,أخ غير شقيق,krrê zurbab
good news,mizigînî,مزگینی,أخبار جيدة,muzugeenee
tell me,bêje min,بێژە من,أخبرنى,bêzhe mun
sister,xuşk,خوشک,أخت,xushk
sister,xîşk,خیشك,أخت,xeeshk
sister-in-law,diş,دش,أخت الزوج أو اخت الزوجة,dush
take,înan,ئینان,أخذ,eenan
take,bibe,ببە,أخذ,bube
take,birin,برن,أخذ,burun
take,girîtin,گریتن,أخذ,gureetun
take,werigirîtin,وەرگریتن,أخذ,werugureetun
took,werigirît,وەرگریت,أخذ,werugureet
take an x-ray,îşa'e standin,ئیشاعە ستاندن,أخذ الأشعة السينية,eesha'e standun
take out,"havêtin , pavêje , îna der",ھاڤێتن ، پاڤێژە ، ئینا دەر,أخرج,"ḧavêtun , pavêzhe , eena der"
get out (of the car),hatina xwarê,هاتنا خوارێ,أخرج من السيارة),ḧatuna xwarê
I get out here,"li vêrê min bîne xarê ,  di ême xar",ل ڤێرێ من بینە خارێ ،  د ێمە خار,أخرج ھنا,"lu vêrê mun beene xarê ,  du ême xar"
mute,lal,لال,أخرس,lal
fertilize,avis kirin,ئاڤس کرن,أخصب,avus krun
fertilize,zibil kirin,زبل کرن,أخصب,zubul krun
green,sewz,سه‌وز,أخضر,kesk
green,kesk,کەسک,أخضر,kesk
octopus,xitebut,ختەبوت,أخطبوط,xutebut
manners,rewşit,رەوشت,أخلاق,rewshut
manners,rewşita req,ڕە‌وشتا ڕە‌ق,أخلاق,rewshuta req
ethical,rewşitî,رەوشتى,أخلاقي,rewshutee
ethics,exlaq,ئه‌خلاق,أخلاقي,rewshut
ethics,rewişt,رەوشت,أخلاقي,rewshut
moral,exlaq,ئه‌خلاق,أخلاقي,rewshut
moral,rewişt,رەوشت,أخلاقي,rewshut
moral,sinç,سنچ,أخلاقي,sunch
ethic,etîk,ئه‌تیک,أخلاقيات,rewshut
morality,exlaq,ئه‌خلاق,أخلاقية,rewshut
morality,rewşit,رەوشت,أخلاقية,rewshut
morality,sinc,سنج,أخلاقية,rewshut
sibling,xwişk yan bira,خوشک یان برا,أخوان,xwushk yan bura
siblings,xwişk û bira,خوشک و برا,أخوة,xwushk û bura
finally,taliyê,تالیێ,أخيرا,taluyê
finally,dawyê,داویێ,أخيرا,dawyê
lastly,dumahî yê,دوماھى یێ,أخيرا,dumaḧee yê
performance,encamdan,ئه‌نجامدان,أداء,enjamdan
performance,bicihanîn,بجهانین,أداء,bujḧaneen
performance,pêkanîn,پێکانین,أداء,pêkaneen
gadget,amûr,ئاموور,أداة,amûr
gadget,halet,هاله‌ت,أداة,ḧalet
instrument,amîr,ئامیر,أداة,ameer
tool,amîret,ئامیرەت,أداة,ameeret
literature,wîje,ویژە,أدب,weezhe
literary,turî,تورى,أدبي,turee
insert,axinîn,ئاخنین,أدخل,axuneen
enter (computer),daxilkirin,داخلکرن,أدخل (كمبيوتر),daxulkrun
jungle,qeram,قەرام,أدغال,qeram
below,li bin,ل بن,أدناه,lu bun
below,li jêr,ل ژێر,أدناه,lu zhêr
lower,nizimtir,نزمتر,أدنى,nuzumtur
inferior,payenizm,پایه‌نزم,أدنى منزلة,payenuzm
inferior,pilenizim,پله‌نزم,أدنى منزلة,pulenuzum
inferior,kêmbiha,کێمبها,أدنى منزلة,payenuzm
low class,payenizm,پایه‌نزم,أدنى منزلة,payenuzm
low class,kêmbiha,کێمبها,أدنى منزلة,payenuzm
tools instruments,amiraz,ئامراز,أدوات الأدوات,amuraz
Azerbaijan,azerbaycan,ئازەربایجان,أذربيجان,azerbayjan
Azerbaijani,azerbaycanî,ئازەربایجانی,أذربيجان,azerbayjanee
see you,te bînim,تە بینم,أراك لاحقاً,te beenum
4,çar,٤ ، چار,أربعة,char
four,çar,چار,أربعة,char
14,çarde,١٤ ، چاردە,أربعة عشر,charde
fourteen,çarde,چاردە,أربعة عشرة,charde
40,çil,٤٠ ، چل,أربعون,chul
forty,çil,چل,أربعون,chul
embarrass,şerimzar,شە‌رمزار,أربك,sherumzar
get dressed,kirin ber xo,کرن بەر خۆ,أرتدي ملابسي,krun ber xo
put off,paş dêxt,پاش دئێخت,أرجأ,pash dêxt
lilac,şilêr,شلێر,أرجواني,shulêr
purple,mur,مور,أرجواني,mur
sent,hinarît,ھناریت,أرسلت,ḧunareet
earth,erd,ئەرد,أرض,erd
earth,erd,عەرد,أرض,erd
ground,erd,ئەرد,أرض,erd
land,erd,عەرد,أرض,erd
ground (for play),meydan,مه‌یدان,أرض (للعب),meydan
moor,zung,زونگ,أرض بور,zung
floor,qatê,قاتێ,أرضية,qatê
floor,hafir,ھافر,أرضية,ḧafur
enclose,pêçan,پێچان,أرفق,têde ḧevpêchkrun lu gel
enclose,têde hevpêçkirin li gel,تێدە ھەڤپێچكرن ل گەل,أرفق,têde ḧevpêchkrun lu gel
wakeful,hişiyar,ھشیار,أرق,ḧushuyar
rational numbers,jimareyên rêjeyî,ژمارەیێن رێژەیی,أرقام نسبية,zhumareyên rêzheyee
widow,bîjin,بیژن,أرملة,beezhun
widow,jinebî,ژنه‌بی,أرملة,zhunebee
Armenia,ermîniya,ئەرمینیا,أرمينيا,ermeenuya
Rabbit,kevirîşk,كەڤریشك,أرنب,kevureeshk
show me,nîşamin bide,نیشامن بدە,أرني,neeshamun bude
horrify,tirsandin,ترساندن,أرهب,tursandun
horrify,veciniqandin,ڤه‌جنقاندن,أرهب,vejnuqandun
I want to go back home,min divêt bzvrme mal,من دڤێت بزڤرمە مال,أريد أن أذھب إلى البيت,mun duvêt bzvrme mal
I want have University ID,min hewya zanikuyê divêt,من ھەویا زانکویێ دڤێت,أريد أن يكون الرقم الجامعي,mun ḧewya zanukyê duvêt
I want open the cap,min divêt qepaxî vekey,من دڤێت قەپاخی ڤەکەی,أريد فتح الغطاء,mun duvêt qepaxee vekey
couch,balîşne,بالیشنه‌,أريكة,baleeshne
couch,text,ته‌خت,أريكة,text
couch,qenepe,قه‌نه‌په‌,أريكة,qenepe
sofa,qenepe,قەنەپە,أريكة,qenepe
blue,şîn,شین,أزرق,sheen
crisis,qeyiran,قەیران,أزمة,qeyuran
financial crisis,qeyrana darayî,قەیرانا دارایی,أزمة مالية,qeyrana darayee
blossoms,kulîlkên,کولیلکێن,أزھار,kleelkên
misunderstand,xelet têdigehît,خەلەت تێدگەھیت,أساء الفهم,xelet têdugeḧeet
basis,esas,ئه‌ساس,أساس,esas
basis,bingeh,بنگه‌ھ,أساس,bungeḧ
basis,binema,بنه‌ما,أساس,bunema
essential,fer,فەر,أساسي,fer
essential,giring,گرنگ,أساسي,fer
essential,gewherî,گه‌وهه‌ری,أساسي,gewḧeree
week,isbu',ئسبوع,أسبوع,usbu'
week,hefte,هه‌فته‌,أسبوع,ḧefte
week,heftî,هه‌فتی,أسبوع,ḧeftee
weekly,hefteyî,هه‌فته‌یی,أسبوعي,ḧefteyee
professor,pirufîsur,پروفیسور,أستاذ,purufeesur
Australia,ustiralîya,ئوسترالیا,أستراليا,usturaleeya
ratio,"qelereşk , qir",قه‌له‌ره‌شک ، قر,أسحم,"qelereshk , qur"
lion,şêr,شێر,أسد,shêr
captivate,diguhişit,دگوھشت,أسر,duguḧushut
captivity,esîrkirin,ئه‌سیرکرن,أسر,eseerkrun
captivity,dîlî,دیلی,أسر,gurtun
captivity,girtin,گرتن,أسر,gurtun
captivity,girtîbûnî,گرتیبوونی,أسر,gurteebûnee
family,xêzan,خێزان,أسرة,xêzan
family,eyal,عەیال,أسرة,eyal
cylinder,lûlek,لوولەك,أسطوانة,lûlek
legend,efsane,ئەفسانە,أسطورة,efsane
legend,hiravî,ھراڤی,أسطورة,ḧuravee
myth,efsane,ئه‌فسانه‌,أسطورة,efsane
myth,ustûre,ئوستووره,أسطورة,ustûre
legendary,efsane,ئەفسانە,أسطوري,efsane
bottom,bin,بن,أسفل,bun
down,"li binî , xwar , jêr",ل بنی ، خوار ، ژێر,أسفل,"lu bunee , xwar , zhêr"
bishop,matirun,ماترون,أسقف,maturun
manner,awa,ئاوا,أسلوب,awa
manner,"şêwe‌, edet",شێوە‌، ئه‌دەت,أسلوب,"shêwe‌, edet"
style,şêwaz,شێواز,أسلوب,shêwaz
style,şêwe,شێوه‌,أسلوب,shêwe
teeth,didan,ددان,أسنان,dudan
worse,xirabtir,خرابتر,أسوأ,xurab
worse,ne başitir,نە باشتر,أسوأ,ne bashutur
worst,bedtirî,به‌دتری,أسوأ,xurabutur
worst,xirabtirîn,خرابترین,أسوأ,xurabutur
worst,herî xirab,هه‌ری خراب,أسوأ,xurabutur
black,reş,رەش,أسود,resh
negro,reşek,رەشەك,أسود,reshek
captive,dîl,دیل,أسير,"vebestee, deelkree, grtee"
captive,dîlkrî,دیلکری,أسير,"vebestee, deelkree, grtee"
captive,zîndanî,زیندانی,أسير,zeendanee
captive,vebestî,ڤه‌به‌ستی,أسير,"vebestee, deelkree, grtee"
captive,grtî,گرتی,أسير,"vebestee, deelkree, grtee"
radiate,diçirist,دچرست,أشع,duchurust
set fire,hil kirin,ھل کرن,أشعل النار,ḧul krun
Isaiah,eş'îya,ئەشعییا,أشعياء,esh'eeya
stuff,kel u pelan,کەل و پەلان,أشياء,kel u pelan
refer,amaje kirin,ئاماژه‌ کرن,أشير,"ḧêz, buzuree"
constipate,zik digirtin,زک دگرتن,أصاب المعدة بامساك,zuk dugurtun
become,"dêbite , çêdibît",دێ بیتە ، چێدبیت,أصبح,"dêbute , chêdubeet"
friends in high places,waste,واسته‌‌,أصدقاء في الأماكن المرتفعة,waste
yellow,zer,زەر,أصفر,zer
original,esilî,ئەسلى,أصلي,esulee
original,resen,ڕه‌سه‌ن,أصلي,esulee
deaf,ker,که‌ر,أصم,"ker, guḧulee nabeet"
deaf,guhilî nabît,گوھلی نابیت,أصم,"ker, guḧulee nabeet"
deaf mute,lal,ڵاڵ,أصم أبكم,lal
pot,qazan,قازان,أصيص,qazan
kindle,agir kirin,ئاگر کرن,أضرم,dusuzht dadudut
kindle,disujt dadidit,دسوژت داددەت,أضرم,dusuzht dadudut
kindle,hilkirina agirî,هلکرنا ئاگری,أضرم,ḧulkruna aguree
I put the pen,ez qelemî danm,ئەز قەلەمی دانم,أضع القلم,ez qelemee danm
Doctors Without Borders,dixtur bê sinur,دختور بێ سنور,أطباء بلا حدود,duxtur bê sunur
limbs,la,لا,أطرافھ,la
limb,pîlax,پیلاخ,أطرافھم,peelax
atlas,etles,ئەتلەس,أطلس,etles
boldness,wêrekî,وێره‌کی,أطمع,me
covet,çavbirçî bûn,چاڤبرچی بوون,أطمع,me
covet,dilçûn,دلچوون,أطمع,me
covet,dilê xo bin,دلێ خۆ بن,أطمع,me
marvel,ecêb,عەجێب,أعجوبة,ejêb
prepared,hazir,هازر,أعدت,ḧazur
symptom,berjeng,به‌رژه‌نگ,أعراض,berzheng
symptom,nîşan,نیشان,أعراض,neeshan
heart attack symptoms,nîşanên celta dilî,نیشانێن جه‌لتا دلی,أعراض النوبة القلبية,neeshanên jelta dulee
symptoms of heart attack,nîşanên celta dilî,نیشانێن جه‌لتا دلی,أعراض النوبة القلبية,neeshanên jelta dulee
crippled,kulek,كولەك,أعرج,klek
crippled,linger,لنگه‌ر,أعرج,lunger
lame,qup,قوپ,أعرج,qup
bachelor,bekaluriyus,بەكالوریوس,أعزب,bekaluruyus
unarmed,dest vala,دەست ڤالا,أعزل,dest vala
herbs,keskatiyên giya,که‌سکاتیێن گیا,أعشاب,keskatuyên guya
adore,dil dar diket,دل دار دکەت,أعشق,dul dar duket
give me,bide min,بدە من,أعطني,bude mun
give me a ride,dê şêyi min bigehînî?,دێ شێی من بگەھینی؟,أعطني ركوب,dê shêyu mun bugeḧeenee?
give me your bowl,sînîka xo bide min,سینیکا خۆ بدە من,أعطني وعاء الخاص بك,seeneeka xo bude mun
announce,ragehînît,ڕاگەھینیت,أعلن,rageḧeeneet
declare,diyarikir,دیاركر,أعلن,duyarukr
declare,ragehandin,ڕاگه‌هاندن,أعلن,rageḧandun
proclaim,eşkera kirin,ئه‌شکه‌را کرن,أعلن,eshkera krun
proclaim,dan bihîstin,دان بهیستن,أعلن,dan buḧeestun
proclaim,diyar kirin,دیار کرن,أعلن,duyar krun
proclaim,ragehandin,ڕاگه‌هاندن,أعلن,rageḧandun
top,gupîtik,گوپیتك,أعلى,gupeetuk
upper,"jorîn, jortir",ژۆرین، ژۆرتر,أعلى,"zhoreen, zhortur"
supreme,bala(tirîn),بالا(ترین),أعلى فائق,bala(tureen)
supreme,bilind(tirîn),بلند(ترین),أعلى فائق,bulund(tureen)
supreme,raser,ڕاسه‌ر,أعلى فائق,bala(tureen)
good works,karên çak,كارێن چاك,أعمال جيدة,karên chak
colonnade,eywan,ئه‌یوان,أعمدة,buyax duket
colonnade,karîte,کاریته‌,أعمدة,buyax duket
poles,herdû cemser,هەردوو جەمسەر,أعمدة,ḧerdû jemser
August,tebax,ته‌باخ,أغسطس,"ḧeyuva ḧeshut, tebax, meḧa 8ê"
August,meha 8ê,مه‌ها ۸ئێ,أغسطس,"ḧeyuva ḧeshut, tebax, meḧa 8ê"
August,heyiva heşit,ھەیڤا ھەشت,أغسطس,"ḧeyuva ḧeshut, tebax, meḧa 8ê"
majority,"pirîne , aẍeleb",پرینە ، ئاغەلەب,أغلبية,"pureene , aẍeleb"
majority,pirranî,پڕانی,أغلبية,purranee
close,daêxistin,دائێخستن,أغلق,daêxustun
close,dadêxit,دادئێخت,أغلق,dadêxut
close,girtin,گرتن,أغلق,gurtun
song,stiran,ستران,أغنية,sturan
bird's song,awaz xwandin,ئاواز خواندن,أغنية الطيور,awaz xwandun
funeral song,velurand,ڤه‌لوراند,أغنية جنازة,velurand
betray,bêbextî lê kirin,بێبه‌ختی لێ کرن,أفشى سرا,bêbextee lê krun
betray,xiyanet kirin,خیانه‌ت کرن,أفشى سرا,xuyanet krun
betray,lê xaîn bûn,لێ خائین بوون,أفشى سرا,lê xaeen bûn
best,baştirîn,باشترین,أفضل,bashutur
best,çêtirîn,چێترین,أفضل,bashutur
best,qenctirîn,قه‌نجترین,أفضل,bashutur
better,baştir,باشتر,أفضل,chêture
better,çêtir,چێتر,أفضل,chêture
better,qenctir,قه‌نجتر,أفضل,chêture
advantage,berjewendî,به‌رژه‌وه‌ندی,أفضلية,mufa
advantage,qazanc,قازانج,أفضلية,mufa
advantage,feyde,فه‌یده‌,أفضلية,mufa
advantage,mifa,مفا,أفضلية,mufa
priority,pêşkî,پێشکی,أفضلية,pêshêtee
priority,pêşeyî,پێشه‌یی,أفضلية,pêshêtee
priority,pêşêtî,پێشێتى,أفضلية,pêshêtee
priority,fer,فه‌ر,أفضلية,pêshêtee
priority,giringtirîn tşit,گرنگترین تشت,أفضلية,gurungtureen tshut
serpent,mar,مار,أفعى,mar
poisonous snake,koremar,کوره‌مار,أفعى سامة,koremar
viper,"mar , margîsk",مار ، مارگیسک,أفعى سامة,"mar , margeesk"
Afghanistan,efẍanistan,ئەفغانستان,أفغانستان,efẍanustan
horizon,aso,ئاسۆ,أفقي,tereeb
horizontal,asuyî,ئاسویی,أفقي,tereeb
horizontal,asoyî,ئاسۆیی,أفقي,tereeb
horizontal,terîb,تەریب,أفقي,tereeb
horizontal,ne stûnî,نه‌ ستوونی,أفقي,tereeb
marbles,tebel,تەبەل,أفكار,tebel
feet,herdû pê,ھەردوو پێ,أقدام,ḧerdû pê
swear,swînd,سویند,أقسم,sweend
extreme,tundrew,توندرەو,أقصى,tundrew
maximum,pitirîn,پترین,أقصى,putureen
maximum,mezin,مەزن,أقصى,mezun
less,piçektir,پچه‌کتر,أقل,suvuk duket
less,sivik diket,سڤك دكەت,أقل,suvuk duket
less,kêmtir,کێمتر,أقل,suvuk duket
less,hindiktir,هندکتر,أقل,suvuk duket
peck,kun diket,كون دكەت,أقلق,kn duket
minority,kêmayetî,كێمایەتى,أقلية,kêmayetee
tell,baḧis kirin,باحس کرن,أقول,baḧus krun
tell,vegotin,ڤه‌گۆتن,أقول,vegotun
tell,gotin,گۆتن,أقول,gotun
telling,vegotin,ڤه‌گۆتن,أقول,vegotun
academic,zana,زانا,أكاديمي,zana
bigger,mezintir,مەزنتر,أكبر,mezuntur
write,nivêsandin,نڤێساندن,أكتب,nuvêsandun
more,pitir,پتر,أكثر,putur
more,dîtir,دیتر,أكثر,deetur
the most,herî,هه‌ری,أكثر,ḧeree
flatter,salwîsî kirin,سالویسی کرن,أكثر تسطحا,lu ser
oxygen,ukiscîn,ئوكسجین,أكسجين,uksjeen
eat,xarin,خارن,أكل,xarun
be faithful,"rêz girîtin , qaym kirin",رێز گریتن ، قایم کرن,أكون مخلصا,"rêz gureetun , qaym krun"
I be with you,ez yê digel te,ئەز یێ دگەل تە,أكون معك,ez yê dugel te
"1,000",hezar,١٠٠٠ ، ھەزار,ألف,ḧezar
thousand,hezar,هه‌زار,ألف,ḧezar
"2,500",dû hezar pênc sad,٢٥٠٠ ، دوو ھەزار پێنج ساد,ألفين و خمسة مائة,ḧezar
throw down,herrifandin,هه‌ڕفاندن,ألقى,ḧerrufandun
ache,êşan,ئێشان,ألم,"du êshut , êshan"
ache,di êşit,دئێشت,ألم,"du êshut , êshan"
pain,ezyet,ئه‌زیه‌ت,ألم,"êsh , ne xoshee"
pain,êş,ئێش,ألم,"êsh , ne xoshee"
pain,nexoşî,نەخۆشی,ألم,"êsh , ne xoshee"
pang,êş,ئێش,ألم,êsh
dental pain,êşa didanî,ئێشا ددانی,ألم أسنان,êsha dudanee
Sore throat,êşa ḧefkê,ئێشا حه‌فكێ,ألم الحلق,êsha ḧefkê
stomachache,êşana m'îdê,ئێشانا معیدێ,ألم المعدة,êshana m'eedê
pain in chest,êşa sîngî,ئێشا سینگی,ألم في الصدر,êsha seengee
Back ache,pişit êşan,پشت ئێشان,ألم في الظهر,pushut êshan
Germany,almaniya,ئالمانیا,ألمانيا,almanuya
inspire,siruş diket,سروش دكەت,ألھم,surush duket
mammy,dayk,دایك,أم,dayk
mother,dayk,دایك,أم,dayk
parking space,cihê seyarê,جھێ سەیارێ,أماكن لوقوف السيارات,jḧê seyarê
honesty,destpakî,ده‌ستپاکی,أمانة,"rastubêzhee , rastgoyee"
honesty,"rastibêjî , rastgoyî",ڕاستبێژی ، ڕاستگۆیی,أمانة,"rastubêzhee , rastgoyee"
luggage,kel û pelên seferê,كەل و پەلێن سەفەرێ,أمتعة,kel û pelên seferê
command,raspardin,ڕاسپاردن,أمر,feruman dudet
command,ferman kirin,فه‌رمان کرن,أمر,feruman dudet
command,feriman didet,فەرمان ددەت,أمر,feruman dudet
yesterday,"duhî, duh",دوهی، دوھ,أمس,"duḧee, duḧ"
bowel,riwîvîk,رویڤیك,أمعاء,ruweeveek
circuit,çerx,چه‌رخ,أمل,ḧeevee
hope,umêd,ئومێد,أمل,ḧeevee
hope,omêd,ئۆمێد,أمل,ḧeevee
hope,hîvî,ھیڤی,أمل,ḧeevee
rotation,çerx,چه‌رخ,أمل,ḧeevee
security,asayiş,ئاسایش,أمن,asayush
security,emin,ئه‌من,أمن,emun
object,berikar,بە‌رکار,أمور,berukar
object,tşit,تشت,أمور,tshut
maternity,daykayetî,دایكایەتى,أمومة,daykayetee
motherhood,daykayetî,دایكایەتى,أمومة,daykayetee
maternal,daykî,دایكى,أمومية,daykee
illiterate,umî,عومی,أمي,umee
illiterate,nexwandewar,نەخواندەوار,أمي,nexwandewar
prince,emîr,ئه‌میر,أمير,emeer
prince,mîr,میر,أمير,meer
princess,emîre,ئەمیرە,أميرة,emeere
princess,dotmîr,دۆتمیر,أميرة,dotmeer
princess,keçmîr,که‌چمیر,أميرة,kechmeer
cashier,kaşêr,كاشێر,أمين الصندوق,kashêr
librarian,kitêbixanevan,كەتێبخانەڤان,أمين المكتبة,ktêbuxanevan
It itches,dixwirît,دخوریت,أن,duxwureet
that,"ew , ewe",ئه‌و ، ئه‌وه,أن,"ew , ewe , wee , ewee , ye , yê"
that,"ewî , ye",ئه‌وی ، یه,أن,"ew , ewe , wee , ewee , ye , yê"
that,da,دا,أن,da
that,ku,کو,أن,k
that,hen,هه‌ن,أن,da
that,wî,وی,أن,"ew , ewe , wee , ewee , ye , yê"
that,yê,یێ,أن,"ew , ewe , wee , ewee , ye , yê"
that which,ewa,ئه‌وا,أن,ewa
be harvested,dirîtin,دریتن,أن تحصد,dureetun
be devastated,wêran kirin,وێران کرن,أن تدمر,wêran krun
be equipped,amade birin,ئامادە برن,أن تكون مجھزة,amade burun
be hopeful,hîvîdar bîn,ھیڤیدار بین,أن يكون المرشح,ḧeeveedar been
be born,xudê dan,خودێ دان,أن يولد,xudê dan
I,ez,ئەز,أنا,ez
I (oblique),min,من,أنا,mun
i.d. card,"cinsî , hewî",جنسی ، هەوی,أنا,"jnsee , ḧewee"
I need you,ez pêtibî te me,ئەز پێتڤی تە مە,أنا أحتاجك,ez pêtubee te me
I shake your hand,min destê te hejand,من دەستێ تە ھەژاند,أنا أهز یدك,mun destê te ḧezhand
I pick up the pen,ez qelemî ledkem,ئەز قەلەمی لەدکەم,أنا التقط القلم,ez qelemee ledkem
I'm fine,ezê başim,ئەزێ باشم,أنا بخير,ezê bashum
I don’t want to talk to you,ez te sil dibim,ئەز تە سل دبم,أنا لا أريد أن أتحدث إليكم,ez te sul dubum
I don't know Kurdish,ez Kurdyê na zanim,ئەز كوردی نا زانم,أنا لا أعرف الكردي,ez krdyê na zanum
I don't understand,ez tê na gehim,ئەز تێ نا گەھم,أنا لا أفھم,ez tê na geḧum
I never change my mind,ez qet(ç cara) hzira xo naguhrm,ئەز قەت(چ جارا) ھزرا خۆ ناگوھرم,أنا لم أغير رأيي,ez qet(ch jara) ḧzura xo naguḧrm
I didn't understand,ez tê na gehiştim,ئەز تێ نە گەھشتم,أنا لم أفھم,ez tê na geḧushtum
I am so pessimistic,ez gelek reşibînim,ئەز گەلەك رەشبینم,أنا متشائم جدا,ez gelek reshubeenum
I am tired,ez westiyam,ئەز وەستیام,أنا متعب,ez westuyam
I am so optimistic,ez gelek geşibînim,ئەز گەلەك گەشبینم,أنا متفائل جدا,ez gelek geshubeenum
I am injured,ez yê brîndarm,ئەز یێ بریندارم,أنا مجروح,ez yê breendarm
I miss you,ez ji te xerîbim,ئەز ژ تە خەریبم,أنا مشتاق لك,ez zhu te xereebum
water pipes,burîyin avî,بوریین ئاڤى,أنابيب المياھ,bureeyun avee
disabled people,kêm endaman,کێم ئەندامان,أناس معوقين,kêm endaman
pineapple,ananas,ئاناناس,أناناس,ananas
selfish,ez ezîk,ئەز ئەزیك,أناني,ez ezeek
selfish,xwebîn,خوه‌بین,أناني,xwebeen
selfish,xweperist,خوه‌په‌رست,أناني,xweperust
selfish,xwewîst,خوه‌ویست,أناني,xweweest
news,dengubas,دەنگوباس,أنباء,dengubas
news,nûçe,نووچه‌,أنباء,nûche
news,nûçe,نووچه‌,أنباء,exbar
pipe,burî,بورى,أنبوب,buree
pipe,lûle,لووله‌,أنبوب,buree
you,tu,تو,أنت,tu
you,tu,تۆ,أنت,tu
you (plural),hûn,هوون,أنت (جمع),ḧûn
you (plural),hwîn,هوین,أنت (جمع),ḧween
you don't need to apolozied,pê nevêt daxaza lêborînê bikey,پێ نەڤێت داخازا لێبۆرینێ بکەی,أنت لا تحتاج إلى الاعتذار,pê nevêt daxaza lêboreenê bukey
female,jin,ژن,أنثى,"mê, zhun"
female,mê,مێ,أنثى,"mê, zhun"
Indonesia,îndunêysîya,ئیندونێیسیا,أندونيسيا,eendunêyseeya
lie down! (command),xo bêxe erdî,خۆ بێخە ئەردی,أنسدح!,xo bêxe erdee
established,pêk hatin,پێك هاتن,أنشئ,pêk ḧatun
loop,kulpek,كولپەك,أنشوطة,klpek
nose,difin,دفن,أنف,dufun
yourselves,webixu,وەبخو,أنفسكم,webuxu
ourselves,mebixu,مەبخو,أنفسنا,mebuxu
themselves,wan bixu,وان بخو,أنفسھم,wan buxu
spent,mezaxt,مەزاخت,أنفق,mezaxt
flu,perisîv,پەرسیڤ,أنفلونزا,peruseev
they,ewan,ئەوان,أنھم,ewan
elegant,rêk û pêk,رێك و پێك,أنيق,rêk û pêk
neat,lêgday,لێگداى,أنيق,lêgday
moan,dinalit,دنالت,أنين,dunalut
moan,nalîn,نالین,أنين,naleen
malign,riswa kirin,ڕسوا کرن,أهان,"shermezar krun, meḧkûm krun"
welcome,bi xêr bên,ب خێر بێن,أھلا بك,"bu xêr bên , bu xêr ḧatun"
welcome,bi xêr hatin,ب خێر هاتن,أھلا بك,"bu xêr bên , bu xêr ḧatun"
welcome,bi xêrhatî,ب خێرھاتی,أھلا بك,"bu xêrḧatee , pêshwazee lê krun"
welcome,pêşwazî lê kirin,پێشوازی لێ کرن,أھلا بك,"bu xêrḧatee , pêshwazee lê krun"
or,yan,یان,أو,yan
doctor's orders,parêz,پارێز,أوامر الطبيب,parêz
upload (computer),barkirdin,بارکردن,أوبلود (كومبيوتر),barkrdun
uranus,oranos,ئۆرانۆس,أورانوس,oranos
geese,gelek qaz,گەلەك قاز,أوز,gelek qaz
goose,qaz,قاز,أوز,qaz
Uzbekistan,uzbêkstan,ئوزبێکستان,أوزبكستان,uzbêkstan
turn off,tamrandin,تامراندن,أوقف,tamrandun
turn off,tamrîne,تامرینە,أوقف,tamreene
turn off,vamrandin,ڤەمراندن,أوقف,vamrandun
Ukraine,okraniya,ئۆکرانیا,أوكرانيا,okranuya
initial,seretayî,سەرەتایى,أول,seretayee
day before yesterday,pêr,پێر,أول أمس,pêr
those,wêt he,وێت ھە,أولئك,wêt ḧe
first,ewl,ئه‌ول,أولا,ewl
first,êkem,ئێكەم,أولا,êkem
first,li berahiyê,ل بەراهیێ,أولا,lu beraḧuyê
first of all,li ewlî,ل ئەولی,أولًا,lu ewlee
first of all,li berahiyê,ل بەراھیێ,أولًا,lu beraḧuyê
omega,omêga,ئۆمێگا,أوميغا,omêga
What time is it?,se'et çende?,سەعەت چەندە؟,أي ساعة؟,se'et chende?
Which tribe are you from?,tu yê şkî?,تو یێ شکی؟,أي قبيلة أنت؟,tu yê shkee?
ideology,aydolojî,ئایدۆلۆژی,أيديولوجية,aydolozhee
ideology,raman,رامان,أيديولوجية,raman
Ireland,êrlenda,ئێرلەندا,أيرلندا,êrlenda
also,jî,ژی,أيضا,zhee
also,heriwesa,ھەروەسا,أيضا,ḧeruwesa
awakened,ji xewirabî,ژخەو رابى,أيقظ,zhu xewurabee
September,meha 9ê,مه‌ها ۹ئێ,أيلول,meḧa 9ê
September,"heyiva neh , îlon",ھەیڤا نەھ ، ئیلۆن,أيلول,"ḧeyuva neḧ , eelon"
Where do I put these things?,evan tşita bidanme kîrê?,ئەڤان تشتا بدانمە کیرێ؟,أين أضع ھذھ الأشياء؟,evan tshuta budanme keerê?
Where are you?,tu li kîrêy?,تو ل کیرێی؟,أين أنت؟,tu lu keerêy?
Where do you get from?,li kêrê heye?,ل کێرێ ھەیە؟,أين تحصل عليھ من؟,lu kêrê ḧeye?
Where do you live?,to li kîve dijî?,تۆ ل كیڤە دژی؟,أين تعيش؟,to lu keeve duzhee?
Where do you live?,mala te li kîveye?,مالا تە ل كیڤەیە؟,أين تعيش؟,mala te lu keeveye?
Where did they go?,ew çune kîrê?,ئەو چونە کیرێ؟,أين ذھبوا؟,ew chune keerê?
Where is your head?,ka serê te?,کا سەرێ تە؟,أين رأسك؟,ka serê te?
Where do you serve?,tu li kîrê şol dikey?,تو ل کیرێ شۆل دکەی؟,أين عندكم؟,tu lu keerê shol dukey?
Where is your house?,mala te li kîrê ye?,مالا تە ل کیرێ یە؟,أين منزلك؟,mala te lu keerê ye?
Where is your mom?,kanê deyka hewe?,کانێ دەیکا ھەوە؟,أين والدتك؟,kanê deyka ḧewe?
Where did you bring this money?,te ev pare ji kîrê înan?,تە ئەڤ پارە ژ کیرێ ئینان؟,أين وجھتم ھذا المال؟,te ev pare zhu keerê eenan?
reboot,dîsa dest pê kirin,دیسا ده‌ست پێ کرن,إبدأ مجددا,deesa dest pê krun
discharge,derxistin,ده‌رخستن,إبراء الذمة,derxustun
discharge,derkirin,ده‌رکرن,إبراء الذمة,derkrun
needle,drêşk,درێشک,إبرة,"deruzee, drêshk"
needle,derizî,ده‌رزی,إبرة,"deruzee, drêshk"
needle,şranqe,شرانقە,إبرة,shranqe
pitcher,mesîn,مەسین,إبريق,meseen
deport,dersinor,ده‌رسنۆر,إبعاد,dûrukrun
devil,ecine,ئەجنە,إبليس,ejne
devil,şeytan,شه‌یتان,إبليس,sheytan
thumb,tla beranê,تلا بەرانێ,إبھام اليد,tla beranê
follow,pêgirî kirin,پێگری کرن,إتبع,pêguree krun
leave it alone,bihêle,بهێلە,إتركه وحده,buḧêle
provoke,azirîn,ئازرین,إثارة,têk dan
provoke,têk dan,تێك دان,إثارة,têk dan
provoke,darînt,دئارینت,إثارة,dareent
sensationalize,hestiyar kirin,هه‌ستیار کرن,إثارة,shareza
stir up,arandin,ئاراندن,إثارة,te'een
stir up,azirandin,ئازراندن,إثارة,te'een
contentious,şerker,شه‌رکه‌ر,إثارة للخلاف,ḧevpushk
contentious,gengeşe,گه‌نگه‌شه‌,إثارة للخلاف,ḧevpushk
prove,pesend diket,پەسەند دکەت,إثبات,pesend duket
prove,rastî nîşandan,ڕاستی نیشاندان,إثبات,rastee neeshandan
prove,selmandin,سه‌لماندن,إثبات,selmandun
iniquity,zordarî,زۆرداری,إثم,zordaree
iniquity,sûc,سووج,إثم,sûj
iniquity,guneh,گونەھ,إثم,guneḧ
"2,000,000",dû milyon,دوو ملیون,إثنان مليون,mulyon
Ethiopian,ḧebeşî,حه‌به‌شی,إثيوبي,destuk
answer,berisiv,بەرسڤ,إجابة,berusuv
answer,cab,جاب,إجابة,jab
procedure,rêbaz,رێباز,إجراء,rêbaz
set down,danan,دانان,إجلس,danan
unanimity,pevdengî,په‌ڤده‌نگی,إجماع,deejeetal
unanimity,tifaq,تفاق,إجماع,deejeetal
unanimity,yekdengî,یه‌کده‌نگی,إجماع,deejeetal
gross,dahat,داھات,إجمالي,"xurab , daḧat"
stress,stres,ستره‌س,إجھاد,stres
abort,aborsiyon,ئابۆرسیۆن,إحباط,aborsuyon
abort,jiberbirin,ژبه‌ربرن,إحباط,zhuberburun
abort,Kurtaj,کورتاژ,إحباط,krtazh
frustration,hîvî şikestinî,هیڤی شکه‌ستنی,إحباط,dep
thwart,asteng kirin,ئاسته‌نگ کرن,إحباط,gurê
animal (to carry loads),"dewar, wulax",ده‌وار، وولاخ,إحتشاد المواشي,"dewar, wulax"
make progress,pêş keftin,پێش کەفتن,إحراز تقدم,pêsh keftun
sensation,dilîn,دلین,إحساس,shareza
sense,pêhesîn,پێهه‌سین,إحساس,pêḧeseen
sense,hayjêbûn,هایژێبوون,إحساس,pêḧeseen
sense,"hiş, his",هش، هس,إحساس,"ḧush, ḧus"
sense,hest,هه‌ست,إحساس,ḧest
statistic,hejmarî,ھەژماری,إحصائية,ḧezhmaree
revival,vejîn,ڤه‌ژین,إحياء,vezheen
specialist,pispor,پسپۆر,إختصاصي,"taybetzana , puspor"
specialist,taybetzana,تایبھ‌تزانا,إختصاصي,"taybetzana , puspor"
specialist,şareza,شارەزا,إختصاصي,shareza
conceal,veşartin,ڤه‌شارتن,إخفاء,veshartun
conceal,nehînî parastin,نه‌هینی پاراستن,إخفاء,neḧeenee parastun
hide,veşaritin,ڤەشارتن,إخفاء,vesharutun
hide,kevil,كەڤل,إخفاء,kevul
evacuate,vala kirin,ڤالا کرن,إخلاء,vala krun
dedication,pêşkêş kirin,پێشکێش کرن,إخلاص,"teruxanukrun , pêshkêsh krun"
dedication,terixanikirin,تەرخانكرن,إخلاص,"teruxanukrun , pêshkêsh krun"
devotion,ayindarî,ئایندارى,إخلاص,ayundaree
devotion,terxankirin,ته‌رخانکرن,إخلاص,terxankrun
administration,îdare,ئیداره‌,إدارة,reefeberayetee
administration,rîfeberayetî,ریفەبەرایەتی,إدارة,reefeberayetee
administration,kargêrî,کارگێری,إدارة,kargêree
manage,birrêve dibit,بڕێڤە دبیت,إدارة,burrêve dubut
management,rêveberatî,رێڤەبەراتى,إدارة,rêveberatee
conviction,tawanikirin,تاوانکرن,إدانة,tawanukrun
input,beyan,به‌یان,إدخال,"daḧat, beyan"
input,dahat,داهات,إدخال,"daḧat, beyan"
introduce,pêşkêş kirin,پێشکێش کرن,إدخال,pêshkêsh duket
introduce,dan naskirin,دان ناسکرن,إدخال,pêshkêsh duket
introduce,dan niyasîn,دان نیاسین,إدخال,pêshkêsh duket
insert (computer),têxistin,تێخستن,إدراج (الكمبيوتر),têxustun
push,pal didet,پال ددەت,إدفع,pal dudet
addiction,bengîtî,به‌نگیتی,إدمان,bengeetee
addiction,xûgrî,خووگری,إدمان,xûgree
if,"eger, heke",ئه‌گه‌ر، هه‌که‌,إذا,"eger, ḧeke"
if,heker,ھەكەر,إذا,ḧeker
broadcasting,"weşan, weşandin",وه‌شان، وه‌شاندن,إذاعة,"weshan, weshandun"
ear,guh,گوھ,إذن,guḧ
permission,mulet,مولەت,إذن,mulet
permission,"muwefeqa , destur",مووەفەقا ، دەستور,إذن,"muwefeqa , destur"
God's will,Daxwaza Xwedê,داخوازا خودێ,إرادة الله,enshalaḧ
bloodshed,xwînrêjî,خوینرێژی,إراقة الدماء,deshut
send,bi rê kirin,ب ڕێ کرن,إرسال,bu rê krun
send,rewane kirin,ڕه‌وانه‌ کرن,إرسال,rewane krun
send,şandin,شاندن,إرسال,shandun
send,firê kirin,فرێ کرن,إرسال,furê krun
send,hinartin,هنارتن,إرسال,ḧunartun
Terrorist,"îrhabî , têrurîst",ئیرھابی ، تێروریست,إرھابي,"eerḧabee , têrureest"
removal,derkirin,ده‌رکرن,إزالة,derkrun
removal,rakirin,راکرن,إزالة,rakrun
remove,rakirin,ڕاکرن,إزالة,rakrun
remove,ji nav birin,ژ ناڤ برن,إزالة,zhu nav burun
removed,"bebû , barkrî",بەبوو ، بارکری,إزالة,"bebû , barkree"
removed,rakrî,راکری,إزالة,rakree
bother,bêzar diket,بێزار دکەت,إزعاج,bêzar duket
bother,dilgiran kirin,دلگران کرن,إزعاج,dulguran krun
bother,min bêzar neke,من بێزار نەکە,إزعاج,mun bêzar neke
nuisance,azar,ئازار,إزعاج,azar
bloom,bişkivîn,بشکڤین,إزهار,zhu beer krun
bloom,pişkivîn,پشکڤین,إزهار,zhu beer krun
abuse,tecawiz kirin,ته‌جاوز کرن,إساءة,xeber dan
abuse,xeber dan,خەبەردان,إساءة,xeber dan
Spain,îspanîya,ئیسپانیا,إسبانيا,eespaneeya
hysterectomy,mal biçîkê wê îna der,مال بچیکێ وێ ئینا دەر,إستئصال الرحم,mal bucheekê wê eena der
hysterectomy,helkêşana malbiçûkî,هه‌لکێشانا مالبچووکی,إستئصال الرحم,ḧelkêshana malbuchûkee
strategy,stratejî,ستراته‌ژی,إستراتيجية,stratezhee
get ready,çê bîn,چێ بین,إستعد,chê been
Isaac,îsḧaq,ئیسحاق,إسحاق,eesḧaq
pull out,înan derê,ئینان دەرێ,إسحب للخارج,eenan derê
pull out,bîne derê,ینە دەرێ,إسحب للخارج,beene derê
Israel,isirayl,ئسرائیل,إسرائيل,usurayl
profusion,zeḧfî,زەحفى,إسراف,zeḧfee
barn,umbar,عومبار,إسطبل,umbar
band aid,plastir,پلاستر,إسعافات أولية,plastur
sponge,îsfenc,ئیسفەنج,إسفنج,eesfenj
toweling,zuha kirin,زوها كرن,إسفنج,zuḧa krun
drop,çip,چپ,إسقاط,"dulop , qetare"
drop,çipik,چپک,إسقاط,"dulop , qetare"
drop,dilop,دلۆپ,إسقاط,"dulop , qetare"
drop,qetare,قەتارە,إسقاط,"dulop , qetare"
drop,êxistin,ێخستن,إسقاط,êxustun
overthrow,werdigêrît,وەردگێریت,إسقاط,werdugêreet
projection,derhatin,دەرھاتن,إسقاط,derḧatun
noun,nav,ناڤ,إسم,nav
noun,navdêr,ناڤدێر,إسم,navdêr
participle,navê kara,ناڤێ كارا,إسم الفاعل,navê kara
diarrhea,zik çun,زک چون,إسهال,zuk chun
contribution,beşdarî,به‌شداری,إسهام,beshdaree
contribution,hevpar,هه‌ڤپار,إسهام,ḧevpar
indication,nîşan,نیشان,إشارة,neeshan
reference,jêder,ژێدەر,إشارة,zhêder
sign,îmzadiket,ئیمزادكەت,إشارة,eemzaduket
sign (n),nîşan,نیشان,إشارة,neeshan
satisfaction,dilşadî,دلشادی,إشباع,sust
satisfaction,rizamendî,ڕزامه‌ندی,إشباع,ḧeres
satisfaction,qanetî,قانه‌تی,إشباع,sust
supervision,çavdêrî,چاڤدێری,إشراف,chavdêree
sunshine,"tav, tava rojê",تاڤ، تاڤا ڕۆژێ,إشراق,"tav, tava rozhê"
engage,dxwazt,دخوازت,إشراك,dxwazt
notice,agehdarî,ئاگەھداری,إشعار,ageḧdaree
radiation,tîşkdan,تیشكدان,إشعاع,teeshkdan
ignite,agirîdaẍda kirin,ئاگریداغدا کرن,إشعال,agureedaẍda krun
infect,pîs kirin,پیس کرن,إصابة,pees krun
infect,vegirtin,ڤه‌گرتن,إصابة,vegurtun
finger,"tl , tibil",تل ، تبل,إصبع,"tl , tubul"
insistence,pelpkirin,پەلپكرن,إصرار,pelpkrun
absorption,çaksazî,چاکسازی,إصلاح,chaksazee
absorption,mijîn,مژین,إصلاح,muzheen
reform,çaksazî,چاکسازی,إصلاح,chaksazee
add,zêdekirin,زێدەكرن,إضافة,zêdekrun
addition,kumkirin,كومكرن,إضافة,kmkrun
additional,zêdekirî,زێدەكرى,إضافي,zêdekree
extra,"zêde , hêş , berdest",زێدە ، هێش ، بەردەست,إضافي,"zêde , ḧêsh , berdest"
strike with,veweşandin,ڤه‌وه‌شاندن,إضراب مع,ta
frame,çarçove,چارچۆڤە,إطار,charchove
plaque,tablo,تابلۆ,إطار الصورة,gozek
lengthen,dirêjayî,درێژایى,إطالة,durêzhayee
compliment,pesin kirin,په‌سن کرن,إطراء,pesun krun
compliment,pesin,پەسن ، ئاخفتنێن جوان,إطراء,pesun
extinguish,divemirînt,دڤەمرینت,إطفاء,duvemureent
extinguish,vemirandin,ڤه‌مراندن,إطفاء,vemurandun
extinguishing fire,agirkujînî,ئاگرکوژینی,إطفاء الحريق,agurkzheenee
fireman,"agir vemirêner , vemirandinê",ئاگر ڤەمرێنەر ، ڤەمراندنێ,إطفائي,"agur vemurêner , vemurandunê"
launch,destpêkirin,ده‌ستپێکرن,إطلاق,destpêkrun
launch,dihavêt,دھاڤێت,إطلاق,duḧavêt
release,berdan,به‌ردان,إطلاق,berdan
release (v),aza diket,ئازادکەت,إطلاق,"ber dudet , aza duket"
release (v),belav kirin,به‌لاڤ کرن,إطلاق,belav krun
release (v),ber didet,بەر ددەت,إطلاق,"ber dudet , aza duket"
absolutely,bêguman,بێگومان,إطلاقا,bêguman
absolutely,pişit rastî,پشت راستى,إطلاقا,pushut rastee
reinstatement,vegerandin,ڤه‌گه‌راندن,إعادة,zundan krun
reinstatement,li cihê xo yê berê vegerîn,ل جهێ خۆ یێ به‌رێ ڤه‌گه‌رین,إعادة,zundan krun
reaffirm,pesend kirin,په‌سه‌ند کرن,إعادة التأكيد,raseree krun
recycle,dûbare sazî,دووبارە سازی,إعادة تدوير,dûbare sazee
subsidy,dest girîtin,دەست گریتن,إعانة مالية,dest gureetun
acknowledgment,piştrastkirin,پشتراستکرن,إعتراف,"ḧafurree , afurr"
acknowledgment,nasyarî,ناسیاری,إعتراف,"ḧafurree , afurr"
admiration,dilpêmayî,دلپێمایی,إعجاب,duqeleent
admiration,heyranî,هه‌یرانی,إعجاب,duqeleent
preparation,amadekarî,ئاماده‌کاری,إعداد,amadekaree
preparation,berhevî,به‌رهه‌ڤی,إعداد,berḧevee
preparation,berhevkirin,بەرھەڤكرن,إعداد,berḧevkrun
preparation,hazirî,هازری,إعداد,ḧazuree
prepare,amade kirin,ئامادە کرن,إعداد,amade krun
prepare,berhev kirin,به‌رهه‌ڤ کرن,إعداد,berḧev krun
prepare,çê bîn,چێ بین,إعداد,chê been
prepare,kar û barê xo kirin,کار و بارێ خۆ کرن,إعداد,kar û barê xo krun
preparatory,amadeyî,ئامادەیى,إعدادي,amadeyee
execution,sêdaredan,سێداره‌دان,إعدام,sêdaredan
tornado,babelîsk,بابه‌لیسک,إعصار,babeleesk
tornado,"sar , reşba",عسار ، رەشبا,إعصار,"sar , reshba"
give glory,bi rumet kirin,ب رومەت کرن,إعطاء المجد,bu rumet krun
inform,agehdar diket,ئاگەھدار دکەت,إعلام,ageḧdar duket
notify,agehdar diket,ئاگەھدار دکەت,إعلام,ageḧdar duket
announcement,agehdarî,ئاگەھداری,إعلان,ageḧdaree
announcement,ragehandin,ڕاگەھاندن,إعلان,rageḧandun
temptation,taqîkirin,تاقیکرن,إغراء,taqeekrun
temptation,cerrbandin,جه‌ڕباندن,إغراء,jerrbandun
closed,hatiye girîtin,ھاتیە گریتن,إغلاق,ḧatuye gureetun
shut,girît,گریت,إغلاق,gureet
fainting,bêhişbûn,بێهشبوون,إغماء,
spoil,pîçbun,پیچبون,إفساد,peechbun
spoil,xirabun,خرابون,إفساد,xurabun
spoil,rizîn,رزین,إفساد,ruzeen
spoil,kelepûrt,که‌له‌پوورت,إفساد,peechbun
spoil,kelepwîrt,که‌له‌پویرت,إفساد,peechbun
sojourn,li cihekî man,ل جهه‌کی مان,إقامة,ḧewar
sojourn,man,مان,إقامة,ḧewar
lend,dan bi deyin,دان ب دەین,إقراض,dan bu deyun
lend,qerizî dit,قەرزى دت,إقراض,qeruzee dut
lock down,qedeẍeya,قەدەغەیا,إقفال تام,qedeẍeya
lockdown,qedeẍeya,قەدەغەیا,إقفال تام,qedeẍeya
convince,pêqîmîn,پێقیمین,إقناع,"qayul krun , pêqeemeen"
convince,qan' bî,قانع بى,إقناع,qan' bee
convince,qayil kirin,قایل کرن,إقناع,"qayul krun , pêqeemeen"
garland,gulbend,گولبه‌ند,إكليل,gulbend
laurel wreath,çelenga laurel,چه‌له‌نگا لائوره‌ل,إكليل الغار,duzhwar
completion,berpê kirin,به‌رپێ کرن,إكمال,berpê krun
except,ji bilî,ژ بلی,إلا,zhu bulee
except,"ji xeyrî, ji xeyinî",ژ خه‌یری، ژ خه‌ینی,إلا,"zhu xeyree, zhu xeyunee"
capture,bend kirin,به‌ند کرن,إلتقاط,bend krun
capture,zeft kirin,زه‌فت کرن,إلتقاط,zeft krun
capture,girtin,گرتن,إلتقاط,gurtun
tonsillitis,bela'în,به‌لاعین,إلتهاب اللوزتين,bela'een
twist,alandin,ئالاندن,إلتواء,alandun
inflict,tuş diket,توش دكەت,إلحاق,tush duket
cancel,bişûndekirin,بشوونده‌کرن,إلغاء,bushûndekrun
cancel,betal kirin,به‌تال کرن,إلغاء,betal krun
cancel,fesix kirin,فه‌سخ کرن,إلغاء,fesux krun
cancel,fesixandin,فه‌سخاندن,إلغاء,fesuxandun
cancel,helweşandin,هه‌لوه‌شاندن,إلغاء,ḧelweshandun
cancel,helweşînît,ھەلوەشینیت,إلغاء,ḧelwesheeneet
cancellation,helweşandin,هه‌لوه‌شاندن,إلغاء,ḧelweshandun
illuminate,runahî diket,روناھى دكەت,إلقاء الضوء,runaḧee duket
inspiration,siruş,سروش,إلھام,surush
for,bu,بو,إلى,bu
for,bo,بۆ,إلى,bo
for,ji ber,ژ بەر,إلى,zhu ber
into,tê de,تێ ده‌,إلى,tê de
to,"da , def , nik , bo",دا ، دەف ، نك ، بۆ,إلى,"da , def , nuk , bo"
downwards,"ber bi binî ve, jêr de",به‌ر ب بنی ڤه‌، ژێر ده‌,إلى أسفل,"ber bu bunee ve, zhêr de"
Where are you going?,dê kîve çî?,دێ کیڤە چی؟,إلى أين تذھب؟,dê keeve chee?
forever,heta heta,هەتا هەتا,إلى الأبد,ḧeta ḧeta
forever,her u her,هە‌ر و هە‌ر,إلى الأبد,ḧer u ḧer
forever (from now),ji nuke û pêve,ژ نوکە و پێڤە,إلى الأبد,zhu nuke û pêve
forward,"pêşve, pêşde",پێشڤه‌، پێشده‌,إلى الأمام,"pêshve, pêshde"
straight ahead,rast herh,ڕاست ھەرھ,إلى الأمام مباشرة,rast ḧerḧ
back,pişit,پشت,إلى الوراء,pushut
either,yan,یان,إما,yan
imperial,îmbraturî,ئیمبراتورى,إمبراطوري,eembraturee
emperor,emparator,ئه‌مپاراتۆر,إمبراطورية,"qeyser, emparator"
emperor,qeyser,قه‌یسه‌ر,إمبراطورية,"qeyser, emparator"
empire,împiraturiyet,ئیمپراتوریەت,إمبراطورية,eempuraturuyet
possibility,renge,رەنگە,إمكانية,renge
dictation,şiywazî derbrînî,شیوازى دەربرینى,إملاء,shuywazee derbreenee
God willing,enşallah,ئەنشاللاە,إن شاء اللھ,enshallaḧ
jar,gozik,گۆزک,إناء,gozuk
jar,gozikê avê,گۆزکێ ئاڤێ,إناء,gozukê avê
utensil,amûr,ئاموور,إناء,amûr
produce,berhem diket,به‌رهه‌م دکه‌ت,إنتاج,"chê duket , berḧem duket"
produce,çê diket,چێ دکه‌ت,إنتاج,"chê duket , berḧem duket"
production,berhemînan,بەرهەمئینان,إنتاج,berḧemeenan
achievement,encam dan,ئەنجام دان,إنجاز,enjam dan
alarm,huşdarî,ھوشدارى,إنذار,ḧushdaree
alert,huşdarî,ھوشدارى,إنذار,ḧushdaree
establish,damezirandin,دامەزراندن,إنشاء,damezurandun
establish,saz kirin,ساز کرن,إنشاء,saz krun
flu,grîp,گریپ,إنفلونزا,greep
influenza,perisîv,پەرسیڤ,إنفلونزا,peruseev
rescue,xelaskirin,خه‌لاسکرن,إنقاذ,xelaskrun
rescue,rizgarî,ڕزگاری,إنقاذ,ruzgaree
denial,qebîl nekir,قەبیل نەكر,إنكار,qebeel nekr
England,berîtaniya,بەریتانیا,إنكلترا,bereetanuya
UK,berîtaniya,بەریتانیا,إنكلترا,bereetanuya
It's your fault,"xeletiya teye , ew jteye",خەلەتیا تەیە ، ئەو ژتەیە,إنھ خطؤك,"xeletuya teye , ew zhteye"
terminate,dumahîk,دوماھیك,إنھاء,dumaḧeek
insult,civîn dan,جڤین دان,إهانة,jveen dan
insult,riswakirin,رسواکرن,إهانة,ruswakrun
come down,xwar ketin,خوار که‌تن,إهدأ,zeen
come down,werin xwarê,وه‌رن خوارێ,إهدأ,zeen
indignity,kirêtikirin,كرێتكرن,إھانة,krêtukrun
insult,xeberadibêjt,خەبەرادبێژت,إھانة,xeberadubêzht
neglect,guhinedan,گوھنەدان,إھمال,guḧunedan
negligence,pîte pê nekirin,پیتە پێ نەكرن,إھمال,peete pê nekrun
positive,"erênî, msbet",ئه‌رێنی، مسبه‌ت,إيجابي,"erênee, msbet"
positive,pozîtîv,پۆزیتیڤ,إيجابي,pozeeteev
find,biduze,بدوزە,إيجاد,"buduze , seḧkê"
find,sehikê,سەھکێ,إيجاد,"buduze , seḧkê"
rent,îcar,ئیجار,إيجار,"krê krun, bukrê duket"
rent,kirê,کرێ,إيجار,"krê krun, bukrê duket"
Iran,êran,ئێران,إيران,êran
receipt,girtename,گرته‌نامه‌,إيصال,gurtename
receipt,meqbûz,مه‌قبووز,إيصال,meqbûz
receipt,weslil,وەسڵ,إيصال,weslul
Italy,îtalîya,ئیتالیا,إيطاليا,eetaleeya
dispatch,şandin,شاندن,إيفاد,"shandun , verê krun"
dispatch,verê kirin,ڤەرێ کرن,إيفاد,"shandun , verê krun"
stem,bistîk,بستیک,إيقاف,jwaavê
stem,qed,قەد,إيقاف,qed
pause,rawestanademdar,راوەستانادەمدار,إيقاف مؤقت,rawestanademdar
pause,rawestî,ڕاوەستی,إيقاف مؤقت,rawestee
nod,serdçemînt,سەردچەمینت,إيماءة,serdchemeent
belief,bawerî,باوەری,إيمان,baweree
faith,îman,ئیمان,إيمان,eeman
faith,bawerî,باوه‌ری,إيمان,baweree
precious,bihagiran,بهاگران,إيمان,buḧaguran
devise,derdêxt,دەردئێخت,ا بیتكار,derdêxt
entrusting,tesilîm,تەسلیم,ائتمان,tesuleem
entrusting,spartin,سپارتن,ائتمان,spartun
elementary,seretayî,سه‌رە‌تایی,ابتدائي,seretayee
smile,kenî,كەنى,ابتسامة,kenee
smile,girrnijîn,گرنژین,ابتسامة,gurrnuzheen
keep away,xo vede,خۆ ڤەدە,ابتعد,xo vede
turn away,varrêbûn,ڤاڕێبوون,ابتعد,dûvstêr
die,giyanê xwe jidest dan,گيانێ خوه‌ ژده‌ست دان,ابتعد عن الطريق,guyanê xwe zhudest dan
swallow (bird),hacî reşk,هاجی ڕه‌شک,ابتلاع,ḧajee reshk
begin,destpê kirin,دەستپێ کرن,ابدأ,destpê krun
make efforts,"rencê bikêşît, hewl kirin",رەنجێ بکێشیت، هه‌ول کرن,ابذل جهودا,"renjê bukêsheet, ḧewl krun"
teapot,qorî,قۆری,ابريق الشاي,qoree
slow down,lezê neke,لەزێ نەکە,ابطئ,lezê neke
slow down,hêdî be,ھێدی بە,ابطئ,ḧêdee be
stay here,li vêrê bimîne,ل ڤێرێ بمینە,ابق ھنا,lu vêrê bumeene
keep silent,bêdengiyê bi parêze,بێدەنگیێ ب پارێزە,ابقى صامتا,bêdenguyê bu parêze
son,kur,كور,ابن,kr
Nephew (Sister's Son),xarza,خارزا,ابن أخ (ابن الأخت),xarza
Nephew (Brother's Son),braza,برازا,ابن شقيق (إخوان الابن),braza
cousin,pismam,پسمام,ابن عم,pusmam
cousin (Father's Sister's Son),kor met,كورمەت,ابن عم (ابن أخت الأب و),kor met
cousin (Mother's Sister's Son),kor xalet,كورخالەت,ابن عم (ابن أخت الأم ل),kor xalet
cousin (Father's Brother's Son),pismam,پسمام,ابن عم (ابن الأخ الأب و),pusmam
cousin (Mother's Brother's Son),kor xal,كورخال,ابن عم (ابن الأخ الأم و),kor xal
cousin (Mother's Brother's Daughter),kiç xal,كچخال,ابن عم (ابنة أخ الأم و),kch xal
cousin (Father's Sister's Daughter),kiç met,كچمەت,ابن عم (ابنة أخت الأب و),kch met
cousin (Mother's Sister's Daughter),kiç xalet,كچخالەت,ابن عم (ابنة أخت الأم ل),kch xalet
cousin (Father's Brothers' Daughter),dutmam,دوتمام,ابن عم (ابنة براذرز الأب),dutmam
daughter,kiç,كچ,ابنة,kch
niece,braza,برازا,ابنة,braza
niece,xwariza,خوارزا,ابنة,xwaruza
niece,kça xuşkê,كچا خوشكێ,ابنة,kcha xushkê
my little son,kurrê minê sava,کوڕێ منێ ساڤا,ابني الصغير,krrê munê sava
follow me,li dîv min were,ل دیڤ من وەرە,اتبعني,lu deev mun were
two way,rêkê liherdû,رێکێ لهەردوو,اتجاهين,rêkê luḧerdû
direction,araste,ئاراسته‌,اتجاھ,araste
direction,arastekan,ئاراستەکان,اتجاھ,arastekan
direction,teref,ته‌ره‌ف,اتجاھ,teref
direction,"rex , arestekirin",رەخ ، ئارەستەکرن,اتجاھ,"rex , arestekrun"
direction,rênîşan,ڕێنیشان,اتجاھ,rêneeshan
direction,la,لا,اتجاھ,la
union,sendîka,سه‌ندیکا,اتحاد,sendeeka
take a census,ser jimêr kirin,سەر ژمێر کرن,اتخاذ اجراء تعداد,ser zhumêr krun
make a decision,briyar dan,بریار دان,اتخاذ قرار,bruyar dan
contact,peywendî,په‌یوه‌ندی,اتصل,peywendee
contact,têkilî,تێکلی,اتصل,têklee
call me,têlefuna min bike,تێلەفونا من بکە,اتصل بي,têlefuna mun buke
agreement,rêkeftin,ڕێکه‌فتن,اتفاقية,"rêkeftun, grêbest, ḧevbest"
agreement,grêbest,گرێبه‌ست,اتفاقية,"rêkeftun, grêbest, ḧevbest"
agreement,hevbest,هه‌ڤبه‌ست,اتفاقية,"rêkeftun, grêbest, ḧevbest"
recline,pal vedan,پال ڤەدان,اتكأ,pal vedan
recline,paldan,پالدان,اتكأ,paldan
Have a good day,demekê xuşî biburînî,دەمەکێ خوشی ببورینی,اتمنى لك يوم جيد,demekê xushee bubureenee
accusation,sikala,سکالا,اتهام,sukala
false accusation,nebuwîy,نەبوویی,اتھام كاذب,nebuweey
accuse,tawanbar kirin,تاوانبار کرن,اتھم,tawanbar krun
accuse,sikala kirin,سکالا کرن,اتھم,guneḧubar duket
accuse,sûcdar kirin,سووجدار کرن,اتھم,sûjdar krun
accuse,gunehibar diket,گونەھباردكەت,اتھم,guneḧubar duket
footprint,şûp,شووپ,اثار,shûp
footprint,şop,شۆپ,اثار,shop
trigger,azirandin,ئازراندن,اثار,gozukvan
12,dwazde,١٢ ، دوازدە,اثنا عشر,dwazde
twelve,dwazde,دوازدە,اثنا عشر,dwazde
2,dû,٢ ، دوو,اثنان,dû
two,dû,دوو,اثنان,dû
22,bîst u dû,٢٢ ، بیست و دوو,اثنان وعشرون,beest u êk
compulsory,bi xurtî,ب خورتی,اجباري,sepandun
social,civakî,جڤاكى,اجتماعي,jvakee
social,komelayetî,کۆمه‌لایه‌تی,اجتماعي,komelayetee
diligence,xîretkirin,خیره‌تکرن,اجتهاد,ḧewluda
diligence,"êginî, dêhin",ئێگنی، دێهن,اجتھاد,"êgunee, dêḧun"
diligence,hewlida,ھەولدا,اجتھاد,ḧewluda
protest,muzehere,موزەھەرە,احتجاج,muzeḧere
detention,"nehişitin, asteng bûn, girtin",نه‌هشتن، ئاسته‌نگ بوون، گرتن,احتجاز,"neḧushutun, asteng bûn, gurtun"
esteem,qedir,قەدر,احترام,qedur
esteem,hurmet,هورمەت,احترام,ḧurmet
respect,rêzgiritin,رێزگرتن,احترام,rêzgurutun
respect,qedir girtin,قه‌در گرتن,احترام,rêzgurutun
respect your parents!,rêza dayk û babê xo bigire,رێزا دایك و بابێ خۆ بگرە,احترام والديك!,rêza dayk û babê xo bugure
beware,"agehdar diket , haj xudibît",ئاگەھدار دکەت ، ھاژ خودبیت,احترس,"ageḧdar duket , ḧazh xudubeet"
celebration,pîrozkirin,پیرۆزکرن,احتفال,"peerozkrun,  shaḧeenet"
celebration,şahînet,شاهینه‌ت,احتفال,"peerozkrun,  shaḧeenet"
celebrate,ahingê digêrît,ئاھنگێ دگێریت,احتفل,"jezhuna...krun, aḧungê dugêreet"
celebrate,pîroz kirin,پیرۆز کرن,احتفل,peeroz krun
celebrate,cejina...kirin,جەژنا...کرن,احتفل,"jezhuna...krun, aḧungê dugêreet"
celebrate,"keyf kirin, dawet kirin",کەیف کرن، داوەت کرن,احتفل,"keyf krun, dawet krun"
sore throat,kulibîna gewiriyê,كولبینا گەوریێ,احتقان في الحلق,klubeena gewuruyê
despise,biçûk dîtin,بچووک دیتن,احتقر,buchûk deetun
monopolize,pawan kirin,پاوان کرن,احتكار,pawan krun
monopolize,mal girtin,مال گرتن,احتكار,mal gurtun
monopoly,iḧtîkar kirin,ئحتیکار کرن,احتكار,"malgureetun , uḧteekar krun"
monopoly,pawan,پاوان,احتكار,pawan
monopoly,gîrdan,گیردان,احتكار,geerdan
monopoly,malgirîtin,مالگریتن,احتكار,"malgureetun , uḧteekar krun"
monopoly,yekdestdariya,یه‌کده‌ستداریا,احتكار,pawan
monopolistic,yekdestdar,یه‌کده‌ستدار,احتكاري,kchan
friction,"hevketin , lêkxuşan",هه‌ڤکه‌تن ، لێکخوشان,احتكاك,"ḧevketun , lêkxushan"
occupation,dagîrikirin,داگیركرن,احتلال,dageerukrun
occupy,dagir kirin,داگر کرن,احتلال,dagur krun
occupy,dagîr kirin,داگیر کرن,احتلال,dagur krun
endurance,sebir,سەبر,احتمال,sebur
endurance,hedar,هه‌دار,احتمال,sebur
spare,"parît , berdest",پاریت ، بەردەست,احتياطي,"pareet , berdest"
defraud,xapandin,خاپاندن,احتيال,"chandun , tov krun"
defraud,xirandin,خراندن,احتيال,"chandun , tov krun"
scam,xapandin,خاپاندن,احتيال,xapandun
be careful,hişiyar bibe,هشیار ببە,احذر,ḧushuyar bube
be careful,haş xo hebîn,ھاش خۆ ھەبین,احذر,ḧash xo ḧebeen
get laid,li gel razan,ل گه‌ل ڕازان,احصل على,lu gel razan
Have a good time,demekê xuşî bibey,دەمەکێ خوشی ببەی,احظى بوقت ممتع,demekê xushee bubey
choose,dihelibijêrît,دھەلبژێریت,اختار,duḧelubuzhêreet
select,helbijaritin,ھەلبژارتن,اختار,ḧelbuzharutun
test,emtîḧan,ئەمتیحان,اختبار,emteeḧan
test,taqîkirin,تاقیكرن,اختبار,taqeekrun
test (at school),ezimun,ئەزمون,اختبار,ezumun
test (check up),feḧis,فەحس,اختبار,feḧus
test (inspection),pişkinîn,پشکنین,اختبار,pushkneen
antibody test,feḧsa antîkor,فه‌حسا ئانتیکۆر,اختبار الأجسام المضادة,feḧsa anteekor
conclude,derencamdan,دەرئەنجامدان,اختتام,derenjamdan
invention,dahênan,داھێنان,اختراع,daduḧênan
inventions,dahênan,داھێنان,اختراع,daduḧênan
invent,derdêxt,دەردئێخت,اخترع,derdêxt
abduct,revandin,ڕه‌ڤاندن,اختطاف,daqûl krun
disappearance,feşarîtin,فەشاریتن,اختفاء,feshareetun
disappear,nediyar,نەدیار,اختفى,neduyar
disappear,winda bûn,وندا بوون,اختفى,wunda bûn
disappeared,winda,وندا,اختفى,wunda
differ,berhingarêyi diket,بەرھنگارێى دكەت,اختلف,berḧungarêyu duket
differ,ji hev çûn,ژ هه‌ڤ چوون,اختلف,berḧungarêyu duket
traffic jam,"xebseyê hatin û çûnê , rêxetim",خەبسەیێ هاتن و چوونێ ، ڕێخه‌تم,اختناق مروري,"xebseyê ḧatun û chûnê , rêxetum"
pick,jêve kirin,ژێڤە کرن,اختيار,zhêve krun
pick (fruit),"çinîn, fêqiyek kirin",چنین، فێقیه‌ک کرن,اختيار الفاكهة,"chuneen, fêquyek krun"
option,helibijar,ھەلبژار,اختياري,ḧelubuzhar
optional,helibijarîtinî,ھەلبژاریتنى,اختياري,ḧelubuzhareetunee
take out your book,te kitêba xu îna der,تە کتێبا خو ئینا دەر,اخرج كتابك,te ktêba xu eena der
be quiet! (to children),hiş be,هش به‌,اخرس,ḧush be
shut up,bê deng,بێ دەنگ,اخرس,bê deng
shut up,hiş be,هش به‌,اخرس,ḧush be
volume down,dengê nizim ke (kêm ke),دەنگێ نزم کە (کێم کە),اخفض الصوت,dengê nuzum ke (kêm ke)
take off,ji ber kirin,ژ به‌ر کرن,اخلع,zhu ber krun
take off,"êxistin , bêxe",ێخستن ، بێخە,اخلع,"êxustun , bêxe"
business management,kargêrî û kar,کارگێری و کار,ادارة اعمال,kargêree û kar
allegation,tawanbarkirin,تاوانبارکرن,ادعاء,tawanbarkrun
allegation,sûcdarkirin,سووجدارکرن,ادعاء,sûjdarkrun
go,bi cih hêlan,ب جھ هێلان,اذهب,bu jḧ ḧêlan
astonish,behîtandin,به‌هیتاندن,اذهل,beḧeetandun
astonish,heyirandin,هه‌یراندن,اذهل,ḧeyurandun
go,çûn,چوون,اذھب,chûn
go,here,ھەرە,اذھب,ḧere
go to sleep,here bin ve,ھەرە بن ڤە,اذھب إلى النوم,ḧere bun ve
go home,here mal,ھەرە مال,اذھب للمنزل,ḧere mal
go and get the your salary,here ratibî wer gre,ھەرە راتبی وەر گرە,اذھب والحصول على راتبك,ḧere ratubee wer gre
wear,cil li xwe kirin,جل ل خوه‌ کرن,ارتداء,jl lu xwe krun
wear,kirin ber xwe,کرن به‌ر خوه‌,ارتداء,krun ber xwe
relief,berfrehî,به‌رفره‌هی,اِرتِياح,ga
send away,verrevand,ڤەڕەڤاند,ارسل بعيدا,verrevand
pleasing,şakirin,شاکرن,ارضاء,shakrun
lift up,rakirin,راكرن,ارفع,rakrun
volume up,dengê zêdeke(bilind ke),دەنگێ زێدەکە(بلند کە),ارفع الصوت,dengê zêdeke(bulund ke)
hands up,destê xo bilind bike,دەستێ خۆ بلند بکە,ارفع يديك,destê xo bulund buke
lay down,xo drêj kir,خۆ درێژ کر,ارقد,xu drêzh kr
get in the car,siyarî tirumbêlê bît,سیاری ترومبێلێ بیت,اركب السيارة,suyaree turumbêlê beet
confusion,têkdan,تێکدان,اریتباك,têkdan
confusion,têkvedan,تێکڤه‌دان,اریتباك,têkvedan
confusion,dudilî,دودلی,اریتباك,dudulee
confusion,şaşkirin,شاشکرن,اریتباك,shashkrun
wore,liberixukir,لبەرخوكر,اریتدى,luberuxukr
height,bilindî,بلندی,اریتفاع,bulundee
high,bala,بالا,اریتفاع,bala
high,bilind,بلند,اریتفاع,bulund
congestion,qerebalix,قه‌ره‌بالغ,ازدحام، اكتظاظ، احتقان,qerebalux
contempt,biçûkdîtin,بچووکدیتن,ازدراء,"ḧeqaret, buchûkdeetun"
contempt,heqaret,هه‌قاره‌ت,ازدراء,"ḧeqaret, buchûkdeetun"
swallow,da'wîran,داعویران,ازدراد,daqurtandun
swallow (v),daqurtandin,داقورتاندن,ازدراد,daqurtandun
prosperity,pîşkeftin,پیشكەفتن,ازدھار,peeshkeftun
light blue,şînê 'esmanî,شینێ عھ‌سمانی,ازرق فاتح,sheenê 'esmanee
hired,"kirêkirî, kirêgirtî",کرێکری، کرێگرتی,استأجرت,deḧ
eradication,binbirr,بنبڕ,استئصال,bunburr
eradication,jinavibirin,ژناڤبرن,استئصال,zhunavuburun
replace,bedil kirin,بەدل کرن,استبدل,"pêzhu vedanê , bedul krun"
replace,pêji vedanê,پێژڤەدانێ,استبدل,"pêzhu vedanê , bedul krun"
invest,"razandin, razemenî kirin",ڕازاندن، ڕازه‌مه‌نی کرن,استثمار,"razandun, razemenee krun"
invest,weberhênan,وه‌به‌رهێنان,استثمار,"razandun, razemenee krun"
investment,berhem înan,بەرھەم ئینان,استثمار,berḧem eenan
investment,veberanîn,ڤه‌به‌رانین,استثمار,berḧem eenan
investment,weberhênan,وه‌به‌رهێنان,استثمار,berḧem eenan
extraordinary,awarte,ئاوارته‌,استثنائي,awarte
extraordinary,nayab,نایاب,استثنائي,nayab
extraordinary,ne asayî,نەئاسایی,استثنائي,ne asayee
response,bersiv,به‌رسڤ,استجابة,bersuv
response,"cewab, bertek",جه‌واب، به‌رته‌ک,استجابة,"jewab, bertek"
recreation,bêhinivedan,بێھنڤەدان,استجمام,bêḧunuvedan
deserved,serveye,سەرڤەیە,استحق,serveye
take a shower,serê xo bi şo,سەرێ خۆ ب شۆ,استحم,serê xo bu sho
obsession,aqil undayî,ئاقل وندایی,استحواذ,aqul undayee
extract,"hilidikêşît , der anîn , rakêşandin",هلدکێشیت ، دەر ئانین ، راکێشاندن,استخراج,"ḧuludukêsheet , der aneen , rakêshandun"
derive,pêk hatin,پێک هاتن,استخلاص,"derxustun, gurtun"
derive,"derxistin, girtin",ده‌رخستن، گرتن,استخلاص,"derxustun, gurtun"
glean,vêdan,ڤێدان,استخلاص,jveen
turn away,paşgez bûn,پاشگه‌ز بوون,استدر,pashgez bûn
turn away,fetilîn,فه‌تلین,استدر,fetuleen
turn away,laden,لاده‌ن,استدر,"bushuyan, kara, tuwana"
invoke,hîvî diket,ھیڤى دكەت,استدعاء,ḧeevee duket
summon,bang kirin,بانگ کرن,استدعى,qeder
summon,vexwendin,ڤه‌خوه‌ندن,استدعى,qeder
summon,gazî kirin,گازی کرن,استدعى,qeder
break,şkestin,شكەستن,استراحة,"shkestun , shkandun"
break,şkandin,شکاندن,استراحة,"shkestun , shkandun"
break,qetiyan,قه‌تیان,استراحة,"shkestun , shkandun"
lounge,velezîn,ڤەلەزین,استراحة,velezeen
relaxed,"mirtaḧ, reḧet",مرتاح، رەحەت,استرخاء,"murtaḧ, reḧet"
surrender,radestbûn,راده‌ستبوون,استسلام,radestbûn
surrender,milkeçî,ملکه‌چی,استسلام,mulkechee
surrender,teslîm bûn,ه‌سلیم بوون,استسلام,tesleem bûn
give up,terikandin,ته‌رکاندن,استسلم,terukandun
give up,radestbûn,راده‌ستبوون,استسلم,radestbûn
give up,"hêlan , bihêle",ھێلان ، بھێلە,استسلم,"ḧêlan , buḧêle"
martyrdom,şehadet,شه‌هاده‌ت,استشهاد,sheḧadet
martyrdom,şehîdî,شه‌هیدی,استشهاد,sheḧeedee
could,dişiya ku,دشیا کو,استطاع,"dushuya k, dukaree, dukanee"
could,"dikarî, dikanî",دکاری، دکانی,استطاع,"dushuya k, dukaree, dukanee"
poll,dengdan,دەنگدان,استطلاع,dengdan
recover,saxî,ساخى,استعادة,saxee
restoration,vegerandin,ڤه‌گه‌راندن,استعادة,vegerandun
restore,dubare diket,دوبارە دکەت,استعادة,dubare duket
restore,rêk êxîteve,رێك ئێخیتەڤە,استعادة,rêk êxeeteve
enslave,bend kirin,بەند کرن,استعبد,bend krun
preparations,kar û bar,کار و بار,استعدادات,kar û bar
review,pêdeçune ve,پێدەچونە ڤە,استعراض,pêdechune ve
accept,razî bît,رازى بیت,استعرض,razee beet
accept,qebûl kirin,قه‌بوول کرن,استعرض,qebûl krun
inquire,lê pirisîn,لێ پرسین,استعلام,lê puruseen
inquire,pirisiyardiket,پرسیاردكەت,استعلم,purusuyarduket
use,îstî'emal kirin,ئیستیعەمال کرن,استعمال,"bukar eenan , eestee'emal krun"
use,bikar înan,بكارئینان,استعمال,"bukar eenan , eestee'emal krun"
waken,hişiyardiket,ھشیاردكەت,استفاق,ḧushuyarduket
referendum,rîfrandum,ریفراندوم,استفتاء,reefrandum
provocate,azirandin,ئازراندن,استفزاز,gozukvan
provocate,azirîn,ئازرین,استفزاز,gozukvan
resign,îstqale,ئیستقالە‌,استقال,"eestqale , eestufa"
resign,îstîfa kirin,ئیستیفا کرن,استقال,"eestqale , eestufa"
resign,berdan,به‌ردان,استقال,"eestqale , eestufa"
resign,jê gerîn,ژێ گه‌رین,استقال,"eestqale , eestufa"
resignation,îstîfa,ئیستیفا,استقالة,"numure , bu qedur , bu nurux"
resignation,îstîqale,ئیستیقاله‌,استقالة,"numure , bu qedur , bu nurux"
resignation,dest ji kar berdan,ده‌ست ژ کار به‌ردان,استقالة,"numure , bu qedur , bu nurux"
resignation,dest ji kar kêşan,ده‌ست ژ کار کێشان,استقالة,"numure , bu qedur , bu nurux"
reception,pirisgeh,پرسگەھ,استقبال,purusgeḧ
reception,pêşwazî,پێشوازی,استقبال,pêshwazee
independence,serbexobûn,سەربەخۆبوون,استقلال,serbexobûn
nuzzle,bi dfinê seḧ diket,ب دفنێ سەح دكەت,استكان,bu dfunê seḧ duket
exploration,derhênan,دەرھێنان,استكشاف,derḧênan
troubleshooting,çareserya kêş,چارە‌سە‌ریا کێش,استكشاف الأخطاء وإصلاحھا,"chareserya kêsh , charekruna kêsh"
troubleshooting,çarekirina kêş,چارە‌کرنا کێش,استكشاف الأخطاء وإصلاحھا,"chareserya kêsh , charekruna kêsh"
enjoy,keyfê diket,کەیفێ دکەت,استمتع,keyfê duket
go ahead,kerem ke,كەرەم كە,استمر,kerem ke
keep going,şulê xo bike,شولێ خۆ بکە,استمر,shulê xo buke
listen,guhdarî kirin,گوهداری کرن,استمع,guḧdaree krun
listen,guhê xo danê,گوهێ خۆ دانێ,استمع,guḧê xo danê
conclusion,encam,ئه‌نجام,استنتاج,enjamdan
conclusion,encam,ئەنجام,استنتاج,enjam
conclusion,talî,تالی,استنتاج,talee
inhale,bêhin dikêşit,بێھن دكێشت,استنشق,bêḧun dukêshut
inhale,bêhina xo kêşan,بێھنا خۆ کێشان,استنشق,bêḧuna xo kêshan
introductory,seretayî,سەرەتایى,استھلالي,seretayee
digest,dehandin,ده‌هاندن,استوعب,deḧandun
seized,vegirtî,ڤه‌گرتی,استولى على,vegurtee
resentful,berxweketî,به‌رخوه‌که‌تی,استياء,wêrek
resentful,sergêj,سه‌رگێژ,استياء,wêrek
import,dînt nav,دئینت ناڤ,استيراد,deent nav
import,hawirde,هاورده,استيراد,ḧawurde
importation,hênan,ھێنان,استيراد,ḧênan
tremble,"recifîn, recifandin",ڕه‌جفین، ڕه‌جفاندن,استيراد,"rejfeen, rejfandun"
tremble,"lerizîn, lerizandin",له‌رزین، له‌رزاندن,استيراد,"leruzeen, leruzandun"
tremble,"hejîn, hejandin",هه‌ژین، هه‌ژاندن,استيراد,"ḧezheen, ḧezhandun"
absorb,dimêjît,دمێژیت,استيعاب,dumêzheet
comprehensioin,fehim,فەهم,استيعاب,feḧum
awaken,terqilîn,ته‌رقلین,استيقظ,terquleen
awaken,şiyar bûn,شیار بوون,استيقظ,shuyar bûn
awaken,veciniqîn,ڤه‌جنقین,استيقظ,vejnuqeen
wake,jxew rabun,ژخەو رابون,استيقظ,zhxew rabun
wake up,"hişiyar kirin , hişiyar bîn",هشیار کرن ، هشیار بین,استيقظ,"ḧushuyar krun , ḧushuyar been"
Istanbul,bajêrrê stembol,باژێڕێ ستەمبۆل,اسطنبول,bazhêrrê stembol
pour out,darrêjît,داڕێژیت,اسكب,darrêzheet
pour out,rijandin,ڕژاندن,اسكب,ruzhandun
characterize,binavkirin,بناڤکرن,اسم,nav
name,bi nav kirin,ب ناڤ کرن,اسم,nav
name,nav,ناڤ,اسم,nav
name,nav lê kirin,ناڤ لێ کرن,اسم,nav
name,navandin,ناڤاندن,اسم,nav
noun (plural),navê ko,ناڤێ کۆ,اسما (الجمع),navê ko
noun (single),navê tak,ناڤێ تاك,اسما (المفرد),navê tak
permanent teeth,didanên berdewam,ددانێن به‌رده‌وام,اسنان دائمة,dudanên berdewam
keep watch,çavdêrîkirin,چاڤدێریکرن,اسهروا,nobedaree krun
keep watch,nobedarî kirin,نۆبه‌داری کرن,اسهروا,nobedaree krun
clash,kêşe,کێشه‌,اشتباك,chav
clash,hevketin,هه‌ڤکه‌تن,اشتباك,chav
suspicion,"guman , şik",گومان ، شک,اشتباه,"guman , shuk"
subscription,beşdarbûn,به‌شداربوون,اشتراك,beshdarbûn
ignition,sutandin,سوتاندن,اشتعال,sutandun
old things,tşitên kevin,تشتێن کەڤن,اشياء قديمة,tshutên kevun
casualties,qurbaniyan,قوربانیان,اصابات,suvuk duket
toe,tlitpê,تلتپێ,اصبع القدم,tlutpê
line up,rêz kirin,ڕێز کرن,اصطفوا,rêz krun
line up,sira,سرا,اصطفوا,sura
lie down,paldan,پالدان,اضطجع,paldan
lie down,xo dirêj kirin,خۆ درێژ کرن,اضطجع,xo durêzh krun
lie down,mexel kirin,مەخەل کرن,اضطجع,mexel krun
disorder,têkdan,تێكدان,اضطراب,têkdan
disorder,xepse,خەپسە,اضطراب,xepse
turmoil,têkçûn,تێكچوون,اضطراب,têkchûn
oppression,tepeserî,تەپەسەرى,اضطھاد,tepeseree
oppression,zordarî,زۆرداری,اضطھاد,zordaree
oppression,zêdegavî,زێده‌گاڤی,اضطھاد,zêdegavee
persecute,tengav kirin,ته‌نگاڤ کرن,اضطھاد,tengav krun
persecute,tepeser diket,تەپەسەردكەت,اضطھاد,tepeser duket
persecution,tepeser kirin,تەپەسەرکرن,اضطھاد,tepeser krun
persecution,çewisandin,چه‌وساندن,اضطھاد,chewusandun
shot,kulle,كوللە,اطلاق النار,klle
set free,"ber dan , ber bide",بەر دان ، بەر بدە,اطلاق سراحھم,"ber dan , ber bude"
contentment,razîbûn,رازیبوون,اطمئنان,"razeebûn , qaylbûn"
contentment,qaylbûn,قایلبوون,اطمئنان,"razeebûn , qaylbûn"
revive,vejandin,ڤه‌ژاندن,اعادة احياء,vezhandun
revive,vejîn,ڤه‌ژین,اعادة احياء,vezheen
considered,ḧesab bûn,حەساب بوون,اعتبر,ḧesab bûn
assault,"êrîş, êrîşkirin",ئێریش، ئێریشکرن,اعتداء,"êreesh, êreeshkrun"
assault,şeredev,شەرەدەڤ,اعتداء,sheredev
apology,daxazkirina lêburînê,داخازکرنا لێبورینێ,اعتذار,daxazkruna lêbureenê
apologize,lê burînê daxwaza,لێ بورینێ داخوازا,اعتذر,lê bureenê daxwaza
objection,nerazîbûn,نه‌رازیبوون,اعتراض,"chandun , tov krun"
confession,tîraf,عتیراف,اعتراف,teeraf
acknowledged,dan pêker,دان پێکەر,اعترف,dan pêker
admit,dan pê kirinê diket,دان پێ كرنێ دكەت,اعترف,dan pê krunê duket
confess,îtiraf kirin,ئیتراف کرن,اعترف,eeturaf krun
confess,danpêdanê diket,دانپێدانێ دکەت,اعترف,danpêdanê duket
confess,li ser xwe qebûl kirin,ل سه‌ر خوه‌ قه‌بوول کرن,اعترف,lu ser xwe qebûl krun
intend,divêt,دڤێت,اعتزم,duvêt
arrest,binçav kirin,بنچاڤ کرن,اعتقال,bunchav krun
arrest,desteser kirin,ده‌سته‌سه‌ر کرن,اعتقال,desteser krun
arrest,zindan kirin,زندان کرن,اعتقال,zundan krun
arrest,girtin,گرتن,اعتقال,gurtun
think,hizirikir,ھزركر,اعتقد,ḧuzurukr
depending,giringî pîdan,گرنگى پیدان,اعتمادا,gurungee peedan
take care of,pîte dan,پیتە دان,اعتني ب,peete dan
take care of,çavdêrî kirin,چاڤدێری کرن,اعتني ب,chav dêree duket
take care of,xudan kirin,خودان کرن,اعتني ب,xudan krun
excuse me,bêzehmet,بێزه‌همه‌ت,اعذرني,bêzeḧmet
construction,avakirin,ئاڤاکرن,اعمال بناء,avakrun
construction,sazkirin,سازکرن,اعمال بناء,sazkrun
work hard,zeḧmatî bikêşe,زەحماتی بکێشە,اعمل بجد,"zeḧmet kêshan , zeḧmatee bukêshe"
work hard,zeḧmet kêşan,زەحمەت کێشان,اعمل بجد,"zeḧmet kêshan , zeḧmatee bukêshe"
blind,kure,كورە,اعمى,kre
warp,xwar bûn,خوار بوون,اعوجاج,xwar bûn
assassinate,kûştin,کووشتن,اغتال,kûshtun
rape,sivirandin,سڤراندن,اغتصاب,suvurandun
rape,suhurandin,سوهوراندن,اغتصاب,kchê xurab duket
rape,kiçê xirab diket,كچێ خراب دكەت,اغتصاب,kchê xurab duket
raping,caris,جارس,اغتصاب,jarus
assassination,mêrkujî,مێرکوژی,اغتيال,mêrkzhee
wash your hands,destêt xo bişo,دەستێت خۆ بشۆ,اغسل يديك,destêt xo busho
shut,asêkirin,ئاسێکرن,اغلق,asêkrun
shut,daêxistin,دائێخستن,اغلق,daêxustun
shut,daxistin,داخستن,اغلق,daxustun
shut down,vemirandin,ڤەمراندن,اغلق,vemurandun
close your book,kitêbê bigire,کتێبێ بگرە,اغلق كتابك,ktêbê bugure
boil the water,avê bikelîne,ئاڤێ بکەلینە,اغلي الماء,avê bukeleene
faint,gêj bûn,گێژ بوون,اغمى عليه,gêzh bûn
inauguration,dest pê kirin,ده‌ست پێ کرن,افتتاح,dest pê krun
opening,vekirin,ڤەكرن,افتتاح,vekrun
open your mouth,devê xo veke,دەڤێ خۆ ڤەكە,افتح فمك,devê xo veke
open your book,ktîbê veke,کتیبێ ڤەکە,افتح كتابك,kteebê veke
assumption,gutgutik,گوتگوتك,افتراض,gutgutuk
supposition,dî werigirîn,دى وەرگرین,افتراض,dee werugureen
presume,girîman diket,گریمان دكەت,افترض,gureeman duket
suppose,texmîn kirin,ته‌خمین کرن,افترض,pesheeman bûn
just do it!,Hema wê bike,هه‌ما وێ بکه‌,افعل ذلك,ḧema wê buke
basements,"jêrerdî, jêrizemîn, bodrûm",ژێرئەردی، ژێرزه‌مین، بۆدرووم,اقبية,"zhêrerdee, zhêruzemeen, bodrûm"
quotation,werigirîtin,وەرگریتن,اقتباس,werugureetun
quote,lêweri digirît,لێوەردگریت,اقتبس,lêweru dugureet
proposal,pêşnîyar,پێشنیار,اقتراح,pêshneeyar
proposition,pêşnîyar,پێشنیار,اقتراح,pêshneeyar
suggestion,pêşnîyar,پێشنیار,اقتراح,pêshneeyar
suggestion,pêşniyaz,پێشنیاز,اقتراح,pêshnuyaz
borrow,deyin kirin,دەین کرن,اقتراض,deyun krun
borrow,qeriz kirin,قەرز کرن,اقتراض,qeruz krun
propose,pêşiniyar kirin,پێشنیار کرن,اقترح,pesend duket
propose,dixwazt,دخوازت,اقترح,duxwazt
suggest,pêşiniyar kirin,پێشنیار کرن,اقترح,pêshnuyar duket
economy,abûrî,ئابوورى,اقتصاد,abûrê me'reefee
economy,aborî,ئابۆری,اقتصاد,abûrê me'reefee
economy,iqtsad,ئقتساد,اقتصاد,abûrê me'reefee
economy,ekonomî,ئه‌کۆنۆمی,اقتصاد,abûrê me'reefee
economy,barê darayî,بارێ دارایی,اقتصاد,abûrê me'reefee
network economy,abûrê me'rîfî,ئابوورێ مەعریفی,اقتصاد الشبكة,abûrê me'reefee
economic,aborî,ئابۆری,اقتصادي,abûrê me'reefee
economist,aborînas,ئابۆریناس,اقتصادي,abûrê me'reefee
economist,iqtisadnas,ئقتسادناس,اقتصادي,abûrê me'reefee
economist,ekonomîst,ئه‌کۆنۆمیست,اقتصادي,abûrê me'reefee
economics,aborînasî,ئابۆریناسی,اقتصاديات,abûrê me'reefee
market economics,abûrê bazarî,ئابوورێ بازاری,اقتصاديات السوق,abûrê bazaree
economical,derbasî,ده‌رباسی,اقتصادية,abûrê me'reefee
truncate,birrîn,بڕین,اقتطاع,furreeshte
truncate,qut kirin,قوت کرن,اقتطاع,furreeshte
root up,helkêşan,ھەلکێشان,اقتلاع,ḧelkêshan
read,xandin,خاندن,اقرأ,xandun
fall in love,dil ketin,دل کەتن,اقع في الحب,dul ketun
less than,biçîktir,بچیکتر,اقل من,bucheektur
persuade,razî diket,رازى دكەت,اقناع,razee duket
persuade,qayil bûn,قایل بوون,اقناع,razee duket
persuade,qayil kirin,قایل کرن,اقناع,razee duket
write on top of,tox kirin,تۆخ کرن,اكتب فوق,tox krun
write over,tox kirin,تۆخ کرن,اكتب فوق,tox krun
acquisition,bidestxistin,بده‌ستخستن,اكتساب,budestxustun
discovering,diyarikir,دیاركر,اكتشاف,duyarukr
discovery,peydakirin,په‌یداکرن,اكتشاف,peydakrun
discovery,derînan,دەرئینان,اكتشاف,dereenan
finding out,biserhelbûn,بسه‌رهه‌لبوون,اكتشاف,ḧerrshandun
discover,peyda kirin,په‌یدا کرن,اكتشف,peyda krun
discover,"derdêxt , aşkra diket",دەردئێخت ، ئاشکرا دکەت,اكتشف,"derdêxt , ashkra duket"
discover,serhilbûn,سه‌رهلبوون,اكتشف,serḧulbûn
discover,vedîtin,ڤەدیتن,اكتشف,vedeetun
find out,serhilbûn,سه‌رهلبوون,اكتشف,serḧulbûn
find out,seh kirin,سه‌ھ کرن,اكتشف,seḧ krun
parents,deyk wbab,دەیك وباب,الآباء,deyk wbab
futures,hilberên veberhênanê,هلبه‌رێن ڤه‌به‌رهێنانێ,الآجلة,ḧulberên veberḧênanê
captor,zindanker,زندانکه‌ر,الآسر,zundanker
pangs,janên,ژانێن,الآلام,zhanên
at present,elan,ئه‌لان,الآن,elan
at present,niha,نها,الآن,nuḧa
just now,berî nuke,بەرى نوكە,الآن,beree nuke
just now,vêgavê,ڤێگاڤێ,الآن,vêgavê
now,elan,ئه‌لان,الآن,elan
now,vêgavê,ڤێگاڤێ,الآن,vêgavê
now,niha,نها,الآن,nuḧa
now,nuke,نوكە,الآن,nuke
present (time),dema niha,ده‌ما نها,الآن,dema nuḧa
Miss (unmarried woman),xan,خان ، خاتوون,الآنسة,xan
father,bab,باب,الأب,bab
alphabet,alfabe,ئالفابه,الأبجدية,alfabe
alphabet,elîf,ئه‌لیف,الأبجدية,eleef
parent,"dêbab, dêbav",دێباب، دێباڤ,الأبوين,"dêbab, dêbav"
parent,semiyan,سه‌میان,الأبوين,semuyan
wealthy,dewlemend,دەولەمەند,الأثرياء,dewlemend
meantime,demê navber,دەمێ ناڤبەر,الأثناء,demê navber
wage,meaş,مه‌ئاش,الأجور,meash
wage,muçe,موچه‌,الأجور,muche
wages,kirê,حەق ، کری ،,الأجور,krê
Sunday,êkşembê,ئێكشەمبێ,الأحد,êkshembê
boots,pute,پوتە,الأحذية,pute
biologist,zîndewerizan,زیندەوەرزان,الأحياء,zeendeweruzan
recent,nuwî,نووى,الأخيرة,nuwee
literature,edeb,ئەدەب,الأدب,edeb
persian literature,edebê farsî,ئەدەبێ فارسی,الأدب الفارسي,edebê farsee
classical literature,edebê kevin,ئەدەبێ کەڤن,الأدب الكلاسيكي,edebê kevun
contemporary literature,nwîxwazî,نویخوازی,الأدب المعاصر,nweexwazee
comparative literature,edebê berawrd,ئەدەبێ بەراورد,الأدب المقارن,edebê berawrd
mischief,ziyan,زیان,الأذى,zuyan
fallow land,beyar,بەیار,الأراضي البور,beyar
earnings,"dahat, dahatî",داهات، داهاتی,الأرباح,"daḧat, daḧatee"
Argentina,ericentîn,ئەرجەنتین,الأرجنتين,erujenteen
Jordan,erden,ئەردەن,الأردن,erden
rice,brinc,برنج,الأرز,brunj
meteorology,seqanasî,سه‌قاناسی,الأرصاد الجوية,seqanasee
land (v),peya bûn,په‌یا بوون,الأرض,"sond, nezur"
world is round,dinya girovere,دنیا گرۆڤه‌ره‌,الأرض كروية,dayre
Armenian,ermenî,ئەرمەنی,الأرميني,ermenee
basic,esasî,ئه‌ساسی,الأساسية,esasee
basic,bingehîn,بنگه‌هین,الأساسية,bungeḧeen
basic,bineretî,بنەرەتی,الأساسية,buneretee
fiber,mûyik,ڕیشاڵە ، داڤ,الأساسية,mûyuk
myths,efsaneyan,ئه‌فسانه‌یان,الأساطير,dewr
last week,ḧeftîya çuwî,حەفتیا چووی,الأسبوع الماضي,ḧefteeya chuwee
next week,heftiya bihêt,ھەفتیا بھێت,الأسبوع المقبل,ḧeftuya buḧêt
captives,grtiyan,گرتیان,الأسرى,grtuyan
wire,weyirê stîr,وەیرێ ستیر,الأسلاك,weyurê steer
stylistics,şêwazgerî,شێوازگەری,الأسلوبية,shêwazgeree
x-ray,îşa'e,ئیشاعە,الأشعة السينية,eesha'e
x-ray,tîşk û sunar,تیشك و سونار,الأشعة السينية,"teeshk û sunar , teeshka êks"
x-ray,tîşka êks,تیشكا ئێكس,الأشعة السينية,"teeshk û sunar , teeshka êks"
thistles,qîvaran,قیڤاران,الأشواك,qeevaran
Assyrian,aşûrî,ئاشووری,الأشوري,ashûree
small things,hîru mîr,هیرو میر,الأشياء الصغيرة,ḧeeru meer
origin,esil,ئەسل,الأصل,esul
origin,jêder,ژێدەر,الأصل,zhêder
origin,serekanî,سه‌ره‌کانی,الأصل,zhêder
idols,pûtan,پووتان,الأصنام,xweshutvee
children,ayal,ئایال,الأطفال,"bucheek , ayal , zarok"
children,biçîk,بچیك,الأطفال,"bucheek , ayal , zarok"
children,zarok,زارۆك,الأطفال,"bucheek , ayal , zarok"
member,endam,ئەندام,الأعضاء,endam
craftmanship,ostatî,ئۆستاتی,الأعمال اليدوية,ostatee
opium,tiryak,تریاک,الأفيون,turyak
relatives,pêwend,پێوه‌ند,الأقارب,pêwend
relatives,kesûkar,که‌سووکار,الأقارب,kesûkar
relatives,mirov,مرۆڤ,الأقارب,murov
satellite,dûvelenik,دووڤه‌له‌نک,الأقمار الصناعية,dûvelenuk
satellite,satelayt,سەتەلایت,الأقمار الصناعية,satelayt
braces,hîwan,حیوان,الأقواس,ḧeewan
academy,ekadîmî,ئەكادیمى,الأكاديمية,ekadeemee
Eczema,tenge tenefs,ته‌نگه‌ ته‌نه‌فس,الأكزيما,tenge tenefs
aluminum,fafun,فافون,الألومنيوم,fafun
proverbs,gotinên pêşiyan,گۆتنێن پێشیان,الأمثال,gotunên pêshuyan
proverbs,metel,مەتەل,الأمثال,metel
Intestine,rîvîk,ریڤیك,الأمعاء,reeveek
Intestine,rîvî,ڕیڤی,الأمعاء,reevee
Intestine,hinav,هناڤ,الأمعاء,ḧunav
UN,netewên êkgirtî,نەتەوێن ئێکگرتی,الأمم المتحدة (UN),netewên êkgurtee
United Nations(UN),netewên êkgirtî,نەتەوێن ئێکگرتی,الأمم المتحدة (UN),netewên êkgurtee
ego,ez,ئه‌ز,الأنا,xu mezunukrun
ego,xu mezinikirin,خو مەزنکرن,الأنا,xu mezunukrun
ego,xwe,خوه‌,الأنا,xu mezunukrun
false prophets,pêẍemberên drewîn,پێغەمبەرێن درەوین,الأنبياء الكذبة,pêẍemberên dreween
Indonesian,îndonîsî,ئیندۆنیسی,الأندونيسية,eendoneesee
rubble,kavil,کاڤل,الأنقاض,ḧerrufandun
venous,rehî,ڕه‌هی,الأوردة,reḧee
orchestra,sazbend,سازبەند,الأوركسترا,sazbend
ozone,uzun,ئوزون,الأوزون,uzun
hands down,destê xo bîne xarê,دەستێ خۆ بینە خارێ,الأيدي,destê xo beene xarê
Irish,îrlendî,ئیرلەندى,الأيرلندية,eerlendee
seafaring,deryavaniyê,ده‌ریاڤانیێ,الإبحار,deryavaniyê
agitation,diltengî,دلته‌نگی,الإثارة,seesuruk
agitation,fesadî,فه‌سادی,الإثارة,seesuruk
agitation,fît kirin,فیت کرن,الإثارة,seesuruk
agitation,kelegermî,که‌له‌گه‌رمی,الإثارة,seesuruk
Monday,duşembê,دوشەمبێ,الإثنين,dushembê
abortion,aborsiyon,ئابۆرسیۆن,الإجهاض,aborsuyon
abortion,zarrok ji ber birin,زاڕۆک ژ به‌ر برن,الإجهاض,zarrok zhu ber burun
abortion,kurtaj,کورتاژ,الإجهاض,krtazh
statistics,amar,ئامار,الإحصاء,amar
statistics,statîstîk,ستاتیستیک,الإحصاء,stateesteek
castration,xesandin,خه‌ساندن,الإخصاء,derekee
faithful,pêgir,پێگر,الإخلاص,"rastgo, saduq, wefadar"
faithfulness,dilsozî,دلسۆزی,الإخلاص,"dulsozee, sozdaree, wefa"
faithfulness,sozdarî,سۆزداری,الإخلاص,"dulsozee, sozdaree, wefa"
faithfulness,wefadarî,وه‌فاداری,الإخلاص,"rastgo, saduq, wefadar"
perception,têgehişitin,تێگەھشتن,الإدراك,têgeḧushutun
cognitive,îdrakî,ئیدراکی,الإدراكي,eedrakee
cognitive,kognîtîv,کۆگنیتیڤ,الإدراكي,kogneeteev
cognitive,hişî,هشی,الإدراكي,ḧushee
offend,dêşînt,دئێشینت,الإساءة,dêsheent
strategics,stiratejîk,ستراته‌ژیک,الإستراتيجيات,sturatezheek
oversee,zêrevanî diket,زێرەڤانى دكەت,الإشراف,zêrevanee duket
edition,sererastkirin,سه‌ره‌راستکرن,الإصدار,guranukaree
insist,pêdagir,پێداگر,الإصرار,rzhuduyê duket
insist,dupat kirin,دوپات کرن,الإصرار,rzhuduyê duket
insist,dûpat kirin,دووپات کرن,الإصرار,rzhuduyê duket
insist,rjidiyê diket,رژدیێ دكەت,الإصرار,rzhuduyê duket
insist,rijid bûn,ڕژد بوون,الإصرار,rzhuduyê duket
insist,man pêve,مان پێڤه‌,الإصرار,rzhuduyê duket
flattery,salwîsî,سالویسی,الإطراء,lu ser
advertisement,dî'ayet,دیعایەت,الإعلان,dee'ayet
advertisement,rêkilam,رێكلام,الإعلان,rêklam
overuse,bikarînana bêqam,بکارینانا بێقام,الإفراط,bukareenana bêqam
residency,mall,ماڵ,الإقامة,mall
provincial,herêmî,ھەرێمى,الإقليمي,ḧerêmee
atheism,ateîzm,ئاته‌ئیزم,الإلحاد,qulqulandun
atheism,xudênenasî,خودێنه‌ناسی,الإلحاد,qulqulandun
UAE,îmarat,ئیمارات,الإمارات العربية المتحدة,eemarat
United Arab Emirates,îmarat,ئیمارات,الإمارات العربية المتحدة,eemarat
ottoman Empire,osmanî,ئۆسمانی,الإمبراطورية العثمانية,osmanee
production,"ber , berhem",بەر ، بەرھەم,الإنتاج,"ber , berḧem"
english,îngilîzî,ئینگلیزى,الإنجليزية,eenguleezee
humanism,mirovxwazî,مرۆڤخوازی,الإنسانية,murovxwazee
humanity,mirovayetî,مرۆڤایەتی,الإنسانية,murovayetee
CPR,xifaş,خفاش,الإنعاش القلبي الرئوي,xufash
population explosion,zehfbûna xelkê,زه‌هفبوونا خه‌لکێ,الإنفجار السكاني,zeḧfbûna xelkê
AIDS,aydiz,ئایدز,الإيدز,ayduz
aids,êdz,ئێدز,الإيدز,êdz
receipt,pisole,پسۆله‌,الإيصال,"lusta para , fature"
Italian,îtalî,ئیتالى,الإيطالي,eetalee
credit (for phone),sent,سەنت,الائتمان (على الهاتف),sent
human trafficking,bazirganiya mirovan,بازرگانیا مرۆڤان,الاتجار بالبشر,ḧerwek
traffick,bazirganiya mirovan,بازرگانیا مرۆڤان,الاتجار بالبشر,ḧerwek
trafficking,bazirganiya mirovan,بازرگانیا مرۆڤان,الاتجار بالبشر,ḧerwek
directions,"aliyan, zaniyarî",ئالیان، زانیاری,الاتجاهات,"aluyan, zanuyaree"
communication,peywendî,پەیوەندی,الاتصالات,peywendee
communication,gehandin,گەھاندن,الاتصالات,geḧandun
communication,hevpeywendîkirin,هه‌ڤپه‌یوه‌ندیکرن,الاتصالات,ḧevpeywendeekrun
agreement,eqid,ئه‌قد,الاتفاقية,"peyman, luḧevkrun, pêkḧatun, equd"
agreement,peyman,په‌یمان,الاتفاقية,"peyman, luḧevkrun, pêkḧatun, equd"
agreement,pêkhatin,پێکهاتن,الاتفاقية,"peyman, luḧevkrun, pêkḧatun, equd"
agreement,lihevkirin,لهه‌ڤکرن,الاتفاقية,"peyman, luḧevkrun, pêkḧatun, equd"
respectful,rêzdar,رێزدار,الاحترام,rêzdar
scorning,tinazkirin,تنازکرن,الاحتقار,jwaavê
precaution,hişiyarî,ھشیارى,الاحتياطات,ḧushuyaree
reserve,parastin,پاراستن,الاحتياطي,parastun
reserve,ragirtin,ڕاگرتن,الاحتياطي,ragurtun
reserve,girtin,گرتن,الاحتياطي,gurtun
abbreviation,kurtenav,کورته‌ناڤ,الاختصار,"krtenav , krtee"
abbreviation,kurtî,کورتی,الاختصار,"krtenav , krtee"
shortcut,kurtebir,کورته‌بر,الاختصار,tesuleem dubut
shortcut,kurterê,کورته‌رێ,الاختصار,tesuleem dubut
choice,tercîh,ته‌رجیھ,الاختيار,terjeeḧ
choice,helibijarîtin,ھەلبژاریتن,الاختيار,ḧelubuzhareetun
engagement,beşdarî,به‌شداری,الارتباط,beshdaree
asbestos,amyant,ئامیانت,الاسبستوس,leesta bara
dropsy,zeîfî,زه‌ئیفی,الاستسقاء,krê
dropsy,sistî,سستی,الاستسقاء,krê
sensor,amîrê,ئامیرێ,الاستشعار,ameerê
sensor,cavdîr,جاڤدیر,الاستشعار,javdeer
sensor,ḧisas,حساس,الاستشعار,ḧusas
sensor,ḧesas,حەساس,الاستشعار,ḧusas
urgency,acîl,ئاجیل,الاستعجال,ajeel
rightfulness,mafdar derketin,مافدار ده‌رکه‌تن,الاستقامة,meḧaneduket
rightfulness,heqdar derketin,هه‌قدار ده‌رکه‌تن,الاستقامة,meḧaneduket
lying (body),drêjkrî,درێژکری,الاستلقاء,drêzhkree
nominal,navekî,ناڤەكى,الاسمي,navekee
consideration,ḧesab,حەساب,الاعتبار,ḧesab
assault,"êrîş, êrîşkirin",ئێریش، ئێریشکرن,الاعتداءات,"êreesh, êreeshkrun"
assault,tecawiz,ته‌جاوز,الاعتداءات,tejawuz
acknowledge,dan pê didet,دان پێ ددەت,الاعتراف,dan pê dudet
recognize,divavêrît,دڤاڤێریت,الاعتراف,duvavêreet
recognize,nas kirin,ناس کرن,الاعتراف,nas krun
recognize,niyasîn,نیاسین,الاعتراف,nuyaseen
upside,pişka bilinditir,پشکا بلندتر,الاعلى,"pushka bulundutur , ser datur"
upside,ser datir,سەر داتر,الاعلى,"pushka bulundutur , ser datur"
good deeds,çakî,چاکی,الاعمال الصالحة,"qenjee , chakee"
good deeds,qencî,قەنجى,الاعمال الصالحة,"qenjee , chakee"
good deeds,karên çak,كارێن چاك,الاعمال الصالحة,karên chak
free economics,abûrê azad,ئابوورێ ئازاد,الاقتصاد الحر,abûrê azad
discovery,vedîtin,ڤەدیتن,الاكتشافات,vedeetun
adhere,pêvedmînt,پێڤەدمینت,الالتزام,pêvedmeent
adherence,pêgirî,پێگری,الالتزام,pêguree
adherence,dilsozî,دلسۆزی,الالتزام,dulsozee
pneumonia,pizo,پزۆ,الالتهاب الرئوي,puzo
pneumonia,Terka pişikê,ته‌رکا پشکێ,الالتهاب الرئوي,Terka pushukê
pneumonia,sil,سل,الالتهاب الرئوي,sul
pneumonia,nesaxiya seha,نه‌ساخیا سه‌ها,الالتهاب الرئوي,nesaxuya seḧa
athletics,atletîzim,ئاتله‌تیزم,الالعاب الرياضية,atleteezum
Alqosh,alqoşî,ئالقۆشی,الالقوشي,alqoshee
fullness,pirrbûn,پڕبوون,الامتلاء,purrbûn
abstention,dengnedan,ده‌نگنه‌دان,الامتناع,
output,bidest vehatî,بدەست ڤەھاتی,الانتاج,budest veḧatee
output,berhem,بەرھەم,الانتاج,berḧem
wait until your time coming,çaverrêyi geha xo be heta bihêt,چاڤەڕێی گەھا خۆ بە ھەتا بھێت,الانتظار حتى الوقت حضوركم,chaverrêyu geḧa xo be ḧeta buḧêt
uprising,"serhildan , raperrîn",سەرھلدان ، راپەڕین,الانتفاضة,"serḧuldan , raperreen"
uprising,şoreş,شۆرەش,الانتفاضة,shoresh
completed,bi dwîmahî hat,ب دویماھى ھات,الانتھاء,bu dweemaḧee ḧat
declination,nişîvî,نشیڤی,الانحراف,fayde
upset,perîşan,پەریشان,الانزعاج,"pereeshan , sulubû , torrebû"
upset,torrebû,تۆڕەبوو,الانزعاج,"pereeshan , sulubû , torrebû"
upset,silibû,سلبوو,الانزعاج,"pereeshan , sulubû , torrebû"
upset,acz,عاجز,الانزعاج,ajz
slide,tehisîn,ته‌هسین,الانزلاق,teḧuseen
slide,xilîşank,خلیشانک,الانزلاق,xuleeshank
slide,hilisîn,هلسین,الانزلاق,ḧuluseen
introverted,pixûtî,پخووتی,الانطواء,puxûtee
refraction,"şikestin, şikîn",شکه‌ستن، شکین,الانكسار,"shukestun, shukeen"
concern,babet bûn,بابه‌ت بوون,الاهتمام,babet bûn
concern,pûte pê dan,پووته‌ پێ دان,الاهتمام,babet bûn
concern,pwîte dan,پویته‌ دان,الاهتمام,babet bûn
concern,pêwendîdar bûn,پێوه‌ندیدار بوون,الاهتمام,pêwendeedar bûn
concern,xemxorî,خه‌مخۆری,الاهتمام,babet bûn
concernment,berjewendî,به‌رژه‌وه‌ندی,الاهتمام,berzhewendee
capacity,mezinahî,مه‌زناهی,الاهلية,beḧre
capacity,hecim,هه‌جم,الاهلية,beḧre
main door,derigehî serekî,دەرگەھى سەرەكى,الباب الرئيسي,derugeḧee serekee
pope,papa,پاپا,البابا,papa
researcher,vekoler,ڤه‌کۆله‌ر,الباحث,vekoler
preeminent,serkeftî,سه‌رکه‌فتی,البارز,sturee
broadcast,weşandin,وە‌شاندن,البث,weshandun
searching,dîvçûn,دیڤچوون,البحث,deevchûn
mediterranean,derya navî,دەریا ناڤى,البحر الأبيض المتوسط,derya navee
proceed,dest pêdiket,دەست پێدكەت,البدء به,dest pêduket
beginning,destpêk,دەستپێك,البداية,destpêk
alternative,li şwîna wî,ل شوینا وی,البديل,lu shweena wee
righteousness,ayîndarî,ئایینداری,البر,ayeendaree
righteousness,rastdarî,راستداری,البر,rastdaree
mainland,hişkatî,ھشكاتى,البر الرئيسى,ḧushkatee
Brazil,brazîl,برازیل,البرازيل,berrazeel
pencil sharpener,qditadite,قدتادتە,البراية,qdutadute
Portugal,portugal,پۆرتوگال,البرتغال,portugal
persimmon,persîmon,په‌رسیمۆن,البرسيمون,xorrustee
persimmon,şaron,شارۆن,البرسيمون,xorrustee
persimmon,kakî,کاکی,البرسيمون,xorrustee
beryl,zemirûdê kesk,زەمروودێ كەسك,البريل,zemurûdê kesk
orange,purîtekal,پوریتەكال,البریتقالي,pureetekal
mortal,neman,نەمان,البشر,neman
eye sight,bînahî,بیناهی,البصر,"zheer , 'aqul"
eyesight,bînahî,بیناهی,البصر,"zheer , 'aqul"
spittle,avdev,ئاڤده‌ڤ,البصق,avdev
spittle,tif,تف,البصق,tuf
spittle,"glêz, grêz",گلێز، گرێز,البصق,"glêz, grêz"
visionary,aşopî,ئاشۆپی,البصيرة,ashopee
goods,kelupelên,كەلوپەلێن,البضائع,kelupelên
potato,pitat,پتات,البطاطس,putat
patriarch,babikalê mezin,بابکالێ مه‌زن,البطريرك,kêmasee
penguin,pingwîn,پنگوین,البطريق,pungween
dimension,alî,ئالی,البعد,"reḧend, aluyê"
dimension,rehend,ڕه‌هه‌ند,البعد,"reḧend, aluyê"
stay,"dimînît , man",دمینیت ، مان,البقاء,"dumeeneet , man"
stay where you are,li cihê xo bi mîne,ل جھێ خۆ بمینە,البقاء حيث أنت,lu jḧê xo bu meene
survive,zindî dmînît,زندی دمینیت,البقاء على قيد الحياة,zundee dmeeneet
groceries,erizaq,ئەرزاق,البقالة,eruzaq
parsley,kerefs,كەرەفس,البقدونس,kerefs
parsley,medenos,مه‌ده‌نۆس,البقدونس,medenos
plastic,plastîk,پلاستیك,البلاستيك,plasteek
tile,qermît,قه‌رمیت,البلاط,"kêm, puchek, chendek"
tile,qermîd,قه‌رمید,البلاط,"kêm, puchek, chendek"
Blood sputum,tifa bi xwîn,تفا ب خوین,البلغم الدموي,tufa bu xween
builder,avaker,ئاڤاکه‌ر,البناء,avaker
builder,endaziyar,ئەندازیار,البناء,ḧosta
builder,hosta,هۆستا,البناء,ḧosta
beets,şelmdir,شەلمدر,البنجر,shelmdur
nut,gwîz,گویز,البندق,gweez
Venice,vinis,ڤنس,البندقية,vunus
violet,binefşî,بنه‌فشی,البنفسجي,mor
violet,mor,مۆر,البنفسجي,mor
compasses,fircal,فرجال,البوصلات,furjal
data,bîzanîn,بیزانین,البيانات,beezaneen
data,pêzanîn,پێزانین,البيانات,pêzaneen
petroleum,neft,نەفت,البيترول,neft
camera,kamîr,کامیر,الة تصوير,kameer
swing,hejandin,هه‌ژاندن,التأرجح,ḧêsk
swing,hêlan,هێلان,التأرجح,ḧêsk
swing,hêlkan,هێلکان,التأرجح,ḧêsk
swing,hêlekan,هێله‌کان,التأرجح,ḧêsk
confirmation,pesandkirin,په‌ساندکرن,التأكيد,pesandkrun
confirmation,teqezkirin,ته‌قه‌زکرن,التأكيد,teqezkrun
confirmation,çespandin,چەسپاندن,التأكيد,chespandun
confirmation,rastkirin,راستکرن,التأكيد,rastkrun
underline,xet libin,خەت لبن,التأكيد,xet lubun
underline,dupat kirin,دوپات کرن,التأكيد,xet lubun
emphasise,eseh kirin,ئه‌سەھ کرن,التأكيد على,"eseḧ krun, dupat krun"
emphasize,dupat kirin,دوپات کرن,التأكيد على,"eseḧ krun, dupat krun"
emphasize,dûpat kirin,دووپات کرن,التأكيد على,dûpat krun
wanderer,bîyasadiket,بییاسادكەت,التائھ,beeyasaduket
affiliated,endambûyî,ئه‌ندامبوویی,التابعة,deng
affiliated,girêdayî,گرێدایی,التابعة,deng
damaged,"xirab kirin, pîç",خراب کرن، پیچ,التالفة,"xurab krun, peech"
next,bi rex be,ب ڕه‌خ به‌,التالى,bu rex be
next,dwîvda,دویڤدا,التالى,dweevda
ambiguity,nediyar,نه‌دیار,التباس,neduyar
ambiguity,nezelalî,نه‌زه‌لالی,التباس,nezelalee
justification,mafdar derketin,مافدار ده‌رکه‌تن,التبرير,meḧaneduket
blaspheming,kufriyan kirin,کوفریان کرن,التجديف,beḧre
weathering,"seqa karî , prrit prrit bûn",سەقا کاری ، پڕت پڕت بوون,التجوية,"seqa karee , prrut prrut bûn"
challenge,berhengarî kirin,به‌رهه‌نگاری کرن,التحدي,berḧengaree krun
challenging,berhingarkirin,به‌رهنگارکرن,التحدي,berḧungarkrun
update,"nîkirin , zêdetir",نیکرن ، زێدە‌تر,التحديث,"neekrun , zêdetur"
updated(more) news,nûçên zêdetir,نووچێن زێدە‌تر,التحديث,nûchên zêdetur
editing,rastvekirin,ڕاستڤه‌کرن,التحرير,rastvekrun
conservatism,parêziyar,پارێزیار,التحفظ,parêzuyar
motivation,îrade,ئیراده‌,التحفيز,eerade
motivation,handan,هاندان,التحفيز,ḧandan
verification,pesend,په‌سه‌ند,التحقق,pesend
check,pişkinîn,پشكنین,التحقق من,pushkneen
check,taqî kirin,تاقی کرن,التحقق من,taqee krun
check,feḧis,فەحس,التحقق من,feḧus
investigate,"verast diket , dûvçûn",ڤەراست دكەت ، دووڤچوون,التحقيق,"verast duket , dûvchûn"
control,raserî kirin,راسەری کرن,التحكم,raseree krun
control,zal kirin,زال کرن,التحكم,zal krun
control,kontrol kirin,کۆنترۆل کرن,التحكم,kontrol krun
remote controller,cîhas,جیھاس,التحكم عن بعد,jeeḧas
shiftman,"nobedar, nubedar",نۆبه‌دار، نوبه‌دار,التحول,"nobedar, nubedar"
compilation,berhevkirin,به‌رهه‌ڤکرن,التحويل البرمجي,daqûl krun
compilation,berhevok,به‌رهه‌ڤۆک,التحويل البرمجي,daqûl krun
regards,silav,سلاڤ,التحيات,sulav
partiality,alîgirîtî,ئالیگریتی,التحيز,sfur
partiality,lagîrî,لاگیری,التحيز,sfur
partiality,layengrî,لایەنگری,التحيز,sfur
vandalism,wêrankerî,وێرانکه‌ری,التخريب,wêrankeree
garbage disposal,sulîn,سولین,التخلص من القمامة,suleen
abandon,paşgez bûn,پاشگه‌ز بوون,التخلي عن,dest zhê berdan
abandon,dest jê berdan,ده‌ست ژێ به‌ردان,التخلي عن,dest zhê berdan
smoking-pipe,qelûn,قەلوون,التدخين الأنابيب,qelûn
destruct,hilweşînin,هلوه‌شینن,التدمير,ḧulwesheenun
dirt,pîsî,پیسی,التراب,peesee
dirt,gemar,قرێژ، قلێر,التراب,gemar
dirt,"qirêj, qilêr",قرێژ، قلێر,التراب,"qurêzh, qulêr"
interdependence,pêkhur çir dibêt,پێکهور چر دبێت,الترابط,pêkḧur chur dubêt
bolt (for door),siqate,سقاته,الترباس (لباب),suqate
ranking two,serkeftiyê duwê,سەرکەفتیێ دووێ,الترتيب الثاني,serkeftuyê duwê
deportation,dûrikirin,دووركرن,الترحيل,dûrukrun
deportation,raguhastin,ڕاگوهاستن,الترحيل,raguḧastun
licensing,destîrdan,ده‌ستیردان,الترخيص,desteerdan
wares,kelupelên,كەلوپەلێن,التركيبات,kelupelên
tropology,tiropolojî,ترۆپۆلۆژی,التروبولوجيا,avus
commitment,îltîzam,ئیلتیزام,التزام,eelteezam
commitment,berpisîyarî,به‌رپسییاری,التزام,berpuseeyaree
commitment,derbestkirin,ده‌ربه‌ستکرن,التزام,derbestkrun
obligation,erk,ئه‌رک,التزام,pêgeeruyê pê krun
obligation,pêgîriyê pê kirin,پێگیریێ پێ كرن,التزام,pêgeeruyê pê krun
obligation,wezîfe,وه‌زیفه‌,التزام,pêgeeruyê pê krun
begging,parsekî,پارسه‌کی,التسول,parsekee
begging,"xwazûkî, xwazokî",خوازووکی، خوازۆکی,التسول,"xwazûkee, xwazokee"
leveling,"astkirin , rastçêkirin",ئاستکرن ، ڕاستچێکرن,التسوية,"astkrun , rastchêkrun"
homelessness,bêwarî,بێواری,التشرد,bêwaree
legislate,yasadadint,یاسادادنت,التشريع,yasadadunt
distort,çelexwarî kirin,چه‌له‌خواری کرن,التشوه,chelexwaree krun
distort,har kirin,هار کرن,التشوه,ḧar krun
escalation,zêdebûn,زێده‌بوون,التصعيد,
stick down,danan,دانان,التصق اسفل,danan
landforms,beriz û nizimî,بەرز و نزمی,التضاريس,beruz û nuzumee
sacrifices and offerings,qurbanî û pêşkêşî,قوربانی و پێشكێشی,التضحيات والقرابين,qurbanee û pêshkêshee
inflation,puvbûn,پوڤبوون,التضخم,puvbûn
pretence,rwîmetî,ڕویمه‌تی,التظاهر,"berfreḧ , peḧun"
pretense,rwîmetî,ڕویمه‌تی,التظاهر,"berfreḧ , peḧun"
tie,asê kirin,ئاسێ کرن,التعادل,asê krun
tie,bestin,به‌ستن,التعادل,bestun
tie,şidandin,شداندن,التعادل,shudandun
tie,girê dan,گرێ دان,التعادل,gurê dan
collaboration,zibare,زباره‌,التعاون,zubare
collaboration,hevkarî,هه‌ڤکاری,التعاون,ḧevkaree
coexistence,hevhebûn,هه‌ڤهه‌بوون,التعايش,ḧevḧebûn
express,der brîn,دەر برین,التعبير,der breen
express,şayesandin,شایه‌ساندن,التعبير,der breen
expression,îbare,ئیباره‌,التعبير,derbrun
expression,îfade,ئیفاده‌,التعبير,derbrun
expression,derbrin,ده‌ربرن,التعبير,derbrun
expression,diyarkirin,دیارکرن,التعبير,duyarkrun
census,serjmar,سه‌رژمار,التعداد,serzhmar
erosion,ramalîn,ڕامالین,التعرية,ramaleen
comment,têbînî,تێبینی,التعليق,têbeenee
education,perwerde,په‌روه‌رده‌,التعليم,perwerde
high education,xandina bilind,خاندنا بلند,التعليم العالي,xanduna bulund
high education,xwîndinî bala,خویندنی بالا,التعليم العالي,xweendunee bala
compensations,qerebûkirin,قە‌رە‌بووکرن,التعويضات,qerebûkrun
turn around,bi zivire,ب زڤرە,التف حولھ,bu zuvure
optimism,optîmîzm,ئۆپتیمیزم,التفاؤل,opteemeezm
optimism,xoşbînî,خۆشبینی,التفاؤل,xoshbeenee
rotten apple,sêveke rizî,سێڤه‌که‌ ڕزی,التفاح الفاسد,sêveke ruzee
detail,run kirin,رون كرن,التفاصيل,run krun
detail,kitûmat,کتوومات,التفاصيل,ktûmat
detail,hûratî,هووراتی,التفاصيل,ḧûratee
wrap (cloth),pêç,پێچ,التفاف (القماش),pêch
wrap something up,bipêçe,بپێچە,التفاف شيء ما,bupêche
wrap something up,pêçan,پێچان,التفاف شيء ما,pêchan
disparity,ferqa mezin,فه‌رقا مه‌زن,التفاوت,ferqa mezun
disparity,newekhevî,نه‌وه‌کهه‌ڤی,التفاوت,newekḧevee
exclusivity,gîrdan,گیردان,التفرد,geerdan
outbreak,epîdemî,ئه‌پیده‌می,التفشي,epeedemee
take a picture,risim girîtin,رسم گریتن,التقاط صورة,rusum gureetun
retirement,xanenşînî,خانه‌نشینی,التقاعد,xanensheenee
retirement,malnişînî,مالنشینی,التقاعد,malnusheenee
growing up,werar kirin,وه‌رار کرن,التقدم في العمر,werar krun
installment plan,qist,قست,التقسيط,qust
distill,parzûn kirin,پارزوون کرن,التقطير,parzûn krun
volatility,guhêzbarbûn,گوهێزباربوون,التقلب,guḧêzbarbûn
contraction,kortkirin,کۆرتکرن,التقلص,mare krun
contraction,girjbûn,گرژبوون,التقلص,mare krun
tradition,tîtal,تیتال,التقليد,teetal
tradition,"rewşit, 'edet",رەوشت، عەدەت,التقليد,"rewshut, 'edet"
tradition,kelîtur,كەلیتور,التقليد,"keleetur , kevuneshop"
tradition,nerît,نه‌ریت,التقليد,nereet
traditional (Kurdish),kurdewarî,کوردەواری,التقليدية (الكردية),krdewaree
met,çav pê keft,چاڤ پێ كەفت,التقى,chav pê keft
costs,xerc,خەرج,التكاليف,xerj
costs,mesiref,مەسرەف,التكاليف,mesuref
integral,temam,تەمام,التكامل,temam
pollution,"pîsbûn, hermîn",پیسبوون، هه‌رمین,التلوث,"peesbûn, ḧermeen"
acting,zarvekirin,زارڤەكرن,التمثيل,zarvekrun
representation,nûnerî,نوونه‌ری,التمثيل,nûneree
renunciation,paşgez,پاشگه‌ز,التنازل,dest zhê berdan
transmigration,kuç,کوچ,التناسخ,jwaavê
transmigration,koç,کۆچ,التناسخ,jwaavê
denounce,îxbar kirin,ئیخبار کرن,التنديد,eexbar krun
denounce,paşvebrin,پاشڤه‌برن,التنديد,pashvebrun
denounce,tawanbar kirin,تاوانبار کرن,التنديد,tawanbar krun
breathe in,bêhina xo kêşan,بێھنا خۆ کێشان,التنفس في,"bêḧuna xo kêshan , nefes kêshan"
breathe in,nefes kêşan,نەفەس کێشان,التنفس في,"bêḧuna xo kêshan , nefes kêshan"
breathe in,henase bikêşe,ھەناسە بکێشە,التنفس في,ḧenase bukêshe
implementation,bi destve hatî,ب دەستڤە هاتی,التنفيذ,bu destve ḧatee
Pleurisy,"plorts , zat alcenb",پلۆرتس ، زات الجه‌نب,التهاب الجنبة,"plorts , zat aljenb"
Lever Inflammation,ilthaba sehê,ئلتهابا سه‌هێ,التهاب الكبد,ultḧaba seḧê
arthritis,ilthaba mefsela,ئلتهابا مه‌فسه‌لا,التهاب المفاصل,ultḧaba mefsela
Bronchitis,ilthaba sîngî,ئلتهابا سینگی,التهاب شعبي,ultḧaba seengee
threat,tehdîd,ته‌هدید,التهديد,teḧdeed
threat,gef,گه‌ف,التهديد,gef
inflammation,iltîhab,ئلتیهاب,التھاب,ulteeḧab
inflammation,kulibûn,كولبوون,التھاب,klubûn
sprain,dibadit,دبادت,التواء,dubadut
sprain,"jigehçun , wergeryan",ژگەھچون ، وەرگەریان,التواء,"zhugeḧchun , wergeryan"
Sprain,lêkzivirî,لێكزڤری,التواء,lêkzuvuree
strain,cêfşara rêjeyî,جێفشارا ڕێژەیی,التواء,jêfshara rêzheyee
strain,zor dan,زۆر دان,التواء,jêfshara rêzheyee
regret,peşîman bûn,په‌شیمان بوون,التوبة,pesheeman bûn
repent,peşîman bûn,په‌شیمان بوون,التوبة,lu xo zuvurreen
repent,tube kirin,توبە کرن,التوبة,tube krun
repent,li xo zivirrîn,ل خۆ زڤڕین,التوبة,lu xo zuvurreen
wheat berry,danqut,دانقوت,التوت القمح,danqut
achieve,encam dan,ئه‌نجام دان,التوصل,enjamdan
which,kîşk,كیشك,التي,keeshk
which,"ku , kîjan",کو ، کیژان,التي,"k , keezhan"
Which sports do you like?,kîj werizş ya bi dlê te ye?,کیژ وەرزش یا ب دلێ تە یە؟,التي الرياضة التي تحبھا؟,keezh weruzsh ya bu dlê te ye?
currents,tewijim,تەوژم,التيارات,tewuzhum
Warts,prrizk,پڕزک,الثآليل,prruzk
Trinity,"Bab, Kur û Giyanê pîroz",باب، کور و گیانێ پیرۆز,الثالوث,"Bab, kr û Guyanê peeroz"
Trinity,siyaneyî pîroz,سیانه‌یی پیرۆز,الثالوث,suyaneyee peeroz
mammal,memkdar,مەمكدار,الثديي حيوان من الثديات,memkdar
ramble,"ger, geşt",گه‌ر، گه‌شت,الثرثرة,"ger, gesht"
confidence,bawerî,باوەرى,الثقة,baweree
confidence,pêbawerî,پێباوه‌ری,الثقة,pêbaweree
thalassemia,talasemî,تالاسه‌می,الثلاسيميا,talasemee
ice,befir,بەفر,الثلج,befur
ice,cemed,جەمەد,الثلج,jemed
gravity,kêşan,کێشان,الجاذبية,kêshan
gravity,kêşkirin,کێشکرن,الجاذبية,kêshkrun
gravity,hilkêşan,هلکێشان,الجاذبية,ḧulkêshan
private universities,zanikoyên ehlî,زانکۆیێن ئه‌هلی,الجامعات الخاصة,zanukoyên eḧlee
other side,rexê dî,رەخێ دى,الجانب الآخر,rexê dee
other side,lêva dî,لێڤا دی,الجانب الآخر,rexê dee
countryside,pesar,په‌سار,الجانب القطري,pesar
uncle Mother side,xal,خال,الجانب عم الأم,xal
walls,şîrhe,شیرهه‌، شویرها,الجدران,sheerḧe
outer walls,şwîrha,شویرها,الجدران الخارجية,sheerḧe
outer walls,şîrhe,شیرهه‌,الجدران الخارجية,sheerḧe
chicken Pox,surik,سورك,الجدري,"suruk , mêruḧuchuk"
chicken Pox,mêrihiçik,مێرھچك,الجدري,"suruk , mêruḧuchuk"
Smallpox,sork,سۆرک,الجدري,sork
table (schedule),cedwel,جەدوەل,الجدول (الجدول الزمني),jedwel
table (for iron),textê utîyê,تەختێ ئوتیێ,الجدول (الحديد),textê uteeyê
audacity,"dilêrî, cesaret",دلێری، جه‌ساره‌ت,الجرأة,"dulêree, jesaret"
audacity,wêrekî,وێره‌کی,الجرأة,wêrekee
surgeon,brîn bêç,برین بێچ,الجراح,breen bêch
scabies,skabs,سکابس,الجرب,"skabs , nesaxee"
scabies,nesaxî,نه‌ساخی,الجرب,"skabs , nesaxee"
wound (by cutting),birrîn,بڕین,الجرح (بالقطع),burreen
Algeria,cezayîr,جەزائیر,الجزائر,jezayeer
body,leş,لەش,الجسم,lesh
body (dead),"terim, cesed",ته‌رم، جه‌سه‌د,الجسم (ميت),"terum, jesed"
antibody,antîkor,ئانتیکۆر,الجسم المضاد,anteekor
antibody,dijeten,دژه‌ته‌ن,الجسم المضاد,duzheten
greediness,çavbirsî,چاڤبرسی,الجشع,chavbursee
cement plaster,lebix,لەبخ,الجص الاسمنت,lebux
evacuate,bi cih hêlan,ب جھ هێلان,الجلاء,bu jḧ ḧêlan
evacuate,çûlkirin,چوولکرن,الجلاء,chûlkrun
evacuate,çol kirin,چۆل کرن,الجلاء,chol krun
evacuate,vala kirin,ڤالا کرن,الجلاء,vala krun
hanger,elaqe,ئەلاقە,الجلاد,elaqe
sit,rînşitin,رینشتن,الجلوس,reenshutun
Galilee,celîl,جەلیل,الجليل,jeleel
customs,gumirik,گومرک,الجمارك,gumuruk
masses,xelk,خەلك,الجماھير,xelk
potter,gilkarî,گلکاری,الجماھير,gosker
potter,gozikvan,گۆزکڤان,الجماھير,gozukvan
potter,gosker,گۆسکه‌ر,الجماھير,gosker
everybody,her kes,هه‌ر که‌س,الجميع,"ḧer kes, ḧemû kes"
everybody,hemû kes,هه‌موو که‌س,الجميع,"ḧer kes, ḧemû kes"
heaven,esman,ئەسمان,الجنة,esman
heaven,behişit,بەھشت,الجنة,beḧushut
paradise,beheşit,بەھەشت,الجنة,beḧeshut
southeast,başûrî rojhallat,باشووری ڕۆژهاڵات,الجنوب الشرقي,bashûree rozhḧallat
respiratory system,koendama henaseyê,کۆئه‌نداما هه‌ناسه‌یێ,الجهاز التنفسي,ameerê ḧenase
system of respiratory,koendama henaseyê,کۆئه‌نداما هه‌ناسه‌یێ,الجهاز التنفسي,ameerê ḧenase
digestive system,koendamê hersê,کۆئه‌ندامێ هه‌رسێ,الجهاز الهضمي,ameerê ḧenase
system of digestive,koendamê hersê,کۆئه‌ندامێ هه‌رسێ,الجهاز الهضمي,ameerê ḧenase
wrong side,rexê çewit,ڕه‌خێ چه‌وت,الجهة الخاطئة,rexê chewut
jeweler,gewherikar,گەوھەركار,الجواھري,gewḧerukar
broadcloth,çox,چۆخ,الجوخ,chox
Georgian,corcî,جۆرجی,الجورجية,jorjee
neighbor,cîran,جیران,الجيران,jeeran
neighbor,cînar,جینار,الجيران,jeenar
neighbors,"hevsa, hevswî",هه‌ڤسا، هه‌ڤسوی,الجيران,"ḧevsa, ḧevswee"
neighbour,cîran,جیران,الجيران,jeeran
gene,cîn,جین,الجين,shesh
ginseng,paçkê pîrê,پاچکێ پیرێ,الجينسنغ,pachkê peerê
eleventh,yazdehem,یازدەھەم,الحادي عشر,yazdeḧem
computer,kumpiyuter,كومپیوتەر,الحاسوب,kmpuyuter
harvestman,pale,پاله‌,الحاصد,pale
cases,ḧaletên,حاله‌تێن,الحالات,ḧaletên
confirmed cases,ḧaletên,حاله‌تێن,الحالات المؤكدة,ḧaletên
status,rewş,رەوش,الحالة,rewsh
case (law),"duz , qeziye",دوز ، قەزیە,الحالة (القانون),"duz , qezuye"
first case,ḧaletê êkê,حاله‌تێ ئێكێ,الحالة الأولى,ḧaletê êkê
humanitarian situation,rewşa mirovatî,ڕه‌وشا مرۆڤاتی,الحالة الإنسانية,rewsha murovatee
hailstone,tezire,ته‌زره‌,الحالوب,"tezure, gzhk, teyrok"
hailstone,teyrok,ته‌یرۆک,الحالوب,"tezure, gzhk, teyrok"
hailstone,gijilok,گژلۆک,الحالوب,"tezure, gzhk, teyrok"
present,araste kirin,ئاراسته‌ کرن,الحالي,pêshkêsh duket
present,pêşkêş diket,پێشكێش دكەت,الحالي,pêshkêsh duket
love,eşq,ئه‌شق,الحب,ḧezh duket
love,evîn,ئه‌ڤین,الحب,ḧezh duket
love,evîndarî,ئه‌ڤینداری,الحب,ḧezh duket
love,dildarî,دلداری,الحب,ḧezh duket
love,hezkirin,هه‌زکرن,الحب,ḧezh duket
love,yaranî,یارانی,الحب,ḧezh duket
love (n),evîn,ئەڤین,الحب,eveen
love (n),ḧez jêkirin,حەژێكرن ، حەزژێكرن,الحب,ḧez zhêkrun
true love,"dildar, evîndar",دلدار، ئه‌ڤیندار,الحب الحقيقى,"duldar, eveendar"
sweetie,şirîn,شرین,الحبيبة,shreen
quarantine,cuda kirin,جودا کرن,الحجر الصحي,jda krun
quarantine,dabirrîn,دابڕین,الحجر الصحي,daburreen
quarantine,kerentîn kirin,که‌ره‌نتین کرن,الحجر الصحي,kerenteen krun
quarantine,kerentînkirin,کەرەنتینکرن,الحجر الصحي,kerenteenkrun
limit,pîvan,پیڤان,الحد,peevan
limit,sinor,سنۆر,الحد,sunor
minimum,biçûktirîn,بچووکترین,الحد الأدنى,"kêmtureen, buchûktureen"
minimum,kêmtirîn,کێمترین,الحد الأدنى,"kêmtureen, buchûktureen"
mourning,tazî,تازی,الحداد,"tazee, matemeenee"
mourning,xem,خه‌م,الحداد,xem
mourning,şînî,شینی,الحداد,sheenee
mourning,matemînî,ماته‌مینی,الحداد,"tazee, matemeenee"
border,"sinur, sinor",سنور، سنۆر,الحدود,"sunur, sunor"
border,"hidûd, tixûb",هدوود، تخووب,الحدود,"ḧudûd, tuxûb"
talk about,beḧisê kirin,به‌حسێ ... کرن,الحديث عن,beḧusê krun
iron smith,asinger,ئاسنگەر,الحديد سميث,asunger
lawn,çîmen,چیمەن,الحديقة,cheemen
shoeshiner,boyaxçî,بۆیاخچی,الحذاء شاينر,boyaxchee
wary,hişiyarbe,ھشیاربە,الحذر,ḧushuyarbe
heat,"kel, tên",که‌ل، تێن,الحرارة,"kel, tên"
heat,germa,گه‌رما,الحرارة,"germa, germaḧee"
heat,germahî,گه‌رماهی,الحرارة,"germa, germaḧee"
heat,heraret,هه‌راره‌ت,الحرارة,ḧeraret
hot,germ,گه‌رم,الحرارة,"germa, germaḧee"
plowing,şov,شۆڤ,الحرث,aqar
capital letter,gridek,گرده‌ک,الحرف الكبير,grudek
beam,"tîroj, tîrêj, tav",تیرۆژ، تیرێژ، تاڤ,الحزم,"teerozh, teerêzh, tav"
insects,ḧeşerat,حەشەرات,الحشرات,ḧesherat
measles,surik,سورك,الحصبة,suruk
Measles,ezelat,عه‌زه‌لات,الحصبة,ezelat
get,bi tişit ketin,ب دەست~کەتن ، گەھەشتن,الحصول على,bu tushut ketun
get in (taxi),siyarbûn,سیاربوون,الحصول على (التاكسي),suyarbûn
get on (bus),siyarbûn,سیاربوون,الحصول على (باص),suyarbûn
get worn out,jêçû bin,ژێچوو بن,الحصول على تهالك,zhêchû bun
get up,"rabîn , rabe",رابین ، رابە,الحصول على ما يصل,"rabeen , rabe"
get up,hilû,ھلوو,الحصول على ما يصل,ḧulû
get points,ple werigirîtin,پلە وەرگریتن,الحصول على نقاط,ple werugureetun
get laid,razan,ڕازان,الحصول على وضع,"daneen , ḧêduket"
get a job,bi xo şulek dîtin,ب خۆ شولەك دیتن,الحصول على وظيفة,bu xo shulek deetun
get in line,xo rêz kirin,خۆ رێز کرن,الحصول علی الخط,xo rêz krun
cobblestones,ḧessu,حسو,الحصى,"ẍêzul , ḧessu"
cobblestones,ẍêzil,غێزل,الحصى,"ẍêzul , ḧessu"
attendance,emade bûn,ئەمادە بوون,الحضور,emade bûn
keep,parastin,پاراستن,الحفاظ,parastun
keep,pêgirî kirin,پێگری کرن,الحفاظ,"gurtun, wergurtun"
keep,pêgîriyê kirin,پێگیریێ کرن,الحفاظ,"gurtun, wergurtun"
keep,"girtin, wergirtin",گرتن، وه‌رگرتن،,الحفاظ,"gurtun, wergurtun"
keep,hilgirtin,هلگرتن,الحفاظ,ḧulgurtun
sustain,ragirtin,ڕاگرتن,الحفاظ,ragurtun
maintain,parastin,پاراستن,الحفاظ على,parastun
maintain,ragirtin,ڕاگرتن,الحفاظ على,ragurtun
preserve,"parêz kirin, parastin",پارێز کرن، پاراستن,الحفاظ على,"parêz krun, parastun"
barber shop,sertiraşxane,سەرتراشخانە,الحلاق,serturashxane
dessert,xwarinên şêrîn,خوارنێن شێرین,الحلوى,xwarunên shêreen
toilet,"avdestxane , destavxane",ئاڤده‌ستخانه‌ ، ده‌ستاڤخانه‌,الحمام,"avdestxane , destavxane"
toilet,dast şu,داست شو,الحمام,dast shu
toilet,qedemgeh,قه‌ده‌مگه‌ھ,الحمام,qedemgeḧ
DNA,avke tirşê kêm uksicîn,ئاڤکە ترشێ کێم ئوکسجین,الحمض النووي,avke turshê kêm uksujeen
homesickness,bêriya mal,بێریا مال,الحنين إلى الوطن,bêruya mal
whale,avilke,ئاڤلکه‌,الحوت,avulke
whale,balîna,بالینا,الحوت,baleena
whale,nehingî,نه‌هنگی,الحوت,neḧeng
whale,neheng,نه‌هه‌نگ,الحوت,neḧeng
whale,hût,هووت,الحوت,ḧût
eternal life,"jiyana heruher, nemirî",ژیانا هه‌روهه‌ر، نه‌مری,الحياة الأبدية,"zhuyana ḧeruḧer, nemuree"
valuable life,qedirê jiyanê,قەدرێ ژیانێ,الحياة ثمينة,qedurê zhuyanê
impartiality,bêterefî,بێته‌ره‌فی,الحياد,nuvêzh krun
neutrality,bêalîtî,بێئالیتی,الحياد,nuvêzh krun
perplexity,alozbûn,ئالۆزبوون,الحيرة,
pet,nazdar diket,نازدار دكەت,الحيوانات الأليفة,nazdar duket
wild animals,ḧeywanêt kîvî,حەیوانێت کیڤی,الحيوانات البرية,cholee
wild animals,drrindeyên erdî,دڕنده‌یێن ئه‌ردی,الحيوانات البرية,cholee
sperm,avik,ئاڤک,الحيوانات المنوية,avuk
sperm,sperm,سپه‌رم,الحيوانات المنوية,sperm
betrayer,bêbext,بێبه‌خت,الخائن,lê xaeen bûn
betrayer,xaîn,خائین,الخائن,lê xaeen bûn
outwards,derveber,دەرڤەبەر,الخارج,derveber
lawless,bê yasa,بێ یاسا,الخارجين عن القانون,bê yasa
loser,saqit,ساقت,الخاسر,"derunechû , bunuketun"
loser,windaker,ونداکه‌ر,الخاسر,"derunechû , bunuketun"
bread (circle),sawik,ساوك,الخبز (دائرة),sawuk
bread (football),samun,سامون,الخبز (كرة القدم),samun
cheek,rû,روو,الخد,rû
cheek,rî,ری,الخد,ree
cheek,lam,لام,الخد,lam
trick,sexte,سه‌خته‌,الخدعة,sexte
self service,tu xizimet xo bike,تو خزمەت خۆ بکە,الخدمة الذاتية,tu xuzumet xo buke
civil servant,fermanber,فه‌رمانبه‌ر,الخدمة المدنية,fermanber
civil servant,memûr,مه‌موور,الخدمة المدنية,memûr
havoc,wêran,وێران,الخراب,wêran
concrete,kunikirît,كونكریت,الخرسانة,knukreet
autumn,payiz,پایز,الخريف,payuz
lavender,giyayê mskê,گیایێ مسكێ,الخزامي,guyayê mskê
tulip,swîsin,سویسن,الخزامي نبات,sweesun
lettuce,xes,خەس,الخس,xes
fire damage,ziyanvêkeft,زیانڤێکه‌فت,الخسائر الناجمة عن الحرائق,serweree
waist,kemer,كەمەر,الخصر,kemer
waist,naviteng,ناڤتەنگ,الخصر,navuteng
adversary,dijmin,دژمن,الخصم,têkdan
adversary,neyar,نه‌یار,الخصم,têkdan
opponent,dijber,دژبه‌ر,الخصم,munafs
opponent,dijmin,دژمن,الخصم,munafs
opponent,raqîb,ڕاقیب,الخصم,munafs
opponent,minafis,منافس,الخصم,munafs
opponent,hevrik,هه‌ڤرک,الخصم,munafs
eunuch,xesandin,خه‌ساندن,الخصي,derekee
testicle,gûn,گوون,الخصية,ḧazuree
testicle,hêlik,هێلک,الخصية,ḧazuree
testicles,testîs,ته‌ستیس,الخصيتين,ḧazuree
vegetable,zerizewat,زه‌رزه‌وات,الخضروات,zeruzewat
vegetable,şînkatî,شینکاتی,الخضروات,sheenkatee
vegetable,keskatî,که‌سکاتی,الخضروات,keskatee
front line,rêza pêşîn,ڕێزا پێشین,الخط الأمامي,rêza pêsheen
beeline,rastehêl,ڕاسته‌هێل,الخط المباشر,tesuleem dubut
courtships,gazî evînê diken,گازی ئه‌ڤینێ دکه‌ن,الخطوبة,gazee eveenê duken
front lines,eniyên pêş,ئه‌نیێن پێش,الخطوط الأمامية,enuyên pêsh
outline,kurît diket,كوریت دكەت,الخطوط العريضة,kreet duket
discord,ciyawazî,جیاوازی,الخلاف,"ḧevurk, jedel"
discord,li hevnekirin,ل هه‌ڤنه‌کرن,الخلاف,"ḧevurk, jedel"
mole,nîşan,نیشان,الخلد,neeshan
diphtheria,"diftêriya , xînaq",دفتێریا ، خیناق,الخناق,"duftêruya , xeenaq"
autism,otîzim,ئۆتیزم,الخوض,oteezum
delve into,lê kolan,لێ کۆلان,الخوض في,lê kolan
burlap,kaş,کاش,الخيش نسيج,kash
motivated,bi mereq,ب مەرەق,الدافع,bu mereq
degree,rade,ڕاده,الدرجة العلمية,rade
support,pişitgîrî,پشتگیری,الدعم,"pushutevanuya duket , pushutgeeree"
support,pişitevaniya diket,پشتەڤانیا دکە‌ت,الدعم,"pushutevanuya duket , pushutgeeree"
defend,bergirî kirin,به‌رگری کرن,الدفاع,"parastun , berevanuya ~ krun , pawandun"
defend,berevaniya ~ kirin,بەرەڤانیا ~ کرن,الدفاع,"parastun , berevanuya ~ krun , pawandun"
defend,parastin,پاراستن,الدفاع,"parastun , berevanuya ~ krun , pawandun"
defend,pawandin,پاواندن,الدفاع,"parastun , berevanuya ~ krun , pawandun"
payment monthly for car?,seyare hene bi qist?,سە‌یارە‌ ھە‌نە‌ ب قست؟,الدفع الشھري للسيارة؟,seyare ḧene bu qust?
blood (positive),zayd,زاید,الدم (إيجابية),zayd
blood (negative),naqis,ناقس,الدم (سلبية),naqus
Denmark,danmark,دانمارک,الدنمارك,danmark
startled,vecinqî,ڤه‌جنقی,الدهشة,vejnqee
tutorial,fêrkariya taybet,فێرکاریا تایبه‌ت,الدورة التعليمية,fêrkaruya taybet
crow,bang dan,بانگ دان,الديك يصيح,qelereshk
debts,qeriz,قەرز,الديون,qeruz
wolf,gurig,گورگ,الذئب,gurug
culmination,xala herî bilind,خالا هه‌ری بلند,الذروة,deekl
A.I.,jîrahiya destkirî,ژیراهیا ده‌ستکری,الذكاء الاصطناعي,zheeraḧuya destkree
artificial intelligence,jîrahiya çêkrok,ژیراهیا چێکرۆک,الذكاء الاصطناعي,zheeraḧuya chêkrok
artificial intelligence,jîrahiya destkirî,ژیراهیا ده‌ستکری,الذكاء الاصطناعي,zheeraḧuya destkree
50th anniversary,salvegera pêncîyê,سالڤەگەرا پێنجییێ,الذكرى الخامسة,salvegera pênjeeyê
5th anniversary,salvegera pêncê,سالڤەگەرا پێنجێ,الذكرى الخامسة,salvegera pênjê
mining gold,"zêr kanzakirin, zêr kanzanî",زێر کانزاکرن، زێر کانزانی,الذهب التعدين,"zêr kanzakrun, zêr kanzanee"
gold,zêr,زێر,الذھب,zêr
who,"kî , kê",كى ، کێ,الذي,"kee , kê"
head,ser,سەر,الرأس,ser
International opinion,heliwêstê nêvdewletî,هەلوێستێ نێڤدەولەتی,الرأي العام العالمي,ḧeluwêstê nêvdewletee
worldview,cihanbînî,جهانبینی,الرؤية الكونية,jḧanbeenee
worldview,dinyabînî,دنیابینی,الرؤية الكونية,dunyabeenee
radium,radiyum,رادیوم,الراديوم,raduyum
herdsman,şivan,شڤان,الراعي,arandun
herdsman,herdsman,گاڤان,الراعي,arandun
lead,serkêşî kirin,سه‌رکێشی کرن,الراعي,serkêsh krun
lead,serêxistin,سه‌رێخستن,الراعي,serêxustun
shepherd,şvan,شڤان,الراعي,shvan
asthma,bêhin tengî,بێھن تەنگى,الربو,"bêḧun tengee , tengenefes"
asthma,tenge ‌nefis,ته‌نگه‌ ‌نه‌فس,الربو,tenge ‌nefus
please close window,bî zeḧmet pencerkê bigire,بی زەحمەت پەنجەرکێ بگرە,الرجاء إغلاق النافذة,bee zeḧmet penjerkê bugure
men,"mirov , kelek zelam",مرۆڤ ، كەلەك زەلام,الرجال,"murov , kelek zelam"
snowman,mêrkê berfê,مێرکێ به‌رفێ,الرجل الثلجي,mêrkê berfê
refer,nîşan diket,نیشان دکەت,الرجوع,neeshan duket
chart,hêlkarî,ھێلكارى,الرسم البياني,ḧêlkaree
halter,lixav,لخاڤ,الرسن,luxav
halter,liẍav,لغاڤ,الرسن,luẍav
animation,"wênêt dilivin , wênêt livuk",وێنێت دلڤن ، وێنێت لڤوک,الرسوم المتحركة,"wênêt duluvun , wênêt luvuk"
lead (material),risas,رساس,الرصاص,rusas
balance,mîzan,میزان,الرصيد,turazee
balance,hevsengî,هه‌ڤسه‌نگی,الرصيد,turazee
balance,hevkêşe,هه‌ڤکێشه‌,الرصيد,turazee
daycare,dayîn,دایین,الرعاية النهارية,dayeen
neck back or inside,"patik , gerî",پاتك ، گەری,الرقبة أو الظھر داخل,"patuk , geree"
neck back,patik,پاتك,الرقبة الخلفي,patuk
neck inside,gerî,گەری,الرقبة داخل,geree
censor,çavdêrîkirî,چاڤدێریکری,الرقيب,chavdêreekree
jogging,ẍardana svk,غاردانا سڤك,الركض,ẍardana svk
zip,daydixit,دایدخت,الرمز البريدي,"zunjeerê feduket , daydxt"
zip,zincîrê fediket,زنجیرێ فەدكەت,الرمز البريدي,"zunjeerê feduket , daydxt"
zip code,jimara pustê,ژمارا پوستێ,الرمز البريدي,zhumara pustê
notation,sîstemî nivîsîna nîşan,سیسته‌می نڤیسینا نیشان,الرموز,baz
dread,sehim,سه‌هم,الرهبة,daqûl krun
mortgage,barimte,بارمته‌,الرهن العقاري,barumte
mortgage,gerewek,گەرەوەك,الرهن العقاري,gerewek
novelist,ruman nivês,رومان نڤێس,الروائي,ruman nuvês
sediment,pegir,په‌گر,الرواسب,pegur
sediment,tilp,تلپ,الرواسب,tulp
sediment,xilte,خلته‌,الرواسب,xulte
sediment,durd,دورد,الرواسب,durd
sediment,gerode,گه‌رۆده‌,الرواسب,gerode
corridor,nafder,نافدەر,الرواق,nafder
robotics,miruvê alî,مروڤێ ئالى,الروبوتات,muruvê alee
Holy Spirit,ruḧa pîroz,روحا پیرۆز,الروح القدس,ruḧa peeroz
Holy Spirit,giyanê pîroz,گیانێ پیرۆز,الروح القدس,guyanê peeroz
rockrose,rastik,ڕاستک,الروك,"bushuyan, kara, tuwana"
rockrose,laden,لاده‌ن,الروك,"bushuyan, kara, tuwana"
rum,alkol,ئالکۆل,الروم,alkol
twister (wind),babelîsk,بابه‌لیسک,الرياح الرياح,babeleesk
sports,werizş,وەرزش,الرياضة,weruzsh
mathematics,bîrikarî,بیركارى,الرياضيات,beerukaree
agriculture,cotyarî,جۆتیاری,الزراعة,jotyaree
agriculture,çandin,چاندن,الزراعة,chandun
breathe out,henase berde,ھەناسە بەردە,الزفير,ḧenase berde
wineskin,meşik,مەشك,الزق وعاء جلدي للخمر,meshuk
adultery,"zina bî exilaqî , dehimen pîsî",زنا بى ئەخلاقى ، دەھمەن پیسی,الزنا,"zuna bee exulaqee , deḧumen peesee"
wild flower,kulîlik,کولیلك,الزهرة الوحشية,kleeluk
marital,jin înanî,ژن ئینانى,الزواج,zhun eenanee
marry (women),şî kirin,شی کرن,الزواج (للنساء),shee krun
husband,mêr,مێر,الزوج,mêr
husband,hevjîn,ھەڤژین,الزوج,ḧevzheen
spouse,"mêr , jin",مێر یان ژن,الزوج,"mêr , zhun"
cicada,sîsirik,سیسرک,الزيز,seesuruk
drawer,çavî,چاڤی,الساحب,shesh
sixteen,şazde,شازدە,السادس عشر,shazde
robber,talan ker,تالانكەر,السارق,talan ker
robber,"diz, rêbir",دز، ڕێبر,السارق,"duz, rêbur"
robber,rêgir,ڕێگر,السارق,rêgur
robbers,rêgran,رێگران,السارق,rêgur
legs (for human),lêng û ran,لێنگ و ران,الساقين,lêng û ran
legs (for table),pêpik,پێپک,الساقين,pêpuk
culprit,tawanbar,تاوانبار,السبب,"tawanbar, guneḧkar"
culprit,gunehkar,گونه‌هکار,السبب,"tawanbar, guneḧkar"
causality,egerîtî,ئه‌گه‌ریتی,السببية,dû
chalkboard,texta ‌reş,ته‌ختا ‌ره‌ش,السبورة,texta ‌resh
styrofoam,fillîn,فللین,الستايروفوم,fulleen
prison,zindan,زندان,السجن,zundan
prison,girtîxane,گرتیخانه‌,السجن,gurteexane
prison,hefis,هه‌فس,السجن,ḧefus
bed,cî nifstin,جى نفستن,السرير,jee nufstun
interface,gehişitin,گەھشتن,السطح البيني,geḧushutun
price,biha,بھا,السعر,buḧa
price,ḧeq,حەق,السعر,ḧeq
strive,tê koşîn,تێ کۆشین,السعي,"kreeyaee , kar"
strive,xebatê kirin,خه‌باتێ کرن,السعي,"kreeyaee , kar"
strive,lebikîn,له‌بکین,السعي,"kreeyaee , kar"
embassy,"balyozxane ,  sefaret",بالیۆزخانه‌ ،  سه‌فاره‌ت,السفارة,"balyozxane ,  sefaret"
shed,riştin,رشتن,السقیفة,rushut
shed,rijandin,ڕژاندن,السقیفة,rushut
stroke,perixîn,په‌رخین,السكتة الدماغية,qoch
railway,rêkêt şemendefirê,رێكێت شەمەندەفرێ,السكك الحديدية,rêkêt shemendefurê
authority,dest helat,دەست ھەلات,السلطة,dest ḧelat
authority,rayedar,ڕایه‌دار,السلطة,"karubudest, rayedar, pasha"
authority,karibidest,کاربده‌ست,السلطة,"karubudest, rayedar, pasha"
descendant,dwîndeha,دویندەھا,السليل,dweendeḧa
descendents,silale,سلاله‌,السليل,sulale
raining,baran,باران,السماء تمطر,baran
allow,izin dan,ئزن دان,السماح,uzun dan
allow,îcaze dan,ئیجازه‌ دان,السماح,eejaze dan
allow,destûr dan,ده‌ستوور دان,السماح,destûr dan
allow,destîrî dan,ده‌ستیری دان,السماح,desteeree dan
allow,ruxiset didet,روخسەت ددەت,السماح,ruxuset dudet
let,destwîriyê didet,دەستویریێ ددەت,السماح,destweeruyê dudet
let,"rê dan, hêlan, berdan",ڕێ دان، هێلان، به‌ردان,السماح,"rê dan, ḧêlan, berdan"
manure,zibil,زبل,السماد,navneeshek zhêburun
manure,sergîn,سه‌رگین,السماد,navneeshek zhêburun
partridge,kew,كەو,السمان,kew
quail,qitbarûd,قتباروود,السمان,kew
quail,kewsîsk,که‌وسیسک,السمان,kew
solar year,sala şemsî,سالا شەمسى,السنة الشمسية,sala shemsee
last Year,"par , sala çuwî",پار ، سالا چووی,السنة الماضية,"par , sala chuwee"
Sweden,swîd,سوید,السويد,sweed
reigning,fermanrewatî,فه‌رمانره‌واتی,السيادة,ḧukmdaree
reigning,fermanrewayî,فه‌رمانره‌وایی,السيادة,ḧukmdaree
supremacy,raserî,ڕاسه‌ری,السيادة,sturee
self control,"xoraberî , lixozallbûn",خۆرابەری ، لخۆزاڵبوون,السيطرة على النفس,"xoraberee , luxozallbûn"
self-control,xoraberî,خۆرابەری,السيطرة على النفس,xoraberee
self-control,lixozallbûn,لخۆزاڵبوون,السيطرة على النفس,luxozallbûn
cinema,sînema,سینەما,السينما,seenema
administrative affairs,karubarên kargêrî,کاروبارێن کارگێری,الشؤون الإدارية,karubarên kargêree
youngster,xort,خۆرت,الشاب,xort
gauze,pembî,پەمبی,الشاش,pembee
gauze,lefafe,لەفافە,الشاش,lefafe
witness,şahid,شاھد,الشاھد,shaḧud
winter,zivistan,زڤستان,الشتاء,zuvustan
charge (electricity),barige,بارگە,الشحنة الكهربائية,baruge
electric charge,barige,بارگە,الشحنة الكهربائية,baruge
personal,xwîy,خویى,الشخصية,xweey
personal,erdî,فه‌ردی,الشخصية,xweey
personal,kesî,که‌سی,الشخصية,xweey
main character,Karakterê serekî,کاراکته‌رێ سه‌ره‌کی,الشخصية الرئيسية,Karakterê serekee
homosexuality,regezbazî,ڕه‌گه‌زبازی,الشذوذ الجنسي,regezbazee
homosexuality,qonekîtî,قۆنه‌کیتی,الشذوذ الجنسي,qonekeetee
homosexuality,nêrbazîtî,نێربازیتی,الشذوذ الجنسي,nêrbazeetee
drinking,vexarin,ڤەخارن,الشرب,vexarun
drinks,meşrub,مەشروب,الشرب,meshrub
policeman,pulîs,پولیس,الشرطي,pulees
honor (v),rêz girîtin,رێز گریتن,الشرف (V),"qedur , rêz gureetun , staysha~krun"
honor (v),stayşa~kirin,ستایشا~کرن,الشرف (V),"qedur , rêz gureetun , staysha~krun"
honor (v),qedir,قەدر,الشرف (V),"qedur , rêz gureetun , staysha~krun"
east,roj helat,رۆژ ھەلات,الشرق,rozh ḧelat
Middle East,rojhilata navîn,ڕۆژھلاتا ناڤین,الشرق الآوسط,rozhḧulata naveen
medical Tape,lisqa tibî,لسقا تبی,الشريط الطبي,lusqa tubee
Olympic flame,xetîra ollompî,خەتیرا ئۆڵۆمپی,الشعلة الأولمبية,xeteera ollompee
guilt,guneh,گونەھ,الشعور بالذنب,guneḧ
barley,ceh,جەھ,الشعير,jeḧ
figure,şekil,شەكل,الشكل,shekl
northwest,bakorê rojava,باکۆرێ ڕۆژاڤا,الشمال الغربي,bakorê rozhava
cantaloupe,gndur,گندور,الشمام,gndur
beet,silk,سلکان,الشمندر,sulk
beet,şêlim,شێلم,الشمندر,shêlum
totalitarianism,zordarî,زۆرداری,الشمولية,cheenko
totalitarianism,zordestî,زۆرده‌ستی,الشمولية,cheenko
bear witness,selmîn,سه‌لمین,الشھادة,"sheḧdekyê~krun , sheḧdekyê dan"
testify,selmandin,سه‌لماندن,الشھادة,"sheḧdekyê~krun , sheḧdekyê dan"
testify,selmîn,سه‌لمین,الشھادة,"sheḧdekyê~krun , sheḧdekyê dan"
testify,şehdekiyê dan,شەھدەکیێ دان,الشھادة,"sheḧdekyê~krun , sheḧdekyê dan"
testify,şehdekiyê~kirin,شەھدەکیێ~کرن,الشھادة,"sheḧdekyê~krun , sheḧdekyê dan"
last month,heyîva çuwî,ھەیڤا چووی,الشھر الماضي,ḧeyeeva chuwee
oats,şufan,شوفان,الشوفان,shufan
mine,ya mine,یا منە,الشيء الألغام,ya mune
demons,ecinan,ئه‌جنان,الشياطين,ejnan
righteous,dadperwer,دادپه‌روه‌ر,الصالحين,dadperwer
righteous,dadmend,دادمه‌ند,الصالحين,dadmend
manufacturer,"sazker, çêker, dirûstker",سازکه‌ر، چێکه‌ر، درووستکه‌ر,الصانع,"sazker, chêker, durûstker"
forbearance,çavpûşî,چاڤپووشی,الصبر,chavpûshee
health,tendirustî,تەندروستى,الصحة,tendurustee
health,saxilemî,ساخلەمی,الصحة,saxulemee
mental health,saxlemiya derûnî,ساخله‌میا ده‌روونی,الصحة النفسية,saxlemuya derûnee
awakening,rakirin,ڕاکرن,الصحوة,rakrun
awakening,hişyarkirin,هشیارکرن,الصحوة,ḧushyarkrun
right,dirust,دروست,الصحيح,"rast , durust"
right,rast,ڕاست,الصحيح,"rast , durust"
proper (Noun),navê taybet,ناڤێ تایبھ‌ت,الصحيح (نون),navê taybet
alms,sedeqe,سه‌ده‌قه‌,الصدقة,ḧunêr
conflict between,milmilanî,ململانی,الصراع بين,mulmulanee
conflict between,hevrikîya dinavbera,ھەڤرکییا دناڤبەرا,الصراع بين,ḧevrukeeya dunavbera
conflict with each other,berhingariya êkudû diken,بەرھنگاریا ئێكودوو دكەن,الصراع مع بعضھا البعض,berḧungaruya êkdû duken
hard,dijwar,دژوار,الصعب,"duzhwar, zeḧumet"
hard,zehimet,زه‌همه‌ت,الصعب,"duzhwar, zeḧumet"
hard,req,ڕه‌ق,الصعب,req
hard,ne nerim,نه‌ نه‌رم,الصعب,ne nerm
ascend,berizî,بەرزى,الصعود,beruzee
micro,"hûr, biçûk",هوور، بچووک,الصغير,"ḧûr, buchûk"
micro,hwîr,هویر,الصغير,ḧweer
adjective,hevalnav,ھە‌ڤالناڤ,الصفة,ḧevalnav
home,xanî,خانی,الصفحة الرئيسية,xanee
home,mal,مال,الصفحة الرئيسية,mal
falcon,baz,باز,الصقر,baz
hawk,baz,باز,الصقر,baz
hawking,kuxîn,کوخین,الصقور,seqer
silence,bê denikî,بێ دەنكى,الصمت,bê denukee
withstand,bergirî kirin,به‌رگری کرن,الصمود,"parastun , berevanuya ~ krun , pawandun"
volume,qebare,قەبارە,الصوت,qebare
Somalia,somall,سۆماڵ,الصومال,somall
summer,havîn,ھاڤین,الصيف,ḧaveen
China,çîn,چین,الصين,cheen
guarantor,desteber,ده‌سته‌به‌ر,الضامن,zêde
guarantor,garantîker,گارانتیکه‌ر,الضامن,zêde
victims,rufatên,ڕوفاتێن,الضحايا,rufatên
taxes,zerîbe,زەریبە,الضرائب,zereebe
beating,qutan,قوتان,الضرب,qutan
beating,kulmanê,کولمانێ,الضرب,qutan
beating,lêxistin,لێخستن,الضرب,"stem, zulm"
pressing,lezdar,لەزدار,الضغط,lezdar
pressure,fişar,فشار,الضغط,fushar
pressure,gvaşitin,گڤاشتن,الضغط,gvashutun
Pronoun Reflexive,cihinavê xoî,جھناڤێ خۆئی,الضمير إنعكاسي,jḧunavê xoee
Pronoun Personal,cihinavê kesî,جھناڤێ کھ‌سی,الضمير الشخصي,jḧunavê kesee
mindless,bê wjdan,بێ وژدان,الطائش,bê wzhdan
downstairs,tebeqa jêrî,تەبەقا ژێری,الطابق الأسفل,tebeqa zhêree
upstairs,serbanê,سەربانێ,الطابق العلوي,"serbanê , selal"
upstairs,selal,سەلال,الطابق العلوي,"serbanê , selal"
upstairs,li jor,ل ژۆر,الطابق العلوي,"serbanê , selal"
peacock,teuz,تەوز,الطاووس,teuz
medicine (liquid),şerab,شەراب,الطب (السائل),sherab
typography,çapgerî,چاپگه‌ری,الطباعة,neḧ
internist,dxturê batinî,دختورێ باتنی,الطبيب الباطني,dxturê batunee
paved road,rêke qîrkrî,ڕێکه‌ قیرکری,الطرق المعبدة,rêke qeerkree
slippery road,rêkeka teḧsuk,رێکەکا تەحسوك,الطريق زلق,rêkeka teḧsuk
The road is very slippery,rêk gelek ya teḧsî,رێك گەلەك یا تەحسی,الطريق زلق جدا,rêk gelek ya teḧsee
manner,çewanî,چەوانى,الطريقة,chewanee
divorce,jêkcudabûn,ژێکجودابوون,الطلاق,zhêkjdabûn
demand,hewceyî,ھەوجەیى,الطلب,ḧewjeyee
whisker,simbêl,سمبێل,الطولي,sumbêl
skunk,bêngenî,بێنگه‌نی,الظربان,kef
skunk,fisû,فسوو,الظربان,kef
oppress,bindestkirin,بنده‌ستکرن,الظلم,tengav
oppress,çewisandin,چه‌وساندن,الظلم,tengav
worshiper,perstkar,پەرستکار,العابد,perstkar
urgent,bepele,بەپەلە,العاجلة,bepele
urgent,lezgîn,له‌زگین,العاجلة,lezgeen
tenth,dehem,دەھەم,العاشر,deḧem
snowstorm,"bapêç, pûk",باپێچ، پووک,العاصفة الثلجية,"bapêch, pûk"
capital city,"paytext, serbajêr",پایته‌خت، سه‌رباژێر,العاصمة,"paytext, serbazhêr"
wellness (health),sax û slametî,ساخ و سلامه‌تی,العافية (الصحة),sax û slametee
world,cîhan,جیھان,العالم,jeeḧan
world,dinya,دنیا,العالم,dunya
staff,"erkedar , wezîfedar , karker",ئه‌رکه‌دار ، وه‌زیفه‌دار ، کارکه‌ر,العاملين,"erkedar , wezeefedar , karker"
staff (member),"fermanber , karmend",فه‌رمانبه‌ر ، کارمه‌ند,العاملين,"fermanber , karmend"
monarch,şae,شاە,العاھل,shae
financial burden,barê darayî,بارێ دارایی,العبء المالي,barê darayee
ferry,sefîne,سەفینە,العبارة,sefeene
phrase,"deste waj , derbrîn",دەستە واژ ، دەربرین,العبارة,"deste wazh , derbreen"
genius,bilîmetî,بلیمه‌تی,العبقري,"buleemetee, xebeer, daḧeetee"
genius,prizane,پرزانه‌,العبقري,"sheḧreza, pruzane"
genius,xebîr,خه‌بیر,العبقري,"buleemetee, xebeer, daḧeetee"
genius,dahîtî,داهیتی,العبقري,"buleemetee, xebeer, daḧeetee"
genius,şehreza,شەھرەزا,العبقري,"sheḧreza, pruzane"
enemy,dujimin,دوژمن,العدو,duzhumun
infectiousness,vegirî,ڤه‌گری,العدوى,veguree
several,çendîn,چه‌ندین,العديد من,chendeen
several,hindek,ھندەك,العديد من,ḧundek
Iraq,îraq,عیراق,العراق,eeraq
arabic,zimanî 'rbî,زمانى عربى,العربية,zumanee 'rbee
projector,arastek,ئاراستەك,العرض,arastek
bridegroom,zava,زاڤا,العريس,zava
solace,xoşî,خۆشی,العزاء,xoshee
solace,rehetî,ڕه‌هه‌تی,العزاء,reḧetee
dear,emîn,ئەمین,العزيز,"emeen , ḧbeebe"
dear,ḧibîbe,حبیبە,العزيز,"emeen , ḧbeebe"
dear,delal,دەلال,العزيز,"zeez , delal"
dear,zîz,عەزیز,العزيز,"zeez , delal"
nerve,demare,ده‌ماره‌,العصب,demare
nerve,eseb,عەسەب,العصب,eseb
nerve,"hêris, birik, eseb, rehik",هێرس، برک، ئه‌سه‌ب، ڕه‌هک,العصب,"ḧêrus, buruk, eseb, reḧuk"
illegal drugs,muxedir,موخەدر,العقاقير غير المشروعة,muxedur
scorpion,dîpişk,دووپشك ، دیپشك,العقرب,deepushk
carnelian,berê aşqbendê sor,به‌رێ ئاشقبه‌ندێ سۆر,العقيق,berê ashqbendê sor
x-ray therapy,çareserikirdin bitîşka êkis,چارەسەركردن  بیتیشكا ئێكس,العلاج بالأشعة السينية,chareserukrdun buteeshka êks
relations,kes wkar,كەس وكار,العلاقات,kes wkar
gum (chewing),lk,علك,العلكة (مضغ),lk
science,zanist,زانست,العلوم,zanust
science,lum,علوم,العلوم,lum
humanities,wêjey,وێژەی,العلوم الإنسانية,wêzhey
operate,nişitegerî diket,نشتەگەرى دكەت,العمل,nshutegeree duket
work (v),şul kirin,شول کرن,العمل (ضد),shul krun
work (v),kar kirin,کار کرن,العمل (ضد),kar krun
collective work,zibare,زباره‌,العمل الجماعي,zubare
spine,emud feqerî,عەمود فەقەری,العمود الفقري,emud feqeree
spine,movik,مۆڤک,العمود الفقري,movuk
items,tiştûmişt,تشتوومشت,العناصر,tushtûmusht
items,kelupelên,كەلوپەلێن,العناصر,kelupelên
providence,sexbîrî ya xudayî,سەخبیرى یا خودایى,العناية الإلھية,sexbeeree ya xudayee
grape single,tirî,تری,العنب واحد,turee
item,tşit,تشت,العنصر,tshut
neck,stu,ستو,العنق,stu
neck,hefik,ھەفك,العنق,ḧefuk
spider,tevinpîrik,تەڤنپیرك,العنكبوت,tevunpeeruk
headline,sernav,سه‌رناڤ,العنوان,sernav
headline,manşêt,مانشێت,العنوان,manshêt
head line (news),manşît,مانشیت,العنوان (الأخبار),mansheet
emotions,hewes,هەوەس,العواطف,ḧewes
abolish,rakirin,ڕاکرن,الغاء,rakrun
abolish,heluweşînît,ھەلوەشینت,الغاء,ḧeluwesheeneet
laurel,hêrviz,هێرڤز,الغار,duzhwar
poison gases,ẍazat,غازات,الغازات السامة,ẍazat
gypsy,qereç,قە‌رە‌چ,الغجر,qerech
morrow,subehî,سوبەھى,الغد,subeḧee
brunch,ser têşit,سەر تێشت,الغداء,ser têshut
strangers,biyanî,بیانی,الغرباء,"buyanee, xereeb"
strangers,xerîb,خه‌ریب,الغرباء,"buyanee, xereeb"
gangrene,gengrîn,گه‌نگرین,الغرغرينا,daxazduket
drowning,xendiqandin,خه‌ندقاندن,الغرق,xenduqandun
drowning,xeniqîn,خه‌نقین,الغرق,xenduqandun
vanity,bêxêrî,بێخێری,الغرور,bêxêree
vanity,bêwecî,بێوه‌جی,الغرور,bêwejee
vanity,pûç bûn,پووچ بوون,الغرور,pûch bûn
deer,ẍezal,غەزال,الغزال,ẍezal
deer,mamiz,مامز,الغزال,mamuz
spinning top,deleme,ده‌له‌مه‌,الغزل الأعلى,deleme
cheater,ḧîleker,حیلەكەر,الغشاش,ḧeeleker
atmosphere,bergê heway,بەرگێ هەوای,الغلاف الجوي,bergê ḧeway
mystery,raz,ڕاز,الغموض,"neḧênee, raz"
mystery,nepenî,نه‌په‌نی,الغموض,nepenee
mystery,nehênî,نه‌هێنی,الغموض,"neḧênee, raz"
ax,tevir,تەڤر,الفأس,tevur
mice,gelek mşk,گەلەك مشك,الفئران,gelek mshk
winner,ser keftî,سەرکەفتی,الفائز,ser keftee
winner,feyde biwîy,فەیدەبویی,الفائز,feyde buweey
gap,"valahî, çal",ڤالاهی، چال,الفارق,"valaḧee, chal"
gap,kosp,کۆسپ,الفارق,kosp
beans (white),fasulî,فاسولی,الفاصوليا (أبيض),fasulee
beans (refried),fasuliya qodîka,فاسولیا قۆدیکا,الفاصوليا (مقلي),fasuluya qodeeka
doer,şulker,شولكەر,الفاعل,shulker
evil doer,bedkar,به‌دکار,الفاعل الشر,bedkar
kurdish letter 29 (“ɛ” sound),e,ئە,الفتحة,e
kurdish letter 29 (“ɛ” sound),e,ە,الفتحة,e
shaft,çal,چال,الفتحة,"derece , paye"
shaft,dox,دۆخ,الفتحة,"derece , paye"
hole,kun,کون,الفجوة,kn
medical examination,mî'yene,میعیەنە,الفحص الطبي,mee'yene
pottery,gilkarî,گلکاری,الفخار,gosker
seal (animal),seyê avê,سەیێ ئاڤێ,الفراء ختم,seyê avê
seal (animal),fok,فۆک,الفراء ختم,fok
strawberry,firewle,فرەولە,الفراولة,furewle
Pharaoh,fir'un,فرعون,الفرعون,fur'un
French,frensî,فرەنسی,الفرنسية,frensee
team,lîjin,لیژن,الفريق,"leezhun , lêzhun"
team,lêjin,لێژن,الفريق,"leezhun , lêzhun"
dismay,tirsandin,ترساندن,الفزع,tursandun
dismay,xof kirin,خۆف کرن,الفزع,xof krun
popcorn,garis tafe,گارس تافە ، شامی تافە,الفشار,garus tafe
space,buşahî,بوشاھی,الفضاء,bushaḧee
space,boşatî,بۆشاتی,الفضاء,bushaḧee
mushroom of poison,kivarkên jehrawî,كڤاركێن ژه‌هراوى,الفطر السام,kvarkên zheḧrawee
poisonous mushrooms,kivarkên jehrawî,كڤاركێن ژه‌هراوى,الفطر السام,kvarkên zheḧrawee
common sense,beraqilî,به‌راقلی,الفطرة السليمة,gushutee
common sense,hişa rast,هشا ڕاست,الفطرة السليمة,gushutee
deed,tapo,تاپۆ,الفعل,tapo
deed,tapokirin,تاپۆکرن,الفعل,tapokrun
verb,"lêker, kar",لێکه‌ر، كار,الفعل,"lêker, kar"
lawless deed,serpêçî,سه‌رپێچی,الفعل الخارج عن القانون,serpêchee
verb Irregular,newêze,نە‌وێزە,الفعل غير النظامية,newêze
verb Transitive,têneperr,تێنە‌پە‌ڕ,الفعل متعدية,têneperr
Philippines,flîpîn,فلیپین,الفلبين,fleepeen
filtering,palandin,پالاندن,الفلتره,palandun
filtering,sepîkirin,سه‌پیکرن,الفلتره,sepeekrun
ark (ship),gemî,گەمی,الفلك (السفينة),gemee
cork,depik,ده‌پک,الفلين,depik
liberal arts,wêjey,وێژەی,الفنون الحرة,wêzhey
hiccups,îsk,ئیسک,الفواق,eesk
win-win,fît û ystefî,فیت و یستەفی,الفوز,feet û ystefee
beans (green),lubî,لوبی,الفول (أخضر),lubee
beans (large seed),baqil,باقل,الفول (البذور كبير),baqul
peanut,fstaq abîd,فستاق ئابید,الفول السوداني,fstaq abeed
Vietnamese,vêtinamî,ڤێتنامی,الفيتنامية,vêtunamee
commander in chief,supasalar,سوپاسالار,القائد العام,supasalar
Generalissimo,supasalar,سوپاسالار,القائد العام,supasalar
judge,ḧakim,حاکم,القاضي,ḧakm
judge,dad kirin,داد کرن,القاضي,dad krun
judge,dadgêr,دادگێر,القاضي,dadgêr
judge,dadwer,دادوەر,القاضي,dadwer
judge (evaluation),helsengandin,هه‌لسه‌نگاندن,القاضي,ḧelsengandun
cutlass,şûrê kurt,شوورێ کورت,القاطع,şûrê kurt
law,qanun,قانون,القانون,qanun
ability,behre,به‌هره‌,القدرة,beḧre
ability,ḧinêr,حنێر,القدرة,ḧunêr
ability,şiyan,شیا,القدرة,"shuyan, ḧêz, kareen"
ability,hêz,هێز,القدرة,"shuyan, ḧêz, kareen"
wonders,ecêbî,ئه‌جێبی,القدرة,"mendeḧoshee, ejêbee"
wonders,mendehoşî,مه‌نده‌هۆشی,القدرة,"mendeḧoshee, ejêbee"
fatalism,qeza û qeder,قه‌زا و قه‌ده‌ر,القدرية,qeza û qeder
foot (one step),pêngav,پێنگاڤ,القدم (خطوة واحدة),pêngav
ancient,dêrîn,دێرین,القديمة,dêreen
ancient,şînwar,شینوار,القديمة,"kevun , sheenwar"
ancient,qedîm,قه‌دیم,القديمة,qedeem
ancient,kevin,كەڤن,القديمة,"kevun , sheenwar"
ancient,kevinar,که‌ڤنار,القديمة,kevunar
slander,buhtan,بوهتان,القذف,"mudeer , rêveber"
slander,buxtan,بوختان,القذف,"mudeer , rêveber"
kinship,xizimatî,خزماتى,القرابة,xuzumatee
proximity of blood,xizmatî,خزماتی,القرب من الدم,xuzmatee
proximity of blood,mirovatî,مرۆڤاتی,القرب من الدم,murovatee
stationery,perigeha,پەرگەھا,القرطاسية,perugeḧa
loans,deyin,دەین,القروض,deyun
loans,qeran,قه‌ران,القروض,qeran
pygmy,qutu,قوتو,القزم,qutu
pastor,qeşe,قەشە,القس,qeshe
eradicate,binbir kirin,بنبر کرن,القضاء,ewur
eradicate,ji holê rakirin,ژ هۆلێ ڕاکرن,القضاء,ewur
issue,"duz , derînaye",دوز ، دەرینایە,القضية,"duz , dereenaye"
issue,"mijar, babet",مژار، بابه‌ت,القضية,"muzhar, babet"
magnetic pole,cemserê mugnatîsî,جەمسەرێ موگناتیسی,القطب المغناطيسي,jemserê mugnateesee
positive pole,cemserê ber bi bakurî ve,جه‌مسه‌رێ به‌ر ب باکوری ڤه‌,القطب الموجب,jemserê ber bu bakree ve
shallot,"qurad, qorad",قوراد، قۆراد,القفلوط الكراث الأندلسي,"qurad, qorad"
little,"pîçek , kêm , hindek",پیچەك ، کێم ، ھندەك,القليل,"peechek , kêm , ḧundek"
iron (cloth),utî,ئوتی,القماش الحديد,utee
iron (cloth),otî,ئۆتی,القماش الحديد,otee
moon,heyiv,ھەیڤ,القمر,ḧeyuv
cannabis,kindir,کندر,القنب,kndur
Iraq’s Shia militias,ḧeşdî şe'bî,حەشدی شه‌عبی,القوات المسلحة الإيرانية,ḧeshdee she'bee
Ringworm,rîngorim,ڕینگۆرم,القوباء الحلقية مرض جلدي,reengorum
force (soldier),leşker,لەشکەر,القوة (الجندي),leshker
bow (in Muslim prayers),sicid kirin,سجد کرن ، سوجدێ دبەت,القوس (في صلاة),sujd krun
arrested,"dîlkrî, giritî",دیلکری، گرتی,القى القبض,"deelkree, gurutee"
Do quickly,lezê bike,لەزێ بکە,القيام بسرعة,lezê buke
resurrect,vejandin,ڤه‌ژاندن,القيامة,vezhandun
resurrection,rabûn,رابوون,القيامة,rabûn
resurrection,vejîn,ڤه‌ژین,القيامة,vezheen
value,biha,بها,القيمة,buḧa
value,qedir,قەدر,القيمة,"numure , bu qedur , bu nurux"
value,giringahî,گرنگاهی,القيمة,"numure , bu qedur , bu nurux"
value,giringî,گرنگی,القيمة,"numure , bu qedur , bu nurux"
value,nirix,نرخ,القيمة,"numure , bu qedur , bu nurux"
value,nimire,نمرە,القيمة,"numure , bu qedur , bu nurux"
equity,hevsengî,هه‌ڤسه‌نگی,القيمة المالية,ḧevsengee
equity,wekhevî,وه‌کهه‌ڤی,القيمة المالية,wekḧevee
writer,nivîskar,نڤیسکار,الكاتب,nuveeskar
writer,nivîser,نڤیسه‌ر,الكاتب,nuveeser
ankle,guzek,گوزەك,الكاحل,guzek
ankle,gozek,گۆزه‌ک,الكاحل,gozek
textbook,perîtuka xandinê,پەریتوکا خاندنێ، کتێب,الكتاب المدرسي,pereetuka xandunê
Holy scripture,perîtuka pîroz,پەریتوکا پیرۆز,الكتاب المقدس,pereetuka peeroz
overwrite,li ser tiştekî  nivîsîn,ل سه‌ر تشته‌کی نڤیسین,الكتابة فوق,lu ser tushtekee  nuveeseen
lots,pişik,پشک,الكثير,"ḧûrbeen , berchavkrun"
lying (word),direw,درەو,الكذب,durew
falsehood (lie),drew,درەو,الكذب (الكذب),drew
falsehood (lie),nerastî,نەراستی,الكذب (الكذب),nerastee
leak (many),ya ji ber têt,یا ژبەر تێت,الكراث (كثير),ya zhu ber têt
crack,deriz,دەرز,الكراك,deruz
crack (v),derizandin,دەرزاندن,الكراك (v),deruzandun
carbohydrate,karbohîdrat,کاربۆهیدرات,الكربوهيدرات,gurêdan
carbohydrates,karbohîdartan,کاربۆهیدارتان,الكربوهيدرات,gurêdan
volleyball,"tepa turrê , vulî pul",تەپا توڕێ ، ڤولی پول,الكرة الطائرة,"tepa turrê , vulee pul"
cherry,gêlas,گێلاس,الكرز,gêlas
cabbage,qelemî,قەلەمی,الكرنب,qelemee
cabbage,kelemî,که‌له‌می,الكرنب,kelemee
Tetanus,gizaz,گزاز,الكزاز,guzaz
cilantro,gijnîj,گژنیژ,الكزبرة,guzhneezh
laziness,bêxîretî,بێخیره‌تی,الكسل,bêxeeretee
entire,tevayî,ته‌ڤایی,الكل,tevayee
whole,tev,ته‌ڤ,الكل,"tev, bu tevayee"
whole,"tevayî, bi tevayî",ته‌ڤایی، ب ته‌ڤایی,الكل,"tev, bu tevayee"
whole,hemû,هه‌موو,الكل,ḧemû
speak,axifitin,ئاخفتن,الكلام,axufutun
dog,se,سە,الكلب,se
dog,kûçk,کووچک,الكلب,kûchk
dog,kwîçk,کویچک,الكلب,kweechk
bitch,dîhilk,دیھلك,الكلبة,deeḧulk
antonym,dijmane,دژمانه‌,الكلمة المضادة,duzhmane
antonym,dijwate,دژواته‌,الكلمة المضادة,duzhwate
antonym,dijêt êk,دژێت ئێک,الكلمة المضادة,duzhêt êk
kidney,kîlî,كیلی,الكلى,keelee
kidney,gulçîsk,گولچیسك,الكلى,gulcheesk
electricity (government),kareba 'am,كارەبا عام,الكهرباء (الحكومة),kareba 'am
electricity (private),kareba mwelîdên,كارەبا موەلیدێن,الكهرباء (خاص),kareba mweleedên
electromagnet,mugnatîsê karebayî,موگناتیسێ کارەبایی,الكهرومغناطيسية,mugnateesê karebayee
natural disasters,bêtarên suriştî,بێتارێن سورشتی,الكوارث الطبيعية,bêtarên surushtee
natural disasters,karesat,کاره‌سات,الكوارث الطبيعية,karesat
planets,hesaran,هەساران,الكواكب,ḧesaran
cosmos,alem,ئاله‌م,الكون,alem
cosmos,kozmoz,کۆزمۆز,الكون,kozmoz
cosmos,gerdûn,گه‌ردوون,الكون,gerdûn
universe,alem,ئاله‌م,الكون,alem
universe,unîvers,ئونیڤه‌رس,الكون,uneevers
universe,gerdûn,گه‌ردوون,الكون,gerdûn
multiverse,gerdûnên pirjimar,گه‌ردوونێن پرژمار,الكون المتعدد,seqer
Kuwait,kweyt,کوەیت,الكويت,kweyt
asteroid,hesarok,هەسارۆك,الكويكب,ḧesarok
Levite,lawî,لاوی,اللاوي,lawee
buttermilk,dew,ده‌و,اللبن,dew
gums,pdî,پدی,اللثة,pdee
main committee,lîjna serekî,لیژنا سەرەكى,اللجنة الرئيسية,leezhna serekee
asylum,penaberî,په‌نابه‌ری,اللجوء,rend
asylum,penageh,په‌ناگه‌ھ,اللجوء,rend
asylum,stare,ستاره‌,اللجوء,rend
meat Red,guşit,گوشت,اللحوم الحمراء,gushut
tongue,ezman,ئه‌زمان,اللسان,ezman
tongue,zar,زار,اللسان,zar
tongue,ziman,زمان,اللسان,zuman
saliva,avdev,ئاڤده‌ڤ,اللعاب,avdev
saliva,tif,تف,اللعاب,tuf
saliva,tûk,تووک,اللعاب,tûk
saliva,"glêz, grêz",گلێز، گرێز,اللعاب,"glêz, grêz"
sputum,tif,تف,اللعاب,tuf
Persian,farsî,فارسی,اللغة الفارسية,farsee
persian language,zimanê farsî,زمانێ فارسی,اللغة الفارسية,zumanê farsee
Greek,yunanî,ئیونانی,اللغة اليونانية,yunanee
stork,legilege,لەگلەگە,اللقلق,legulege
Almighty God,xudayê herî hêzdar,خودایێ هەری هێزدار,الله سبحانه وتعالى,xudayê ḧeree ḧêzdar
God with us,xudê li gel meye,خودێ ل گەل مەیە,الله معنا,xudê lu gel meye
God,xudê,خودێ,اللھ,xudê mezun
God,xudê mezin,خودێ مەزن,اللھ,xudê mezun
God's salvation,qurtal buna xudê,قورتالبوونا خودێ,اللە الخلاص,qurtal buna xudê
color,reng,رەنگ,اللون,reng
gray,resas,رەساس,اللون الرمادي,resas
gray,rengê axê,رەنگێ ئاخێ,اللون الرمادي,rengê axê
grey,resasî,رەساسی,اللون الرمادي,"rusasee, gewur"
grey,gewir,گه‌ور,اللون الرمادي,"rusasee, gewur"
scarlet,qrimzî,قرمزى,اللون القرمزي,qrumzee
pain,azar,ئازار,الم,azar
pain,jan,ژان,الم,zhan
joint pain,êşa mefsela,ئێشا مه‌فسه‌لا,الم المفاصل,êsha mefsela
congress,kongre,کۆنگره‌,المؤتمر,kongre
certain,bê guman,بێ گومان,المؤكد,bê guman
faithful,dilsoz,دلسۆز,المؤمنين,"dulsoz, wefadar"
faithful,wefadar,وه‌فادار,المؤمنين,"dulsoz, wefadar"
qualification,jê hatin,ژێ هاتن,المؤهل,zhê ḧatun
advocate,berrevanî kirin,به‌ڕه‌ڤانی کرن,المؤيد,berrevanee krun
physical,lêşîn,لێشین,المادية,lêsheen
diamond,elmas,ئەلماس,"الماس , ماسات",elmas
livestock,teriş,ته‌رش,الماشية,"terush, tershûkewal"
livestock,teriş û kewal,ته‌رش و که‌وال,الماشية,terush û kewal
livestock,kewal,که‌وال,الماشية,terush û kewal
past,burî,بورى,الماضي,buree
past,demî borî,دھ‌می بۆری,الماضي,demee boree
past simple,rabrduyê sade,رابردویێ سادە,الماضي البسيط,rabrduyê sade
goat male,nîrî,نیرى,الماعز الذكور,neeree
goat (young),gîsk,گیسک,الماعز الشباب,geesk
landlord,xudanê zeviyê,خودانێ زەڤیێ,المالك,xudanê zevuyê
duel,şûrbazî kirin,شووربازی کرن,المبارزة,shûrbazee krun
duelling,şûrbazîkirin,شووربازیکرن,المبارزة,shûrbazeekrun
principle,binçîne,بنچینە,المبدأ,buncheene
principle,rêbaz,ڕێباز,المبدأ,rêbaz
principle,rêsa,ڕێسا,المبدأ,rêsa
vindicator,berevan,به‌ره‌ڤان,المبرئ,berevan
cooler,sarker,سارکه‌ر,المبرد,"ḧeenker, sarker"
cooler,"hînker,",هینکه‌ر,المبرد,"ḧeenker, sarker"
badmouther,ezmanreş,ئه‌زمانره‌ش,المبرمج,ezmanresh
badmouther,civînder,جڤینده‌ر,المبرمج,jveender
reviler,ezmanreş,ئه‌زمانره‌ش,المبرمج,ezmanresh
reviler,civînder,جڤینده‌ر,المبرمج,jveender
maze,şepirizî,شەپرزى,المتاھة,shepuruzee
donator,bexiş kar,بەخشکەر,المتبرع,bexush kar
market place,bazar,بازار,المتجر,bazar
naturalized,sirûştîkirî,سرووشتیکری,المتجنس,surûshteekree
naturalized,welatîkirî,وه‌لاتیکری,المتجنس,welateekree
speaker,axftiniker,ئاخفتنکه‌ر,المتحدث,"gotarbêzh, axftunuker"
speaker,gotarbêj,گۆتاربێژ,المتحدث,"gotarbêzh, axftunuker"
speakers,sma'e,سماعە,المتحدثون,sma'e
translator,"mutercume , werigêr",موتەرجومە ، وەرگێر,المترجم,"muterjme , werugêr"
married (women),şî kirî,شی کری,المتزوجات (للنساء),shee kree
requirement,pêdawîstî,پێداویستی,المتطلبات,pêdaweestee
requirement,"pêşmerc, pêşşert",پێششه‌رت، پێداویستی,المتطلبات,"pêshmerj, pêshshert"
requirement,şert,شه‌رت,المتطلبات,shert
requirement,merc,مه‌رج,المتطلبات,merj
optimist,geşbîn,گەشبین,المتفائل,geshbeen
bystander,temaşeker,تەماشەکەر,المتفرج,peeta beest
receiver,bigir,بگر,المتلقي,bugur
accuser,tawanbarker,تاوانبارکه‌ر,المتهم,pushtvan
accuser,skalaker,سکالاکه‌ر,المتهم,pushtvan
accuser,sûcdarker,سووجدارکه‌ر,المتهم,pushtvan
patient,bêhinfirehî,بێھنفرەھی,المثابرة,bêḧunfureḧee
parable,"mezel , gotin , ẍûn",مەزەل ، گۆتن ، غوون,المثل,"mezel , gotun , ẍûn"
parable,"nimune , numune",نمونە ، نومونە,المثل,"numune , numune"
massacres,tevkujî,ته‌ڤکوژی,المجازر,tevkzhee
massacres,komkujî,کۆمکوژی,المجازر,komkzhee
adjacent,pêve,پێڤه‌,المجاور,pêve
adjacent,li rex hev,ل ڕه‌خ هه‌ڤ,المجاور,"lu rex ḧev, nêzukee ḧev"
adjacent,nêzikî hev,نێزکی هه‌ڤ,المجاور,"lu rex ḧev, nêzukee ḧev"
society,civak,جڤاك,المجتمع,jvak
society,kumel,کومەل,المجتمع,kmel
society,komelgeh,کۆمەلگەھ,المجتمع,komelgeḧ
Which group are you in?,tu li gel kîş qolî?,تو ل گەل کیش قۆلی؟,المجموعة التي أنت فيھا؟,tu lu gel keesh qolee?
Magi,moẍan,مۆغان,المجوس,moẍan
glorious,berkeftî,به‌رکه‌فتی,المجيد,berkeftee
glorious,rewneq,رەونەق,المجيد,berkeftee
accountancy,jimêriyarî,ژمێریاری,المحاسبة,zhumêruyaree
accounting,ji mêrîyarî,ژمێریاری,المحاسبة,zhu mêreeyaree
conserve,"parastin, hilgirtin",پاراستن، هلگرتن,المحافظة,"parastun, ḧulgurtun"
needy,xizan,خزان,المحتاجين,ḧezharee
needy,rebenî,ڕه‌به‌نی,المحتاجين,ḧezharee
swindler,fêlbaz,فێلباز,المحتال,fêlbaz
swindler,hîlebaz,هیله‌باز,المحتال,ḧeelebaz
swindler,rêgir,رێگر,المحتال,ḧeelebaz
professional,şareza,شارەزا,المحترفين,shareza
probably,ihtmal,ئهتمال,المحتمل,uḧtmal
probably,bi şîmanekî,ب شیمانەكى,المحتمل,bu sheemanekee
probably,belkî,به‌لکی,المحتمل,belkee
mover,livînker,لڤینکه‌ر,المحرك,luveenker
detective,pişkêner,پشکێنەر,المحقق,pushkêner
detective,pulîsê dwîf geryanê,پولیسێ دویف گەریانێ,المحقق,puleesê dweef geryanê
detective,muḧeqq,موحەقق,المحقق,muḧeqq
arbitrator,lêkveker,لێكڤەكەر,المحكم,tê de
convict,tawan diket,تاوان دکەت,المحكوم,tawan duket
mobile,geruk,گەروك,المحمول,geruk
portable,rakirin uguhêzbar,راكرن ئوگوھێزبار,المحمول,rakrun uguḧêzbar
ocean,eqiyanus,ئەقیانوس,المحيط,equyanus
ocean,"beḧir , derya",بەحر ، دەریا,المحيط,"beḧur , derya"
pacific,hêmin,ھێمن,المحيط الھادئ,ḧêmun
oceans,zerya,زەریا,المحيطات,zerya
intelligence,"jîrî, hiş, aqil",ژیری، هش، ئاقل,المخابرات,"zheeree, ḧush, aqul"
scammer,xapînok,خاپینۆک,المخادع,xapeenok
drugs,muxedir,موخەدر,المخدرات,muxedur
masterplan,plana gşitî û hemûgr ya karekî,پلانا گشتی و هه‌مووگر یا کارەکی,المخطط,plana gshutee û ḧemûgr ya karekee
redeemer,kesê xilasker,که‌سێ خلاسکه‌ر,المخلص,berpa duket
redeemer,kesê rizgarker,که‌سێ ڕزگارکه‌ر,المخلص,berpa duket
waste,pûçkirin,پووچکرن,المخلفات,dêrus
waste,dêris,دێرس,المخلفات,dêrus
waste,ze'êkirin,زه‌عێکرن,المخلفات,dêrus
waste,zehîkirin,زه‌هیکرن,المخلفات,dêrus
waste,mezaxtin,مەزاختن,المخلفات,mezaxtun
tides,hellkêşan û dakêşan,هەڵکێشان و داکێشان,المد والجزر,ḧellkêshan û dakêshan
apologist,berevan,به‌ره‌ڤان,المدافع,berevan
school,qutabixane,قوتابخانە,المدرسة,qutabuxane
high school,amadeyî,ئاماده‌یی,المدرسة الثانوية,amadeyee
high school,lîse,لیسه‌,المدرسة الثانوية,amadeyee
secondary school,amadeyî,ئاماده‌یی,المدرسة الثانوية,amadeyee
compact,gişt,گشت,المدمج,gişt
Medina,medîne,مه‌دینه‌,المدينة المنورة,medeene
comet,dûvstêr,دووڤستێر,المذنب,dûvstêr
comet,komet,کۆمه‌ت,المذنب,komet
references,jêderên,ژێدەرێن,المراجع,zhêderên
revision,lê zivirîn,لێ زڤرین,المراجعة,lê zuvureen
gall Bladder,merare,مەرارە,المرارة,merare
gallbladder,zirrav,زڕاڤ,المرارة,zurrav
first rank,serkeftiyê yekemê,سەرکەفتیێ یه‌که‌مێ,المرتبة الأولى,serkeftuyê yekemê
third rank,serkeftiyê sêyê,سەرکەفتیێ سێیێ,المرتبة الثالثة,serkeftuyê sêyê
second rank,serkeftiyê duwê,سەرکەفتیێ دووێ,المرتبة الثانية,serkeftuyê duwê
highland,zozan,زۆزان,المرتفعات,zozan
first stage,qunaẍa êkê,قوناغا ئێکێ,المرحلة الأولى,qunaẍa êkê
mounted,siwar,سوار,المركبة,suwar
headquarter,hewandin,هه‌واندن,المركز الرئيسى,ḧewandun
epicenter,cihê Pêşîn dest pê kir,جهێ پێشین ده‌ست پێ کر,المركز السطحي,jḧê Pêsheen dest pê kr
next time,carebihêt,جاره‌بهێت,المره القادمة,jarebuḧêt
pinwheel,çerxa bayî,چه‌رخا بایی,المروحة,cherxa bayee
pinwheel,firrfirrok,فڕفڕۆك,المروحة,furrfurrok
Mars,behram,به‌هرام,المريخ,"mereex , baram"
mars,merig,مەرگ,المريخ,merug
Mars,merîx,مەریخ,المريخ,"mereex , baram"
disciple,alîgir,ئالیگر,المريد,aleegur
disciple,şagrit,شاگرت,المريد,shagrut
disciple,şagird,شاگرد,المريد,shagurd
disciple,murîd,مورید,المريد,mureed
patient (sick),"nexoşî , nesaxî",نەخۆشی ، نەساخی,المريض,"nexoshee , nesaxee"
apron,berdang,به‌ردانگ,المريلة,dest
apron,berkoş,به‌رکۆش,المريلة,dest
apron,pêşmal,پێشمال,المريلة,dest
joking,tirane,ترانە,المزاح,"turane , yaree pêkrun"
joking,yarî pêkirin,یاری پێکرن,المزاح,"turane , yaree pêkrun"
responsible,berpirs,به‌رپرس,المسؤول,berpurs
responsible,berpirsyar,به‌رپرسیار,المسؤول,berpursyar
responsible,kefîl,كەفیل,المسؤول,kefeel
responsible,mesûl,مه‌سوول,المسؤول,mesûl
track,şop,شۆپ,المسار,shop
assistant,harî karî,ھارى كارى,المساعد,ḧaree karee
helper,harîkar,ھاریكار,المساعد,ḧareekar
contribute,beşdarî kirin,به‌شداری کرن,المساھمة,beshdaree krun
contribute,tevkarî kirin,ته‌ڤکاری کرن,المساھمة,tevkaree krun
leveler,"mîzanî , wzan",میزانی ، وازان,المساواتي,"meezanee , wzan"
payable,havilibar,ھاڤلبار,المستحقة,ḧavulubar
user,karîner,كارئینەر,المستخدم,kareener
advisor,şîret ker,شیرەت كەر,المستشار,sheeret ker
beneficiary,mifadar,مفادار,المستفيد,mufadar
consumers,bi kariber,ب کاربەر,المستهلكين,bu karuber
stage,depê şanuyê,دەپێ شانویێ,المسرح,depê shanuyê
stage,"qunaẍe , qûnaẍe",قوناغە ، قووناغە,المسرح,"qunaẍe , qûnaẍe"
endeavour,renc,ڕه‌نج,المسعى,renj
mascara,"frça mjîlanika, kil, matik",فرچا مژیلانکا، کل، ماتک,المسكرة,"frcha mzheelanuka, kl, matuk"
x-mas,çejina buna ḧîsay,چەژنا بونا عیسای,المسي,chezhuna buna ḧeesay
Christ Jesus,mesîḧ 'îsa,مەسیح عیسا,المسيح يسوع,meseeḧ 'eesa
Christian (orthodox Assyrian),fileḧ,فلەح,المسيحية (الآشورية الأرثوذكس),fuleḧ
Christian (evangelical),încîlî,ئینجیلی,المسيحية (الإنجيلية),"meseeḧee , eenjeelee"
Christian (evangelical),mesîḧî,مەسیحی,المسيحية (الإنجيلية),"meseeḧee , eenjeelee"
tear (paper),drîn,درین,المسيل للدموع (ورقة),dreen
sharer,hevpişk,هه‌ڤپشک,المشاركات الكبيره,ḧevpushk
emotion,his,هس,المشاعر,"ḧest, ḧus"
emotion,hest,هه‌ست,المشاعر,"ḧest, ḧus"
emotion,hestpêkirin,هه‌ستپێکرن,المشاعر,"ḧest, ḧus"
naughty,"lasar, çepel, har",لاسار، چەپەل، هار,المشاغب,"lasar, chepel, ḧar"
shared,harîkarikirin,ھاریكاركرن,المشترك,ḧareekarukrun
radiator,tîşkder,تیشكدەر,المشعاع,teeshkder
landscape,dîmenek siruşitî,دیمەنەك سروشتى,المشھد,deemenek surushutee
walking,brêfeçûn,برێفەچوون,المشي,brêfechûn
walk after,dîv ketin,دیڤ کەتن,المشي بعد,deev ketun
certify,pesandin,په‌ساندن,المصادقة,pesandun
certify,tesdîq kirin,ته‌سدیق کرن,المصادقة,tesdeeq krun
speculate,pêşbînî kirin,پێشبینی کرن,المضاربة,"bu rastee, raste"
speculation,fêdedîtinî,فێده‌دیتنی,المضاربة,gurê
speculation,texmîn,ته‌خمین,المضاربة,gurê
persecutor,tepeserker,ته‌په‌سه‌رکه‌ر,المضطهد,tepeserker
persecutor,zordar,زۆردار,المضطهد,zordar
hardware,amîre,ئامیره‌,المعدات,ameere
torturer,eşkencekar,ئه‌شکه‌نجه‌کار,المعذب,eshkenjekar
Knowledge is power,zanîn hêze,زانین هێزە,المعرفة قوة,zaneen ḧêze
noodle,"rijide, sade",ڕژده‌، ساده‌,المعكرونة,"ruzhude, sade"
noodles,ma'kerunî,ماعکەرونی,المعكرونة,ma'kerunee
teacher teaches students,mamosta qutabî fêr diket,مامۆستا قوتابی فێر دکەت,المعلم يعلم الطلاب,mamosta qutabee fêr duket
Baptist,tafîrker,تافیركەر,المعمدان,tafeerker
baptism,imad,ئماد,المعمودية,umad
baptism,tafîrkirin,تافیرکرن,المعمودية,tafeerkrun
living,zîndî,زیندی,المعيشة,zeendee
living,jîn,ژین,المعيشة,zheen
living,sax,ساخ,المعيشة,sax
appointee,damezirandê li karekê,دامەزراندێ ل کارەکێ,المعين,damezurandê lu karekê
depart,riwîşitin,رویشتن,المغادرة,ruweeshutun
expat,kuçber,کوچبه‌ر,المغتربين,kochber
expat,koçber,کۆچبه‌ر,المغتربين,kochber
Morocco,meẍrîb,مەغریب,المغرب,meẍreeb
drift,kaşbûn,کاشبوون,المغزى,kashbûn
envelope (small),zerif biçîk,زەرف بچیك,المغلف (صغير),zeruf bucheek
envelope (big),zerif mezin,زەرف مەزن,المغلف (كبيرة),zeruf mezun
paradox,paradoks,پارادۆکس,المفارقة,ḧer jar
concepts,çemkan,چەمکان,المفاهيم,chemkan
predator,"bela, rawir, cinawir",به‌لا، ڕاور، جناور,المفترس,"bela, rawur, jnawur"
destination,armanc,ئارمانج,المكان المقصود,armanj
magnifier,mezinker,مه‌زنکه‌ر,المكبر,mezunker
magnifying,mercek,مه‌رجه‌ک,المكبرة,merjek
Mexico,meksîk,مەکسیک,المكسيك,mekseek
outer garment,kurk,کورک,الملابس الخارجي,krk
outer clothing,kurk,کورک,الملابس الخارجية,krk
underwear,cilkêt daxilî,جلكێت داخلى,الملابس الداخلية,jlkêt daxulee
profile,wêneyê rexekî,وێنەیێ رەخەكى,الملف الشخصي,wêneyê rexekee
famous king,mîrekê navdar,میرەکێ ناڤدار,الملك الشھير,meerekê navdar
monarchy,destheladariya şahatî,دەستھەلاداریا شاھاتى,الملكية,destḧeladaruya shaḧatee
actor,zarveker,زارڤەکەر,الممثل,zarveker
actor,lîstikvan,لیستکڤان,الممثل,mumesul
actor,mumesil,مومەسل,الممثل,mumesul
Saudi Arabia,erebstanî s'udî,عەرەبستانی سعودی,المملكة العربية السعودية,erebstanee s'udee
United Kingdom,berîtaniya,بەریتانیا,المملكة المتحدة,bereetanuya
lampstand,çiradanik,چرادانك,المنارة,churadanuk
product,berhem,بەرھەم,المنتج,berḧem
producers,berhem hêner,بەرهەم هێنەر,المنتجين,berḧem ḧêner
sickle,das,داس,المنجل,"dumeeneet , man"
sickle,şaluk,شالوک,المنجل,"dumeeneet , man"
slope up,evraz,ئه‌ڤراز,المنحدر يصل,evraz
creator,afirmend,ئافرمه‌ند,المنشئ,jwaavê
creator,afrîner,ئافرینه‌ر,المنشئ,jwaavê
creator,peydaker,په‌یداکه‌ر,المنشئ,jwaavê
creator,çêker,چێکه‌ر,المنشئ,jwaavê
creator,damezirîner,دامه‌زرینه‌ر,المنشئ,jwaavê
creator,daner,دانه‌ر,المنشئ,jwaavê
zone,dever,دەڤەر,المنطقة,dever
zone,herêm,ھەرێم,المنطقة,ḧerêm
archaeological area,cihê şûnwarî,جھێ شوونواری,المنطقة الأثرية,jḧê shûnwaree
subdistrict,qeza,قه‌زا,المنطقة الفرعية,qeza
subdistrict,nahiye,ناهیه‌,المنطقة الفرعية,naḧuye
NGO,"minezeme , rêkxiraw",منەزەمە ، رێکخراو,المنظمات غير الحكومية,"munezeme , rêkxuraw"
benefit,berjewendî,به‌رژه‌وه‌ندی,المنفعة,mufa
benefit,sûd,سوود,المنفعة,mufa
benefit,feyda,فەیدا,المنفعة,feyda
benefit,qazanc,قازانج,المنفعة,qazanj
benefit,mifa,مفا,المنفعة,mufa
benefit (v),jê feyde kirin,ژێ فه‌یده‌ کرن,المنفعة,zhê feyde krun
syllabus,babetên xwandinê,بابەتێن خواندنێ,المنهج,babetên xwandunê
dormitory,pişika nafixu,پشکا نافخو,المهجع,pushuka nafuxu
dormitory,qisim daxlî,قسم داخلی,المهجع,qusum daxlee
immigrant,kuçer,كوچەر,المھاجر,kcher
immigrant,mişextî,مشەختی,المھاجر,mushextee
smuggler,qaçaxçî,قاچاخچی,المھرب,qecheẍchee
smuggler,qeçeẍçî,قەچەغچی,المھرب,qecheẍchee
materials,kereste,که‌ره‌ستە,المواد,kereste
substances,madidên,ماددێن,المواد,madudên
staples,kilîbis,كلیبس,المواد الغذائية,kleebus
narcotic substances,madidên hoşber,ماددێن هۆشبەر,المواد المخدرة,madudên ḧoshber
human resources,derametên mirovî,دەرامەتێن مرۆڤی,الموارد البشرية,derametên murovee
natural resources,derametên xurst,دەرامەتێن خورست,الموارد الطبيعية,derametên xurst
citizens,welatiyan,وەلاتیان,المواطنين,welatuyan
approve,pesendkirin,په‌سه‌ندکرن,الموافقة,pesendkrun
approve,cerbandin,جه‌رباندن,الموافقة,jerbandun
approve,razî dibit liser,رازى دبیت لسەر,الموافقة,razee dubut luser
talents,behreyên,بەهرەیێن,المواهب,beḧreyên
death,mirin,مرن,الموت,murun
starvation,brisatî,برساتى,الموت جوعا,brusatee
rudder,bêrik,بێرک,الموجه,bêruk
season,weriz,وەرز,الموسم,weruz
music Video,vidiyu kilîp,ڤدیو كلیپ,الموسيقى فيديو,vuduyu kleep
connector,girêder,گرێده‌ر,الموصل,gurêder
employee (contract),a'qid,عقد,الموظف (العقد),a'qud
International reaction,heliwêstê nêvdewletî,هەلوێستێ نێڤدەولەتی,الموقف الدولي,ḧeluwêstê nêvdewletee
charter,distur,دستور,الميثاق,dustur
mechanic,destkar,ده‌ستکار,الميكانيكي,destkar
mechanic,mekanîk,مه‌کانیک,الميكانيكي,mekaneek
mechanic,muselḧ,موسەلح,الميكانيكي,muselḧ
deputy,cêgir,جێگر,النائب,jêgur
deputy,wekîl,وەكیل,النائب,wekeel
prosecutor,mude'î 'am,مودەعی عام,النائب العام,mude'ee 'am
waiter,gerisun,گەرسون,النادل,gerusun
people,însan,ئینسان,الناس,eensan
people,xelik,خەلك,الناس,xeluk
people,mirov,مرۆڤ,الناس,murov
people,millet,مللەت,الناس,mullet
puppet folks,kukla pûkê,کوکلا پووکێ,الناس الدمى,leyztuk
puppet folks,gelên kukla,گه‌لێن کوکلا,الناس الدمى,leyztuk
publisher,belafker,بەلافكەر,الناشر,belafker
Nazareth,nasir,ناسر,الناصرة,nasur
Nazarene,nasirî,ناسری,الناصري,nasuree
carrier,barkêş,بارکێش,الناقل,lu zhoree
carrier,kolbar,کۆلبار,الناقل,lu zhoree
carrier,hemal,هه‌مال,الناقل,lu zhoree
nylon,naylun,نایلون,النايلون,naylun
natural plants,ruwekî siruşitî,رووەکی سروشتی,النباتات الطبيعية,ruwekee surushutee
noble,maqîl,ماقیل,النبيل,maqeel
noble,hêja,هێژا,النبيل,ḧêzha
nobleman,maqwîl,ماقویل,النبيل,maqweel
carpenter,darîtaş,داریتاش,النجار,"nejar , dareetash"
carpenter,necar,نەجار,النجار,"nejar , dareetash"
brass,sfir,سفر,النحاس,sfur
copper smith,sfir çîker,سفر چیكەر,النحاس سميث,sfur cheeker
Norway,ner wîc,نەرویج,النرويج,ner weej
get off,hatina xwarê,هاتنا خوارێ,النزول,ḧatuna xwarê
foot calluses,bizimarên pêyan,بزمارێن پێیان,النسيج القدم,buzumarên pêyan
anthem (for Kurd),eyi reqîb,ئەی رەقیب,النشيد (للكرد),eyu reqeeb
Kurdish anthem,eyi reqîb,ئەی رەقیب,النشيد (للكرد),eyu reqeeb
script,sînarîyu,سینارییو,النصي,seenareeyu
pronunciation,telefz,تەلەفز,النطق,"telefz , leḧce , lefz krun"
pronunciation,"lehce , lefiz kirin",لەھجە ، لەفز کرن,النطق,"telefz , leḧce , lefz krun"
optician,pişkinerê çavî,پشكنەرێ چاڤى,النظاراتي,pushknerê chavee
regime,rejîm,ڕه‌ژیم,النظام الحاكم,rezheem
regime,hikûmet,هکوومه‌ت,النظام الحاكم,ḧukûmet
Solar System,sîstemê rojê,سیستەمێ رۆژێ,النظام الشمسي,seestemê rozhê
immune system of the body,berhingariya leşê,به‌رهنگاریا له‌شێ,النظام المناعي للجسم,berḧungaruya leshê
peer,zil dibînt,زل دبینت,النظير,zul dubeent
slipper,sol,سۆل,النعال,sol
slipper,şim,شم,النعال,shum
bier,darbest,داربه‌ست,النعش,kemer
blessedness,bextewerî,بەختەوەری,النعيم,bexteweree
Austria,namsa,نامسا,النمسا,namsa
prototype,çawg,چاوگ,النموذج المبدئي,chawg
end,talî,تالی,النھاية,talee
end,xilasî,خلاسی,النھاية,xulasee
end,dawî,داوی,النھاية,dawee
end,dûmahî,دووماهی,النھاية,dûmaḧee
core,kakilk,کاکلك,النواة,kaklk
vicarious,berdêlî,به‌ردێلی,النيابة,berdêlee
vicarious,"cîgir, cêgir",جیگر، جێگر,النيابة,"jeegur, jêgur"
nickel,nîkil,نیكل,النيكل,neekl
cell phone,mobayl,مۆبایل,الهاتف الخلوي,mobayl
target goal,armanc,ئارمانج,الهدف المنشود,armanj
Herpes,nisaxiya çermî,نساخیا چه‌رمی,الهربس,nusaxuya chermee
Herpes,harpis,هارپس,الهربس,ḧarpus
digestion,dehandin,ده‌هاندن,الهضم,deḧandun
digestion,hers,هه‌رس,الهضم,deḧandun
heroin,eroîn,ئه‌رۆئین,الهيروين,eroeen
amateur,destpêkî,دەستپێكى,الھاوي,destpêkee
migrate,bûn koçber,بوون کۆچبه‌ر,الھجرة,bûn kochber
migrate,koçber bûn,کۆچبه‌ر بوون,الھجرة,kochber bûn
migrate,mişext bûn,مشه‌خت بوون,الھجرة,mushext bûn
target,arimanç,ئارمانچ,الھدف,arumanch
India,hînd,ھیند,الھند,ḧeend
engineering,endazîyarî,ئەندازییاری,الھندسة,endazeeyaree
homework,erkê malê,ئەرکێ مالێ,الواجب المنزلي,erkê malê
homework,wacip,واجپ,الواجب المنزلي,wajp
valley,dol,دۆل,الوادي,dol
valley,gelî,گەلى,الوادي,gelee
valley,"nihal, wadî, newal",نهال، وادی، نه‌وال,الوادي,"nuḧal, wadee, newal"
gentiles,milletên pûperês,مللەتێن پووپه‌رێس,الوثني,mulletên pûperês
pagan,pûtperês,پووتپه‌رێس,الوثني,pûtperês
pagan,"kafir, netewe",کافر، نەتەوە,الوثني,"kafur, netewe"
pagans,milletên pûperês,مللەتێن پووپه‌رێس,الوثني,mulletên pûperês
"face , edge , vertex","rû , la , ser",روو ، لا ، سەر,"الوجھ, حافة, قمة الرأس","rû , la , ser"
parcel deposit,dest pakî,دەست پاکی,الودائع لا يتجزأ,dest pakee
deposit,"dabînikirin , îda'",دابینكرن ، ئیداع,الوديعة,"dabeenukrun , eeda'"
deposit (bank),dana parey,دانا پارەی,الوديعة,dana parey
rose,gul,گول,الورد,gul
pink Eye,çava min ya sur buwî,چاڤا من یا سور بووی,الوردي العين,chava mun ya sur buwee
weight,bikêşe,بکێشە,الوزن,"kêshan , bukêshe"
weight,sengê,سەنگێ,الوزن,"wezun , sengê"
weight,kêşan,کێشان,الوزن,"kêshan , bukêshe"
weight,wezin,وەزن,الوزن,"wezun , sengê"
means,navend,ناڤەند,الوسائل,navend
median,"navî, navincî, nîvanî",ناڤی، ناڤنجی، نیڤانی,الوسيط,"navee, navunjee, neevanee"
arrival,gihiştin,گهشتن,الوصول,guḧushtun
reach,digehît,دگەھیت,الوصول,dugeḧeet
political situation,egerên siyasî,ئە‌گە‌رێن سیاسی,الوضع السياسي,egerên suyasee
motherland,niştiman,نشتمان,الوطن,nushtuman
motherland,welatê dayik,وەلاتێ دایك,الوطن,welatê dayuk
patriot,nişitmanperwer,نشتمانپه‌روه‌ر,الوطني,"neeshutmanee , nshutmanperwer"
patriot,nîşitmanî,نیشتمانی,الوطني,"neeshutmanee , nshutmanperwer"
patriot,welat periwer,وەلات پەروەر,الوطني,"welat peruwer , welatparêz"
patriot,welatparêz,وەلاتپارێز,الوطني,"welat peruwer , welatparêz"
scoundrel,mirovê bêxêr,مرۆڤێ بێخێر,الوغد,"jwane, jan, taze"
villain,esabe,عەسابە,الوغد,esabe
simultaneously,bi hevdemî,ب هه‌ڤده‌می,الوقت ذاته,bu ḧevdemee
birth,ji dayk bûn,ژدایك بوون,الولادة,zhu dayk bûn
birthday,ruja dayk bunê,روژا دایک بونێ,الولادة,ruzha dayk bunê
United States,wîlayete yekgrtwekanî emirîka,ویلایەتە یەکگرتوەکانی ئەمریکا,الولايات المتحدة,weelayete yekgrtwekanee emureeka
delusion,ewham,ئه‌وهام,الوهم,zaeeeenee
delusion,diserdaçûn,دسه‌رداچوون,الوهم,zaeeeenee
delusion,waswas,واسواس,الوهم,zaeeeenee
extremely,bi tundî,ب توندی,الى ابعد حد,bu tundee
extremely,bi dijwarî,ب دژواری,الى ابعد حد,bu duzhwaree
for now,gavê,گاڤێ,الى الان,gavê
backward,paş ve,پاش ڤه‌,الى الوراء,pash ve
backwards,"paşve, paşde, berevajkî",پاشڤه‌، پاشده‌، به‌ره‌ڤاژکی,الى الوراء,"pashve, pashde, berevazhkee"
where,"ka , kanê",کا ، کانێ,الى اين,"ka , kanê"
where,"li kîve , li kîrê",ل كیڤە ، ل كیرێ,الى اين,"lu keeve , lu keerê"
Japan,yaban,یابان,اليابان,yaban
Japanese,yabanî,یابانی,اليابانية,yabanee
jasmine,yasemîn,یاسەمین,الياسمين,yasemeen
lottery,pişk kîşan,پشك كیشان,اليانصيب,pushk keeshan
orphan (no Father),êtîm,ئێتیم,اليتيم (ث / س الأب),êteem
orphan (no Mother),sêwî,سێوی,اليتيم (ث / س الأب),sêwee
left,çep,چەپ,اليسار,chep
dragonfly,diteyaruşk,دتەیاروشك,اليعسوب,duteyarushk
vigilant,hişyar,هشیار,اليقظة,bêdaree
Yemen,yemen,یەمەن,اليمن,yemen
hot springs,gerimav,گەرماڤ,الينابيع الساخنة,gerumav
Jew,cuhî,جوھى,اليھودي,jḧee
Euro,yuru,یورو,اليورو,yuru
mandarin,laleng,لالەنگ,اليوسفي,laleng
yoga,felisefeka ayînî ye ya hindîye,فەلسەفەكا ئایینى یە یا ھندییە,اليوغا,felusefeka ayeenee ye ya ḧundeeye
today,eviro,ئەڤرۆ,اليوم,evuro
today,îro,ئیرۆ,اليوم,eero
first day,ruja êkê,روژا ئێکێ,اليوم الأول,ruzha êkê
next day,roja paşitir,رۆژا پاشتر,اليوم التالي,rozha pashutur
today the weather is hot,evro dinya germe,ئەڤرۆ دنیا گەرمە,اليوم يكون الطقس حارا,evro dunya germe
Greece,yunan,ئیونان,اليونان,yunan
today many crowed,evro gelek qerebalẍe,ئەڤرۆ گەلەک قەرەبالغە,الیوم فوضی كثيرا,evro gelek qerebalẍe
ahead,pêşve,پێشڤه,امام,"pêshve, lu pêsh"
ahead,li pêş,ل پێش,امام,"pêshve, lu pêsh"
stretch,xo vekêşan,خۆ ڤەکێشان,امتداد,xo vekêshan
stretch,dirêj kirin,درێژ کرن,امتداد,durêzh krun
gratitude,spasdarî,سپاسداری,امتنان,spasdaree
refrain,ragirtin,ڕاگرتن,امتنع,dabureen
refrain,rawestîn,ڕاوه‌ستین,امتنع,dabureen
privilege,berjwendî,بەرژوەندی,امتياز,berzhwendee
privilege,serbarî diket,سەربارى دكەت,امتياز,serbaree duket
privilege,maf,ماف,امتياز,maf
woman,afret,ئافره‌ت,امرأة,afret
woman,"jin , jinkek",ژن ، ژنکەک,امرأة,"zhun , zhunkek"
woman,inik,ژنك,امرأة,unuk
old woman,pîre jin,پیرە ژن,امرأة تبلغ من العمر,peere zhun
pick up,rakirin,راكرن,امسك,rakrun
pickup,barikêş,باركێش,امسك,barukêsh
move in,vekirin,ڤەکرن,امضي,vekrun
I am sorry,"li min bibore, el 'efu",ل من ببۆره‌، ئەل عەفو,انا اسف,"lu mun bubore, el 'efu"
I'm sorry,el 'efu,ئەل عەفو,انا اسف,el 'efu
I'm sorry,li min bibore,ل من ببۆره‌,انا اسف,lu mun bubore
I am kidding,ez suḧbetê dikem,ئەز سوحبەتێ دکەم,انا امزح,ez suḧbetê dukem
I am doing nothing,ez betalim,ئە‌ز بە‌تالم,انا لا افعل شيء,ez betalum
I can't,ez nikarim,ئه‌ز نکارم,انا لااستطيع,ez nukarum
I can't,ez neşêm,ئه‌ز نه‌شێم,انا لااستطيع,ez neshêm
imperfect,xewş,خەوش,انا ممتاز,xewsh
I forgot,min jbîr kr,من ژبیر کر,انا نسيت,mun zhbeer kr
emission,"derperîn , vemstin , weşînek",ده‌رپه‌رین ، ڤه‌مستن ، وه‌شینه‌ک,انبعاث,"derpereen , vemstun , wesheenek"
attention,agadarî,ئاگاداری,انتباه,agadaree
attention,agehdarî,ئاگه‌هداری,انتباه,ageḧdaree
attention,hay,های,انتباه,ageḧdaree
give attention,pûte pê dan,پووته‌ پێ دان,انتبه,bu rumet krun
give attention,piwîte pê dan,پویته‌ پێ دان,انتبه,bu rumet krun
pay attention,pêgîriyê kirin,پێگیریێ کرن,انتبه,pêgeeruyê krun
election,intîxabat,ئنتیخابات,انتخابات,unteexabat
election,dengdan,ده‌نگدان,انتخابات,dengdan
election,helbijartin,هه‌لبژارتن,انتخابات,ḧelbuzhartun
grab,digirît,دگریت,انتزاع,dugureet
grab,standin,ستاندن,انتزاع,standun
snatch,jêvekirin,ژێڤەكرن,انتزع,zhêvekrun
snatch,standin,ستاندن,انتزع,standun
snatched,ragir,ڕاگر,انتزع,ragur
spread,bijalle kirin,بژاڵە کرن,انتشار,buzhalle krun
spread,belav kirin,به‌لاڤ کرن,انتشار,belav krun
spread,raêxistin,ڕائێخستن,انتشار,buzhalle krun
spread,vekirin,ڤه‌کرن,انتشار,vekrun
waiting,xudigirît,خودگریت ، هیڤی,انتظار,xudugureet
regularity,rêkupêkî,ڕێکوپێکی,انتظام,derenjamdan
bide,li benda demê bimînin,ل به‌ندا ده‌مێ بمینن,انتظر,lu benda demê bumeenun
hold on,Bisekine,بسه‌کنه,انتظر,Busekne
hold on,çaverê bûn,چاڤه‌رێ بوون,انتظر,chaverê bûn
wait,payîn,پایین,انتظر,payeen
wait,çaverê bûn,چاڤه‌رێ بوون,انتظر,chaverê bûn
wait,sekinîn,سه‌کنین,انتظر,sekneen
wait,li bendê man,ل به‌ندێ مان,انتظر,lu bendê man
wait!,çaverê be!,چاڤەرێ بە!,انتظر,chaverê be!
wait!,xo bigire!,خۆ بگرە!,انتظر,xo bugure!
wait just a minute,deqîqekê,دەقیقەکێ,انتظر دقيقة واحدة فقط,deqeeqekê
wait for me for a while,pîçekê xo li min bigire,پیچەکێ خۆ ل من بگرە,انتظر لي لفترة من الوقت,peechekê xo lu mun bugure
wait here,xo li vêrê bigire,خۆ ل ڤێرێ بگرە,انتظر ھنا,xo lu vêrê bugure
recovery,silametî,سلامەتى,انتعاش,sulametee
be exiled,nefî kirin,نەفی کرن,انتفى,nefee krun
transmission,raguhastin,ڕاگوهاستن,انتقال,raguḧastun
transmission,veguhastin,ڤه‌گوهاستن,انتقال,veguḧastun
revenge,"tulvekirin, tol hildan",تولڤەكرن، تۆل هلدان,انتقام,"tulvekrun, tol ḧuldan"
revenge,xîndarî,خینداری,انتقام,xeendaree
revenge (n),"tol, heyf",تۆل، هه‌یف,انتقام,"tol, ḧeyf"
vengeance,tolvekirin,تۆلڤه‌کرن,انتقام,"tol, tolḧuldan, ḧeyf"
vengeance,heyf,هه‌یف,انتقام,"tol, tolḧuldan, ḧeyf"
violation,binpêkirin,بنپێکرن,انتهاك,grtuyan
out of date,kevne,که‌ڤنه‌,انتهت صلاحيته,kevne
bend over,xo çemandin,خۆ چەماندن,انثنى,xo chemandun
bend over,daqûl kirin,داقوول کرن,انثنى,daqûl krun
downhill,berjêr,به‌رژێر,انحدار,berzhêr
downhill,jûrdanî,ژووردانی,انحدار,zhûrdanee
steep,rik,ڕک,انحدار,ruk
deviate,fetilîn,فه‌تلین,انحرف,fetuleen
swerve,xwe vedan,خوه‌ ڤه‌دان,انحرف,xwe vedan
swerve,ji rê derketin,ژ ڕێ ده‌رکه‌تن,انحرف,zhu rê derketun
swerve,varê bûn,ڤارێ بوون,انحرف,xwe vedan
swerve,ladan,لادان,انحرف,ladan
bend,"çemîn, çemandin",چه‌مین، چه‌ماندن,انحناء,"chemeen, chemandun"
bend,qeyd,قه‌ید,انحناء,"chemeen, chemandun"
bow,tewandin,ته‌واندن,انحناءة,"chemandun, tewandun"
bow,çemandin,چه‌ماندن,انحناءة,"chemandun, tewandun"
bow,di çemiyêt,دچەمیێت,انحناءة,du chemuyêt
crouch,dahiştin,داهشتن,انحنى,daḧushtun
crouch,venwîsan,ڤه‌نویسان,انحنى,venweesan
bias,alîgirî,ئالیگری,انحياز، نزعة,aleeguree
bias,pêşdarazî,پێشدارازی,انحياز، نزعة,pêshdarazee
bias,pêşhikum,پێشهکوم,انحياز، نزعة,pêshḧukm
Honeycomb,dûbeya şanê,دووبه‌یا شانێ,انخرب,shane
Honeycomb,şane,شانە,انخرب,shane
decline,berketin,به‌رکه‌تن,انخفاض,berketun
decline,paşvegerrî,پاشڤه‌گه‌ڕی,انخفاض,pashvegerree
decline,nişîv,نشیڤ,انخفاض,berketun
Hypothermia,germiya leşî ya jêr asayî,گه‌رمیا له‌شی یا ژێر ئاسایی,انخفاض حرارة الجسم,germuya leshee ya zhêr asayee
Hypothermia,Hîpotermî,هیپۆته‌رمی,انخفاض حرارة الجسم,ḧeepotermee
rush,hewar,ھەوار,اندفاع,ḧewar
outbreak,teqîn,تەقین,اندلاع,teqeen
outbreak,"tûşbûn, tûşîbûn",تووشبوون، تووشیبوون,اندلاع,"tûshbûn, tûsheebûn"
outbreak,derketin,ده‌رکه‌تن,اندلاع,derketun
be alarmed,"vecinqin, vecinqîn",ڤه‌جنقن، ڤه‌جنقین,انزعاج,"vejnqun, vejnqeen"
slip,teḧsandin,ته‌حساندن,انزلاق,"ytzḧulq , xshandun , teḧsandun"
slip,ḧulîsiyan,حولیسیان,انزلاق,"ytzḧulq , xshandun , teḧsandun"
slip,"kêmasî, xeletî",کێماسی، خه‌له‌تی,انزلاق,"kêmasee, xeletee"
slip,hilisîn,هلسین,انزلاق,ḧuluseen
gentleman,birêz,برێز,انسان محترم,"jamêr, ḧêzha, brêz, rêzdar"
gentleman,camêr,جامێر,انسان محترم,"jamêr, ḧêzha, brêz, rêzdar"
gentleman,rêzdar,ڕێزدار,انسان محترم,"jamêr, ḧêzha, brêz, rêzdar"
gentleman,hêja,هێژا,انسان محترم,"jamêr, ḧêzha, brêz, rêzdar"
harmony,lihevî,لهه‌ڤی,انسجام,luḧevee
harmony,harmonî,هارمۆنی,انسجام,ḧarmonee
harmony,hevhizir,هه‌ڤهزر,انسجام,aḧeng
withdrawal,vekêşan,ڤەکێشان,انسحاب,vekêshan
opt out,vekêşîn,ڤه‌کێشین,انسحب,vekêsheen
split,derizîn,ده‌رزین,انشق، مزق,deruzeen
split,jêkvebûn,ژێکڤه‌بوون,انشق، مزق,zhêkvebûn
join,beşdarî bûn,به‌شداری بوون,انضم,beshdaree bûn
join,pêkve girêdan,پێکڤه‌ گرێدان,انضم,beshdaree bûn
join,digehtê,دگەھتێ,انضم,dugeḧtê
go straight,rrast herre,ڕاست ھەڕە,انطلق الأمام,rrast ḧerre
introvert,pixût,پخووت,انطوائي,puxût
look!,binêre,بنێرە,انظر,bunêre
look!,berê xo bidê!,بەرێ خۆ بدێ!,انظر,berê xo budê!
look at,berê xwe dan,به‌رێ خوه‌ دان,انظر الى,berê xwe dan
look at,seḧ kirin,سەح کرن,انظر الى,seḧ krun
looking at,seḧdiketê,سەحدكەتێ,انظر الى,seḧduketê
turn left,destê çepê,دەستێ چەپێ,انعطف لليسار,destê chepê
turn right,destê rastê,دەستێ راستێ,انعطف يمينا,destê rastê
formation,"pêkînan, pêkanîn",پێکینان، پێکانین,انعقاد,"pêkeenan, pêkaneen"
reflection,"daneve, reng vedan",دانەڤە، رەنگ ڤەدان,انعكاس,"daneve, reng vedan"
reflection,"serinc , vebeyîn , hizirkirin",سه‌رنج ، ڤه‌به‌یین ، هزرکرن,انعكاس,"serunce , vebeyeen , ḧuzurkrun"
bang,gurmên,گورمێن,انفجار,gurmên
blast,teqîn,ته‌قین,انفجار,teqeen
burst,"peqîn, teqîn",په‌قین، ته‌قین,انفجار,"peqeen, teqeen"
explosion,peqîn,پەقین,انفجار,peqeen
explosion,teqîn,تەقین,انفجار,teqeen
volcanic eruption,agir jê hat der,ئاگر ژێ هات دەر,انفجار بركاني,agur zhê ḧat der
detachment,derxistin,ده‌رخستن,انفصال,derxustun
detachment,rakirin,ڕاکرن,انفصال,rakrun
divagate,varê bûn,ڤارێ بوون,انفصل,varê bûn
cold flu,perisîv,پەرسیڤ,انفلونزا الباردة,peruseev
pass away,çûn rehimetê,چوون ڕه‌همه‌تێ,انقضى,chûn reḧumetê
pass away,rehmet kirin,ڕه‌همه‌ت کرن,انقضى,reḧmet krun
pass away,jiyana xwe ji dest dan,ژیانا خوه‌ ژ ده‌ست دان,انقضى,zhuyana xwe zhu dest dan
pass away,jiyana xwe winda kirin,ژیانا خوه‌ وندا کرن,انقضى,zhuyana xwe wunda krun
pass away,giyanê xwe jidest dan,گيانێ خوه‌ ژده‌ست دان,انقضى,guyanê xwe zhudest dan
pass away,mallavayî kirîye,ماڵئاڤایی کرییە,انقضى,mallavayee kreeye
passed away,emirê xudê kir,ئەمرێ خودێ کر,انقضى,emurê xudê kr
disconnected,vekirî,ڤه‌کری,انقطع الاتصال,vekree
inversion,vinajîbû,ڤناژیبوو,انقلاب,vunazheebû
she was engaged to sultan,ew dezgra sltan bû,ئەو دەزگرا سلتان بوو,انها كانت مخطوبة لسلطان,ew dezgra sltan bû
stand up!,rabe ji pê ve,رابە ژ پێ ڤە,انهض!,rabe zhu pê ve
collapsing,herrfîn,هه‌ڕفین,انهيار,ḧerrfeen
nervous breakdown,temametiya 'îczbînê,ته‌مامه‌تیا عیجزبینێ,انهيار عصبي,temametuya 'eejzbeenê
mudslide,çiya herfî,چیا هەرفی,انهيار وحلي,chuya ḧerfee
vibration,lerz,له‌رز,اهتزاز,lerz
vibration,lerizîn,له‌رزین,اهتزاز,leruzeen
interest,"faîz, selef",فائیز، سه‌له‌ف,اھتمام,"faeez, selef"
interest,fayde,فایدە,اھتمام,fayde
interest,"mereq, hewes, arezû",مه‌ره‌ق، هه‌وه‌س، ئاره‌زوو,اھتمام,"mereq, ḧewes, arezû"
interest (additional payment),riba,ڕبا,اھتمام,"ruba, reeba"
interest (additional payment),rîba,ڕیبا,اھتمام,"ruba, reeba"
interests,berjewndîyên,بەرژەوندیێن,اھتمام,berzhewndeeyên
run away,dirrevît,دڕەڤیت,اھرب,durreveet
leaves,belgan,به‌لگان,اوراق اشجار,belgan
first time,cara ewlî,جارا ئەولی,اول مرة,jara ewlee
whatever,çi be,چ به‌,ايا كان,chu be
deliver,radestî,رادەستی,ايصال,radestee
kurdish letter 03 (“b” sound),b,ب,ب,b
misery,xembarî,خەمبارى,بؤس,xembaree
misery,rezîlî,ره‌زیلی,بؤس,rezeelee
misery,riswabûn,ڕسوابوون,بؤس,rezeelee
tight,teng,ته‌نگ,بإحكام,teng
tightly,qewî,قەوى,بإحكام,qewee
miserable,xembar,خەمبار,بائس,xembar
miserable,"riswa, rezîl",ڕسوا، ڕه‌زیل,بائس,"ruswa, rezeel"
florist,gul firoş,گول فرۆش,بائع الزھور,gul furosh
prostitute,kirûng,کروونگ,بائعة هوى,krûng
prostitute,leşfiroş,له‌شفرۆش,بائعة هوى,leshfurosh
chapter,babet,بابه‌ت,باب,babet
chapter,beş,به‌ش,باب,besh
chapter,pişik,پشك,باب,pushuk
door,derî,ده‌ری,باب,deree
door,derigeh,دەرگەھ,باب,derugeḧ
seeker,daxwazker,داخوازکه‌ر,باحث,daxwazker
nutshell,tîvlê gwîzê,تیڤلێ گویزێ,باختصار,teevlê gweezê
short,kurt,كورت,باختصار,krt
short (in height),qunde,قوندە,باختصار (في الطول),qunde
prefix,pêşgir,پێشگر,بادئة,pêshgur
eggplant,bacan reş,باجان رەش,باذنجان,bajan resh
cool,tezî,تەزی,بارد,"sar, tezee"
cool,sar,سار,بارد,"sar, tezee"
shallow,tenik,ته‌نک,بارز,tenuk
shallow,qam,قام,بارز,qam
skillful,zîrek,زیره‌ک,بارع,zeerek
skillful,jêhatî,ژێهاتی,بارع,zhêḧatee
bless,bereket,بەرەكەت,بارك,bereket
bless,bereketdarkirin,بەرەكەتداركرن,بارك,bereketdarkrun
bless,pîroz diket,پیرۆز دکەت,بارك,peeroz duket
bless,sitirandin,ستراندن,بارك,bereketdarkrun
bless,kirin pîroz,کرن پیرۆز,بارك,krun peeroz
God bless you,xudê te bereketdar diket,خودێ تە بەرەكەتدار دكەت,بارك اللھ فيك,xudê te bereketdar duket
God bless you,yiriḧmik alle,یرحمك اللە‌,بارك اللھ فيك,yuruḧmuk alle
peas,"kelîk , fasolî yêt ter",كەلیك ، فاسۆلی یێت تەر,بازلاء,"keleek , fasolee yêt ter"
pea,lubiya,لوبیا,بازيلا,lubuya
exclusive,bêparker,بێپارکه‌ر,باستثناء,bêparker
exclusive,derker,ده‌رکه‌ر,باستثناء,derker
constantly,her car,هەر جار,باستمرار,ḧer jar
constantly,hergav,هەرگاڤ,باستمرار,ḧergav
behalf,"li ciyê .., li şûna",ل جیێ ..، ل شوونا,باسمى او لاجلى,"lu jyê .., lu shûna"
school bus,paseka qutabixanê,پاسەکا قوتابخانێ,باص المدرسة,paseka qutabuxanê
invalid,neşer'î,نەشەرعى,باطل,nesher'ee
bunch,îşî,دەستك,باقة,eeshee
bunch (of grapes),îşî,ئیشى,باقة,eeshee
bunch (of large flowers),guriz,گورز,باقة,guruz
Pakistan,pakstan,پاکستان,باكستان,pakstan
unanimous,yekdengî,یه‌کده‌نگی,بالإجماع,deejeetal
unanimously,bi tifaqek temam,ب تفاقه‌ک ته‌مام,بالإجماع,deejeetal
unanimously,bi yekdengî,ب یه‌کده‌نگی,بالإجماع,deejeetal
besides,heriwesa,ھەروەسا,بالإضافة إلى,ḧeruwesa
further,piçekê wêvetir,پچەکێ وێڤەتر,بالإضافة إلى ذلك,puchekê wêvetur
further,pêvetir,پێڤه‌تر,بالإضافة إلى ذلك,pêvetur
further,wêvetir,وێڤەتر,بالإضافة إلى ذلك,puchekê wêvetur
vicariously,bi qurbanî,ب قوربانی,بالإنابة,bu qurbanee
certainty,"esehî, msogerî, tekîd",ئه‌سه‌هی، مسۆگه‌ری، ته‌کید,بالتأكيد,"eseḧee, msogeree, tekeed"
sure,"ekîd, pişitrast",ئه‌کید، پشتراست,بالتأكيد,"ekeed, pushutrast"
sure,ewle,ئه‌وله‌,بالتأكيد,"ekeed, pushutrast"
sure,pişit rast dibit,پشت راست دبیت,بالتأكيد,pushut rast dubut
sure,"misoger, bêguman",مسۆگه‌ر، بێگومان,بالتأكيد,"musoger, bêguman"
surely,ekîd,ئه‌کید,بالتاكيد,ekeed
surely,bêguman,بێگومان,بالتاكيد,bêguman
consenting,"qayîl, razî",قاییل، ڕازی,بالتراضي,"qayeel, razee"
in detail,bi hûratî,ب هووراتی,بالتفصيل,bu ḧûratee
chattering,qiriçeqiriç,قرچەقرچ,بالثرثرة,quruchequruch
wholesale,cimilefiroşî,جمله‌فرۆشی,بالجملة,jmulefuroshee
wholesale,firotina seryek,فرۆتنا سه‌ریه‌ک,بالجملة,furotuna seryek
wholesale,komfiroş,کۆمفرۆش,بالجملة,komfurosh
exactly,tam,تام,بالضبط,ereq
necessarily,bi pêvan,ب پێڤان,بالضرورة,bu pêvan
of course,ekîd,ئەکید,بالطبع,ekeed
of course,çi pênevêt,چ پێنە‌ڤێت,بالطبع,chu pênevêt
of course,helbet,هەلبەت,بالطبع,ḧelbet
adult,baliq,بالق,بالغ,baluq
adult,mirovê mezin,مرۆڤێ مه‌زن,بالغ,murovê mezun
inborn,siruştî,سروشتی,بالفطرة,surushtee
by force,bi zorî,ب زۆری,بالقوة,bu zoree
with respect to,sebaret,سه‌باره‌ت,بالنسبة إلى,sebaret
sink,"meẍsel, qestel",مەغسەل، قەستەل,بالوعة,"meẍsel, qestel"
okra,bamî,بامی,بامية,bamee
panorama,panurama,پانوراما,بانوراما,panurama
panorama,dîmen,دیمه‌ن,بانوراما,deemen
pale,spî,سپی,باهت,bes
dimly,tarî,تاری,باهتة,"reḧend, aluyê"
dimly,şêlî,شێلی,باهتة,seree'
pale,pêtî,پێتی,باھت,pêtee
pale,zeratî,زەراتى,باھت,zeratee
slowly,"hêdî hêdî , reḧet",ھێدی ھێدی ، رەحەت,ببطء,"ḧêdee ḧêdee , reḧet"
parrot,bebeẍra,بەبەغرا,ببغاء,bebeẍra
amputation,pêkîn,پێکین,بتر,pêkeen
propagate,diguhêzit,دگوھێزت,بث,duguḧêzt
vitalize,vejandin,ڤه‌ژاندن,بث الحيوية,vezhandun
energize,çalak kirin,چالاک کرن,بث الطاقة,chalak krun
pimple,pizik,پزک,بثرة,puzuk
pimple,xişrûk,خشرووک,بثرة,xushrûk
Bathsheba,beşşebe',بەششەبەع,بثشبع,beshshebe'
next to,"bi rex ~ ve , li rexê",ب رەخ ~ ڤە ، ل رەخێ,بجانب,"bu rex ~ ve , lu rexê"
next to,tenşit,ته‌نشت,بجانب,tenshut
earnestly,ji dil,ژ دل,بجد,zhu dul
earnestly,leza,لەزا,بجد,leza
deservedly,mafdar bûn,مافدار بوون,بجدارة,"rast , durust"
swan,qaz,قاز,بجعة,qaz
sailor,deryavan,ده‌ریاڤان,بحار,"ḧafurree , afurr"
examine,azmûn kirin,ئازموون کرن,بحث,"pushknee , lênêree"
examine,îmtîhankirin,ئیمتیهانکرن,بحث,"pushknee , lênêree"
examine,test kirin,ته‌ست کرن,بحث,"pushknee , lênêree"
examine,ceribandin,جه‌رباندن,بحث,"pushknee , lênêree"
examine,saqî kirin,ساقی کرن,بحث,"pushknee , lênêree"
explore,"vekolîn, serhilbûn",ڤه‌کۆلین، سه‌رهلبوون,بحث,"vekoleen, serḧulbûn"
explore,"gercust, lê kolîn",گه‌رجوست، لێ کۆلین,بحث,"gerjst, lê koleen"
research,lê vekolîn,لێ ڤه‌کۆلین,بحث,lê geryan
research,lê geryan,لێ گەریان,بحث,lê geryan
search,pişkinîn,پشکنین,بحث,lê geryan
search,dûvçûn,دووڤچوون,بحث,dûvchûn
search,fekulîn,فەكولین,بحث,fekleen
search,lê gerîn,لێ گه‌رین,بحث,fekleen
seek,qest kirin,قەست کرن,بحث,qest krun
seek,lê digerît,لێ دگەریت,بحث,lê dugereet
seek,lê gerîn,لێ گه‌رین,بحث,qest krun
scientific research,vekolînên zanistî,ڤە‌كۆلینێن زانستى,بحث علمي,vekoleenên zanustee
sea,derya,دەریا,بحر,derya
carefully,bi baldarî,ب بالداری,بحرص,"taze, ḧêdeeka, nermenerm"
carefully,bi dîqetî,ب دیقه‌تی,بحرص,"taze, ḧêdeeka, nermenerm"
carefully,bi hişyarî,ب هشیاری,بحرص,"taze, ḧêdeeka, nermenerm"
carefully,bi hwîrî,ب هویری,بحرص,"taze, ḧêdeeka, nermenerm"
marine,deryayî,دەریایى,بحري,deryayee
naval,deryayî,دەریایى,بحري,deryayee
freely,bi azadî,ب ئازادی,بحرية,bu azadee
freely,bi serbestî,ب سه‌ربه‌ستی,بحرية,bu serbestee
freely,bi herweyî,ب هه‌روه‌یی,بحرية,bu ḧerweyee
learn by heart,ji ber kirin,ژ به‌ر کرن,بحفظ عن ظهر قلب,zhu ber krun
wisely,"berfre , bi pendî",بەرفرە ، ب په‌ندی,بحكمة,"berfre , bu pendee"
lake,deryaçe,دەریاچە,بحيرة,deryache
lively,zindî,زندى,بحيوية,zundee
steam,hilim,ھلم,بخار,ḧulum
vapor,helim,هه‌لم,بخار,ḧulum
vapor,hilim,ھلم,بخار,ḧulum
vapour,hilim,ھلم,بخار,ḧulum
particularly,birrengekî taybet,بڕەنگەكى تایبەت,بخاصة,burrengekee taybet
concerning,derheq,دەرهەق,بخصوص,derḧeq
concerning,sebaret,سه‌باره‌ت,بخصوص,sebaret
regarding,derbare,ده‌رباره,بخصوص,derbare
regarding,sebaret,سه‌باره‌ت,بخصوص,sebaret
stingy,temah,ته‌ماھ,بخيل,temaḧ
commence,despêdiket,دەسپێدكەت,بدء,despêduket
initiate,dest pêdiket,دەست پێدكەت,بدء,dest pêduket
aboriginal,eslî,ئەسلى,بدائي,"eslee, resen"
aboriginal,resen,ڕه‌سه‌ن,بدائي,"eslee, resen"
obesity,qelewbûn,قه‌له‌وبوون,بدانة,tepe
start,destpê kirin,دەستپێ کرن,بداية,destpê krun
squander,dêris,دێرس,بدد,dêrus
squander,"feşartin, isiraf",فه‌شارتن، ئسراف,بدد,"feshartun, usuraf"
apposition,biservekirin,بسه‌رڤه‌کرن,بدل,pêve
apposition,pêvekirin,پێڤه‌کرن,بدل,pêve
rather,pitir,پتر,بدلا,putur
instead of him,ji pêş wî ve,ژ پێش وی ڤە,بدلا عنھ,zhu pêsh wee ve
instead of him,li şwîna wî,ل شوینا وی,بدلا عنھ,lu shweena wee
instead of,pê ji  ve,پێ ژ  ڤە,بدلا من,pê zhu  ve
instead of,şînawê,شیناوێ,بدلا من,sheenawê
instead of me do it,şîna min bike,شینا من بکە,"بدلا مني ,  أن تفعل ذلك",sheena mun buke
suit,bedile,بەدلە,بدلة,bedule
swimming suit,maîu,مایو,بدلة السباحة,maeeu
physically,bi lêşî,ب لێشی,بدنيا,bu lêshee
without,bê,بێ,بدون,bê
without a doubt,bê guman,بێ گومان,بدون أدنى شك,bê guman
costlessly,bi herweyî,ب هه‌روه‌یی,بدون تكلفة,bu ḧerweyee
without paying,bi herweyî,ب هه‌روه‌یی,بدون دفع,bu ḧerweyee
no doubt,bêguman,بێگومان,بدون شك,bêguman
nomad,koçber,کۆچبه‌ر,بدوي,kochber
nomad,koçer,کۆچه‌ر,بدوي,kocher
replacement,siyaset,سیاسەت,بديل,suyaset
surrogate,"cîgir, cêgir",جیگر، جێگر,بديل,"jeegur, jêgur"
surrogateship,berdêlî,به‌ردێلی,بديل,berdêlee
seed,bizir,بزر,بذرة,"tov, tomuk, tovuk"
seed,tov,تۆڤ,بذرة,"tov, tomuk, tovuk"
seed,"tomik, tovik",تۆمک، تۆڤک,بذرة,"tov, tomuk, tovuk"
seed,dindik,دندک,بذرة,dunduk
make every effort,bizav hatin,بزاڤ ھاتن,بذل كل جھد ممكن,buzav ḧatun
sow,tov kirin,تۆڤ کرن,بذور البذر,"chandun , tov krun"
sow,çandin,چاندن,بذور البذر,"chandun , tov krun"
wheat seed,genim,گەنم,بذور القمح,genum
innocent,bê guneh,بێ گونەھ,برئ,bê guneḧ
innocent,paqij,پاقژ,برئ,bê guneḧ
patent,diyar,دیار,براءة الإختراع,duyar
refrigerator,selace,سەلاجە,براد,selaje
stool,stul,ستول,براز,stul
Brazilian,brazîliya,برازیلیا,برازيلي,berrazeelee
mastery,seriwerî,سەروەرى,براعة,seruweree
tower,barû,باروو,برج,barû
tower,birc,برج,برج,burj
tower,buric,بورج,برج,buruj
tower,qube,قوبه‌,برج,qube
tower,minare,منارە,برج,munare
watchtower,burca nubedariyê,بورجا نوبه‌داریێ,برج المراقبة,burja nubedaruyê
knuckle,girêçk,گرێچك,برجمة,gurêchk
cold,sarr,ساڕ,برد,sarr
cold (sickness),serrma,سەڕما,برد,serrma
cold (things),tezî,تەزی,برد,tezee
justify,selmandin,سه‌لماندن,برر,meḧaneduket
justify,mafdar derketin,مافدار ده‌رکه‌تن,برر,meḧaneduket
blossom,peqîna kulîlka,په‌قینا کولیلکا,برعم,peqeena kleelka
bud,bişkoj,بشکۆژ,برعم,bushkozh
screw,biriẍî,برغى,برغي,buruẍee
plum,ḧilîk,حلیك,برقوق,ḧuleek
telegram,tilgiraf,تلگراف,برقية,tulguraf
volcano,burikan,بوركان ، برکان,بركان,burukan
volcano,çîyayê agirî,چییایێ ئاگری,بركان,cheeyayê aguree
volcano,vollkan,ڤۆڵکان,بركان,vollkan
volcanic,volkanî,ڤۆلكانى,بركاني,volkanee
blessing,bereketdarkirin,بەرەكەتداركرن,بركة,bereketdarkrun
blessing,xêr,خێر,بركة,xêr
blessing,xêrûbêr,خێرووبێر,بركة,xêrûbêr
pond,birk,برک,بركة,burk
pond,pendav,په‌نداڤ,بركة,pendav
pond,"ger , qeraẍ av",گەر ، قەراغ ئاڤ,بركة,"ger , qeraẍ av"
barrel,berimîl,بەرمیل,برميل,berumeel
program,beriname,بەرنامە,برنامج,beruname
program,"prugram , berinamc",پروگرام ، بەرنامج,برنامج,"prugram , berunamj"
hippopotamus,hespê avî,ھەسپێ ئاڤی,برنيق,ḧespê avee
coldness,sarbûn,ساربوون,برودة,sarbûn
broccoli,bruklî,بروكلی,بروكلي,bruklee
bronze,briniz,برنز,برونز,brunuz
desert,biyaban,بیابان,برية,buyaban
wilderness,biyaban,بیابان,برية,buyaban
wilderness,"çol , deşit û zozan",چۆل ، ده‌شت و زۆزان,برية,"chol , deshut û zozan"
mail,berîd,به‌رید,بريد,bereed
mail,poste,پۆستە,بريد,poste
mail,namegêrrî,نامه‌گێڕی,بريد,namegêrree
postal,pusteyî,پوستەیى,بريدي,pusteyee
because,çimkî,چمکی,بسبب,chumkee
because,"çinku , çunku , çinkî",چنکو ، چونکو ، چنکی,بسبب,"chunk , chunk , chunkee"
because,ji ber ku,ژ به‌ر کو,بسبب,zhu ber k
because,madem,مادەم,بسبب,madem
because of,daku,داکو,بسبب,dak
because of,ji ber,ژ به‌ر,بسبب,zhu ber
because of,ji dewletserê,ژ ده‌وله‌تسه‌رێ,بسبب,zhu dewletserê
because of,sexmeratî,سه‌خمه‌راتی,بسبب,sexmeratee
due,erk,ئه‌رک,بسبب,shûrbazee krun
due,bac,باج,بسبب,shûrbazee krun
due,maf,ماف,بسبب,shûrbazee krun
because of what,ji ber çî,ژ بەر چی,بسبب ماذا,zhu ber chee
grove,bûstan,بووستان,بستان,bûstan
orchard,bîstan,بیستان,بستان,beestan
orchard,cinîk,جنیك,بستان,jneek
orchard,çem,چەم,بستان,chem
orchard,rez,رەز,بستان,rez
gardener,ḧedîqçî,حەدیقچی,بستاني,ḧedeeqchee
orchardman,rezvan,ڕه‌زڤان,بستاني,rezvan
generously,bi camêrî,ب جامێری,بسخاء,"bu merdee, bu jamêree"
generously,bi merdî,ب مه‌ردی,بسخاء,"bu merdee, bu jamêree"
fast,serî',سەریع,بسرعة,seree'
fast (speed),zû,زوو,بسرعة,zû
fast (speed),lezatî,لەزاتى,بسرعة,lezatee
quickly,"zîka , zû",زیکا ، زوو,بسرعة,"zeeka , zû"
simple,asan,ئاسان,بسيط,asan
simple,sade,سادە,بسيط,sade
heavily,bi giranî,ب گرانی,بشدة,rastee
conditionally,b‌i merc,ب‌ مه‌رج,بشروط,b‌u merj
human,însan,ئینسان,بشري,eensan
human,miruvî,مروڤى,بشري,muruvee
human,mirov,مرۆڤ,بشري,murov
human being,mirov,مرۆڤ,بشري,murov
mankind,miruvayetî,مروڤایەتى,بشرية,muruvayetee
miserably,bi tundî,ب توندی,بشكل بائس,bu tundee
badly,bi çewtî,ب چه‌وتی,بشكل سيئ,bu chewtee
strictly,bi tundî,ب توندی,بشكل صارم,bu tundee
correctly,bi drustî,ب دروستی,بشكل صحيح,bu drustee
dramatically,bi rengekê berçav,ب ڕه‌نگه‌کێ به‌رچاڤ,بشكل كبير,bu rengekê berchav
gratuitously,bi herweyî,ب هه‌روه‌یی,بشكل مجاني,bu ḧerweyee
concretely,bi aşkerayî,ب ئاشکه‌رایی,بشكل ملموس,dest qutan
patiently,bi bêhin firehî,ب بێهن فره‌هی,بصبر,bu bêḧn fureḧee
patiently,bi hedarê,ب هه‌دارێ,بصبر,bu ḧedarê
optics,bînînizanî,بینینزانى,بصريات,beeneenuzanee
spit,tif,تف,بصق,tuf
spit,tûk,تووک,بصق,tûk
onion,pîvaz,پیڤاز,بصل,peevaz
green onion,pîvaz terik,پیڤاز تەرك,بصل اخضر,peevaz teruk
imprint,şeqil,شه‌قل,بصمة,shequl
silently,bêdengî,بێده‌نگی,بصمت,bêdengee
properly,bi serestî,ب سەرەستى,بصورة صحيحة,bu serestee
goods,kel û pelên,كە‌ل و پە‌لێن,بضائع,kel û pelên
goods,mita,متا,بضائع,muta
merchandise,baziriganî diket,بازرگانی دكەت,بضائع,bazuruganee duket
merchandise,kelupelên,كەلوپەلێن,بضائع,kelupelên
stolen goods,talan,تالان,بضائع مسروقة,talan
duck,werdek,وەردەك,بط,werdek
battery,patirî,پاترى,بطارية,paturee
yam,bitataye kelek xuşn,بیتاتایە كەلەك خوشن,بطاطا,butataye kelek xushn
card,"perik , bilî",پەرك ، بلی,بطاقة,"peruk , bulee"
price tag,plêtabihayî,پلێتابھایى,بطاقة الأسعار,plêtabuḧayee
ID card,"cinsî , hewî",جنسی ، هەوی,بطاقة الھوية,"jnsee , ḧewee"
liner,"gemî , firuka hêlê",گەمى یان فروكا ھێلێ,بطانة,"gemee , furuka ḧêlê"
blanket,betenî,بەتەنى,بطانية,betenee
champion,qehreman,قەھرەمان,بطل,qeḧreman
hero,fêris,فێرس,بطل,fêrus
hero,qehreman,قه‌هره‌مان,بطل,qeḧreman
hero,gernas,گه‌رناس,بطل,gernas
hero,mêrxas,مێرخاس,بطل,mêrxas
belly,zik,زك,بطن,zuk
slow,hêdî,ھێدی,بطيء,ḧêdee
slow motion,livîna hêdî,لڤینا ھێدی,بطيء,luveena ḧêdee
sluggish,tembel,ته‌مبه‌ل,بطيئا,êsh
watermelon,zaveşî,زاڤەشی,بطيخ,zaveshee
watermelon,"şitî , şimtî",شتی ، شمتی,بطيخ,"shutee , shumtee"
in other words,ye'nî,یەعنی,بعبارات أخرى,ye'nee
after,pişitî,پشتی,بعد,pushutee
distance,"dîratî , dîrî",دیراتی ، دیری,بعد,"deeratee , deeree"
distance,mesafe,مه‌سافه‌,بعد,mesafe
post,ferimanber,فەرمانبەر,بعد,ferumanber
yet,"hêşita ,hêş",ھێشتا، هێش,بعد,"ḧêshuta ,ḧêsh"
afternoon,paşnîvro,پاشنیڤرۆ,بعد الظھر,pashneevro
afternoon,pişitî nîviro,پشتی نیڤرۆ,بعد الظھر,pushutee neevuro
A.D.,zaîînî,زایینی,بعد الميلاد,zaeeeenee
A.D. 2000 years,sall 2000ê zayînî,ساڵ ٢٠٠٠ێ زایینی,بعد الميلاد 2000 سنة,sall 2000ê zayeenee
day after tomorrow,duzbe,دوزبە,بعد غد,duzbe
day after,roja dî,رۆژا دی,بعد يوم,rozha dee
some,hindek,ھندەك,بعض,ḧundek
sometimes,hindek cara,ھندەك جارا,بعض الأحيان,ḧundek jara
each other,êk û dû,ئێك و دوو,بعضهم البعض,"êk û dû, ḧevdu"
each other,hevdu,هه‌ڤدو,بعضهم البعض,"êk û dû, ḧevdu"
closely,bi hiwîrî,ب هویری,بعناية,"bu ḧuweeree, nêzeekee"
closely,nêzîkî,نێزیکی,بعناية,"bu ḧuweeree, nêzeekee"
mosquito,pêşî,پێشی,بعوض,pêshee
away,dûrve,دوورڤه‌,بعيد,adul
away,dûrka,دوورکا,بعيد,adul
far,dûr,دوور,بعيدا,dûr
far away,dur dest,دور ده‌ست,بعيداً,adul
far away,dûrve,دوورڤه‌,بعيداً,adul
far away,dûrka,دوورکا,بعيداً,adul
Baghdad,beẍda,بەغدا,بغداد,beẍda
mule,hêstir,ھێستر,بغل,ḧêstur
hateful,kerb,کەرب,بغيض,kerb
hateful,kîno,کینۆ,بغيض,keeno
ungodly,bedkar,به‌دكار,بغيض,bedkar
grocery,erizaq,ئەرزاق,بقالة,eruzaq
grocery,kel û pel,که‌ل و په‌ل,بقالة,kel û pel
left over,berimayîk,به‌رماییک,بقايا,berumaykan
leftover,berimayîk,به‌رماییک,بقايا,berumaykan
remainder,ber maykan,بەرمایكان,بقايا,ber maykan
remnant,paş mawe,پاشماوە,بقايا,pash mawe
remnants (of a dead body),rufatên,روفاتێن,بقايا (جثة),rufatên
leftovers,berimayîken,بەرماییكێن,بقايا الطعام,berumaykan
cow,çêl,چێل,بقرة,chêl
heifer,çêla biçûk,چێلا بچووک,بقرة صغيرة,chêla buchûk
heifer,"nahgon, golik",ناهگۆن، گۆلک,بقرة صغيرة,"naḧgon, goluk"
approximately,teqrîben,ته‌قریبه‌ن,بقسوة,teqreeben
roughly,teqrîben,ته‌قریبه‌ن,بقسوة,teqreeben
patch,parçe diket,پارچە دكەت,بقعة,parche duket
speck,"zil, pitik",زل، پتک,بقعة,"zul, putuk"
spot,pitik,پتک,بقعة,putuk
spot,pinî,پنی,بقعة,punee
spot,xal,خال,بقعة,xal
spot,"nuqte, leke",نوقته‌، له‌که‌,بقعة,"nuqte, leke"
tiny spot,"zil, pitik",زل، پتک,بقعة صغيرة,"zul, putuk"
forcefully,bi xurtî,ب خورتی,بقوة,sepandun
forcefully,bi zorî,ب زۆری,بقوة,krêt krun
strongly,bi tundî,ب توندی,بقوة,bu tundee
strongly,bi xurtî,ب خورتی,بقوة,sepandun
vehemently,bi tundî,ب توندی,بقوة,danan
remain,rawestan,راوەستان,بقي,"man , rawestan"
remain,man,مان,بقي,"man , rawestan"
remained,ma,ما,بقي,ma
stayed,ma,ما,بقي,ma
weeping,grî,گرى,بكاء,gree
bacteria,mîkirub,میكروب,بكتيريا,meekrub
first born,nexirî,نەخری,بكر,nexuree
first born child,nexirî,نەخری,بكر,nexuree
firstborn,nexirî,نەخری,بكر,nexuree
openly,aşkera,ئاشكەرا,بكل صراحة,ashkera
How much is this?,eve bi çendêye?,ئەڤە ب چەندێیە؟,بكم ھذا؟,eve bu chendêye?
motionless,bê livîn,بێ لڤین,بلا حركة,bê luveen
in vain,badîhewa,بادیهەوا,بلا فائدة,zhu qesta
in vain,ji qesta,ژ قه‌ستا,بلا فائدة,zhu qesta
homeless,"bêmal, bêxanî",بێمال، بێخانی,بلا مأوى,"bêmal, bêxanee"
afflict,xemgîn kirin,خه‌مگین کرن,بلاء,bela
afflict,dil êşandin,دل ئێشاندن,بلاء,bela
platinum,platîn,پلاتین,بلاتين,plateen
plasma,plazima,پلازما,بلازما,plazuma
blackboard,texta ‌reş,ته‌ختا ‌ره‌ش,بلاك بورد,texta ‌resh
Belgium,belcîka,بەلجیکا,بلجيكا,beljeeka
country,bajêrê mazin,باژێرێ مازن,بلد,"bazhêrê mazun , wellat"
country,wellat,وەڵات,بلد,"bazhêrê mazun , wellat"
city hall (of a big city),miḧafeze,محافەزە,بلدية,muḧafeze
city hall (of a province),"parêzgarî , bajêrvanî",پارێزگاری ، باژێرڤانى,بلدية,"parêzgaree , bazhêrvanee"
city hall (of a small city),qeymeqamî,قەیمەقامی,بلدية,qeymeqamee
bully,tirsandin,ترساندن,بلطجي,tursandun
bully,zordar,زۆردار,بلطجي,zordar
gently,bi hêminî,ب هێمنی,بلطف,bu ḧêmunee
Bulgaria,bulgarîya,بولگاریا,بلغاريا,bulgareeya
moisten,şil diket,شل دكەت,بلل,shul duket
Pluto,bilutu,بلوتو,بلوتو,bulutu
crystal,kirîstal,كریستال,بلور,kreestal
oak,berrû,به‌ڕوو,بلوط,berrû
build,ava kirin,ئاڤا کرن,بناء,ava krun
build,çêk kirin,چێك کرن,بناء,chêk krun
building,afahî,ئاڤاھی,بناء,afaḧee
construct,avakirin,ئاڤاکرن,بناء,avakrun
structure,avahîsazî,ئاڤاهیسازی,بناء,avaḧeesazee
structure,pêkhate,پێکهاته‌,بناء,pêkḧate
structure,dêsman,دێسمان,بناء,dêsman
mason,dirustiker,دروستكەر,بناء مھنة,durustuker
hazelnut,bindaq,بنداق,بندق,bundaq
hazelnut,findeq,فنده‌ق,بندق,bundaq
gun,ẍedare,غەدارە,بندقية,ẍedare
rifle,tifek,تفه‌ک,بندقية,tûk
impartially,bêalî,بێئالی,بنزاهة,bêalee
impartially,bêyi layengrî,بێی لایەنگری,بنزاهة,bêyu layengree
petrol,ptirol,پترۆل,بنزين,pturol
petrol,neft,نەفت,بنزين,neft
pants,penterun,پەنتەرون,بنطلون,penterun
trousers,pentirrun,پەنتڕون,بنطلون,penturrun
Bangladesh,bengladêş,بەنگلادێش,بنغلاديش,bengladêsh
by oneself,bixo,بخۆ,بنفسه,buxo
by oneself,cida,جدا,بنفسه,jda
bank,banik,بانك,بنك,banuk
pancreas,penikriyes,پەنکریەس,بنكرياس,penukruyes
brown,qehuwayî,قەھووایی,بنى,qeḧuwayee
architecture,avasazî,ئاڤاسازی,بنيان,"m'maree , telar sazee"
architecture,bînasazî,بیناسازی,بنيان,"m'maree , telar sazee"
architecture,mîmarî,میماری,بنيان,"m'maree , telar sazee"
in this manner,bi vî awayî,ب ڤی ئاوایی,بهذه الطريقة,bu vee awayee
delight,dil xuşî,دل خوشى,بھجة,dul xushee
quietly,hêdî,ھێدى,بھدوء,ḧêdee
janitor,"faraş , baqjker",فاراش ، باقژكەر,بواب,"farash , baqzhker"
gate,derigehî serekî,دەرگەھى سەرەكى,بوابة,derugeḧee serekee
portal,derîk,دەریك,بوابة,dereek
by,dabeş,دابەش,بواسطة,dabesh
via,wekî,وەكى,بواسطة,wekee
Hemorrhoids,bawesîr,باوه‌سیر,بواسير,baweseer
firstfruits,berhemê êkê,بەرهەمێ ئێكێ,بواكير الفاكهة,berḧemê êkê
firstfruits,xêve,خێڤه‌,بواكير الفاكهة,xêve
firstfruits,fêkiyên pêşîn,فێکیێن پێشین,بواكير الفاكهة,fêkyên pêsheen
botton,jêr,ژێر,بوتون,zhêr
clearly,a‌şkra‌,ئا‌شکرا‌,بوضوح,"a‌shkra‌ , bu zelalee"
clearly,bi zelalî,ب زه‌لالی,بوضوح,"a‌shkra‌ , bu zelalee"
obviously,aşkira,ئاشكرا,بوضوح,ashkra
trumpet,burrîzan,بوڕیزان,بوق,"burreezan, boreezhen"
trumpet,borîjen,بۆریژه‌ن,بوق,"burreezan, boreezhen"
trumpet,trompêt,ترۆمپێت,بوق,"burreezan, boreezhen"
Poland,polenda,پۆلەندا,بولندا,polenda
owl,"bum , bim , qirr",بوم ، بم ، قڕ,بومة,"bum , bum , qurr"
egg,hêk,هێک,بويضة,ḧêk
ovum,reḧim,ڕه‌حم,بويضة,reḧum
ovum,hêk,هێک,بويضة,ḧêk
environment,jîngeh,ژینگەھ,بيئة,zheengeḧ
petal,perê gulê,پەرێ گولێ,بيئة النبات,perê gulê
egg Whites,spîlka hêkê,سپیلكا ھێكێ,بياض البيض,speelka ḧêkê
statement,"aşkrakirin , danezanîn",ئاشکراکرن ، دانەزانین,بيان,"ashkrakrun , danezaneen"
piano,piyanu,پیانو,بيانو,puyanu
house,xanî,خانی,بيت,xanee
house,mal,مال,بيت,mal
web,"tevinok, tevin",ته‌ڤنۆک، ته‌ڤن,بيت العنكبوت,"tevunok, tevun"
Bethlehem,bêt leḧim,بێت لەحم,بيت لحم,bêt leḧum
threshing floor,bêder,بێده‌ر,بيدر,umbar
beer,bîre,بیرە,بيرة,beere
hydrogen Peroxide,oksicîn,ئوكسجین,بيروكسيد الھيدروجين,oksujeen
egg,hêk,ھێك,بيضة,ḧêk
oval,hêkî,چه‌میایی,بيضوي,ḧêlkeyee
oval,hêlkeyî,ھێلكەیى,بيضوي,ḧêlkeyee
sale,tenzîlat,ته‌نزیلات,بيع,dashkandun
sale,daşkandin,داشكاندن,بيع,dashkandun
sale,firotin,فرۆتن,بيع,dashkandun
retail,perakende,په‌راکه‌نده‌,بيع بالتجزئة,perakende
retail,firutinabikt,فروتنابكەت,بيع بالتجزئة,furutunabukt
between,navbera,ناڤبەرا,بين,navbera
inter,vedişêrît,ڤەدشێریت,بين,vedushêreet
ping pong,tenisa mêzê,تەنسا مێزێ,بينج بونج,tenusa mêzê
biological,zîndewerî,زیندەوەری,بيولوجي,zeendeweree
kurdish letter 04 (“p” sound),p,پ,پ,p
Peter,petrus,پەتروس,پەتروس,petrus
kurdish letter 05 (“t” sound),t,ت,ت,t
corrode,jengî bûn,ژه‌نگی بوون,تآكل,durêzh
corrosion,jengî,ژه‌نگی,تآكل,durêzh
come,"were , dihêt",وەرە ، دھێت,تأتي,"were , duḧêt"
come here,were vêrê,وەرە ڤێرێ,تأتي,were vêrê
come to walk,were piyasekê bikeyin,وەرە پیاسەکێ بکەین,تأتي على المشي,were puyasekê bukeyun
effect,bandûr,باندوور,تأثير,bandor
effect,bandor,باندۆر,تأثير,bandor
effect,kartêkirin,کارتێکرن,تأثير,kartêkrun
effect,hîkarî,هیکاری,تأثير,ḧeekaree
impact,lêdikevit,لێدكەڤت,تأثير,lêdukevut
influence,bandor,باندۆر,تأثير,bandor
influence,kartêkirin,کارتێکرن,تأثير,kartêkrun
influence,hîkarî,هیکاری,تأثير,ḧeekaree
hire,kirê diket,کرێ دکەت,تأجير,krê duket
postpone,"paş êxistin, paşxistin",پاش ئێخستن، پاشخستن,تأجيل,"pash êxustun, pashxustun"
postpone,tecîl kirin,ته‌جیل کرن,تأجيل,tejeel krun
take on,helgirîtin,ھەلگریتن,تأخذ على,ḧelgureetun
delay,"tacîl , paş êxistin",تاجیل ، پاش ئێخستن,تأخير,"tajeel , pash êxustun"
delay,"gîrukirin, gîrokirin",گیروكرن، گیرۆکرن,تأخير,"geerukrun, geerokrun"
establishing,damezirandin,دامه‌زراندن,تأسيس,"sazkrun, damezurandun"
establishing,sazkirin,سازکرن,تأسيس,"sazkrun, damezurandun"
shine,diteyst,دتەیست,تألق,duteyst
meditate,raman kirin,ڕامان کرن,تأمل,raman krun
meditate,kûr hizir kirin,کوور هزر کرن,تأمل,kûr ḧuzur krun
meditation,raman kirin,ڕامان کرن,تأمل,raman krun
meditation,kûr hizir kirin,کوور هزر کرن,تأمل,kûr ḧuzur krun
ponder,baş hizir diket,باش ھزر دكەت,تأمل,bash ḧuzur duket
ponder,raman kirin,ڕامان کرن,تأمل,raman krun
ponder,fikirîn,فکرین,تأمل,ḧuzur krun
ponder,hizir kirin,هزر کرن,تأمل,ḧuzur krun
nationalize,millî diket,مللى دكەت,تأميم,mullee duket
insurance,dabîn kirin,دابین كرن,تأمين,dabeen krun
qualified,bi serve,ب سەرڤە,تأهلت,"bu serve , lê ḧatee"
qualified,lê hatî,لێ هاتی,تأهلت,"bu serve , lê ḧatee"
qualify,rade kirin,ڕاده‌ کرن,تأھل,rade krun
qualify,jêhatî kirin,ژێهاتی کرن,تأھل,zhêḧatee krun
qualify,merc kirin,مه‌رج کرن,تأھل,merce krun
groan,nalîn,نالین,تأوه,naleen
affect,karîtêkirinê diket,كاریتێكرنێ دكەت,تؤثر,kareetêkrunê duket
affect,karger,کارگەر,تؤثر,karger
confirm,pesandkirin,په‌ساندکرن,تؤكد,pesandkrun
confirm,dupat kirin,دوپات کرن,تؤكد,dupat krun
confirm,"sedqandin, tesdîq",سه‌دقاندن، ته‌سدیق,تؤكد,"sedqandun, tesdeeq"
repentant,peşîman,په‌شیمان,تائب,lu xo zuvurreen
follow,bi dîv ketin,ب دیڤ کەتن,تابع,budweef dukeveet
follow,li peyi hatin,ل په‌ی هاتن,تابع,budweef dukeveet
follow,li dû çûn,ل دوو چوون,تابع,budweef dukeveet
follower,peyrew,په‌یره‌و,تابع,"peyrew, shopeener, mureed"
follower,dîvelank,دیڤه‌لانک,تابع,"peyrew, shopeener, mureed"
follower,şagird,شاگرد,تابع,shagurd
follower,şopîner,شۆپینه‌ر، مرید,تابع,"peyrew, shopeener, mureed"
follower,layengir,لایه‌نگر,تابع,"peyrew, shopeener, mureed"
follower,mirîd,مرید,تابع,"peyrew, shopeener, mureed"
ark of the covenant,sinduqa peymanê,سندوقا پەیمانێ,تابوت,sunduqa peymanê
crown,tac,تاج,تاج,taj
dealer,firuşiyar,فروشیار,تاجر,furushuyar
merchant,bazirgan,بازرگان,تاجر,"bazurgan, tajr"
merchant,tacir,تاجر,تاجر,"bazurgan, tajr"
take in,hewandin,هه‌واندن,تاخذ في,ḧewandun
date,jivan,ژڤان,تاريخ,zhuvan
date (day),tarîx,تاریخ,تاريخ,tareex
history,"tarîx , dîrok",تاریخ ، دیرۆک,تاريخ,"tareex , deerok"
history,mêjû,مێژوو,تاريخ,mêzhû
date syrup,duşav,دوشاڤ,تاريخ شراب,dushav
historical,mêjûyî,مێژوویی,تاريخي,mêzhûyee
ninth,nehem,نەھەم,تاسع,neḧem
trivial,abes,ئابه‌س,تافهة,abes
trivial,adî,ئادی,تافهة,adee
trivial,nemuhîm,نه‌موهیم,تافهة,nemuḧeem
petty,hur,ھور,تافھ,ḧur
Taiwan,taywan,تایوان,تايوان,taywan
exchange,veguhastin,ڤه‌گوهاستن,تبادل,"veguḧastun ,guḧareetun"
exchange,giharîtin,گھاریتن,تبادل,"veguḧastun ,guḧareetun"
interchange,pêk dighurît,پێك دگھوریت,تبادل,pêk dugḧureet
blessed be Abraham by God,"bereketdar bît abraham, ji layê xudê",بەرەکەتدار بیت ئەبراهام، ژ لایێ خودێ,تبارك إبراهيم الله,"bereketdar beet abraḧam, zhu layê xudê"
boast,şanazî,شانازی,تباھى,shanazê pêduket
boast,şanazê pêdiket,شانازێ پێدكەت,تباھى,shanazê pêduket
evaporation,helim bûn,هەلم بوون,تبخر,ḧelum bûn
evaporation,hellimbûn,هەڵمبوون,تبخر,ḧellumbûn
disown,qebûl nekirin,قه‌بوول نه‌کرن,تبرأ من,"qebûl nekrun , nas nekrun"
disown,nas nekirin,ناس نه‌کرن,تبرأ من,"qebûl nekrun , nas nekrun"
acquittal,beraatbûn,به‌رائاتبوون,تبرئة,beraatbûn
acquittal,bêsûc derketin,بێسووج ده‌رکه‌تن,تبرئة,bêsûce derketun
protrude,derxistin,ده‌رخستن,تبرز,pees krun
protrude,derketin,ده‌رکه‌تن,تبرز,pees krun
donate,xêr dan,خێر دان,تبرع,xêr dan
donate,xêr kirin,خێر کرن,تبرع,xêr krun
donation,bexşandin,بەخشاندن,تبرع,bexshandun
donation,xêrxwazî,خێرخوازی,تبرع,xêrxwazee
donation,xêrkirin,خێرکرن,تبرع,xêrkrun
simplification,asan kirin,ئاسان کرن,تبسيط,asan krun
simplification,sadekirin,ساده‌کرن,تبسيط,sadekrun
insight,israr kirin,ئسرار کرن,تبصر,"zêḧun, zuḧun"
insight,durbînî,دوربینى,تبصر,durbeenee
keep clean,paqjiyê bi parêze,پاقژیێ ب پارێزە,تبقى نظيفة,paqzhuyê bu parêze
cry sadly,velurand,ڤه‌لوراند,تبكي بحزن,velurand
hay,rîsiyan,ڕیسیان,تبن,"bushuyan, kara, tuwana"
hay,giyayê hişk,گیایێ هشک,تبن,"bushuyan, kara, tuwana"
adopt,balixuve,بالخوڤە,تبنى,baluxuve
consist,pêk dihêt,پێك دھێت,تتألف,pêk duḧêt
consist,pêk hatin,پێك هاتن,تتألف,pêk duḧêt
speak for yourself,beḧsê xo bike,بەحسێ خۆ بکە,تتحدث عن نفسك,beḧsê xo buke
decaying,genîbûn,گه‌نیبوون,تتحلل,peechduket
decompose,rizîn,ڕزین,تتحلل,ruzeen
turn upside down(dishes only),ser nuşîv kirin,سەر نوشیڤ کرن,تتحول رأسا على عقب (أطباق فقط),ser nusheev krun
take a bite,devê xo kirin,دەڤێ خۆ کرن,تتخذ لدغة,devê xo krun
take a bite,"gezek lêda , gezandin",گەزەك لێدا ، گه‌زاندن,تتخذ لدغة,"gezek lêda , gezandun"
degenerate,xirab,خراب,تتدهور,dereje
degenerate,xirabkirî,خرابکری,تتدهور,dereje
include,pêkhat,پێکھات,تتضمن,pêkḧat
take courage,mêranî kirin,مێرانی کرن,تتطلب الشجاعه,bê deng be
evolve,werar kirin,وه‌رار کرن,تتطور,werar krun
sympathize,"dilsozî kirin, hevdilî kirin",دلسۆزی کرن، هه‌ڤدلی کرن,تتعاطف,"dulsozee krun, ḧevdulee krun"
react,bertek dan,به‌رته‌ک دان,تتفاعل,berukar
react,bersivkirin,به‌رسڤکرن,تتفاعل,berukar
be done,bi cih bihêt,ب جھ بهێت,تتم,bu jḧ buḧêt
yawn,fedibît,فەدبیت,تثاءب,fedubeet
install,tetibît,تەتبیت,تثبيت,tetubeet
install,dadmezirînt,دادمەزرینت,تثبيت,dadmezureent
argue,angaştin,ئانگاشتن,تجادل,angashtun
argue,"pevçûn , cedel diket",پەڤچوون ، جەدەل دکەت ، گەنگەشەکرن,تجادل,"pevchûn , jedel duket"
argue,gengeşe kirin,گه‌نگه‌شه‌ کرن,تجادل,gengeshe krun
commerce,baziriganî,بازرگانى,تجارة,bazuruganee
trade,"baziriganî , tixare",بازرگانى ، تخارە,تجارة,"bazuruganee , tuxare"
world trade,bazirganiya cîhanê,بازرگانیا جیھانێ,تجارة عالمية,bazurganuya jeeḧanê
discard,"avêtin, derxistin",ئاڤێتن، ده‌رخستن,تجاهل,"avêtun, derxustun"
discard,"havêtin, deyinatin",هاڤێتن، دەیناتن,تجاهل,"ḧavêtun, deyunatun"
towards,beref,بەرەف,تجاھ,beref
ignore,xutênagehînt,خوتێناگەھینت,تجاھل,xutênageḧeent
outrun,berî rakirin,به‌ری ڕاکرن,تجاوز,meturusee duket
overrun,pêş dibezt,پێش دبەزت,تجاوز,pêsh dubezt
overtake,berî rakirin,به‌ری ڕاکرن,تجاوز,meturusee duket
overtake,digeht,دگەھت,تجاوز,dugeḧt
surpass,borîn,بۆرین,تجاوز,boreen
surpass,derbasbûn,ده‌رباسبوون,تجاوز,derbasbûn
compel,sepandin,سه‌پاندن,تجبر,sepandun
compel,mecbûr kirin,مه‌جبوور کرن,تجبر,sepandun
oblige,ferbûn,فه‌ربوون,تجبر,mejbur
oblige,neçar kirin,نه‌چار کرن,تجبر,mejbûr krun
renew,"nû kirin, nwîkirin",نوو کرن، نویکرن,تجديد,"nû krun, nweekrun"
blaspheme,kufrî kirin,کوفری کرن,تجديف,kfree krun
blasphemy,kufirkirin,کوفرکرن,تجديف,kfurkrun
dare,wêriyan,وێریان,تجرؤ,busteḧ duket
dare,wêrîn,وێرین,تجرؤ,busteḧ duket
experience,şehrezayî,شەھرەزایی,تجربة,sheḧrezayee
experiment,tecrîbe,تەجریبە,تجربة,tejreebe
trial,azmûn,ئازموون,تجربة,azmûn
trial,ceribandin,جه‌رباندن,تجربة,jerubandun
trial,dadkirin,دادکرن,تجربة,dadkrun
trial,meḧkeme,مەحكەمە,تجربة,meḧkeme
espionage,casusî,جاسوسی,تجسس,ḧewar
spy,casûs,جاسووس,تجسس,jasûs
spy,sîxur,سیخور,تجسس,seexur
spy,muhabrat,موھابرات,تجسس,muḧabrat
spying,casusî,جاسوسی,تجسس,ḧewar
wrinkle,diqurimçînt,دقورمچینت,تجعد,duqurumcheent
wrinkle,diqurimçînt,قورمچین,تجعد,duqurumcheent
make a mistake,"xelet bîn , xelet kirin",خەلەت بین ، خەلەت کرن,تجعل من الخطأ,"xelet been , xelet krun"
dehydration,hişkkirin,هشککرن,تجفيف,derḧeq
freezing,cemidî,جەمدی,تجمد,jemudee
assemble,berhev kirin,به‌رهه‌ڤ کرن,تجمع,berḧev krun
assemble,"lêkdan , civandin",لێکدان ، جڤاندن,تجمع,"lêkdan , jvandun"
rally,kum dibin,كوم دبن,تجمع,km dubun
mob,bre miruvan,برە مروڤان,تجمھر,bre muruvan
beautify,xemilandin,خه‌ملاندن,تجميل,xemulandun
cosmetic,derimanê cwanikariyê,دەرمانێ جوانكاریێ,تجميلي,derumanê jwanukaruyê
avoid,xudit alekê,خودت ئالەكێ,تجنب,xudut alekê
avoid,xwe jê vedizîn,خوه‌ ژێ ڤه‌دزین,تجنب,xwe zhê veduzeen
avoid,vedizîn,ڤه‌دزین,تجنب,veduzeen
naturalize,siruştî kirin,سروشتی کرن,تجنس,surushtee krun
naturalize,welatî kirin,وه‌لاتی کرن,تجنس,welatee krun
recruit,gazî~kirin,گازی~کرن,تجنيد,gazee~krun
equip,amade bîn,ئامادە بین,تجهيز,amade been
wander,derbeder,دەربەدەر,تجول,derbeder
alliance,kumel,كومەل,تحالف,kmel
alliance,"li hev kirin, peyman, yekbûn",ل هه‌ڤ کرن، په‌یمان، یه‌کبوون,تحالف,"lu ḧev krun, peyman, yekbûn"
beneath,li bin,ل بن,تحت,lu bun
under,li jêr,ل ژێر,تحت,lubun
under,libin,لبن,تحت,lubun
underground,binerd,بنه‌رد,تحت الأرض,bunerd
underground,nepenî,نه‌په‌نی,تحت الأرض,nepenee
under fire,rexinegirîtin,رەخنەگریتن,تحت الضغط في وضع حرج,rexunegureetun
underfoot,binpê,بنپێ,تحت القدمين,grtuyan
in process,berdeste,بەردەستە,تحت المعالجة,berdeste
converse,dan û standinê diket,دان و ستاندنێ دكەت,تحدث,dan û standunê duket
occur,"peyda bît , cîdibit",پەیدا بیت ، جیدبیت,تحدث,"peyda beet , jeedubut"
mock,tirane diket,ترانە دكەت,تحدى بإزدراء,turane duket
refresh,dilgeş,دلگه‌ش,تحديث,"nû krun, vezhandun"
refresh,vejandin,ڤه‌ژاندن,تحديث,"nû krun, vezhandun"
refresh,mirîta‌ḧ,مریتا‌ح,تحديث,mureeta‌ḧ
refresh,nû kirin,نوو کرن,تحديث,"nû krun, vezhandun"
identify,dinast,دناست,تحديد,dunast
placement,bi cih kirin,ب جه کرن,تحديد مستوى,bu jḧ krun
gaze,lê nerîn,لێ نه‌رین,تحديق,qodeek
warn,agehdar bûn,ئاگەھدار بوون,تحذير,ageḧdar bûn
warn,agehdar diket,ئاگەھدار دکەت,تحذير,ageḧdar duket
warning,"agadarî , agehdarî",ئاگادارى ، ئاگەهداری,تحذير,"agadaree , ageḧdaree"
warning,hişiyarkirin,هشیارکرن,تحذير,ḧushuyarkrun
move (house),mal bar kirin,مال بار کرن,تحرك (منزل),mal bar krun
move (die),weẍer kirin,وەغەر کرن,تحرك (يموت),weẍer krun
move out,bar kirin,بار کرن,تحرك للخارج,luvandun
deprive,bêbehir kirin,بێبه‌هر کرن,تحرم,meḧrûm krun
deprive,bêpar kirin,بێپار کرن,تحرم,meḧrûm krun
deprive,mehrûm kirin,مه‌هرووم کرن,تحرم,meḧrûm krun
edit,serrast kirin,سه‌ڕاست کرن,تحرير,guranukaree
edit,guranikarî,گورانكارى,تحرير,guranukaree
liberation,rizgarî,رزگاری,تحرير,ruzgaree
get better,çê bîn,چێ بین,تحسن,chê been
improve,baştir bûn,باشتر بوون,تحسن,bashtur bûn
improve,perisîn,په‌رسین,تحسن,peruseen
improve,pêş ketin,پێش که‌تن,تحسن,pêsh ketun
improvement,pêşveçûn,پێشڤەچوون,تحسن,pêshvechûn
mend,pate kirin,پاته‌ کرن,تحسن,chak duket
mend,çak diket,چاك دكەت,تحسن,chak duket
ameliorate,başkirin,باشکرن,تحسين,ḧazuree
ameliorate,rast kirin,ڕاست کرن,تحسين,ḧazuree
ameliorate,sererastkirin,سه‌ره‌راستکرن,تحسين,ḧazuree
enhance,perisandin,په‌رساندن,تحسين,perusandun
enhance,pêş xistin,پێش خستن,تحسين,pêsh xustun
enhance,pêşve birin,پێشڤه‌ برن,تحسين,pêshve burun
improving,başkirin,باشکرن,تحسين,bashkrun
improving,pêşdebirin,پێشده‌برن,تحسين,pêshdeburun
obtain,peyda diket,پەیدا دكەت,تحصل,peyda duket
immunization,derzîkirin,ده‌رزیکرن,تحصين,derzeekrun
immunize,nahêlit,ناھێلت,تحصين,naḧêlut
shatter,pirtikandin,پرتکاندن,تحطيم,"shkandun, shkestun"
shatter,pirtikîn,پرتکین,تحطيم,"shkandun, shkestun"
shatter,"şkandin, şkestin",شکاندن، شکه‌ستن,تحطيم,"shkandun, shkestun"
smash,pirtikandin,پرتکاندن,تحطيم,memereet
masterpiece,awaze,ئاوازە,تحفة,awaze
conservative,"parêzkar, parêzker",پارێزکار، پارێزکه‌ر,تحفظا,"parêzkar, parêzker"
conservative,"parêzyar, parêzdar",پارێزیار، پارێزدار,تحفظا,"parêzyar, parêzdar"
incentivize,azirandin,ئازراندن,تحفيز,azurandun
incentivize,şarandin,شاراندن,تحفيز,sharandun
motivate,han didit,ھان ددەت,تحفيز,ḧan dudut
achieve,bi dest xistin,ب ده‌ست خستن,تحقيق,bu dest xustun
achieve,bi dest ve anîn,ب ده‌ست ڤه‌ ئانین,تحقيق,bu dest ve aneen
achieve,berpe diket,بەرپەدكەت,تحقيق,"berpe duket , enjam dudet"
fulfill,bi cih înan,ب جھ ئینان,تحقيق,bu jḧ eenan
fulfill,"bîn serîn , bibe serî",بین سەرین ، ببە سەری,تحقيق,"been sereen , bube seree"
fulfill,temam kirin,ته‌مام کرن,تحقيق,temam krun
fulfillment,temamkirin,تەمامکرن,تحقيق,temamkrun
inquiry,pirs,پرس,تحقيق,purs
inquiry,siwal,سوال,تحقيق,suwal
investigation,"verastikirin , teḧqîq",ڤەراستكرن ، تەحقیق,تحقيق,"verastukrun , teḧqeeq"
analysis,çareserkirin,چاره‌سه‌رکرن,تحليل,ḧelseng
analysis,şirovekirin,شرۆڤەکرن,تحليل,shurovekrun
analysis,helseng,هه‌لسه‌نگ,تحليل,ḧelseng
analyze,analîz kirin,ئانالیز کرن,تحليل,analeez krun
analyze,çareser kirin,چاره‌سه‌ر کرن,تحليل,chareser krun
analyze,helseng kirin,هه‌لسه‌نگ کرن,تحليل,ḧelseng krun
afford,disêt bikirît,دسێت بكریت,تحمل,dusêt bukreet
bearing,hil girîtin,ھلگریتن,تحمل,ḧul gureetun
endure,xo ragir bîn,خۆ راگر بین,تحمل,xo ragur been
endure,xo li ber girîtin,خۆ ل بەر گریتن,تحمل,xo lu ber gureetun
endure (something) (vt),têda sebir kêşan,تێدا سەبر کێشان,تحمل,têda sebur kêshan
tolerate,xuliberdigirît,خولبەردگریت,تحمل,xuluberdugureet
download,"daxistin, dakişandin",داخستن، داکشاندن,تحميل,"daxustun, dakshandun"
load!,bar ke,بارکە,تحميل!,bar ke
mutating,guhartin,گوهارتن,تحور,guḧartun
convert,guharîtin,گوھاریتن,تحول,"guḧareetun , mureeted"
convert,murîted,موریتەد,تحول,"guḧareetun , mureeted"
transform,"guhorîn, veguherînin",گوهۆرین، ڤه‌گوهه‌رینن,تحول,"guḧoreen, veguḧereenun"
transfigure,guhertina şêwazê,گوهه‌رتنا شێوازێ,تحويل,guḧertuna shêwazê
transformation,veguheztin,ڤه‌گوهه‌زتن,تحويل,veguḧeztun
greet,silav kirin,سلاڤ کرن,تحية,sulav krun
greeting,"silav , sillav",سلاڤ ، سللاڤ,تحية,"sulav , sullav"
be terrified,behitî bûn,به‌هتی بوون,تخاف,beḧutee bûn
be afraid,tirisan,ترسان,تخافوا,turusan
vary,ciyawaz,جیاواز,تختلف,jyawaz
be ashamed of,şerim jê kirin,شەرم ژێ کرن,تخجل من,sherum zhê krun
anesthesia,anestezî,ئانه‌سته‌زی,تخدير,anestezee
anesthesia,bêhişî,بێهشی,تخدير,bêḧushee
anesthesia,penc,په‌نج,تخدير,penj
anesthesia,texdîr,ته‌خدیر,تخدير,penj
graduation,derçun,دەرچون,تخرج,derchun
be torn,şeq bûn,شه‌ق بوون,تخرق,leven
vandalize,xirab kirin,خراب کرن,تخريب,xurab krun
storage,"embar , mexizan",عەمبار ، مخزن,تخزين,"embar , mexuzan"
store,xezin,خەزن ، دكان,تخزين,xezun
lose,ji dest çûn,ژ ده‌ست چوون,تخسر,zhu dest chûn
lose,ji dest dan,ژ ده‌ست دان,تخسر,zhu dest dan
lose,winda kirin,وندا کرن,تخسر,wunda krun
specialization,pisporî,پسپۆری,تخصص,"pusporeetee, pusporee"
specialization,pisporîtî,پسپۆریتی,تخصص,"pusporeetee, pusporee"
specialty,taybetbûn,تایبه‌تبوون,تخصص,taybetbûn
allocate,terxankirin,ته‌رخانکرن,تخصيص,terxankrun
allot,beş kirin,به‌ش کرن,تخصيص,besh krun
allot,par kirin,پار کرن,تخصيص,par krun
allot,pişk kirin,پشک کرن,تخصيص,pushk krun
allot,lêkve kirin,لێکڤه‌ کرن,تخصيص,lêkve krun
reduction,daşkandin,داشكاندن,تخفيض,dashkandun
alleviate,"sivik kirin, beraftin",سڤک کرن، به‌رافتن,تخفيف,"suvuk krun, beraftun"
get rid of,bide paş,بدە پاش,تخلص من,bude pash
get rid of,dan paş,دان پاش,تخلص من,dan pash
confuse,şaş kirin,شاش کرن,تخلط,shash krun
confuse,gêj kirin,گێژ کرن,تخلط,gêzh krun
fall behind,parra man,پاڕا مان,تخلف,parra man
abandon,bi cih hêlan,ب جھ هێلان,تخلى,bu jḧ ḧêlan
ferment,tirşan,ترشان,تخمر,"ḧeveertursh, turshan, ḧavên"
ferment,havên,هاڤێن,تخمر,"ḧeveertursh, turshan, ḧavên"
ferment,hevîrtirş,هه‌ڤیرترش,تخمر,"ḧeveertursh, turshan, ḧavên"
guess,texmîn kirin,ته‌خمین کرن,تخمين,texumeen duket
guess,tê derxistin,تێ ده‌رخستن,تخمين,texumeen duket
guess,ji ber xwe ve gotin,ژ به‌ر خوه‌ ڤه‌ گۆتن,تخمين,texumeen duket
imagine,aşup kirin,ئاشوپ کرن,تخيل,ashup krun
imagine,xeyal kirin,خه‌یال کرن,تخيل,xeyal krun
imagine,xiyal kirin,خیال کرن,تخيل,xuyal krun
imagine,hizirdiket,ھزردكەت,تخيل,ḧuzurduket
imaginary,aşopî,ئاشۆپی,تخيلي,ashopee
imaginary,xeyalî,خه‌یالی,تخيلي,xeyalee
deliberation,hizirikirin,ھزركرن,تداول,ḧuzurukrun
roll,"pêçan, pêçandin",پێچان، پێچاندن,تدحرج,"pêchan, pêchandun"
roll,girêl kirin,گرێل کرن,تدحرج,"pêchan, pêchandun"
roll,gurmîn,گورمین,تدحرج,gurmeen
roll about,gevizandin,گه‌ڤزاندن,تدحرج,kef
interfere,maytêkirin,مایتێكرن,تدخل,maytêkrun
interference,têkilîkirin,تێكلیكرن,تدخل,têkleekrun
smoking,cigare kêşan,جگاره‌ کێشان,تدخين,jgare kêshan
work out,temirîn,ته‌مرین,تدرب,"raḧênan, temureen"
work out,rahênan,ڕاهێنان,تدرب,"raḧênan, temureen"
taught,zanî,زانى,تدرس,zanee
realize,tê gihiştin,تێ گهشتن,تدرك,green
realize,fêm kirin,فێم کرن,تدرك,green
training,temirîn,ته‌مرین,تدريب,temureen
training,rahênan,ڕاهێنان,تدريب,raḧênan
training,meşqdan,مه‌شقدان,تدريب,raḧênan
drill,behreme,به‌هره‌مه‌,تدريبات,beḧreme
drill,qulkirin,قولکرن,تدريبات,qulkrun
drill,mîzref,میزره‌ف,تدريبات,meezref
scaling,mezinikir,مەزنكر,تدريج,mezunukr
gradually,piç piç,پچ پچ,تدريجيا,puch puch
teaching,fêrikirin,فێركرن,تدريس,fêrukrun
be taught,elmandin,عەلماندن,تدريسھ,elmandun
flow,rijîn,ڕژین,تدفق,gul
flow,herikîn,هه‌رکین,تدفق,gul
audit,berçavkirin,به‌رچاڤکرن,تدقيق,"ḧûrbeen , berchavkrun"
audit,hûrbîn,هووربین,تدقيق,"ḧûrbeen , berchavkrun"
massage,"perxan, têdan",په‌رخان، تێدان,تدليك,"perxan, têdan"
massage,digemînt,دگەمینت,تدليك,dugemeent
destroying,herrifandin,هه‌ڕفاندن,تدمير,ḧerrufandun
destruction,hilweşandin,هلوه‌شاندن,تدمير,ḧulweshandun
destruction,herrfîn,هه‌ڕفین,تدمير,ḧerrfeen
destruction,wêranikirin,وێرانكرن,تدمير,wêranukrun
wreck,pirîtên papurê,پریتێن پاپورێ,تدمير,pureetên papurê
crumble,şkestin,شکه‌ستن,تدهور,ḧerrfeen
crumble,herrfîn,هه‌ڕفین,تدهور,ḧerrfeen
deteriorate,"paş ve çûn, xirab bûn",پاش ڤه‌ چوون، خراب بوون,تدهور,"pash ve chûn, xurab bûn"
amaze,ḧêbetî diket,حێبەتی دکەت,تدھش,ḧêbetee duket
amaze,guhişînît,گوھشینیت,تدھش,guḧusheeneet
amaze,mendehuş,مەندەھوش,تدھش,mendeḧush
turn your back to me,pişita xo bide min,پشتا خۆ بدە من,تدير ظھرك لي,pushuta xo bude mun
vibrate,ricifîn,ڕجفین,تذبذب,rujfeen
vibrate,lerizîn,له‌رزین,تذبذب,leruzeen
remember,bîr kirin,بیر کرن,تذكر,beer krun
ticket,bîtaqe,بیتاقە,تذكرة,beetaqe
ticket,pilêt,پلێت,تذكرة,pulêt
remind,anîn bîrê,ئانین بیرێ,تذكير,aneen beerê
remind,bi bîr xistin,ب بیر خستن,تذكير,bu beer xustun
reminder,bîrhatin,بیرھاتن,تذكير,beerḧatun
grumble,pitpit kirin,پتپت کرن,تذمر,ga
dissolve,ḧelandin,حەلاندن,تذوب,ḧelandun
dissolve,ḧeliya,حەلیا,تذوب,ḧeluya
dissolving,ḧelandin,حەلاندن,تذويب,ḧelandun
heritage,kelepor,که‌له‌پۆر,تراث,meeras
heritage,mîrat,میرات,تراث,meerat
heritage,mîratgir,میراتگر,تراث,meeratgur
heritage,mîras,میراس,تراث,meeras
legacy,mîrat,میرات,تراث,meerat
dip,noqîkirin,نۆقیکرن,تراجع,noqeekrun
retreat,paşve kêşîn,پاشڤه‌ کێشین,تراجع,"pashve ksheen, veksheen"
retreat,vekêşîn,ڤه‌کێشین,تراجع,"pashve ksheen, veksheen"
revise,sererast kirin,سه‌ره‌راست کرن,تراجع,sfur
revise,wekilandin,وه‌کلاندن,تراجع,sfur
turn back,paşve bûn,پاشڤه‌ بوون,تراجع,pashve bûn
turn back,xo paşive dikêşît,خۆ پاشڤە دكێشیت,تراجع,xo pashuve dukêsheet
turn back,"vegerin , paşve bûn",ڤه‌گه‌رن ، پاشڤه‌ بوون,تراجع,"vegerun , pashve bûn"
accumulate,kum diket,كوم دكەت,تراكم,km duket
accumulate,nijinandin,نژناندن,تراكم,nuzhunandun
accumulation,berhevkirî,به‌رهه‌ڤکری,تراكم,berḧevkree
accumulation,tirakim,تراكم,تراكم,turakm
accumulation,komkirî,کۆمکری,تراكم,komkree
standstill,mendî,مه‌ندی,تراوح مكانها,mendee
soil,ax,ئاخ,تربة,ax
arrangement,amadekarî,ئاماده‌کاری,ترتيب,amadekaree
arrangement,rêzkirin,ڕێزکرن,ترتيب,rêzkrun
arrangement,rêkûpêkî,ڕێکووپێکی,ترتيب,rêzkrun
ranking three,serkeftiyê sêyê,سەرکەفتیێ سێیێ,ترتيب ثلاثة,serkeftuyê sêyê
ranking one,serkeftiyê yekemê,سەرکەفتیێ یه‌که‌مێ,ترتيب واحد,serkeftuyê yekemê
translate,tercime diket,تەرجمە دکەت,ترجم,"terjme duket , werugêr kt"
translate,werigêr ket,وەرگێر کەت,ترجم,"terjme duket , werugêr kt"
interpretation,ravekirin,راڤەكرن,ترجمة,ravekrun
translation,werigêran,وەرگێران,ترجمة,werugêran
pony,hespê piçuk,ھەسپێ پچوك,ترجمة حرفية,ḧespê puchuk
welcome (plural host),bixêr hatin,بخێرهاتن,ترحيب (المضيف الجمع),buxêr ḧatun
welcome (singular host),bixêr hatî,بخێر ھاتی,ترحيب (المضيف المفرد),buxêr ḧatee
repatriate,kesek dîsa li welatê xwe vegerandin,که‌سه‌ک دیسا ل وه‌لاتێ خوه‌ ڤه‌گه‌راندن,ترحيل إلى الوطن,"mê, zhun"
loosen,sist diket,سست دكەت,ترخي,sust duket
license,îcaze,ئیجازە,ترخيص,eejaze
license,destwîr,دەستویر,ترخيص,destweer
hesitate,dûdilî diket,دوودلی دکەت,تردد,dûdulee duket
deposition,nîşitinî,نیشتنی,ترسيب,neeshutunee
nominate,berbijarkirin,به‌ربژارکرن,ترشح,berbuzharkrun
nominate,pêşniyaz kirin,پێشنیاز کرن,ترشح,pêshnuyaz krun
nominate,destnîşan kirin,ده‌ستنیشان کرن,ترشح,destneeshan krun
nominate,nav kirin,ناڤ کرن,ترشح,nav krun
oozing,diherikin,دهه‌رکن,ترشح,diherikin
candidacy,berbijarî,به‌ربژاری,ترشيح,berbuzharee
nomination,destnîşan,ده‌ستنیشان,ترشيح,destneeshan
nomination,yê damezirandî,یێ دامەزراندى,ترشيح,yê damezurandee
luxury,dewlemendiya bêqam,دەولەمەندیا بێقام,ترف,dewlemenduya bêqam
punctuation,xalibendî,خالبەندى,ترقيم,xalubendee
leave,derkeftin,دەرکەفتن,ترك,derkeftun
leave,hêlan,ھێلان,ترك,ḧêlan
leave turn on,"pîle hel ,  ne temirîne",پیلە ھەل ،  نە تەمرینە,ترك تشغيل,"peele ḧel ,  ne temureene"
Turkey,turkîya,تورکیا,تركيا,turkeeya
composition,darşitin,دارشتن,تركيب,darshutun
installation,pêkînan,پێكئینان,تركيب,pêkeenan
focus,tîşk diket,تیشک دکەت,تركيز,"teeshk , teeshk duket"
focus,tîşko,تیشکۆ,تركيز,"teeshk , teeshk duket"
represent,araste kirin,ئاراسته‌ کرن,تركيز,araste krun
represent,pêşkêş kirin,پێشکێش کرن,تركيز,pêshkêsh krun
hymn,stirana giyanî,سترانا گیانی,ترنيمة,sturana guyanee
hymn,sirûd,سروود,ترنيمة,surûd
promotion,bilindibuna muçey,بلندبونا موچەی,ترويج,bulundubuna muchey
taming,kehîkirin,که‌هیکرن,ترويض,keḧeekrun
terrify,bizdîn,بزدین,ترويع,duturuseent
terrify,ditirisînt,دترسینت,ترويع,duturuseent
terrify,veciniqandin,ڤه‌جنقاندن,ترويع,duturuseent
want,divêt,دڤێت,تريد,duvêt
trillion,trilyon,ترلیۆن,تريليون,nefes
trillion,hezar milyar,هه‌زار ملیار,تريليون,nefes
arrange,rîkxistin,ریكخستن,تریتيب,reekxustun
order,daxaz kirin,داخاز کرن,تریتيب,daxaz krun
order,rêkûpêkî,ڕێکووپێکی,تریتيب,rêzkrun
order,ferman dan,فە‌رمان دان,تریتيب,ferman dan
flourish,pişkivîn,پشکڤین,تزدهر,ta
flourish,pêş ketin,پێش که‌تن,تزدهر,ta
flourish,geş bûn,گه‌ش بوون,تزدهر,ta
flourish,mezin bûn,مه‌زن بوون,تزدهر,ta
prosper,geş dibît,گەش دبیت,تزدھر,gesh dubeet
skate,amîrê teḧsandinê,ئامیرێ تەحساندنێ,تزلج,ameerê teḧsandunê
marry,jin înan,ژن ئینان,تزوج,zhun eenan
remarry,jinek dî înan,ژنەك دی ئینان,تزوج للمرة الثانية,zhunek dee eenan
provide,ber hev diket,بەر ھەڤ دکەت,تزود,ber ḧev duket
provide,pişitevaniya ket,پشتەڤانیا کەت,تزود,pushutevanuya ket
provide,terxan,ته‌رخان,تزود,terxan
provide,"dabîn kirin, dan",دابین کرن، دان,تزود,"dabeen krun, dan"
counterfeit,"sexte, saxte",سه‌خته‌، ساخته‌,تزوير,"qelp , netê"
counterfeit,qelp,قەلپ,تزوير,"qelp , netê"
counterfeit,netê,نەتێ,تزوير,"qelp , netê"
fraud,xapandin,خاپاندن,تزوير,xapandun
fraud,fêl,فێل,تزوير,fêl
fraud,hîle,هیله‌,تزوير,ḧeele
adorn,xemilandin,خه‌ملاندن,تزين,perasee
adorned,xemilandî,خه‌ملاندی,تزين,perasee
decorated,xemilandî,خه‌ملاندی,تزين,perasee
decorate,arastin,ئاراستن,تزيين,"nexshandun, arastun"
decorate,xemilandin,خه‌ملاندن,تزيين,xemulandun
decorate,nexşandin,نه‌خشاندن,تزيين,"nexshandun, arastun"
tolerance,lê borîn,لێ بۆرین,تسامح,lê boreen
deserve,biservebit,بسەرڤە بیت,تستحق,buservebut
deserve,hejî bûn,هه‌ژی بوون,تستحق,ḧezhee bûn
can,qodîk,قۆدیك,تستطيع,qodeek
can (v),"şiyan, bişê, dişît",شیان، بشێ، دشیت,تستطيع,"shuyan, bushê, dusheet"
you can leave,tu dişêyî biçî,تو دشێی بچی,تستطيع الرحيل,tu dushêyee buchee
lie down,razan,ڕازان,تستلقي,"daneen , ḧêduket"
consume,xerc kirin,خه‌رج کرن,تستهلك,xerce krun
consume,serf kirin,سه‌رف کرن,تستهلك,serf krun
consume,mezaxtin,مه‌زاختن,تستهلك,mezaxtun
consuming,bikaribrin,بکاربرن,تستهلك,bukarubrun
register,tomar kirin,تۆمار کرن,تسجيل,tumar duket
register,qeydkirin,قه‌یدکرن,تسجيل,tumar duket
registration,tumara kirin,تومارا کرن,تسجيل,tumara krun
registration,qeyd,قه‌ید,تسجيل,qeyd
leak,çipika diket,چپکا دکەت,تسرب,"dulup duket , chupuka duket"
leak,dilop kirin,دلۆپ کرن,تسرب,"dulup duket , chupuka duket"
leak,delandin,ده‌لاندن,تسرب,delandun
leakage,"dilup, çipik",دلوپ ، چپک,تسرب,"dulup , chupuk"
leaking,pejilandin,په‌ژلاندن,تسرب,pezhulandun
spill,riştin,ڕشتن,تسرب,rushut
layoff,dûrxistin,دوورخستن,تسريح,dûrxustun
accelerate,laz diket,لەزدكەت,تسريع,laz duket
9,neh,٩ ، نەھ,تسعة,neḧ
nine,neh,نەھ,تسعة,neḧ
19,nozde,١٩ ، نۆزدە,تسعة عشر,nozde
nineteen,nozde,نۆزدە,تسعة عشر,nozde
90,not,٩٠ ، نوت,تسعون,not
ninety,not,نۆت,تسعون,not
fall down (collapse),tot bûn,تۆت بوون,تسقط (انھيار),tot bûn
fall off (button),şiqitîn,شقتین,تسقط (زر),shuquteen
fall down (many),"werandin , weryan",وەراندن ، وەریان,تسقط (كثير),"werandun , weryan"
fall out (of hair),werîn,وەرین,تسقط (من الشعر),wereen
inhabit,akincî dibit,ئاكنجى دبیت,تسكن,aknjee dubut
sequence,berdewamî,به‌رده‌وامی,تسلسل,berdewamee
sequence,rêzkirin,ڕێزکرن,تسلسل,rêzkrun
climb,hilketin,هلکه‌تن,تسلق,"ḧulketun, ḧewa ketun"
climb,hewa ketin,هه‌وا که‌تن,تسلق,"ḧulketun, ḧewa ketun"
infiltrate,têketin,تێکه‌تن,تسلل,têketun
penetrate,têre çûn,تێره‌ چوون,تسلل,têre chûn
penetrate,têre kirin,تێره‌ کرن,تسلل,têre krun
receive,wergirtin,وه‌رگرتن,تسلم,wergurtun
amusement,mjîlkirin,مژیلکرن,تسلية,mzheelkrun
delivery,gehandin,گەھاندن,تسليم,geḧandun
turn over,qiluband,قلوباند,تسليم,quluband
turn over,qulpî,قولپی,تسليم,qulpee
turn over,werigêran,وەرگێران,تسليم,werugêran
turn over this way,xo‌ bade vî rexî,خۆ‌ بادە ڤی رە‌خی,تسليم ھذھ الطريقة,xo‌ bade vee rexee
facilitate,asan kirin,ئاسان کرن,تسهيل,asan krun
facilitate,sanahî kirin,ساناهی کرن,تسهيل,sanaḧee krun
facilitating,asankarî,ئاسانکاری,تسهيل,asankaree
facilitating,hêsankirin,هێسانکرن,تسهيل,ḧêsankrun
prevail,bi ser ketin,ب سه‌ر که‌تن,تسود,bu ser ketun
prevail,zal bûn,زال بوون,تسود,zal bûn
prevail,serdest bûn,سه‌رده‌ست بوون,تسود,serdest bûn
decay,perixîn,په‌رخین,تسوس,cheenko
decay,dewibîn,ده‌وبین,تسوس,cheenko
decay,heder,هه‌ده‌ر,تسوس,cheenko
settle,akincî bûn,ئاکنجی بوون,تسوية,aknjee bûn
settle,akincî diket,ئاکنجی دکەت,تسوية,aknjee duket
marketing,bazarikirin,بازاركرن,تسويق,bazarukrun
dominate,"serdest bûn, serwer bûn",سه‌ردەست بوون، سه‌روەر بوون,تسيطر,"serdest bûn, serwer bûn"
dominate,lê hukim kirin,لێ هوکم کرن,تسيطر,lê ḧukm krun
entangle,tevlihev kirin,ته‌ڤلهه‌ڤ کرن,تشابك,pplan duket
resemble,şibîn,شبین,تشابه,shubeen
engaged,xwastî,خواستى,تشارك,xwastee
consult,raî gşitî,راى گشتى,تشاور,raee gshutee
consult,şêwirîn,شێورین,تشاور,shêwureen
consultation,rawêjkarî,ڕاوێژکاری,تشاور,rawêzhkaree
consultations,amojkarî,ئامۆژکاری,تشاور,amozhkaree
consultations,şîret û şêwrê,شیره‌ت و شێورێ,تشاور,sheeret û shêwrê
analogy,bi hev qiyas kirin,ب هه‌ڤ قیاس کرن,تشبيه,muxedur
analogy,bûna mîna hev,بوونا مینا هه‌ڤ,تشبيه,muxedur
dispersing,verevîn,ڤه‌ره‌ڤین,تشتت,lêkvekrun
encouragement,teşwîq,ته‌شویق,تشجيع,"ḧafurree , afurr"
encouragement,handan,هاندان,تشجيع,"ḧafurree , afurr"
emphasis,esehî,ئه‌سه‌هی,تشديد,"eseḧee, tevezandun, dupat"
emphasis,tevezandin,ته‌ڤه‌زاندن,تشديد,"eseḧee, tevezandun, dupat"
emphasis,dupat,دوپات,تشديد,"eseḧee, tevezandun, dupat"
pruning,kezax,که‌زاخ,تشذيب,kezax
prune (trim),kezaxtin,که‌زاختن,تشذيب (زراعة المحاصيل),kezaxtun
nice to meet you,pêxoşḧalm bi niyasîna te,پێخۆشحالم ب نیاسینا تە,تشرفت بمقابلتك,pêxoshḧalm bu nuyaseena te
legislative,yasadananî,یاسادانانى,تشريعي,yasadananee
October,"heyiva deh, çirya êkê, meha 10ê",ھەیڤا دەھ، چریا ئێکێ، مه‌ها ۱۰ئێ,تشرين الأول,"ḧeyuva deḧ, churya êkê, meḧa 10ê"
November,çirya dwê,چریا دوێ,تشرين الثاني,"ḧeyuva yazdeḧ, churya dwê, meḧa 11ê"
November,meha 11ê,مه‌ها ۱۱ئێ,تشرين الثاني,"ḧeyuva yazdeḧ, churya dwê, meḧa 11ê"
November,heyiva yazdeh,ھەیڤا یازدەھ,تشرين الثاني,"ḧeyuva yazdeḧ, churya dwê, meḧa 11ê"
appreciate,sipaskare,سپاسکاره‌,تشعر بالامتنان,supaskare
inflame,dişewtînt,دشەوتینت,تشعل,dushewteent
play (music),jenîn,ژه‌نین,تشغيل (موسيقى),"yaree krun, leestun"
intercede,mehderî kirin,مه‌هده‌ری کرن,تشفع,meḧderee krun
constitute,pêk anîn,پێك ئانین,تشكل,pêk aneen
forge,sextekirin,سه‌خته‌کرن,تشكيل,zhu beer krun
involve,beşdar bûn,به‌شدار بوون,تشمل,"têkldar bûn , beshdar bûn"
involve,têkildar bûn,تێکلدار بوون,تشمل,"têkldar bûn , beshdar bûn"
convulse,vehejandin,ڤه‌هه‌ژاندن,تشنج,kef
seizure,tep,ته‌پ,تشنج,kef
seizure,girtin,گرتن,تشنج,kef
cramps,teşenc,ته‌شه‌نج,تشنجات,teshenj
Menstrual cramps,teşenca heyivane,ته‌شه‌نجا هه‌یڤانه‌,تشنجات الحيض,teshenja ḧeyuvane
defamation,rûreşkirin,ڕووره‌شکرن,تشهير,rûreshkrun
suspense,helawîstî,هه‌لاویستی,تشويق,"bushuyan, kara, tuwana"
indicate,amaje kirin,ئاماژه‌ کرن,تشير,"ḧêz, buzuree"
indicate,taşîr,تاشیر,تشير,tasheer
reconciliation,pêkhatin,پێکھاتن,تصالح,pêkḧatun
pour into,"têkirin , têke",تێکرن ، تێکە,تصب في,têke
corrected,sererast,سه‌ره‌راست,تصحيح,sererast
rectify,sererast kirin,سه‌ره‌راست کرن,تصحيح,sererast krun
export,hinartina tişita,هنارتنا تشتا,تصدير,ḧunartuna tushuta
scream,qîrîn,قیرین,تصرخ,derbareee
scream,qêrriyan,قێڕیان,تصرخ,derbareee
act out,"zarî vekirin , zarî veke",زاری ڤەکرن ، زاری ڤەکە,تصرف,"zaree vekrun , zaree veke"
behave,reftarê diket,ڕەفتارێ دكەت,تصرف,reftarê duket
grow up,"mezin bîn , dirêj bîn",مەزن بین ، درێژ بین,تصرف بنضج,"mezun been , durêzh been"
permit,izin dan,ئزن دان,تصريح,uzun dan
permit,îcaze dan,ئیجازه‌ دان,تصريح,eejaze dan
permit,destûr dan,ده‌ستوور دان,تصريح,destûr dan
permit,destîrî dan,ده‌ستیری دان,تصريح,desteeree dan
permit,rê dan,ڕێ دان,تصريح,rê dan
zoom out,dûr xistin,دوور خستن,تصغير,dûr xustun
clapping,destqutan,ده‌ستقوتان,تصفيق,destqutan
amounting to,temet,ته‌مه‌ت,تصل الى,"temet, ḧevber"
amounting to,hevber,هه‌ڤبه‌ر,تصل الى,"temet, ḧevber"
fall silent,kerrbûn,کەڕبوون,تصمت,kerrbûn
design,darijandin,دارژاندن,تصميم,daruzhandun
design,dîzayîn,دیزاین,تصميم,deezayeen
design,"nexş diket , nexiş",نەخش دکەت ، نەخش,تصميم,"nexsh duket , nexush"
ranking,biqdem,بقده‌م,تصنيف,buqdem
ranking,qidemdar,قده‌مدار,تصنيف,qudemdar
conception,"têgih, têgîn",تێگھ، تێگین,تصور,"têguḧ, têgeen"
perceive,pê hesîn,پێ هه‌سین,تصور,beent
perceive,hest pê kirin,هه‌ست پێ کرن,تصور,beent
vote,"dengdan , entîxeba kirin",دەنگدان ، ئەنتیخەبا کرن,تصويت,"dengdan , enteexeba krun"
vote (v),intîxeba ... kirin,ئنتیخەبا ...کرن,تصويت,unteexeba ... krun
portray,sûret girtin,سووره‌ت گرتن,تصوير,sûret gurtun
be bored,melel çê bîn,مەلەل چێ بین,تضجر,melel chê been
sacrifice,qurban,قوربان,تضحية,qurban
beg,parsekî kirin,پارسه‌کی کرن,تضرع,parsekee krun
beg,xwazûkî kirin,خوازووکی کرن,تضرع,xwazûkee krun
beg,xwazokî kirin,خوازۆکی کرن,تضرع,xwazûkee krun
beg,daxuzî,داخوزى,تضرع,daxuzee
supplication,daxwaz,داخواز,تضرع,"daxwaz, lave, dulnewayee"
supplication,dilnewayî,دلنه‌وایی,تضرع,"daxwaz, lave, dulnewayee"
supplication,lava,لاڤا,تضرع,"daxwaz, lave, dulnewayee"
supplication,hîvîxwaz,هیڤیخواز,تضرع,"daxwaz, lave, dulnewayee"
be deceived,hatin xapandin,ھاتن خاپاندن,تضلوا,ḧatun xapandun
mislead,serdedibit,سەردەدبیت,تضليل,serdedubut
inclusion,hembêzkirin,هه‌مبێزکرن,تضمين,ḧembêzkrun
normalization,asaykirin,ئاسایکرن,تطبيع,asaykrun
apply,xebitandin,خه‌بتاندن,تطبيق,xebutandun
apply,daxazek pîşkîşkir,داخازەك پیشكیشكر,تطبيق,daxazek peeshkeeshkr
apply,ser lê dan,سه‌ر لێ دان,تطبيق,ser lê dan
float,ser avê dikevit,سەر ئاڤێ دكەڤیت,تطفو,ser avê dukevut
overlook,"hindav bûn, bexşîn, ji bîr kirin",هنداڤ بوون، به‌خشین، ژ بیر کرن,تطل,"ḧundav bûn, bexsheen, zhu beer krun"
overlook,hindaf dibit,ھنداف دبیت,تطل,ḧundaf dubut
overlooking,"çavpûşî, hindavî",چاڤپووشی، هنداڤی,تطل على,"chavpûshee, ḧundavee"
ask,pirisîn,پرسین,تطلب,puruseen
ask,piris kirin,رس کرن,تطلب,purus krun
require,"feriz kirin, merc kirin",فه‌رز کرن، مه‌رج کرن,تطلب,"feruz krun, merce krun"
cleanse,"paqij kirin , pak kirin",پاقژ کرن ، پاک کرن,تطهير,"paquzh krun , pak krun"
cleanse,tafîlkirin,تافیلکرن,تطهير,tafeelkrun
purify,parzîn,پارزین,تطهير,parzeen
purify,paqij kirin,پاقژ کرن,تطهير,paquzh krun
purify,palîn,پالین,تطهير,paleen
develop,pêş diêxît,پێشدئێخیت,تطوير,pêsh duêxeet
develop,pêşkevît,پێشکەڤیت,تطوير,pêshkeveet
curb,girdan,گردان,تطويق,gurdan
demonstrate,xopîşandan diket,خۆپیشاندان دکه‌ت,تظاهر,xopeeshandan duket
demonstrate,xopêşandan diket,خۆپێشاندان دکه‌ت,تظاهر,xopêshandan duket
pretend,ḧecku,حەجکو,تظاهر,ḧejk
pretend,ji qestî,ژ قەستی,تظاهر,zhu qestee
disagree,rexen,رەخەن,تعارض,rexen
compassion,dilpêsotin,دلپێسۆتن,تعاطف,dulpêsotun
compassion,"dilsojî, dilpêşewitîn",دلسۆژی، دلپێشه‌وتین,تعاطف,"dulsozhee, dulpêshewuteen"
compassion,rehim,ڕه‌هم,تعاطف,reḧum
sympathy,"dilisuzî, hevsoz",دلسوزی، هەڤسۆز,تعاطف,"dulusuzee, ḧevsoz"
come quickly!,zwî were,زوی وەرە,تعال بسرعة!,zwee were
come with me,were li gel min,وەرە لگەل من,تعال معي,were lu gel mun
almighty,bi şiyan,بشیان,تعالى,bu shuyan
almighty,hêzdarê her tşitî,ھێزدارێ ھەر تشتی,تعالى,ḧêzdarê ḧer tshutee
embrace,tê werkirin,تێ وه‌رکرن,تعانق,vekrun
embrace,hembêz kirin,هه‌مبێز کرن,تعانق,vekrun
cooperate,harî diket,ھاری دکەت,تعاون,ḧaree duket
tiredness,westandin,وەستاندن,تعب,westandun
mess,şêl wbêl,شێل وبێل,تعبث,shêl wbêl
depend,bawerî pê diket,باوەری پێ دکەت,تعتمد,baweree pê duket
stumble,pejik,په‌ژک,تعثر,pezhuk
stumble,tehisîn,ته‌هسین,تعثر,teḧuseen
stumble,şaşî kirin,شاشی کرن,تعثر,ḧelungveen
stumble,helingftin,هه‌لنگفتن,تعثر,ḧelungveen
stumble,helingvîn,هه‌لنگڤین,تعثر,ḧelungveen
population,serjmar,سه‌رژمار,تعداد السكان,serzhmar
population,gelhe,گه‌لهه,تعداد السكان,gelḧe
multitasking,carekê re zêdetir karkirin,جاره‌کێ ڕه‌ زێده‌تر کارکرن,تعدد المھام,jarekê re zêdetur karkrun
multitasking,multitask,مولتتاسک,تعدد المھام,multutask
trespass,serpêçî,سه‌رپێچی,تعدي,aborsuyon
cross the line,sînor derbas kirin,سینۆر ده‌رباس کرن,تعدي الحدود,seenor derbas krun
adjustment,duzen,دوزه‌ن,تعديل,duzen
adjustment,rêkxistin,ڕێکخستن,تعديل,rêkxustun
modification,destkarî kirin,ده‌ستکاری کرن,تعديل,guranukaree
modification,guranikarî,گورانكارى,تعديل,guranukaree
modify,dighurît,دگھوریت,تعديل,dugḧureet
modify,destkarî kirin,ده‌ستکاری کرن,تعديل,dugḧureet
mining,"kanzanî, kanzakirin",کانزانی، کانزاکرن,تعدين,"kanzanee, kanzakrun"
torture,azardan,ئازاردان,تعذيب,azardan
torture,eşkencedan,ئه‌شکه‌نجه‌دان,تعذيب,shkenje krun
torture,şkence kirin,شکه‌نجه‌ کرن,تعذيب,shkenje krun
expose,diyar kirin,دیار کرن,تعرض,"duyar krun , keshf krun"
expose,keşf kirin,کەشف کرن,تعرض,"duyar krun , keshf krun"
know,zanîn,زانین,تعرف,zaneen
know,nas kirin,ناس کرن,تعرف,nas krun
know,hay,های,تعرف,ḧay
definition,pênase,پێناسە,تعريف,pênase
condolence,tazîye,تازییه‌,تعزية,"buduze , seḧkê"
condolence,sersaxî,سه‌رساخی,تعزية,"buduze , seḧkê"
promote,bilind dibît dikarî de,بلند دبیت دکاری دە,تعزيز,"qaym duket , bulund dubeet dukaree de"
promote,qaym diket,قایم دكەت,تعزيز,"qaym duket , bulund dubeet dukaree de"
strengthen,hêz kirin,هێز کرن,تعزيز,buḧêzduket
strengthen,qewet kirin,قه‌وه‌ت کرن,تعزيز,buḧêzduket
strengthen,peyt kirin,په‌یت کرن,تعزيز,buḧêzduket
fanaticism,demargîr kirin,ده‌مارگیر کرن,تعصب,demargeer krun
prejudice,pêşbawerî,پێشباوه‌ری,تعصب,pêshbaweree
prejudice,pêşdarazî,پێشدارازی,تعصب,pêshdarazee
disable,asteng kirin,ئاسته‌نگ کرن,تعطيل,asteng krun
disable,bêtaqet,بێتاقه‌ت,تعطيل,"neshê, bêtaqet, bêzever"
disable,bêzever,بێزه‌ڤه‌ر,تعطيل,"neshê, bêtaqet, bêzever"
disable,neşê,نه‌شێ,تعطيل,"neshê, bêtaqet, bêzever"
rot,xirab bûn,خراب بوون,تعفن,"ruzeen, xurab bûn"
rot,rizî bûn,ڕزی بوون,تعفن,"ruzeen, xurab bûn"
rot,rizîn,ڕزین،,تعفن,"ruzeen, xurab bûn"
complicate,zeḧmet kirin,زەحمەت کرن,تعقد,zeḧmet krun
complexity,alozî,ئالۆزی,تعقيد,alozee
complexity,tevlhevî,ته‌ڤلهه‌ڤی,تعقيد,tevlḧevee
sterilizing,stewirkirin,سته‌ورکرن,تعقيم,stewurkrun
reflect,wek encam dayîn,وه‌ک ئه‌نجام دایین,تعكس,wek enjam dayeen
attached,pêve,پێڤه‌,تعلق,pêve
crane (bird),quling,قولنگ,تعلم,qulung
crane (bird),leglegan,لە‌گلەگان,تعلم,leglegan
executive,cêbe cêkar,جێ بە جێ کار,تعلم,jêbe jêkar
learn,elimîn,ئه‌لمین,تعلم,elumeen
learn,perwerde bûn,په‌روه‌رده‌ بوون,تعلم,perwerde bûn
learn,fêr bûn,فێر بوون,تعلم,fêr bûn
learned,zana,زانا,تعلمت,zana
suspend,"daliqandin, gîrokirin",دالقاندن، گیرۆکرن,تعليق,"daluqandun, geerokrun"
suspend,helawestin,هەلاوه‌ستن,تعليق,ḧelawestun
hang (someone),şeneq kirin,شەنەق کرن,تعليق (شخص),sheneq krun
educate,perwerde kirin,په‌روه‌رده‌ کرن,تعليم,perwerde krun
educate,periwerde diket,پەروەردە دکەت,تعليم,peruwerde duket
education,periwerdekirin,پەروەردەکرن,تعليم,peruwerdekrun
education of sports,periwerda werizşî,پەروەردا وەرزشی,تعليم الرياضة,peruwerda weruzshee
instruct,feriman didit,فەرمان ددەت,تعليمات,feruman dudut
instruction,rênma,رێنما,تعليمات,rênma
instruction,şîret,شیره‌ت,تعليمات,sheeret
instruction,fîrkarî,فیركارى,تعليمات,feerkaree
instructions,rênmayan,رێنمایان,تعليمات,rênmayan
health instructions,rênmayên saxlemî,ڕێنمایێن ساخله‌می,تعليمات صحية,rênmayên saxlemee
mean,bê biha,بێ بھا,تعني,bê buḧa
pledging,soz dan,سۆز دان,تعهد,suz dudet
pledge,dirametî,درامه‌تی,تعھد,durametee
pledge,suz didet,سوز ددەت,تعھد,suz dudet
pledge,sond xwarin,سۆند خوارن,تعھد,suz dudet
compensate,qerebû kirin,قه‌ره‌بوو کرن,تعويض,qerebû krun
compensate,heyber dan,هه‌یبه‌ر دان,تعويض,ḧeyber dan
compensation,tewîz,ته‌ویز,تعويضات,teweez
compensation,qerebû kirin,قه‌ره‌بوو کرن,تعويضات,qerebû krun
miserable,belengazî,به‌له‌نگازی,تعيس,belengazee
miserable,perîşan,په‌ریشان,تعيس,pereeshan
miserable,jar,ژار,تعيس,zhar
unhappy,keyf nexweş,كەیف نەخوەش,تعيس,keyf nexwesh
designate,ber bijêr diket,بەر بژێر دكەت,تعيين,ber buzhêr duket
designation,dest nîşanikirin,دەست نیشانكرن,تعيين,dest neeshanukrun
depart,bi cih hêlan,ب جھ هێلان,تغادر,bu jḧ ḧêlan
depart leave,brêkeft,برێكەفت,تغادر إجازة,brêkeft
condone,bexşandin,به‌خشاندن,تغاضي,"zelam , murovek"
condone,rê dan,ڕێ دان,تغاضي,"zelam , murovek"
condone,lê borîn,لێ بۆرین,تغاضي,"zelam , murovek"
feed,xwarin dan,خوارن دان,تغذية,xwarun dan
feed,xudan diket,خودان دكەت,تغذية,xudan duket
nutrition,xwirak,خوراک,تغذية,xwurak
nutrition,zad,زاد,تغذية,zad
sink (v),"ẍeriqîn , biẍeriqe",غەرقین ، بغەرقە,تغرق (أو),"ẍeruqeen , buẍeruqe"
sink (v),ketin bin avê,که‌تن بن ئاڤێ,تغرق (أو),"noqeen, ketun bun avê"
sink (v),niqumbûn,نقومبوون,تغرق (أو),"noqeen, ketun bun avê"
sink (v),noqîn,نۆقین,تغرق (أو),"noqeen, ketun bun avê"
wash yourself here,xo lêre bişo,خۆ لێرە بشۆ,تغسل نفسك ھنا,xo lêre busho
turning a blind eye,çavpûşî,چاڤپووشی,تغض الطرف,chavpûshee
coverage,perdekirin,په‌رده‌کرن,تغطية,"perdekrun , kshandun"
coverage,kişandin,کشاندن,تغطية,"perdekrun , kshandun"
fall asleep,ketin xewê,کەتن خەوێ,تغفو,ketun xewê
overcome,"zal bûn, revandin",زال بوون، ڕه‌ڤاندن,تغلب,"zal bûn, revandun"
overcome,serdikevît,سەردكەڤیت,تغلب,serdukeveet
disposition,raguhastin,ڕاگوهاستن,تغير,raguḧastun
cloudless,bê ewr,بێ ئه‌ور,تغيم,bê ewr
cloudless,sahî,ساهی,تغيم,saḧee
alter,guhartin,گوهارتن,تغيير,guḧartun
alteration,guherîn,گوهه‌رین,تغيير,guḧereen
change,bedil kirin,بەدل کرن,تغيير,bedul krun
change,"guhurrîn , guharîtin",گوھوڕین ، گوھاریتن,تغيير,"guḧurreen , guḧareetun"
change (coin money),parêt hîr,پارێت هیر,تغيير (عملة النقود),parêt ḧeer
change color (tree),zer bîn,زەر بین,تغيير اللون (شجرة),zer been
apple,sêv,سێڤ,تفاحة,sêv
interaction,karlêkirdin,كارلێكردن,تفاعل,karlêkrdun
negotiate,çxirandin,چخراندن,تفاوض,"dan û standun, chxurandun"
negotiate,dan û standin,دان و ستاندن,تفاوض,"dan û standun, chxurandun"
negotiation,danûstandin,دانووستاندن,تفاوض,"danûstandun, mzakere"
negotiation,mizakere,مزاکه‌ره‌,تفاوض,"danûstandun, mzakere"
inspection,pişkinîn,پشکنین,تفتيش,pushkneen
inspection,sehkirin,سه‌هکرن,تفتيش,seḧkrun
explode,peqîn,په‌قین,تفجر,peqeen
explode,teqandin,ته‌قاندن,تفجر,teqandun
explode,teqîn,ته‌قین,تفجر,teqeen
unload,"înan derê , bîne derê",ئینان دەرێ ، بینە دەرێ,تفريغ,"eenan derê , beene derê"
unload!,barî dane xarê,باری دانە خارێ,تفريغ!,baree dane xarê
interpret,paçve kirin,پاچڤه‌ کرن,تفسير,shruveduket
interpret,tercme kirin,ته‌رجمه‌ کرن,تفسير,shruveduket
interpret,tercume kirin,ته‌رجومه‌ کرن,تفسير,shruveduket
interpret,şirrove kirin,شڕۆڤه‌ کرن,تفسير,shruveduket
interpret,wergerandin,وه‌رگه‌راندن,تفسير,shruveduket
detailing,dirêjî pêdan,درێژى پێدان,تفصيل,durêzhee pêdan
prefer,heviyazdiket,ھەڤیازدكەت,تفضل,ḧevuyazduket
understand,"tî digehît , fam ket",تى دگەھیت ، فام کەت,تفھم,"tee dugeḧeet , fam ket"
devolution,neqilkirin,نەقلكرن,تفويض,nequlkrun
mandate,dagir,داگر,تفويض,dagur
mandate,sepandin,سه‌پاندن,تفويض,sepandun
intercept,êkudûbrîn,ئێکودووبرین,تقاطع,shêwe
junction,girîtin,گریتن,تقاطع,gureetun
crossroads,xaçerê,خاچه‌رێ,تقاطع طرق,xacherê
intersection,xaçerê,خاچه‌رێ,تقاطع طرق,xacherê
intersection,yektirbrîn,یەكەتربرین,تقاطع طرق,yekturbreen
retire,xanenşîn,خانەنشین,تقاعد,xanensheen
retirement of Peshimarga,xanenşînên pêşmergey,خانەنشینێن پێشمەرگەی,تقاعد البيشمركة,xanensheenên pêshmergey
advance,pêşketî,پێشكەتى,تقدم,pêshketee
furnish,"raêxistin, raxistin",رائێخستن، ڕاخستن,تقدم,"raêxustun, raxustun"
furnish,nexşandin,نه‌خشاندن,تقدم,nexshandun
progress,perisandin,په‌رساندن,تقدم,perusandun
progress,"pêş dikevit , pêşkeftin",پێش دكەڤت ، پێشکەفتن,تقدم,"pêsh dukevut , pêshkeftun"
progress,pêşveçûn,پێشڤەچوون,تقدم,pêshvechûn
stepped forward,pîşfeçû,پیشفەچوو,تقدمت للأمام,peeshfechû
estimate,helsengandin,هه‌لسه‌نگاندن,تقدير,ḧelsengandun
provision,azuqediket,ئازوقەدكەت,تقديم,azuqeduket
provision,erzaq,ئه‌رزاق,تقديم,erzaq
almost,teqrîben,ته‌قریبه‌ن,تقريبا,teqreeben
almost,hema,هه‌ما,تقريبا,ḧema
approximately,nêzî,ێزی,تقريبا,nêzee
nearly,teqrîben,ته‌قریبه‌ن,تقريبا,teqreeben
nearly,dorî,دۆری,تقريبا,doree
nearly,nêzîkî,نێزیکی,تقريبا,nêzeekee
determination,briyar,بریار,تقرير,bruyar
report,rapor,راپۆر,تقرير,rapor
report,ragehandin,ڕاگه‌هاندن,تقرير,rageḧandun
divide into,min kêk dabeşkir bo çar pişkan,من کێک دابەشکر بۆ چار پشکان,تقسم إلى,mun kêk dabeshkr bo char pushkan
division,parvekirin,پارڤه‌کرن,تقسيم,parvekrun
division,dabeşkirin,دابەشکرن,تقسيم,dabeshkrun
partition,dabeş diket,دابەش دكەت,تقسيم,dabesh duket
distill,palandin,پالاندن,تقطير,palandun
fall (v),ketin,کەتن,تقع (ت),ketun
fall (autumn),payîz,پایز,تقع الخريف),payeez
fall away,derketin,دەرکەتن,تقع بعيدا,derketun
fall on one's knees,xo çemandin,خۆ چەماندن,تقع على ركبتيھ واحد,xo chemandun
fall into place,tewa xwe girtin,تەوا خوە گرتن,تقع في مكان,tewa xwe gurtun
flutuations,bargohorîn,بارگۆهۆرین,تقلبات,"bargoḧoreen , ḧawcher xan"
flutuations,hawçer xan,هاوچەر خان,تقلبات,"bargoḧoreen , ḧawcher xan"
fry,diqelînt,دقەلینت,تقلى,duqeleent
imitation,çavlêkirin,چاڤلێکرن,تقليد,chavlêkrun
imitation,zarfekirin,زارفەكرن,تقليد,zarfekrun
traditional,thtafe,ثتافە,تقليدي,"tḧtafe ,  kḧvunḧshopee , dab û nereetên"
traditional,dab û nerîtên,داب و نەریتێن,تقليدي,"tḧtafe ,  kḧvunḧshopee , dab û nereetên"
traditional,kevineşopî,کەڤنەشۆپی,تقليدي,"tḧtafe ,  kḧvunḧshopee , dab û nereetên"
prune,ḧulîk,حولیک,تقليم,ḧuleek
prune,xuxêt ḧşkirî,خوخێت حشكرى,تقليم,xuxêt ḧshkree
trim,ade kirin,ئاده‌ کرن,تقليم,ade krun
trim,kezaxtin,که‌زاختن,تقليم,kezaxtun
bow down,çukve dan,چوكڤە دان,تقوس لأسفل,chukve dan
bow down,sucde birin,سوجده‌ برن,تقوس لأسفل,sujde burun
religiosity,dîndaretî,دیندارەتی,تقوى,deendaretee
calendar,teqwîm,تەقویم,تقويم,teqweem
calendar,rizname,رزنامە,تقويم,ruzname
constrain,sepandin,سه‌پاندن,تقييد,eempuraturuyet
limitation,radekirin,رادەكرن,تقييد,radekrun
limitation,sinurdarkirin,سنوردارکرن,تقييد,sunurdarkrun
restrict,sinor kirin,سنۆر کرن,تقييد,sunor krun
restrict,girêdidit,گرێددەت,تقييد,gurêdudut
restriction,sindordarî,سندۆرداری,تقييد,sundordaree
restriction,sinurdarkirin,سنوردارکرن,تقييد,sunurdarkrun
evaluate,teximîn diket,تەخمین دكەت,تقييم,texumeen duket
evaluate,hilsengandin,هلسه‌نگاندن,تقييم,ḧelsengandun
evaluate,helsengandin,هه‌لسه‌نگاندن,تقييم,ḧelsengandun
evaluation,helsengandin,هه‌لسه‌نگاندن,تقييم,ḧelsengandun
valuation,bihakirin,بھاكرن,تقييم,buḧakrun
breed,jidayik dibit,ژدایك دبیت,تكاثر,zhudayk dubut
condensation,çirr bûn,چڕ بوون,تكاثف,churr bûn
magnify,amîrê mezinkirinê,ئامیرێ مەزنکرنێ,تكبير,ameerê mezunkrunê
magnify,dirêj kirin,درێژ کرن,تكبير,durêzh krun
magnify,vepejilandin,ڤه‌په‌ژلاندن,تكبير,vepezhulandun
zoom in,nêzîk kirin,نێزیک کرن,تكبير,nêzeek krun
intensify,tund diket,توند دكەت,تكثيف,tund duket
intensify,xurt kirin,خورت کرن,تكثيف,xurt krun
intensify,şarandin,شاراندن,تكثيف,sharandun
intensify,gurr kirin,گوڕ کرن,تكثيف,gurr krun
jammed,asê bû,عاسێ بوو,تكدست,asê bû
frequency,"frekans, dubaretî",فره‌کانس، دوباره‌تی,تكرر,"frekans, dubaretee"
frequency,lere,له‌ره‌,تكرر,lere
dedicating,terixankirin,ته‌رخانکرن,تكريس,terxankrun
devote,terxan kirin,ته‌رخان کرن,تكريس,terxan krun
costly,biha,بها,تكلفة,"buḧa , granbuḧa"
costly,granbiha,گرانبها,تكلفة,"buḧa , granbuḧa"
spoke,axift,ئاخفت,تكلم,axuft
complement,pirker,پرکه‌ر,تكملة,purker
complement,temamker,ته‌مامکه‌ر,تكملة,temamker
supplementary,hevpişit,هه‌ڤپشت,تكميلي,ḧevpushut
foretell,pêşbînî,پێشبینی,تكهن,pêshbeenee
be compassionate,dil nêzîk bîn,دل نێزیك بین,تكون رحيمة,dul nêzeek been
barren,xirş,خرش,تكون عاقرا,xurshee bûn
be barren,xirşî bûn,خرشی بوون,تكون عاقرا,xurshee bûn
be amazed,ḧêbetî man,حێبەتی مان,تكون عن دھشتھا,ḧêbetee man
be amazed,guhişîn,گوھشین,تكون عن دھشتھا,guḧusheen
be married,şî bi êk û dû kirin,شی ب ئێک و دوو کرن,تكون متزوجة,shee bu êk û dû krun
be inspired by (someone),bêhina~bîn,بێھنا~بین,تكون مستوحاة من (شخص),bêḧuna~been
be known,diyar bîn,دیار بین,تكون معروفة,duyar been
be suitable,kêr hatin,کێر ھاتن,تكون مناسبة,kêr ḧatun
adapt,guncand,گونجاند,تكيف,gunjand
hill,gir,گر,تل,gur
mound,dora,گر، دۆرا,تل,dora
click,pê lê kirin,پێ لێ کرن,تلائم,dabesh
click,tikandin,تکاندن,تلائم,dabesh
click,klîk kirin,کلیک کرن,تلائم,dabesh
fade,werya,وەریا,تلاشى,werya
vanish,pûç bûn,پووچ بوون,تلاشى,pûch bûn
vanish,winda bûn,وندا بوون,تلاشى,wunda bûn
juggle,dxapînt,دخاپینت,تلاعب,dxapeent
tamper,çewt kirin,چه‌وت کرن,تلاعب \ عبث,chewt krun
tamper,fêl fiştik kirin,فێل فشتک کرن,تلاعب \ عبث,fêl fushtuk krun
tamper,guhartin,گوهارتن,تلاعب \ عبث,guḧartun
give birth,biçîk bîn,بچیک بین,تلد,bucheek been
obligate,neçar,نه‌چار,تلزم,pêgeeruyê pê krun
receive a letter,nameyek wergirtin,نامه‌یه‌ک وه‌رگرتن,تلقي بريد إلكتروني,nameyek wergurtun
Those are mine,yêt minin,یێت منن,تلك هي الألغام,yêt munun
touch your nose,difina xo nîşanike,دفنا خۆ نیشانکە,تلمس أنفك,dufuna xo neeshanuke
hint,nîşan,نیشان,تلميح,neeshan
pupil,qutabî,قوتابى,تلميذ,qutabee
eye pupil,bîbîka çavî,بیبیكا چاڤى,تلميذ العين,beebeeka chavee
contaminate,qirêj kirin,قرێژ کرن,تلوث,qurêzh krun
pollute,"lewtandin, pîs kirin",له‌وتاندن، پیس کرن,تلوث,"lewtandun, pees krun"
stirred,têkhejiyayî,تێکهه‌ژیایی,تم التقليب,têkḧezhuyayee
toilet is blocked,dast şu ya asê bwî,داست شو یا ئاسێ بوی,تم حظر المرحاض,dast shu ya asê bwee
My house is moved to duhok,min mala xo bre dihukê,من مالا خۆ برە دھوکێ,تم نقل بيتي لدھوك,mun mala xo bre duḧukê
exercises,rahênanên,راهێنانێن,تمارين,raḧênanên
altogether,têkira,تێکرا,تماما,têkra
altogether,hemî pêkve,ھەمی پێکڤە,تماما,ḧemee pêkve
fairly,bi eşkereyî,ب ئه‌شکه‌رەیی,تماما,"bu dadmendee, bu eshkereyee"
fairly,bi dadperwerî,ب دادپه‌روه‌ری,تماما,"bu dadmendee, bu eshkereyee"
fairly,bi dadmendî,ب دادمه‌ندی,تماما,"bu dadmendee, bu eshkereyee"
fairly,dadperwerane,دادپه‌روه‌رانه‌,تماما,"bu dadmendee, bu eshkereyee"
quite,teqrîben pirr,ته‌قریبه‌ن پڕ,تماما,temame
quite,teqrîben gelek,ته‌قریبه‌ن گه‌له‌ک,تماما,temame
squiggle,nivîsîna kurt û alandî,نڤیسینا کورت و ئالاندی,تمايل,nuveeseena krt û alandee
statue,peyker,پەیكەر,تمثال,"teemtḧal , peyker"
statue,tîmthal,تیمثال,تمثال,"teemtḧal , peyker"
Statue of liberty,tîmthalî azadî,تیمثالی ئازادی,تمثال الحرية,teemtḧalee azadee
extend,drêj kirin,درێژ کرن,تمديد,"drêzh krun , rakshandun"
extend,rakşandin,راکشاندن,تمديد,"drêzh krun , rakshandun"
extension,dirêjkirin,درێژكرن,تمديد,durêzhkrun
extension (time),timdîd,تمدید,تمديد (الوقت),tumdeed
insurgency,"serhildan, isyan",سه‌رهلدان، ئسیان,تمرد,"serḧuldan, usyan"
insurrection,têkdan,تێکدان,تمرد,serḧuldan
insurrection,serxwerabûn,سه‌رخوه‌رابوون,تمرد,serxwerabûn
insurrection,serhildan,سه‌رهلدان,تمرد,serḧuldan
rebellion,raperîn,ڕاپه‌رین,تمرد,rapereen
rebellion,nerazîbûn,نه‌رازیبوون,تمرد,nerazeebûn
rebellion,yaxîbûn,یاخیبوون,تمرد,yaxeebûn
centralize,merkezî kirin,مه‌رکه‌زی کرن,تمركز,merkezee krun
centralize,navendî kirin,ناڤه‌ندی کرن,تمركز,navendee krun
nursing,"pêşeya brîn pêçî , miqatî",پێشەیا برین پێچى ، مقاتی,تمريض,"pêsheya breen pêchee , muqatee"
committee,rundik,روندك,تمزق,runduk
committee,"lijin , lêjin",لژن ، لێژن,تمزق,"luzhun , lêzhun"
tear,rundik,روندك,تمزق,runduk
torn,şeq,شه‌ق,تمزقها,leven
sledge,xilîşank,خلیشانک,تمزلج,xuleeshank
sledge,kaşik,کاشک,تمزلج,kashuk
crocodile,tîmsaḧ,تیمساح,تمساح,teemsaḧ
alligator,tîmsaḧ,تیمساح,تمساح إستوائي,teemsaḧ
fill up!,"tjîkirin , dagirtin",تژیکرن ، داگرتن,تملأ,"tzheekrun , dagurtun"
possess,xudan dibit,خودان دبیت,تملك,xudan dubut
July,"tîrme‌‌‌h, meha 7ê",تیرمه‌‌‌‌ھ، مه‌ها ۷ئێ,تموز,"teerme‌‌‌ḧ, meḧa 7ê"
July,heyiva ḧeft,ھەیڤا حەفت,تموز,ḧeyuva ḧeft
finance,darayî,دارایى,تمويل,darayee
distinguish,vavartin,ڤاڤارتن,تميز,vavartun
distinguish,vavarît,ڤاڤاریت,تميز,vavareet
concession,tawîz,تاویز,تنازل,jḧaz
concession,destwîrî,ده‌ستویری,تنازل,jḧaz
renounce,înikar kirin,ئینکار کرن,تنازل,eenukar krun
renounce,derxistin,ده‌رخستن,تنازل,derxustun
fit,bi kêr hatin,ب کێر هاتن,تناسب,bu kêr ḧatun
fit,bikêrhatî,بکێرهاتی,تناسب,gunjav
fit,guncav,گونجاڤ,تناسب,gunjav
contend,tê koşîn,تێ کۆشین,تنافس,"tê kosheen, lebukeen, xebuteen"
contend,xebitîn,خه‌بتین,تنافس,"tê kosheen, lebukeen, xebuteen"
contend,lebikîn,له‌بکین,تنافس,"tê kosheen, lebukeen, xebuteen"
discuss,beḧs kirin,بەحس کرن,تناقش,"gotûbêzh krun, suḧbet krun"
discuss,suhbet kirin,سوهبه‌ت کرن,تناقش,"gotûbêzh krun, suḧbet krun"
discuss,"gengeşe diket , berhevdan diket",گەنگەشە دكەت ، بەرھەڤدان دکەت,تناقش,"gengeshe duket , berḧevdan duket"
discuss,gotûbêj kirin,گۆتووبێژ کرن,تناقش,"gotûbêzh krun, suḧbet krun"
discuss,minaqişe ket,مناقشە کەت,تناقش,munaqushe ket
contradiction,dijdarî,دژداری,تناقض,duzhdaree
contradiction,naqok,ناقۆک,تناقض,ḧer jar
contradiction,nakokî,ناکۆکی,تناقض,nakokee
contradiction,nesazî,نه‌سازی,تناقض,nesazee
rotate,zivirîn,زڤرین,تناوب,gerandun
rotate,gerandin,گەراندن,تناوب,gerandun
foretold,pêşbînî,پێشبینی,تنبأ,pêshbeenee
prophesy,pêxemberatî kirin,پێخەمبەراتی کرن,تنبأ,pêxemberatee krun
prophesy,vegutin,ڤەگوتن,تنبأ,vegutun
predict,berbînî diket,بەربینى دكەت,تنبؤ,berbeenee duket
prediction,pêşbînîkirin,پێشبینیکرن,تنبؤ,pêshbeeneekrun
grow out,dirêj kirin,درێژ کرن,تنبثق,durêzh krun
belong,dizivirîte,دزڤریتە,تنتمي,duzuvureete
succeed,serikevît,سەرکەڤیت,تنجح,serukeveet
erupt,teqîn,ته‌قین,تندلع,deng
erupt,revîn,ڕه‌ڤین,تندلع,deng
picnic,"geşit , seyiran",گەشت ، سەیران,تنزھ,"geshut , seyuran"
download (computer),dagirtin,داگرتن,تنزيل (كمبيوتر),dagurtun
download (computer),dawnlud,داونلود,تنزيل (كمبيوتر),dawnlud
coordinate,dan wstandin hebît,دان وستاندن ھەبیت,تنسيق,dan wstandun ḧebeet
organize,rêkxistin,رێکخستن,تنظم,rêkxustun
organize,rexisandin,ڕه‌خساندن,تنظم,rexusandun
organize,saz kirin,ساز کرن,تنظم,"saz krun, bu jḧ aneen"
gastroscopy,gastroskopî,گاسترۆسکۆپی,تنظير المعدة,gastroskopee
regulate,birêkûpêk kirin,برێکووپێک کرن,تنظيم,rêzkrun
regulate,li hev anîn,ل هه‌ڤ ئانین,تنظيم,rêzkrun
breath,bêhin,بێھن,تنفس,"bêḧun , nefes"
breath,nefes,نەفەس,تنفس,"bêḧun , nefes"
breath,henase,هه‌ناسه‌,تنفس,ḧenase
breathing,bêhna xo helkêşan,بێهنا خۆ هه‌لکێشان,تنفس,bêḧna xo ḧelkêshan
breathing,henase,هه‌ناسه‌,تنفس,ḧenase
respiration,bêhingirtin,بێهنگرتن,تنفس,bêḧungurtun
respiration,nefes,نه‌فه‌س,تنفس,nefes
respiration,henase,هه‌ناسه‌,تنفس,ḧenase
respiratory,amîrê henase,ئامیرێ هه‌ناسه‌,تنفسي,ameerê ḧenase
ventilator,amîrê henase,ئامیرێ هه‌ناسه‌,تنفسي,ameerê ḧenase
ventilator to cope,amîrê henase,ئامیرێ هه‌ناسه‌,تنفسي,ameerê ḧenase
execution,encamdan,ئه‌نجامدان,تنفيذ,enjamdan
execution,bicihanîn,بجهانین,تنفيذ,bujḧaneen
execution,pêkanîn,پێکانین,تنفيذ,pêkaneen
implement,amûr,ئاموور,تنفيذ,amûr
implement,amîret,ئامیرەت,تنفيذ,ameeret
implement,cêbecêkirin,جێبه‌جێکرن,تنفيذ,jêbejêkrun
break into pieces,pirt kirin,پرت کرن,تنقسم إلى قطع,ḧeraret
expire,pûç bûn,پووچ بوون,تنقضي,pûch bûn
expire,rînşitin,دە‌م بسە‌رچویى,تنقضي,reenshutun
purification,bijîn kirin,بژین کرن,تنقية,buzheen krun
purification,tafîlkirin,تافیلکرن,تنقية,tafeelkrun
purification,sepîkirin,سه‌پیکرن,تنقية,sepeekrun
disclaim,"mandele kirin, nepejrandin",مانده‌له‌ کرن، نه‌په‌ژراندن,تنكر,"mandele krun, nepezhrandun"
degeneration,rizîn,ڕزین,تنكس,dereje
degeneration,genîbûn,گه‌نیبوون,تنكس,dereje
grow,şîn dibît,شین دبیت,تنمو,sheen dubeet
grow,şîn kirin,شین کرن,تنمو,sheen krun
grow,geşê kirin,گه‌شێ کرن,تنمو,geshê krun
grow,"mezin bûn , mezin kirin",مه‌زن بوون ، مه‌زن کرن,تنمو,"mezn bûn , mezn krun"
development,pêş êxistin,پێشئێخستن,تنمية,pêsh êxustun
sigh,axîn,ئاخین,تنهد,ḧestê chavee
skirt,berzile,به‌رزله‌,تنورة,berzule
skirt,tenure,تەنورە,تنورة,tenure
skirt,daman,دامان,تنورة,daman
diversity,cihêtî,جهێتی,تنوع,jḧêtee
diversity,cihêrengî,جهێره‌نگی,تنوع,jḧêrengee
diversity,cudatî,جوداتی,تنوع,jdatee
diversity,ferqî,فه‌رقی,تنوع,ferqee
diversify,hemecor kirin,هه‌مه‌جۆر کرن,تنويع,parche
notice,pê hesîn,پێ هه‌سین,تنويه,ḧest pê krun
dragon,ejideha,ئەژدەها,تنين,ezhudeḧa
dragon,ziya,زیا,تنين,zuya
displace,aware kirin,ئاواره‌ کرن,تهجير,aware krun
displace,derbider kirin,ده‌ربده‌ر کرن,تهجير,derbuder krun
subside,bin ketin,بن که‌تن,تهدأ,zundan krun
discipline,terbiye kirin,ته‌ربیه‌ کرن,تهذيب,tembee krun
discipline,terbiyet,ته‌ربیه‌ت,تهذيب,tembee krun
discipline,tembî kirin,ته‌مبی کرن,تهذيب,tembee krun
discipline,"rêzkarî, dîsîplîn",رێزکاری، دیسیپلین,تهذيب,"rêzkaree, deeseepleen"
menace,gef diket,گەف دكەت,تھديد,gef duket
smuggle,qeçaẍ,قەچاغ,تھريب,qejaẍ
charge,daxazdiket,داخازدكەت,تھمة,daxazduket
twin,cêwî,جێوی,توأمان,jêwee
twins,cêmik,جێمك,توأمان,jêmuk
spices,biharat,بھارات,توابل,buḧarat
continue,berdewam bûn,به‌رده‌وام بوون,تواصل,berdewam dubut
humility,dilinizim,دلنزم,تواضع,dulunuzum
modesty,bê fêzî tî,بێ فێزى تى,تواضع,bê fêzee tee
collusion,peymana neqanûnî,په‌یمانا نه‌قانوونی,تواطؤ,peymana neqanûnee
agree,pêk hatin,پێك ھاتن,توافق,pêk ḧatun
agree,rêkeftin,ڕێکه‌فتن,توافق,"lu ḧev krun, ḧevbeer bûn"
agree,li hev kirin,ل هه‌ڤ کرن,توافق,"lu ḧev krun, ḧevbeer bûn"
agree,hevbîr bûn,هه‌ڤبیر بوون,توافق,"lu ḧev krun, ḧevbeer bûn"
topaz,yaqutê zer,یاقوتێ زەر,توباز,yaqutê zer
repentance,tobe,تۆبه‌,توبة,"tobe, luxwezvreen"
repentance,lixwezvrîn,لخوه‌زڤرین,توبة,"tobe, luxwezvreen"
rebuke,paşve birin,پاشڤه‌ برن,توبيخ,pashvebrun
rebuke,lê heytandin,لێ هه‌یتاندن,توبيخ,lê ḧeytandun
rebuke,heytandin,هه‌یتاندن,توبيخ,ḧeytandun
mulberry,tîy,تیى,توت,teey
tension,aluzbun,ئالوزبون,توتر,aluzbun
tension,grijî,گرژی,توتر,gruzhee
directed,arastekrd,ئاراستەکرد,توجه,arastekrd
guidance,belge,بەلگە,توجيھ,belge
orient,rujhelat,روژھەلات,توجيھ,ruzhḧelat
courtship,gazî evînê diken,گازی ئه‌ڤینێ دکه‌ن,تودد,gazee eveenê duken
swelling,warim,وارم,تورم,warum
allocation,terxankarî,ته‌رخانکاری,توزيع,terxankaree
distributioin,dabeşkirin,دابەشکرن,توزيع,dabeshkrun
mediate,navî diket,ناڤى دكەت,توسط,navee duket
implore,daxwaz kirin,داخواز کرن,توسل,daxwaz krun
implore,ser lê dan,سه‌ر لێ دان,توسل,ser lê dan
expansion,"radan , kişan , frehbûn",ڕادان ، کشان ، فره‌هبوون,توسيع,"radan , kshan , freḧbûn"
commendation,pesendkirin,په‌سه‌ندکرن,توصية,pesendkrun
recommendation,pesandkirin,په‌ساندکرن,توصية,pesandkrun
illustrate,"ravekirin, xemilandin,",ڕاڤه‌کرن، خه‌ملاندن،,توضيح,"ravekrun, xemulandun,"
illustrate,nimûne kirin,نموونه‌ کرن,توضيح,numûne krun
illustration,xemilkirin,خەملكرن,توضيح,xemulkrun
employment,tayîn,تایین,توظيف,bukar xustuna temam
employment,tayînkirin,تایینکرن,توظيف,bukar xustuna temam
providing,bi mercekê,ب مەرجەكێ,توفير,bu merjekê
providing,dabînkirin,دابینکرن,توفير,dabeenkrun
reconcile,aşit bûn,ئاشت بوون,توفيق,ashut bûn
reconcile,razî kirin,ڕازی کرن,توفيق,razee krun
reconcile,li hev anîn,ل هه‌ڤ ئانین,توفيق,lu ḧev aneen
reconcile,haş kirin,هاش کرن,توفيق,ḧash krun
anticipate,payîn,پایین,توقع,payeen
anticipate,çavê wî yê li,چاڤێ وى یێ ل,توقع,chavê wee yê lu
anticipate,li bendê man,ل به‌ندێ مان,توقع,lu bendê man
anticipate,hîvî kirin,هیڤی کرن,توقع,ḧeevee krun
anticipation,pêşbînî kirin,پێشبینى كرن,توقع,pêshbeenee krun
anticipation,li ber bûn,ل به‌ر بوون,توقع,pêshbeenee krun
anticipation,liberbûn,لبه‌ربوون,توقع,pêshbeenee krun
expect,pêşbînîkirin,پێشبینیکرن,توقع,pêshbeeneekrun
expectation,pêşbînîkirin,پێشبینیکرن,توقع,pêshbeeneekrun
outlook,helwîst,ھەلویست,توقعات,ḧelweest
stop,rawste,راوەستە,توقف,rawste
stop,sekinîn,سه‌کنین,توقف,sekneen
stop (sign),raweste pêşiya burînê bide,راوەستە پێشیا بورینێ بدە,توقف,raweste pêshuya bureenê bude
stop please!,bi sakîne,ب ساکینە,توقف,bu sakeene
stop!,bi sekina,ب سه‌کنا,توقف,bu sekna
Stop or I will shoot,raweste yan dê te kujim,ڕاوەستە یان دێ تە كوژم,توقف أو سوف اطلق النار,raweste yan dê te kzhum
respiratory arrest,girtina nefesê,گرتنا نه‌فه‌سێ,توقف التنفس,ameerê ḧenase
cardiac arrest,dil rawestan,دل ڕاوه‌ستان,توقف القلب,dul rawestan
Stop here,li vêrê rawste,ل ڤێرێ راوەستە,توقف ھنا,lu vêrê rawste
timing,"tuqît , demgirtin",توقیت ، دەمگرتن,توقيت,"tuqeet , demgurtun"
signature,îmza,ئیمزا,توقيع,eemza
signature,tewqî',تەوقیع,توقيع,tewqee'
parent's signature,wajûya semiyanî,واژوویا سه‌میانی,توقيع ولي الامر,wazhûya semuyanee
take over,werigirîtina desthelatî,وەرگریتنا دەستھەلاتی,تولي,werugureetuna destḧelatee
generation,berebab,به‌ره‌باب,توليد,berebab
generation,dwîndeh,دویندەھ,توليد,dweendeḧ
generation,nifişî,نفشی,توليد,nufushee
tuna,tune,تونە,تونة,tune
Tunisia,tunis,تونس,تونس,tunus
glow,çirûsk,چرووسک,توهج,churûsk
glow,"rivîn, çirûsk",ڕڤین، چرووسک,توهج,"ruveen, churûsk"
glow,"geşbûn, geşî",گه‌شبوون، گه‌شی,توهج,"geshbûn, geshee"
fig,hizîr,ھزیر,تين,ḧuzeer
w,pîta bîst û sêyê,پیتا بیست و سێیێ,ث,peeta beest û sêyê
avenge,tol vekirin,تۆل ڤه‌کرن,ثأر,tol vekrun
consistent,hevgirtî,هەڤگرتی,ثابتة,ḧevgurtee
persevere,bizav diket,بزاڤ دکەت,ثابر,buzav duket
persist,berdewam diket,بەردەوام دكەت,ثابر,berdewam duket
third,siyêem,سیێەم,ثالث,suyêem
eighth,heşitem,ھەشتەم,ثامن,ḧeshutem
secondary,navincî,ناڤنجى,ثانوي,navunjee
second (series),duwê,دووێ,ثانيا,duwê
again,carek dî,جارەك دى,ثانية,jarek dee
again,"dîsa , ve",دیسا ، ڤە,ثانية,"deesa , ve"
one second,êk çirke,ئێك چرکە,ثانية واحدة,êk churke
fortitude,egîdî,ئه‌گیدی,ثبات,egeedee
fortitude,qehremanî,قه‌هره‌مانی,ثبات,qeḧremanee
breast,sîng,سینگ,ثدي,seeng
talkative,pirbêj,پربێژ,ثرثار,purbêzh
chatter,"pitepit, galgal",پته‌پت، گالگال,ثرثرة,"puteput, galgal"
fortune,bext,بەخت,ثروة,bext
fortune,çarenivîs,چاره‌نڤیس,ثروة,bext
fortune,qeder,قه‌ده‌ر,ثروة,bext
wealth,dewlemendî,دەولەمەندی,ثروة,dewlemendee
wealth,saman,سامان,ثروة,saman
wealthy,zengîn,زه‌نگین,ثري,zengeen
snake,mar,مار,ثعبان,mar
fox,rîvî,ریڤی,ثعلب,reevee
culture,tore,تۆره‌,ثقافة,rewshenbeeree
culture,çande,چانده‌,ثقافة,rewshenbeeree
culture,rewşenbîrî,رەوشەنبیری,ثقافة,rewshenbeeree
culture,kaltur,کالتور,ثقافة,rewshenbeeree
culture,kultûr,کولتوور,ثقافة,rewshenbeeree
hole,qul,قول,ثقب,qul
pierce,tê re çûn,تێ ڕه‌ چوون,ثقب,tê re chûn
pierce,rim lê dan,ڕم لێ دان,ثقب,kn krun
pierce,simtin,سمتن,ثقب,sumtun
pierce,kun kirin,کون کرن,ثقب,kn krun
black hole,çalereş,چاله‌ره‌ش,ثقب أسود,chaleresh
hole in the heart,dengê dilî yê kêm,ده‌نگێ دلی یێ کێم,ثقب في القلب,dengê dulee yê kêm
trust,bawerî pê diket,باوەری پێ دکەت,ثقة,"mutumane , baweree pê duket"
trust,pêbawerî,پێباوه‌ری,ثقة,pêbaweree
trust,mitimane,متمانە,ثقة,"mutumane , baweree pê duket"
heavy,sengîn,سه‌نگین,ثقيل,kran
heavy,giran,گران,ثقيل,kran
3,sê,٣ ، سێ,ثلاثة,sê
three,sê,سێ,ثلاثة,sê
"3,250",sê hezar dû sad û pêncî,٣٢٥٠ ، سێ ھەزار دوو ساد و پێنجی,ثلاثة آلاف و مائتان و خمسون,ḧezar
triple,sê carikî,سێ جاركى,ثلاثة أضعاف,sê jarukee
13,sêzde,١٣ ، سێزدە,ثلاثة عشر,sêzde
thirteen,sêzde,سێزدە,ثلاثة عشر,sêzde
30,sîh,٣٠ ، سیھ,ثلاثون,seeḧ
thirty,sîh,سیھ,ثلاثون,seeḧ
3D,3-rehendî,۳-ره‌هه‌ندی,ثلاثي الأبعاد,gurê
three-dimensional,3-rehendî,۳-ره‌هه‌ندی,ثلاثي الأبعاد,gurê
three-dimensional,sê-alî,سێ-ئالی,ثلاثي الأبعاد,gurê
a third,"êk ser sê , sêyek",ئێك سەر سێ ، سێیەك,ثلث,"êk ser sê , sêyek"
one-third,êk ser sê,ئێك سەر سێ,ثلث,"êk ser sê , sêyek"
one-third,sêyek,سێیەك,ثلث,"êk ser sê , sêyek"
snow,berf,به‌رف,ثلج,berf
snow,befir,بەفر,ثلج,befur
then,paşî,پاشى,ثم,pashee
80,heştê,٨٠ ، ھەشتێ,ثمانون,ḧeshtê
eighty,heşitê,ھەشتێ,ثمانون,ḧeshutê
8,heşit,٨ ، ھەشت,ثمانية,ḧeshut
eight,heşit,ھەشت,ثمانية,ḧeshut
18,hejde,١٨ ، ھەژدە,ثمانية عشر,ḧezhde
eighteen,hjide,ھژدە,ثمانية عشر,ḧzhude
fruit of the Spirit,berhemê giyanî,بەرھەمێ گیانی,ثمر الروح,berḧemê guyanee
blackberry,tî,تی,ثمر العليق,tee
precious,binirx,بنرخ,ثمين,"qedurbulund, bunurx"
precious,qedirbilind,قه‌دربلند,ثمين,"qedurbulund, bunurx"
precious,hêja,هێژا,ثمين,ḧêzha
inflect,badidit,باددەت,ثنى,badudut
dissuade,texilandin,ته‌خلاندن,ثني,eylo
dissuade,jê vegerandin,ژێ ڤه‌گه‌راندن,ثني,eylo
bull,ga,گا,ثور,ga
ox,ga,گا,ثور,ga
eruption,jêrevî,ژێره‌ڤی,ثوران,deng
revolt,raperrîn,راپەڕین,ثورة,raperreen
revolt,serhildan,سەرھلدان,ثورة,serḧuldan
revolt,şoreş,شۆرەش,ثورة,shoresh
revolution,raperrîn,راپەڕین,ثورة,raperreen
revolution,serhildan,سەرھلدان,ثورة,serḧuldan
revolution,şoreş,شۆرەش,ثورة,shoresh
garlic,sîr,سیر,ثوم,seer
apparel,cil,جل,ثياب,ḧesab
oxen,gareş,گارەش,ثيران,garesh
kurdish letter 06 (“j” sound),c,ج,ج,j
permissible,ḧelal,حەلال,جائز,ḧelal
award,xelat,خه‌لات,جائزة,xelat
prize,xelat,خەلات,جائزة,xelat
Nobel Prize,xelatên nobil,خەلاتێن نۆبل,جائزة نوبل,xelatên nobul
hungry,brisî,برسى,جائع,brusee
attraction,dilkêşî,دلکێشی,جاذبية,serunjrakêshan
attraction,dilniwazî,دلنوازی,جاذبية,serunjrakêshan
attraction,serincrakêşan,سەرنجراکێشان,جاذبية,serunjrakêshan
drawer,berkêşik,به‌رکێشک,جارور,shesh
dry,ḧişk,حشك,جاف,ḧushk
dry,ziwa,زوا,جاف,zuḧa krun
dry,zuha,زوها,جاف,zuḧa
dry,zuha kirin,زوها كرن,جاف,zuḧa krun
rigid,req bûn,ڕه‌ق بوون,جامد,sert
rigid,sert,سەرت,جامد,sert
rigid,qersî,قه‌رسی,جامد,sert
garbage collector,zebal,زەبال,جامع القمامة,zebal
university,cam'e,جامعه‌,جامعة,jam'e
university,zanko,زانکۆ,جامعة,zanko
buffalo,gamêş,گامێش,جاموس,gamêsh
aspect,seruber,سەروبەر,جانب,seruber
side,alî,ئالی,جانب,alee
side,teref,ته‌ره‌ف,جانب,teref
side,"deyinît layekê , la",دەینیت لایەکێ ، لا,جانب,"deyuneet layekê , la"
side,rex,رەخ,جانب,rex
side of table,"layê mêzî , rexê mêzî",لایێ مێزی ، رەخێ مێزی,جانب من طاولة,"layê mêzee , rexê mêzee"
aside,avarê,ئاڤارێ,جانبا,avarê
aside,varê,ڤارێ,جانبا,varê
aside,veder,ڤه‌ده‌ر,جانبا,veder
lateral,rexekî,رەخەكى,جانبي,rexekee
ready,amade,ئاماده‌,جاهز,amade
ready,berhev,به‌رهه‌ڤ,جاهز,berḧev
ready,hazir,هازر,جاهز,ḧazur
ignorant,nezanîn,نەزانین,جاھل,nezaneen
coward,tirisinuk,ترسنوك,جبان,turusunuk
cowardly,"tirsinok, ne wêrek",ترسنۆک، نه‌ وێره‌ک,جبان,"tursunok, ne wêrek"
Gabriel,cibraîl,جبرایل,جبريل,jbraeel
mount,swardibit,سواردبیت,جبل,swardubut
mountain,çiya,چیا,جبل,chuya
snowy mountain,sîpan,سیپان,جبل مثلج,seepan
cheese,penîr,پەنیر,جبن,peneer
front,ber,بەر,جبھة,ber
front,pêşî,پێشی,جبھة,pêshee
brow,enî,ئەنى,جبين,enee
forehead,"enî, ênî",ئەنی، ئێنی,جبين,"enee, ênee"
corpse,cesed,جه‌سه‌د,جثة,lê ḧeytandun
corpse,cenaze,جه‌نازه‌,جثة,lê ḧeytandun
dead body,terim,ته‌رم,جثة,terum
dead body,cesed,جه‌سه‌د,جثة,lê ḧeytandun
dead body,cenaze,جه‌نازه‌,جثة,jesed
perch,lîs,لیس,جثم,lees
disbelief,çewt hizir,چەوت ھزر,جحود,chewt ḧuzur
grandfather,bapîr,باپیر,جد,bapeer
extremely,bê ḧed,بێ حەد,جدا,bê ḧed
too,jî,ژی,جدا,zhee
very,tijî,تژی,جدا,tuzhee
very,gelek,گەلەك,جدا,gelek
wall,perjan,په‌رژان,جدار,perzhan
wall,diywar,دیوار,جدار,duywar
merit,jêhatin,ژێھاتن,جدارة,zhêḧatun
argument,gengeşe,گەنگەشە,جدال,gengeshe
argument,nakokî,ناکۆکی,جدال,gengeshe
controversy,gengeşe,گەنگەشە,جدال,"gengeshe , ḧevuruk"
controversy,hevirik,ھەڤرك,جدال,"gengeshe , ḧevuruk"
grandmother,dapîr,داپیر,جدة,dapeer
smallpox,cid‌rî,جد‌ری,جدري,jd‌ree
argumentative,"nîqaşker, gengeşîker",نیقاشکه‌ر، گه‌نگه‌شیکه‌ر,جدلي,"neeqashker, gengesheeker"
brook,çemik,چه‌مک,جدول,kr
brook,nihal,نهال,جدول,kr
schedule,"cedwel , nexşe",جەدوەل ، نەخشە,جدول,"jedwel , nexshe"
agenda,kariname,كارنامە,جدول أعمال,karuname
table of contents,seretayî,سەرەتایی,جدول المحتويات,seretayee
earnest,cidî,جدی,جدي,jdee
earnest,jidil,ژدل,جدي,zhudul
serious,cidî,جدی,جدي,jdee
serious,ji dil,ژ دل,جدي,zhu dul
serious,mukim,موكم,جدي,mukm
fresh,terr,ته‌ڕ,جديد,jdeed
fresh,teze,تە‌زە,جديد,teze
fresh,cudîd,جدید,جديد,jdeed
new,nû,نوو,جديد,nû
new,nwî,نوى,جديد,nwee
new,nî,نی,جديد,nee
ludicrous,rûkenî,ڕووکه‌نی,جدير بأن يضحك,knar
trustworthy,bawerdar,باوەردار,جدير بالثقة,"bawerdar , dulsoz"
trustworthy,rastgo,ڕاستگۆ,جدير بالثقة,"rastgo, saduq, wefadar"
trustworthy,sadiq,سادق,جدير بالثقة,"rastgo, saduq, wefadar"
trustworthy,wefadar,وه‌فادار,جدير بالثقة,"rastgo, saduq, wefadar"
noteworthy,şiyan bas,شیان باس,جدير بالملاحظة,shuyan bas
charming,efsun,ئەفسون,جذاب,efsun
charming,balkêş,بالکێش,جذاب,"dulbuzheen, dulḧebeen, balkêsh"
charming,"dilbijîn, dilhebîn",دلبژین، دلهه‌بین,جذاب,"dulbuzheen, dulḧebeen, balkêsh"
fascinating,dil gîrîtin,دل گیریتن,جذاب,dul geereetun
leprosy,kotî,کۆتی,جذام,"kotee, gurruyatee, jzam"
leprosy,"gurriyatî, cuzam",گوڕیاتی، جوزام,جذام,"kotee, gurruyatee, jzam"
leprosy,leş spî,لەش سپی,جذام,lesh spee
attract,cezb kirin,جه‌زب کرن,جذب,serunjê radukêsheet
attract,heyran kirin,هه‌یران کرن,جذب,serunjê radukêsheet
attract,serincê radikêşît,سەرنجێ رادکێشیت,جذب,serunjê radukêsheet
root,binyat,بنیات,جذر,"reḧ, ruḧ, bunyat"
root,"reh, rih",رەھ ، رھ,جذر,"reḧ, ruḧ, bunyat"
root,reg,ڕه‌گ,جذر,reesh
root,rîş,ڕیش,جذر,reesh
root,kok,کۆک,جذر,kok
trunk,"qed, poz, leş",قه‌د، پۆز، له‌ش,جذع,"qed, poz, lesh"
trunk (tree),qurim,قورم,جذع,qurum
roots of a tree,rehên darekê,ڕه‌هێن داره‌کێ,جذور الشجرة,reḧên darekê
tree roots,rehên darekê,ڕه‌هێن داره‌کێ,جذور الشجرة,reḧên darekê
beetroot,silk,سلکان,جذور الشمندر,sulk
surgery,meliyat kirin,عمەلیات کرن,جراحة,meluyat krun
tractor,traktor,تراکتۆر,جرارة,
bulldozer,bildozer,بلدۆزه‌ر,جرافة,
bulldozer,tirimpêla ku erdî rast dike,ترمپێلا کو ئه‌ردی ڕاست دکه‌,جرافة,
cud,xwarina ji zik dîsa rabe,خوارنا ژ زک دیسا ڕابه‌,جرة إجترار,jveen dan
germ,mîkirub,میكروب,جرثومة,meekrub
gash,brînek kwîr,برینەك كویر,جرح,breenek kweer
hurt,êşandin,ئێشاندن,جرح,êshandun
injure,brîndardiket,برینداردكەت,جرح,breendarduket
wound,birîn,برین,جرح,bureen
wounded heart,diljar,دلژار,جرح القلب,dulzhar
wounded heart,dilê birîndar,دلێ بریندار,جرح القلب,dulê bureendar
light wound,selix,سه‌لخ,جرح خفيف,selux
wound of minor,selix,سه‌لخ,جرح خفيف,selux
bell,ceres,جەرەس,جرس,jeres
bell,zengil,زەنگل,جرس,zengul
sweep away,ramalîn,ڕامالین,جرف,muḧasb
puppy,cewirikê sey,جەوركێ سەى,جرو,jewurukê sey
bold,wêrek,وێرەك,جريء,wêrek
grapefruit,sindî,سندی,جريب فروت,sundee
wounded,brîndar,بریندار,جريح,breendar
newspaper,"cerîde , rujiname",جەریدە ، روژنامە,جريدة,"jereede , ruzhuname"
crime,tawan,تاوان,جريمة,tawan
crime,cerîme,جه‌ریمه‌,جريمة,jereeme
crime,cînayet,جینایه‌ت,جريمة,jeenayet
crime,sûc,سووج,جريمة,sûj
offence,kirêtikirin,كرێتكرن,جريمة,krêtukrun
element,"pirt, pirtik",پرت، پرتک,جزء,"purt, purtuk"
element,tuxim,توخم,جزء,tuxum
element,madde,مادده‌,جزء,madde
fraction,beş,بەش,جزء,besh
parcel,bestek,بەستەك,جزء,bestek
part,parçe,پارچە,جزء,parche
part,pişk,پشك,جزء,pushk
part,qist,قست,جزء,qust
part (portion),behir,بەھر,جزء,beḧur
portion,behir,به‌هر,جزء,par
portion,par,پار,جزء,par
portion,pişik,پشک,جزء,pushuk
partial,parçeyî,پارچەیى,جزئي,parcheyee
partly,bi parçekî,ب پارچەكى,جزئيا,bu parchekee
butcher,qesab,قەساب,جزار,qesab
butcher,guşit firuş,گوشت فروش,جزار,gushut furush
butcher sells meats,goşitifroş gostî difroşît,گۆشتفرۆش گۆستی دفرۆشیت,جزار يبيع اللحوم,goshutufrosh gostee dufrosheet
mower,mekînagiyabrînê,مەكیناگیابرینێ,جزازة,mekeenaguyabreenê
carrot,gêzer,گێزەر,جزر,gêzer
gumboots,cizime lastîk,جزمه‌ لاستیک,جزمة,jzume lasteek
island,cezîre,جەزیرە,جزيرة,jezeere
island,gizîrîte,گزیریتە,جزيرة,guzeereete
isle,girav,گراڤ,جزيرة,gurav
isles,giravin,گراڤن,جزيرة,guravun
treasure island,gizîrîta gencînê,گزیریتا گەنجینێ,جزيرة الكنز,guzeereeta genjeenê
embody,emilandin,ئه‌ملاندن,جسد,dufureet
embody,kar pê kirin,کار پێ کرن,جسد,dufureet
bridge,pir,پر,جسر,pur
greed,çav brisatî,چاڤبرساتی,جشع,chav brusatee
plaster,gêç,گێچ,جص,gêch
make,çêkirin,چێکرن,جعل,chêkrun
make,durist kirin,دورست کرن,جعل,durust krun
make,kirin,کرن,جعل,krun
make an agreement,pêk hatin,پێك ھاتن,جعل التوصل إلى اتفاق,pêk ḧatun
make a hole,kun kirin,کون کرن,جعل ثقب,kn krun
make a circle!,xo bikene bazne,خۆ بکەنە بازنە,جعل دائرة.,xo bukene bazne
make two lines!,xo bikene dû rêz,خۆ بکەنە دوو رێز,جعل سطرين.,xo bukene dû rêz
geography,erdnasî,ئه‌ردناسی,جغرافية,erdnasee
geography,cugirafî,جوگرافی,جغرافية,jgurafee
drought,bêavî,بێئاڤی,جفاف,"bêavee, xela, ḧushkesalee"
drought,ziwayî,زوایی,جفاف,"bêavee, xela, ḧushkesalee"
drought,zuhayî,زوهایی,جفاف,zuḧayee
drought,hişkesalî,هشکه‌سالی,جفاف,"bêavee, xela, ḧushkesalee"
dryness,zuhayî,زوهایی,جفاف,zuḧayee
boggle,vecinqî,ڤه‌جنقی,جفل,vejnqee
startle,ciniqandin,جنقاندن,جفل,duturuseent
startle,ciniqîn,جنقین,جفل,duturuseent
alcohol gel,paqijkerê destan,پاقژکه‌رێ ده‌ستان,جل الكحول,paquzhkerê destan
bring,"înan , zfirandin",ئینان ، زفراندن,جلب,"eenan , zfurandun"
peal,tupan davêt,توپان دئاڤێت,جلجلة,tupan davêt
lash,"celide , celidedidit",جەلدە ، جەلدەددەت,جلد,"jelude , jeludedudut"
leather,pîst,پیست,جلد,"peest , kevul"
leather,cilid,جلد,جلد,jlud
leather,çerm,چەرم,جلد,cherm
leather,kevil,کەڤل,جلد,"peest , kevul"
skin,pîst,پیست,جلد الإنسان,peest
skin,tîvil,تیڤل,جلد الإنسان,teevul
skin,cerim,جەرم,جلد الإنسان,jerum
skin,kevil kirin,که‌ڤل کرن,جلد الإنسان,kevul krun
skin (of human),pîst,پیست,جلد الإنسان,peest
skin (of animal),gevilê giyanewerî,گەڤلێ گیانەوەری,جلد الحيوان,gevulê guyaneweree
skin (of thing),tîvil,تیڤل,جلد شيء,teevul
set,bi cih kirin,ب جه کرن,جلس,bu jḧ krun
set,danîn,دانین,جلس,daneen
sat,riwînşit,روینشت,جلسة,ruweenshut
session,riwînşitin,روینشتن,جلسة,ruweenshutun
blood clots,xwîn meyin,خوین مه‌ین,جلطات الدم,plung
icy,cemdî,جه‌مدی,جليدي,jemdee
icy,"qarîsûk , qarsî",قاریسووک ، قارسی,جليدي,"qareesûk , qarsee"
baby-sitter,dayîn,دایین,جليسه اطفال,dayeen
shrimp,rubîyan,روبییان,جمبري,rubeeyan
skull,cumcume,جومجومە,جمجمة,jmjme
skull,hestiyê serî,هەستیێ سەری,جمجمة,ḧestuyê seree
amethyst,yaqutê binefşî,یاقوتێ بنەفشی,جمشت,yaqutê bunefshee
collect,berhevkirin,به‌رهه‌ڤکرن,جمع,berḧevkrun
collect,kumkir,كومكر,جمع,kmkr
gather,civîn,جڤین,جمع,jveen
gather,xirrve kirin,خڕڤه‌ کرن,جمع,xurrve krun
gather,kom bûn,کۆم بوون,جمع,kom bûn
gathering,xirrvekirin,خڕڤه‌کرن,جمع,xurrvekrun
assembly,kumbûn,كومبوون,جمعية,kmbûn
association,kumel,كومەل,جمعية,kmel
camel,cemel,جەمەل,جمل,jemel
camel,ḧêşitir,هێشتر,جمل,ḧêshutur
sentence,riste,رستە,جملة,ruste
audience,temaşevan,ته‌ماشه‌ڤان,جمھور,jmḧur jemawer
audience,cimhur cemawer,جمھور جەماوەر,جمھور,jmḧur jemawer
republic,kumar,كومار,جمھورية,kmar
beautiful,bedew,به‌ده‌و,جميل,jwan
beautiful,ciwan,جوان,جميل,jwan
beautiful,delal,ده‌لال,جميل,speḧee
beautiful,spehî,سپه‌هی,جميل,speḧee
lovely,ciwan,جوان,جميل,jwan
lovely,spehî,سپه‌هی,جميل,speḧee
pretty,taze,تازە,جميل,"jwane, jan, taze"
pretty,can,جان,جميل,"jwane, jan, taze"
pretty,cwane,جوانە,جميل,"jwane, jan, taze"
pretty,delal,ده‌لال,جميل,"delal, speḧee"
pretty,spehî,سپه‌هی,جميل,"delal, speḧee"
pretty and attractive,şox û şeng,شۆخ و شەنگ,جميلة وجذابة,shox û sheng
flank,"kêlek, layen",کێله‌ک، لایه‌ن,جناح,"kêlek, layen"
side of body,kêlek,کێله‌ک,جناح,kêlek
wing,çeng,چەنگ,جناح,cheng
funeral,behî,به‌هی,جنازة,beḧee
funeral,tazî,تازی,جنازة,tazee
funeral,terim,تەرم,جنازة,terum
grasshopper,kulî,كولی,جندب,klee
soldier,esker,ئه‌سکه‌ر,جندي,esker
soldier,cindî,جندی,جندي,jndee
soldier,serbaz,سەرباز,جندي,serbaz
soldier (Arab not kurdish army),askerbî,ئاسکەربی,جندي,askerbee
soldier (Arab not kurdish army),esker,عەسکەر,جندي,esker
soldier (Iraq),cêyiş,جێیش,جندي,jêyush
soldier (Kurdish army),pêşmerige,پێشمەرگە,جندي,pêshmeruge
sex,regez,رەگەز,جنس,regez
sexy,siksî,سكسی,جنسي,suksee
nationality,regezname,ڕه‌گه‌زنامه‌,جنسية,regezname
nationality,netewe,نه‌ته‌وه‌,جنسية,netewe
south,"başur , başûr",باشور ، باشوور,جنوب,"bashur , bashûr"
south,cenûb,جنووب,جنوب,jenûb
South Africa,eferîqayi başur,ئەفەریقای باشور,جنوب أفريقيا,efereeqayu bashur
southwest,başûrî rojava,باشووری ڕۆژاڤا,جنوب غرب,bashûree rozhava
Korea (south),korîya başûr,کۆریا باشوور,جنوب كوريا,koreeya bashûr
madness,dînatî,دیناتى,جنون,deenatee
lunatic,dîn,دین,جنوني,deen
Pound,paund,پاوند,جنيھ,paund
respirator,amîrê henase,ئامیرێ هه‌ناسه‌,جهاز تنفس,ameerê ḧenase
device,amîr,ئامیر,جھاز,ameer
device,cihaz,جهاز,جھاز,jḧaz
device,cîhaz,جیهاز,جھاز,jeeḧaz
hell,cehnem,جەھنەم,جھنم,jeḧnem
hell,dozex,دۆزه‌خ,جھنم,dozex
passport,"pasaport , cewaz",پاساپۆرت ، جەواز,جواز سفر,"pasaport , jewaz"
quality,core,جۆرە,جودة,jore
quality,kalîte,کالیته‌,جودة,kaleete
socks,gure,گورە,جورب,gure
Georgia,corciya,جۆرجیا,جورجيا,jorjya
nuts,çerez,چەرەز,جوز,cherez
coconut,gîza hindê,گیزا ھندێ، جوزا هندێ,جوزة الھند,geeza ḧundê
round,dayre,دایرە,جولة,dayre
round,zfirandin,زفراندن,جولة,zfurandun
round,girover,گرۆڤه‌ر,جولة,dayre
run,bezîn,بەزین,جولة,bezeen
run,ẍardan,غاردان,جولة,ẍardan
tour,geşit,گه‌شت,جولة,"geshut, geryan"
essence,tebî'et,تەبیعەت,جوهر,tebee'et
essence,gewher,گه‌وهه‌ر,جوهر,gewḧer
jewel,gewher,گه‌وهه‌ر,جوهرة,gewḧer
jewel,gewher,گەوھەر,جوھرة,gewḧer
pocket,berîk,به‌ریک,جيب,bereek
pocket,berîkêt cila,بەریكێت جلا,جيب,bereekêt jla
good,baş,باش,جيد,bash
well,baş,باش,جيد,bash
very good,zor başe,زۆر باشە,جيد جدا,zor bashe
very good,gelek baş,گه‌له‌ک باش,جيد جدا,gelek bash
lime,gêç,گێچ,جير,gêch
army,esker,عەسکەر,جيش,"leshker , 'esker"
army,leşker,لەشكەر,جيش,"leshker , 'esker"
jeans,penterunê kabwî,پەنتەرونێ كابوى,جينز,penterunê kabwee
jeans,cînz,جینز,جينز,jeenz
geology,ciyulucî,جیولوجی,جيولوجيا,jyulujee
kurdish letter 07 (“ch” sound),ç,چ,چ,ch
kurdish letter 08 (“ḧ” sound),ḧ,ح,ح,ḧ
pilgrim,ḧecî,حەجى,حاج,ḧejee
eye brow,briwê çava,بروێ چاڤا,حاجب العين,bruwê chava
eyebrow,brî,بری,حاجب العين,bree
need,pêdivîtî,پێدڤیتی,حاجة,pêduveetee
need,pêwîstî,پێویستی,حاجة,pêweestee
need,mihtacî,مهتاجی,حاجة,muḧtajee
need,hewcehî,هه‌وجه‌هی,حاجة,ḧewjeḧee
need (v),pêdivî bûn,پێدڤی بوون,حاجة,pêduvee bûn
need (v),pêwîst bûn,پێویست بوون,حاجة,pêweest bûn
need (v),mihtac bûn,مهتاج بوون,حاجة,muḧtace bûn
need (v),hewce bûn,هه‌وجه‌ بوون,حاجة,ḧewce bûn
acute,tîj,تیژ,حاد,teezh
pointed,tîjkirî,تیژكرى,حاد,teezhkree
sharp,tîji,تیژ,حاد,teezhu
accident,ḧadîthe,حادیثە,حادث,"rueedan , ḧadeetḧe"
accident,ruîdan,رویدان,حادث,"rueedan , ḧadeetḧe"
accident,rûdan,ڕوودان,حادث,"rueedan , ḧadeetḧe"
incident,bûyer,بوویه‌ر,حادث,qewmeen
incident,qeza,قه‌زا,حادث,qewmeen
incident,qewmîn,قەومین,حادث,qewmeen
accident (car),rwîdana tirafîkî,رویدانا ترافیکی,حادث (سيارات),rweedana turafeekee
occurrence,rwîdan,رویدان,حادثة,rweedan
hot,gerim,گەرم,حار,gerum
spicy,tîj,تیژ,حار,teezh
fight,tê koşîn,تێ کۆشین,حارب,sherr krun
fight,şe‌rr,شە‌ڕ,حارب,she‌rr
fight,şerr kirin,شەڕ کرن,حارب,sherr krun
fight,lebikîn,له‌بکین,حارب,sherr krun
bodyguard,ḧeres,حەرەس,حارس,ḧeres
guard,ḧeres,حەرەس,حارس,ḧeres
guard,zêrevan,زێرەڤان,حارس,zêrevan
guard,nubedar,نوبه‌دار,حارس,nubedar
guarding,nubedarî,نوبه‌داری,حارس,nubedaree
keeper,nubedarî,نوبه‌داری,حارس,nubedaree
goalkeeper,golçî,گۆلچی,حارس المرمى,golchee
burner,çavik,چاڤک,حارق,chavuk
burner,şewtandin,شه‌وتاندن,حارق,shewtandun
scorching,"sojek, bi şewat",سۆژه‌ک، ب شه‌وات,حارق,"sozhek, bu shewat"
sense of taste,hestê tam kirinê,ھەستێ تامکرنێ,حاسة التذوق,ḧestê tam krunê
sense of hearing,hestê bihîstinê,ھەستێ بھیستنێ,حاسة السمع,ḧestê buḧeestunê
sense of smell,hestê bêhin kirinê,ھەستێ بێھنکرنێ,حاسة الشم,ḧestê bêḧun krunê
sense of touch,hestê dest lêdanê,ھەستێ دەست لێدانێ,حاسة اللمس,ḧestê dest lêdanê
sense of sight,hestê bînînê,ھەستێ بینینێ,حاسة النظر,ḧestê beeneenê
decisive,biriyardar,بریاردار,حاسم,buruyardar
footnote,têbînî,تێبینی,حاشية,têbeenee
postscript,têbînî,تێبینی,حاشيةحاشية,têbeenee
attendant,berdest,بەردەست,حاضر,berdest
brim,kevî,که‌ڤی,حافة,kevee
edge,kinar,کنار,حافة,knar
edge,la,لا,حافة,la
ledge,selende,سەلەندە,حافة,selende
hoof,sim,سم,حافر,jveen dan
incentive,hander,ھاندەر,حافز,ḧander
spur,arandin,ئاراندن,حافز,arandun
spur,azirandin,ئازراندن,حافز,azurandun
spur,cixirandin,جخراندن,حافز,jxurandun
spur,şarandin,شاراندن,حافز,sharandun
preservative,"parêztin  parêz, parezdar",پارێزتن  پارێز، پاره‌زدار,حافظ,"parêztun  parêz, parezdar"
keep to the right,layê rastê bigire,لایێ راستێ بگرە,حافظ على الحق,layê rastê bugure
bus,pas,پاس,حافلة,pas
bare foot,pêxas,پێخاس,حافي القدمين,pêxas
barefoot,pêxas,پێخاس,حافي القدمين,pêxas
ruler (thing),mestere,مەستەرە,حاكم (الشيء),mestere
case,sinduq,سندوق,حالة,sunduq
case,keys,کەیس,حالة,keys
situation,bar û dux,بار و دوخ,حالة,bar û dux
situation,destûdar,ده‌ستوودار,حالة,"ka û bar, ḧal, destûdar"
situation,rewş,رەوش,حالة,rewsh
situation,ka û bar,کا و بار,حالة,"ka û bar, ḧal, destûdar"
situation,hal,هال,حالة,"ka û bar, ḧal, destûdar"
state,"dewlet , bawdux",دەولەت ، باودوخ,حالة,"dewlet , bawdux"
critical condition,haletên xeternak,هاله‌تێن خه‌ته‌رناک,حالة حرجة,ḧaletên xeternak
emergency,acîl,ئاجیل,حالة طوارئ,ajeel
emergency,tengavî,تەنگاڤی,حالة طوارئ,tengavee
emergency,tewarî,تەواری,حالة طوارئ,tewaree
emergency,hewarhatin,ھەوارھاتن,حالة طوارئ,ḧewarḧatun
currently,niha,نها,حاليا,nuḧa
acid,tiriş,ترش,حامض,turush
gunfire,teqe,ته‌قە,حامض,teqe
sour,tiriş,ترش,حامض,turush
bearer,barkêş,بارکێش,حامل,barḧelgur
bearer,bargir,بارگر,حامل,barḧelgur
bearer,barhelgir,بارهەلگر,حامل,barḧelgur
bearer,hemal,هه‌مال,حامل,barḧelgur
pregnant,avis,ئاڤس,حامل,avus
pregnant,ducan,دوجان,حامل,dujan
pregnant,hemle,هه‌مله‌,حامل,ḧemle
garrison,serbazgeh,سه‌ربازگەھ,حامية,serbazgeḧ
protector,parêzker,پارێزکه‌ر,حامية,parêzker
protector,piştvan,پشتڤان,حامية,pushtvan
protector,piştmêr,پشتمێر,حامية,pushtmêr
protector,peristo,په‌رستۆ,حامية,perusto
protector,pîber,پیبه‌ر,حامية,peeber
tried,ceribandin,جه‌رباندن,حاول,ceribandin
water container,dolkê avê,دۆلکێ ئاڤێ,حاوي المياه,dolkê avê
container,aman,ئامان,حاوية,aman
curiosity,"mereq, mereqdarî",مه‌رەق، مه‌رە‌قداری,حب الاستطلاع,"mereq, mereqdaree"
patriotism,nîşitiman periwer,نیشتمان پەروەر,حب الوطن,neeshutuman peruwer
bubble,"peqîşk , peq",پەقیشك ، پەق,حباب,"peqeeshk , peq"
bubble (soap),kef,كەف,حباب (صابون),kef
sling,derisuk,دەرسوک,حبال,derusuk
bead,mat,مات,حبة,mat
bead,"morî, morik",مۆری، مۆرک,حبة,"moree, moruk"
berry,tut,توت,حبة,tut
pill,"dêndika derimanî , ḧabik",دێندكا دەرمانى ، حابک,حبة دواء,"dênduka derumanee , ḧabuk"
Ink,ḧibir,حبر,حبر,ḧubur
Ink,xame,خامه‌,حبر,xame
Ink,ximav,خماڤ,حبر,xumav
tablet of stone,texteber,ته‌خته‌به‌ر,حبر,ḧubur
imprison,zîndan diket,زیندان دكەت,حبس,zeendan duket
cord,"şwîtik , şirît",شویتک ، شریت,حبل,"shweetuk , shureet"
rope,ḧabil,حابل,حبل,ḧabul
rope,werîs,وەریس,حبل,werees
garbanzo beans,nuk,نوك,حبوب الحمص,nuk
corn,"şamî , genuk",شامی ، گەنوك,حبوب ذرة,"shamee , genuk"
corn,garis,گارس,حبوب ذرة,garus
grain,dexil,دەخل,حبيبات,dexul
grain,"girar , dexiludan",گرار ، دەخلودان,حبيبات,"gurar , dexuludan"
sweetheart,berdil,به‌ردل,حبيبة القلب,berdul
sweetheart,dildar,دلدار,حبيبة القلب,duldar
darling,dildar,دلدار,حبيبي,duldar
imperative,ferimanî,فەرمانى,حتمية,ferumanee
till,heta,ھەتا,حتى,ḧeta
until,heta,ھەتا,حتى,ḧeta
unto,berev,بەرەڤ,حتى,berev
so far,gavê,گاڤێ,حتى الآن,gavê
urge,daxwaz jê kirin,داخواز ژێ کرن,حث,daxwaz zhê krun
urging,hajotin,هاژۆتن,حث,ḧazhotun
urging,handan,هاندان,حث,ḧandan
headscarf,pêçe,پێچه‌,حجاب,"perde, pate"
headscarf,dersok,ده‌رسۆک,حجاب,"perde, pate"
veil,pate,پاته‌,حجاب,"perde, pate"
veil,perde,په‌رده‌,حجاب,"perde, pate"
veil,pûşî,پووشی,حجاب,pûshee
veil,pêçe,پێچه‌,حجاب,"perde, pate"
veil,dersok,ده‌رسۆک,حجاب,"perde, pate"
plea,pelp girîtin,پەلپ گریتن,حجة,pelp gureetun
lap,koş,کۆش,حجر,"ketun , daween"
stone,ber,بەر,حجر,ber
millstone,beraş,به‌راش,حجر الرحى,zeebeq
dice,zar,زار,حجر النرد,zar
stumbling block,egera varêbûn,ئەگەرا ڤارێبوون,حجر عثرة,egera varêbûn
freezer,micemîde,مجەمیدە,حجرة التجميد,mujemeede
classroom,"pol , sef",پۆل ، سه‌ف,حجرة الدراسة,"pol , sef"
pantry,mezelaqîtî,مەزەلاقیتی,حجرة المؤن,mezelaqeetee
bedroom,jura nivistinî,ژورا نڤستنى,حجرة النوم,zhura nuvustunee
bedroom,mezel,مەزەل,حجرة النوم,mezel
confine,dîl kirin,دیل کرن,حجز,deel krun
detain,zindan kirin,زندان کرن,حجز,zundan krun
detain,girtin,گرتن,حجز,gurtun
impound,pawan kirin,پاوان کرن,حجز,pawan krun
impound,zindan kirin,زندان کرن,حجز,zundan krun
reservation,vegirîtî,ڤەگریتی,حجز,vegureetee
seize,zall bûn,زاڵ بوون,حجز,"gurtun, zeft krun"
seize,zeft kirin,زه‌فت کرن,حجز,"gurtun, zeft krun"
seize,standin,ستاندن,حجز,standun
seize,girtin,گرتن,حجز,"gurtun, zeft krun"
bulk,bi piranî,ب پرانی,حجم,"jwane, jan, taze"
magnitude,çendîtî,چەندیتى,حجم,chendeetee
size,qiyas,قیاس,حجم,"ḧejm, meznaḧee, quyas"
size,meznahî,مه‌زناهی,حجم,"ḧejm, meznaḧee, quyas"
size,hecim,هه‌جم,حجم,beḧre
limit,"miḧedede , tuxîb",محەدەدە ، توخیب,حد,"muḧedede , tuxeeb"
novelty,nuyatî,نویاتى,حداثة,nuyatee
blacksmith,asenger,ئاسەنگەر,حداد,asenger
event,cîbîn,جیبین,حدث,jeebeen
determine,briyar didet,بریار ددەت,حدد,bruyar dudet
locate,nşitediket,نشتەدكەت,حدد,nshuteduket
intuition,susekirdin,سوسەكردن,حدس,susekrdun
horse shoe,nalê hespê,نالێ هه‌سپێ,حدوة حصان,jveen dan
horseshoe,nal,نال,حدوة حصان,jveen dan
boundary,sinur,سنور,حدود,sunur
boundary,sinor,سنۆر,حدود,"ḧudûd, sunor"
boundary,hidûd,هدوود,حدود,"ḧudûd, sunor"
frontier,tuxîb,توخیب,حدود,tuxeeb
modern,nu,نو,حديث,nu
talk,axifit,ئاخفت,حديث,axufut
Iron,asin,ئاسن,حديد,asun
Iron,hesin,هه‌سن,حديد,ḧesun
garden,bax,باخ,حديقة,bax
garden,baxçe,باخچە,حديقة,baxche
flower garden,gulîstan,گولیستان,حديقة ازهار,guleestan
vegetable garden,bûstan,بووستان,حديقة الخضروات,bûstan
zoo,baxçê kiyanewera,باخچێ كیانەوەرا,حديقة حيوان,baxchê kyanewera
shoe,pêlav,پێلاڤ,حذاء,pêlav
shoe,şekal,شه‌کال,حذاء,shekal
boot,cezme,جه‌زمه‌,حذاء طويل,jezme
careful,pwîtey,پویته‌ی,حذر,"sexbêr, xemxwer"
careful,"sexbêr, xemxwer",سه‌خبێر، خه‌مخوه‌ر,حذر,"sexbêr, xemxwer"
caution,bergirî,به‌رگری,حذر,ḧushuyaree
caution,haydan,هایدان,حذر,ḧushuyaree
delete,"jê birin, jê bibe",ژێ برن، ژێ ببه‌,حذف,"zhê burun, zhê bube"
delete,"jê dibît , reş diket",ژێ دبیت ، رەش دكەت,حذف,"zhê dubeet , resh duket"
delete,misaḧ kirin,مساح کرن,حذف,"zhê burun, zhê bube"
omit,jê dibit,ژێ دبیت,حذف,zhê dubut
free,azad,ئازاد,حر,azad
free,serbixwe,سه‌ربخوه‌,حر,"serbest , serbuxwe"
free,serbest,سه‌ربه‌ست,حر,"serbest , serbuxwe"
free (time),"betal , vala , ne dagirtî",به‌تال ، ڤالا ، نه‌ داگرتی,حر,"betal , vala , ne dagurtee"
free (without cost),"belaş , herwe , mifit",به‌لاش ، هه‌روه‌ ، مفت,حر,"belash , ḧerwe , mufut"
free (without cost),bêpare,بێپاره‌,حر,bêpare
hypothermal,hîpotermal,هیپۆته‌رمال,حراري,ḧeepotermal
war,şer,شەر,حرب,sher
war of words,şere dev,شەرە دەڤ,حرب كلامية,shere dev
lance,rim,رم,حربة,rum
critical,dijwar,دژوار,حرج,duzhwar
critical,rexinegir,ڕه‌خنه‌گر,حرج,rexunegur
critical,rexineyî,ڕه‌خنه‌یی,حرج,"rexuneyee, kreeteek"
critical,krîtîk,کریتیک,حرج,"rexuneyee, kreeteek"
liberate,rizgardikirin,رزگاردكرن,حرر,ruzgardukrun
instigate,bertîl kirin,به‌رتیل کرن,حرض,jda
character,dewir,دەور,حرف,dewur
character,şexsiyet,شه‌خسیه‌ت,حرف,shexsuyet
character,kesayetî,كەسایەتى,حرف,kesayetee
character,karakter,کاراکته‌ر,حرف,karakter
character,leheng,له‌هه‌نگ,حرف,leḧeng
letter,pît,پیت,حرف,peet
letter,name,نامە,حرف,name
letter,herf,هه‌رف,حرف,ḧerf
preposition,amiraz,ئامراز,حرف جر,amuraz
preposition,daçek,داچه‌ک,حرف جر,dachek
vowel,"pîtên bizwên , pîta bideng",پیتێن بزوێن ، پیتا بدەنگ,حرف متحرك,"peetên buzwên , peeta budeng"
characters (letter),pîtên,پیتێن,حرفا (الرسالة),peetên
craft,sen'et,سەنعەت,حرفة,sen'et
craftsman,sen'etkar,سەنعەتکار,حرفي,sen'etkar
literally,bi pîtî,ب پیتى,حرفيا,bu peetee
burn,"sotin, şewtandin",سۆتن، شه‌وتاندن,حرق,"sotun, shewtandun"
burn,"şewtîn, sujîn",شه‌وتین، سوژین,حرق,"shewteen, suzheen"
burning coal,pel,پەل,حرق الفحم,rezhee
burning coals,pelan,پەلان,حرق الفحم,rezhee
motion,livîn,لڤین,حركة,luveen
movement,tevger,ته‌ڤگه‌ر,حركة,tevger
movement,livîn,لڤین,حركة,luveen
proscribe,qedeẍe diket,قەدەغە دكەت,حرم,qedeẍe duket
freedom,azadî,ئازادی,حرية,azadee
freedom,serbestî,سه‌ربه‌ستی,حرية,serbestee
liberty,serbest,سەربەست,حرية,serbest
silk,ḧerîr,حەریر,حرير,ḧereer
eager,mereqdar,مەرەقدار,حريص,mereqdar
fire,agir,ئاگر,حريق,agur
fire work,yariyên agirî,یاریێن ئاگرى,حريق العمل,yaruyên aguree
wildfire,ḧerîq,حەریق,حريق ھائل,ḧereeq
belt,pêçin,پێچن,حزام,pêchun
belt,şûtik,شووتک,حزام,kemer
belt,qayş,قایش,حزام,qaysh
belt,kemer,که‌مه‌ر,حزام,kemer
belt,navteng,ناڤته‌نگ,حزام,kemer
party,"şahî , ḧefile",شاھى ، حەفلە,حزب,"shaḧee , ḧefule"
party (celebration),"cejin, aheng, neşe",جه‌ژن، ئاهه‌نگ، نه‌شه‌,حزب,"jezhun, aḧeng, neshe"
party (political),"partî, hizib",پارتی، هزب,حزب,"partee, ḧuzub"
political Party,"ḧizib , parîtî , layen",حزب ، پاریتی ، لایەن,حزب سياسي,"ḧuzub , pareetee , layen"
PUK (Kurdish Political Party),êketî,ئێکەتی,حزب سياسي كردي,êketee
bundle,baq,باق,حزمة,baq
bundle,bermil,بەرمل,حزمة,bermul
bundle,guriz,گورز,حزمة,guruz
pack,pêçan,پێچان,حزمة,pêchan
pack,guriz diket,گورز دكەت,حزمة,guruz duket
sheaf,melok,مه‌لۆک,حزمة,melok
sheaf (of grain),kîzî kirin,کیزی کرن,حزمة,keezee krun
grain bundle,gurzê dexlî,گورزێ ده‌خلی,حزمة الحبوب,gurzê dexlee
bundle of grain,gurzê dexlî,گورزێ ده‌خلی,حزمة من الحبوب,gurzê dexlee
grief,xem,خەم,حزن,xem
grief,derd,ده‌رد,حزن,derd
sadness,kuvan,کوڤان,حزن,kvan
sorrow,xem,خەم,حزن,xem
sorrow,kovan,کۆڤان,حزن,xemukee
June,"xizîran, xezîran",خزیران، خه‌زیران,حزيران,"xuzeeran, xezeeran"
June,"heyiva şeş, meha 6ê",ھەیڤا شەش، مه‌ها ۶ئێ,حزيران,"ḧeyuva shesh, meḧa 6ê"
sad,"bi xem , melîl , qehrî",ب خەم ، مەلیل ، قەھری,حزين,"bu xem , meleel , qeḧree"
sad,posîde,پۆسیده‌,حزين,poseede
sad,"xemgîn , ẍembar",خەمگین ، غەمبار,حزين,"xemgeen , ẍembar"
sad,damayi,دامای,حزين,damayu
soup,şurbe,شوربە,حساء,shurbe
vegetable soup,şorbeya şînatî,شۆربه‌یا شیناتی,حساء الخضار,zeruzewat
account,lîsta bara,لیستا بارا,حساب,leesta bara
account,hesab,هه‌ساب,حساب,ḧesab
calculate,ḧasîba xo kirin,حاسیبا خۆ کرن,حساب,ḧaseeba xo krun
calculate,hjimarît,ھژماریت,حساب,ḧzhumareet
sensitive,hesas,حه‌ساس,حساس,ḧesas
sensitive,hestiyar,ھەستیار,حساس,ḧestuyar
allergy,ḧesasî,حەساسی,حساسية,ḧesas
allergy,hesasî,هەساسی,حساسية,ḧesas
reckon,hejmartin,هه‌ژمارتن,حسب,talan krun
envy,çav pê nerabûn,چاڤ پێ نه‌رابوون,حسد,"dul reshee , zuk reshee"
envy,çavpêrranebûn,چاڤپێڕانه‌بوون,حسد,"dul reshee , zuk reshee"
envy,ḧesîdî,حەسیدی,حسد,"ḧeseedee , dul reshee"
envy,dil reşî,دل رەشى,حسد,"dul reshee , zuk reshee"
envy,zik reşî,زكڕەشی,حسد,"dul reshee , zuk reshee"
clench,şidandin,شداندن,حسم,shudandun
hospitality,pêşwazî,پێشوازی,حسن الضيافة,"pêshwazee , mêḧvan daree"
hospitality,mêhvan darî,مێھڤان داری,حسن الضيافة,"pêshwazee , mêḧvan daree"
well-behaved,aql,عاقل,حسن تصرف,aql
OK,"belê , bila",بەلێ ، بلا,حسنا,"belê , bula"
well (health),qenc,قەنج,حسنا (الصحة),qenj
well (water),"bîr , bîraavê",بیر ، بیرائاڤێ,حسنا (ماء),"beer , beeraavê"
well (water),kanî,کانی,حسنا (ماء),kanee
crowd,cemawer,جەماوەر,حشد,jemawer
crowd,gêleşok,گێله‌شۆک,حشد,jemawer
crowded,qerebaliẍ,قەرەبالغ,حشد,qerebaluẍ
insect,"kêz, kêzik",کێز، کێزک,حشرة,"kêz, kêzuk"
insect,mîş,میش,حشرة,meesh
pebble,berik,بەرك,حصاة,beruk
harvest,dirîn,درین,حصاد,dureen
harvest,debir,ده‌بر,حصاد,debur
harvest (from tree),çinîn,چنین,حصاد,chuneen
harvester,paleyê dirwînê,پالەیێ دروینێ,حصاد,lu ḧundavee
reaper,paleyê dirwînê,پالەیێ دروینێ,حصاد,lu ḧundavee
siege,hîsar,حیسار,حصار,ḧeesar
siege,dur mandur girîtin,دور ماندور گریتن,حصار,dur mandur gureetun
siege,"dorlêgirtin, dorpêçkirin",دۆرلێگرتن، دۆرپێچکرن,حصار,"dorlêgurtun, dorpêchkrun"
horse,hesp,ھەسپ,حصان,ḧesp
immunity,îmunîte,ئیمونیته‌,حصانة,eemuneete
immunity,parêzbendî,پارێزبه‌ندی,حصانة,parêzbendee
share,behir,به‌هر,حصة,beḧur
share,beşdarî diket,بەشداری دکەت,حصة,beshdaree duket
share,behira bibet,بەھرا ببەت,حصة,beḧura bubet
share,parve kirin,پارڤه‌ کرن,حصة,parve krun
share,pişdar diket,پشدار دکەت,حصة,pushdar duket
share,dabeş kirin,دابه‌ش کرن,حصة,lêkvekrun
share,lêkvekirin,لێکڤه‌کرن,حصة,lêkvekrun
reap,çinîn,چنین,حصد,chuneen
reap,dirûn,دروون,حصد,durween
reap,dirwîn,دروین,حصد,durween
exclusively,bi xumalî,ب خومالی,حصريا,bu xumalee
got,werigirît,وەرگریت,حصلت,werugureet
I got an idea,hzirek bu min hat(çêbu),ھزرەك بو من ھات(چێبو),حصلت على فكرة,ḧzurek bu mun ḧat(chêbu)
fort,kela,که‌لا,حصن,kela
get cold,tezîn,تەزین,حصول علی شییء بارد,tezeen
mat,ḧîsîlk,حیسیلك,حصيرة,ḧeeseelk
prudent,hişiyarî,ھشیارى,حصيف,ḧushuyaree
outcome,encam,ئه‌نجام,حصيلة,enjamdan
exhort,handan,هاندان,حض,shêwe
civilization,şaristanî,شارستانی,حضارة,sharustanee
nursery,dayînge,دایینگە,حضانة,dayeenge
attend,emade dibit,ئەمادە دبیت,حضر,emade dubut
civilize,diket şaristanî,دکەت شارستانی,حضر,duket sharustanee
nestle,wardiket,واردكەت,حضن,warduket
attending,berdestbûn,به‌رده‌ستبوون,حضور,berdestbûn
attending,hazirbûn,هازربوون,حضور,ḧazurbûn
presence,berdestî,به‌رده‌ستی,حضور,"ḧezeeret, xuzeer, berdestee"
presence,xuzîr,خوزیر,حضور,"ḧezeeret, xuzeer, berdestee"
presence,hebûn,هه‌بوون,حضور,"ḧezeeret, xuzeer, berdestee"
presence,hezîret,هەزیرەت,حضور,"ḧezeeret, xuzeer, berdestee"
wreck,pîç bîn,پیچ بین,حطام سفينة,"peech been , xurab krun"
wreck,xirab kirin,خراب کرن,حطام سفينة,"peech been , xurab krun"
luck,"bext , şenis",بەخت ، شەنس,حظ,"bext , shenus"
bad luck,bê felek,بێ فەلەك,حظ سيء,bê felek
good luck,bextekê baş,بەختەکێ باش,حظا طيبا وفقك الله,"bextekê bash , bo te duxazeen"
good luck,bo te dixazîn,بۆ تە دخازین,حظا طيبا وفقك الله,"bextekê bash , bo te duxazeen"
ban,nahêlit,ناھێلت,حظر,naḧêlut
outlaw,qedeẍe,قەدەغە,حظر,qedeẍe
prohibit,nahêlit,ناھێلت,حظر,naḧêlut
prohibition,nehêlan,نەھێلان,حظر,neḧêlan
curfew,qedeẍeya hatinuçûnê,قەدەغەیا هاتنوچوونێ,حظر التجول,qedeẍeya ḧatunuchûnê
stable (place),gov,گۆڤ,حظيرة,stebul
stall,gov,گۆڤ,حظيرة,stebul
backhoe,ḧefar,حه‌فار,حفار,
digger,ḧefar,حه‌فار,حفار,
excavator,ḧefar,حه‌فار,حفارة,
dig,vekolan,ڤه‌کۆلان,حفر,klan
dig,kolan,کۆلان,حفر,klan
dig,hilkolan,هلکۆلان,حفر,klan
pit,çal,چال,حفرة,chal
pit,kort,کۆرت,حفرة,"derece , paye"
stimulate,arandin,ئاراندن,حفز,arandun
stimulate,azirandin,ئازراندن,حفز,gozukvan
stimulate,şarandin,شاراندن,حفز,sharandun
memorize,ji ber kirin,ژ به‌ر کرن,حفظ,zhu ber krun
save,xlaskirin,خلاسکرن,حفظ,xlaskrun
save,diparêzît,دپارێزیت,حفظ,duparêzeet
save,rizgarbûn,رزگاربوون,حفظ,ruzgarbûn
save,qurtalkirin,قورتالکرن,حفظ,qurtalkrun
save (computer),xezin,خەزن,حفظ (كمبيوتر),xezun
commit to memory,ji ber kirin,ژ به‌ر کرن,حفظ عن ظهر قلب,zhu ber krun
save us!,me qurtal bike!,مە قورتال بكە!,حفظ لنا,me qurtal buke!
engagement ceremony,"nîşenî , guhastin",نیشھ‌نی ، گوھاستن,حفل الخطوبة,"neeshenee , guḧastun"
handful,destik,دەستک,حفنة,destuk
grandson,neviyê kurî,نەڤیێ كورى,حفيد,nevuyê kree
right (to do),berjwendî,بەرژوەندی,حق,"maf , berzhwendee"
right (to do),maf,ماف,حق,"maf , berzhwendee"
really,rastî,راستى,حقا,rastee
truly,"bi rastî, raste",ب ڕاستی، راستە,حقا,"bu rastee, raste"
malice,temahî,تەماھى,حقد,"temaḧee , zuyanxwazee"
malice,ziyanxwazî,زیانخوازی,حقد,"temaḧee , zuyanxwazee"
malice,kîndarî,کینداری,حقد,"temaḧee , zuyanxwazee"
malice,kîn,کین,حقد,"temaḧee , zuyanxwazee"
malice,niyazxirab,نیازخراب,حقد,"temaḧee , zuyanxwazee"
actualize,rast berpê  kirin,ڕاست به‌رپێ  کرن,حقق أمرا,rast berpê  krun
field,aqar,ئاقار,حقل,aqar
field,zevî,زەڤی,حقل,"zevee, stun"
field,stun,ستون,حقل,"zevee, stun"
field,gorepan,گۆره‌پان,حقل,meydan
field,meydan,مه‌یدان,حقل,meydan
ground,gorepan,گۆره‌پان,حقل,meydan
minefield,zeviyamîna,زەڤیامینا,حقل الغام,zevuyameena
magnetic field,biwarî mugnatîsî,بواری موگناتیسی,حقل مغناطيسي,buwaree mugnateesee
inject,derizî didit,دەرزى ددەت,حقن,deruzee dudut
injection,derizî,دەرزى,حقن,deruzee
human rights,mafên mirovî,مافێن مرۆڤی,حقوق الانسان,mafên murovee
student's rights,mafên qutabiyan,مافێن قوتابیان,حقوق الطالب,mafên qutabuyan
bag,çante,چانتە,حقيبة,chante
sack,cihall,جهاڵ,حقيبة,jḧall
sack,çante,چانته‌,حقيبة,chante
leather bag,meşik,مه‌شک,حقيبة جلدية,meshuk
handbag,çentadestî,چەنتادەستى,حقيبة يد,chentadestee
fact,zanyarî,زانیاری,حقيقة,zanyaree
fact,rastî,ڕاستی,حقيقة,rastee
fact,heqîqet,هه‌قیقه‌ت,حقيقة,ḧeqeeqet
truth,dirustikirin,دروستکرن,حقيقة,"rastvekrun , durustukrun"
truth,rastvekirin,راستڤەکرن,حقيقة,"rastvekrun , durustukrun"
truth,rastî,ڕاستی,حقيقة,rastee
truth,heqîqet,هه‌قیقه‌ت,حقيقة,rastee
real,bûnmend,بوونمه‌ند,حقيقي,rastee
real,rastî,راستى,حقيقي,rastee
real,heqîqet,هه‌قیقه‌ت,حقيقي,rastee
real,heyî,هه‌یی,حقيقي,rastee
substantial,gewherî,گه‌وهه‌ری,حقيقي,gewḧeree
genuine,resen,رەسەن,حقيقي. صادق. صميم,"resen, resen, rast"
genuine,rast,ڕاست,حقيقي. صادق. صميم,"resen, resen, rast"
paw,pêyê giyanewerî,پێیێ گیانەوەرى,حك,pêyê guyaneweree
paw,"ling, nig",لنگ، نگ,حك,"lung, nug"
paw,lep,له‌پ,حك,lep
fable,çîrok,چیرۆک,حكاية,serḧatee
fable,serpêhatî,سەرھاتى,حكاية,serḧatee
tale,serhatî,سه‌رپێهاتی,حكاية,serḧatee
tale,serpêhatî,سەرھاتى,حكاية,serḧatee
itch,"xurandin , xurîn",خوراندن ، خورین,حكة,"xurandun , xureen"
judgment,dadwerî,دادوەرى,حكم,dadweree
judgment,dîwanî,دیوانی,حكم,deewanee
referee,dadivan,دادڤان,حكم,daduvan
rule,zal kirin,زال کرن,حكم,zal krun
rule,ferman kirin,فه‌رمان کرن,حكم,ferman krun
rule,"qanûn, rênma",قانوون، ڕێنما,حكم,"qanûn, rênma"
rule,hukim kirin,هوکم کرن,حكم,ḧukm krun
verdict,briyara dadigehê,بریارا دادگەھێ,حكم,bruyara dadugeḧê
autocracy,dîktatorî,دیکتاتۆری,حكم الفرد المطلق,neḧatee
rule over,serwerî ser,سه‌روه‌ری سه‌ر,حكم على,serweree ser
wisdom,aqilmendî,ئاقلمەندی,حكمة,aqulmendee
wisdom,dana,دانا,حكمة,dana
storyteller,çîrokbêj,چیرۆکبێژ,حكواتي,cheerokbêzh
government,ḧikimet,حكمەت,حكومة,ḧukmet
narrate,çîruk dibêjît,چیروك دبێژیت,حكى,cheeruk dubêzheet
provident,dest girîtî,دەست گریتى,حكيم,dest gureetee
wise,aqilmend,ئاقلمەند,حكيم,aqulmend
wise,zana,زانا,حكيم,zana
wise,şareza,شارەزا,حكيم,shareza
resolve,çareser kirin,چاره‌سه‌ر کرن,حل,chareser krun
resolve,hel kirin,هه‌ل کرن,حل,ḧel krun
solution,peydakirina berisivê,پەیداکرنا بەرسڤێ,حل,peydakruna berusuvê
solution,çare,چارە,حل,chare
solution,ḧil,حل,حل,ḧul
solve,çareser kirin,چارەسەر کرن,حل,chareser krun
solve,ḧelidiket,حەلدکەت,حل,ḧeluduket
barber,ḧelaq,حەلاق,حلاق,ḧelaq
barber,serîtiraş,سەریتراش,حلاق,sereeturash
shave,ḧûç kirin,حووچ کرن,حلاقة,geezanê ket
shave,gîzanê ket,گیزانێ کەت,حلاقة,geezanê ket
shave,hûç kirin,هووچ کرن,حلاقة,geezanê ket
snail,şeytanok,شه‌یتانۆک,حلزون,sheytanok
shaving,gîzanê,گیزانێ,حلق,geezanê
throat,"gewirî , ḧefk",گەوری ، حەفک,حلق,"gewuree , ḧefk"
episode,ḧelqe,حەلقە,حلقة,ḧelqe
ring (sound),"zing, dengê zengilan",زنگ، ده‌نگێ زه‌نگلان,حلقة,"zung, dengê zengulan"
ear ring,guharik,گوھارك,حلقة الأذن,"guḧaruk , meymeenuk"
ear ring,meymînik,مەیمینك,حلقة الأذن,"guḧaruk , meymeenuk"
dream,xewn,خەون,حلم,xewn
dream (v),xeunê dibînît,خەونێ دبینیت,حلم (فعل),xeunê dubeeneet
sweet,şirîn,شرین,حلو,"shreen, jan"
milk,şîr,شیر,حليب,sheer
ally,hevbend,هه‌ڤبه‌ند,حليف,ḧev peymanêyu duket
ally,hev peymanêyi diket,ھەڤ پەیمانێى دكەت,حليف,ḧev peymanêyu duket
mother in law,xesî,خەسى,حماة,xesee
ass,ker,كەر,حمار,ker
donkey,ker,کەر,حمار,ker
donkey (female),maker,ماکه‌ر,حمار (انثى),maker
donkey (colt),caneker,جانه‌که‌ر,حمار (كولت),janeker
donkey sound,zirrizirr,زڕزڕ,حمار الصوت,zurruzurr
zebra,ḧîmar weḧsî,حیمار وەحسی,حمار الوحش,ḧeemar weḧsee
zebra,kerê xetxet,كەرێ خەتخەت,حمار الوحش,kerê xetxet
young donkey,canekerek,جانەكەرەك,حمار صغير,janekerek
foal of a donkey,caşik,جاشك,حمار، جرو الثعلب,jashuk
zeal,xîret,خیره‌ت,حماسة,xeeret
zeal,xîretkêşî,خیره‌تکێشی,حماسة,xeeretkêshee
zeal,dilgermî,دلگه‌رمی,حماسة,dulgermee
zeal,"hewes, xîret",هه‌وه‌س، خیره‌ت,حماسة,"ḧewes, xeeret"
zeal,heyhêz,ھەیھێز,حماسة,ḧeyḧêz
porter,kolbar,کۆلبار,حمال,lu zhoree
porter,hilgir,هلگر,حمال,lu zhoree
porter,hemal,هه‌مال,حمال,lu zhoree
suspenders,"doxîn, şeluwan",دۆخین، شەلووان,حمالتي البنطلون,"doxeen, sheluwan"
bath,serşu,سەرشو,حمام,sershu
bathroom,jura serşîşitinê,ژورا سەرشیشتنێ,حمام,zhura sersheeshutunê
swimming pool,mezbeḧ,مەزبەح,حمام السباحة,mezbeḧ
dove,kutir,كوتر,حمامة,ktur
pigeon,kutir,كوتر,حمامة,ktur
protection,parastin,پاراستن,حماية,parastun
protective,parêz,پارێز,حماية,parêz
boric acid,asîda borik,ئاسیدا بۆرک,حمض البوريك,zumanuzanee
carry,hilgirtin,هلگرتن,حمل,ḧulgurtun
carry,hel digirît,ھەل دگریت,حمل,ḧel dugureet
load,helidigirît,ھەلدگریت,حمل,ḧeludugureet
drive,dihajut,دھاژوت,حملة,duḧazhut
get pregnant,bi tişit ketin,ب تشت کەتن,حملت,bu tushut ketun
cargo,barikirin,باركرن,حمولة,barukrun
fever,ta,تا,حمى,"ta , ḧerarat"
fever,ḧerarat,حەرارات,حمى,"ta , ḧerarat"
Typhoid fever,ta tîfoê,تا تیفۆئێ,حمى التيفود,ta teefoê
yellow fever,ta,تا,حمى صفراء,ta
yellow fever,zervih ‌bî,زه‌رڤه ‌بی,حمى صفراء,zervuḧ ‌bee
yellow fever,zerikî,زه‌رکی,حمى صفراء,zerukee
Scarlet fever,"ta xemir, qu‌rmzî",تا خه‌مر، قو‌رمزی,حمى قرمزية,"ta xemur, qu‌rmzee"
Typhoid fever,ta wekî tîfoê,تا وه‌کی تیفۆئێ,حمى نظيرة التيفية,ta wekee teefoê
traffic accidents,rûdanên hatin û çûn,روودانێن هاتن و چوون,حوادث المرور,rûdanên ḧatun û chûn
dialogue,danustandin,دانوستاندن,حوار,danustandun
poplar,spîndar,سپیندار,حور,speendar
pelvis,ḧewz,حەوز,حوض,ḧewz
pool,melevangeh,مەلەڤانگەھ,حوض السباحة,melevangeḧ
pool,hewz,هه‌وز,حوض السباحة,ḧewz
washtub,"teşt , legen",تەشت ، لەگەن,حوض الغسيل,"tesht , legen"
about,derheq,ده‌رهه‌ق,حول,derḧeq
about,derbareî,دەربارەى,حول,derbareee
about,sebaret,سەبارەت,حول,sebaret
about (near),teqrîben,ته‌قریبه‌ن,حول,"teqreeben, nêzee"
about (near),nêzî,نێزی,حول,"teqreeben, nêzee"
around,derdor,ده‌ردۆر,حول,deuruberên
around,deuruberên,دەوروبەرێن,حول,deuruberên
around,dorber,دۆربه‌ر,حول,deuruberên
around,dorên,دۆرێن,حول,deuruberên
live,"jîan , bijî",ژیان ، بژی,حي,"zheean , buzhee"
live,sax,ساخ,حي,sax
neighborhood,cîranî,جیرانی,حي,jeeranee
life,ḧeyat,حەیات,حياة,ḧeyat
life,jiyan,ژیان,حياة,zhuyan
perplex,aloz bûn,ئالۆز بوون,حير,aloz bûn
menstrual,mehkî,مه‌هکی,حيضي,meḧkee
animal,ḧeywanet,حەیوانەت,حيوان,ḧeywanet
animal,gîyanewer,گیانەوەر,حيوان,geeyanewer
kurdish letter 09 (“kh” sound),x,خ,خ,x
afraid,tirisa,ترسا,خائف,turusa
traitor,xayin,خاین,خائن,xayun
ring,xelek,خەلەك,خاتم,xelek
ring,gustîl,گوستیل,خاتم,gusteel
wedding ring,ḧeleqe,حەلەقە,خاتم الزواج,ḧeleqe
deceitful,xapînok,خاپینۆک,خادعة,xapeenok
deceptive,xapînok,خاپینۆک,خادعة,xapeenok
servant,pale,پاله‌,خادم,pale
servant,xizimetkar,خزمەتكار,خادم,xuzumetkar
servant,xulam,خولام,خادم,xulam
maid,xidam,خدام,خادمة,xudam
maidservant,xizimetikar,خزمەتكار,خادمة,xuzumetukar
out,xarc,خارج,خارج,der
out,derve,ده‌رڤه‌,خارج,der
out,der,دەر,خارج,der
outside,jiderve,ژدەرڤە,خارج,zhuderve
abroad,derekî,دەرەکی,خارج البلاد,derekee
out of country,xarc,خارج,خارج البلاد,xarj
out of control,ji dest derketî,ژ دەست دەرکەتی,خارج السيطرة,zhu dest derketee
out of control,ji kontrolê  derketî,ژ کۆنترۆلێ دەرکەتی,خارج السيطرة,zhu kontrolê  derketee
external,çune têda,چونە تێدا,خارجي,chune têda
external,derekî,دەرەکی,خارجي,derekee
outer,derveye,دەرڤەیە,خارجي,derveye
own,samandar dibit,ساماندار دبیت,خاص,samandar dubut
particular,harîkar,ھاریكار,خاص,ḧareekar
private,ehilî,ئەھلی,خاص,eḧulee
private,taybet,تایبەت,خاص,taybet
private,ferdî,فه‌ردی,خاص,taybet
special,taybet,تایبەت,خاص,taybet
specific,curî taybet,جوری تایبەت,خاص,jree taybet
especially,bi taybetî,ب تایبه‌تی,خاصة,bu taybetee
especially,"nemaze, xasma",نه‌مازه‌، خاسما,خاصة,"nemaze, xasma"
most,pirranî,پڕانی,خاصة,purranee
most,herî,هه‌ری,خاصة,purranee
mostly,bi piranî,ب پرانی,خاصة,bu puranee
wrong,çewit,چەوت,خاطئ,chewut
wrong,xelet,خەلەت,خاطئ,xelet
wrong,ne raste,نە راستە,خاطئ,ne raste
explanation,ravekirin,ڕاڤه‌کرن,خاطئة,ravekrun
explanation,şirovekirin,شرۆڤه‌کرن,خاطئة,shurovekrun
explanation,şikar,شکار,خاطئة,shukar
"false,",çewt,چه‌وت,خاطئة,chewt
"false,",xelet,خه‌له‌ت,خاطئة,xelet
"false,",zirr,زڕ,خاطئة,zurr
"false,",şaş,شاش,خاطئة,shash
momentary,gavî,گاڤى,خاطف,gavee
immortal,ebedî,ئه‌به‌دی,خالد,ebedee
immortal,"nemir , bêdem",نه‌مر ، بێده‌م,خالد,"nemur , bêdem"
empty-handed,destvalla,ده‌ستڤاڵا,خالي الوفاض,sher
fifth,pêncem,پێنجه‌م,خامس,pênjem
idle,bê kar,بێ كار,خامل,bê kar
cheat on,xiyanet lê kirin,خیانەت لێ کرن,خان الزوجة,xuyanet lê krun
baker bakes a bread,nanpêş nanî dipêşît,نانپێش نانی دپێشیت,خباز يخبز الخبز,nanpêsh nanee dupêsheet
expertise,şarezayî,شاره‌زایی,خبرة,sharezayee
expertise,karzanî,کارزانی,خبرة,karzanee
bread,,نان,خبز,
madden,dîn dibit,دین دبیت,خبل,deen dubut
malicious,"zikreş , dilreş , kîndar",زکره‌ش ، دلره‌ش ، کیندار,خبيث,"zukresh , dulresh , keendar"
expert,pispor,پسپۆر,خبير,sheḧereze
expert,şareza,شاره‌زا,خبير,sheḧereze
expert,şehereze,شەھەرەزە,خبير,sheḧereze
expert,karnas,کارناس,خبير,sheḧereze
expert,mahir,ماهر,خبير,sheḧereze
qualified expert,şehrezayê jê hatî,شەهرەزایێ ژێ هاتی,خبير مؤهل,sheḧrezayê zhê ḧatee
mallow,tulk,تولك,خبيزة نبات,tulk
seal,xitim,ختم,ختم,xutum
seal,muhir,موهر,ختم,muḧur
stamp,xitim,ختم,ختم,xuutm
stamp,mur,مور,ختم,mur
circumcise,sinnet kirin,سننەت کرن,ختن,sunnet krun
ashamed,şerim,شەرم,خجلان,sherum
shy,şerimîn,شەرمین,خجول,sherumeen
timid,tirsinok,ترسنۆک,خجول,tursunok
timid,şermîn,شه‌رمین,خجول,shermeen
cheat,ḧîle kirin,حیلە کرن,خداع,ḧeele krun
cheat,fêlibazî,ێلبازی,خداع,fêlubazee
deceit,xapandin,خاپاندن,خداع,"xapandun , fêlubazee"
deceit,sexteyî,سه‌خته‌یی,خداع,"xapandun , fêlubazee"
deceit,fêlibazî,فێلبازی,خداع,"xapandun , fêlubazee"
deceiver,ẍşaş,غشاش,خداع,ẍshash
deceiver,fêlbaz,فێلباز,خداع,fêlbaz
deception,xapandin,خاپاندن,خداع,xapandun
deception,fêlbazî,فێلبازی,خداع,fêlbazee
scoffer,tiraneker,ترانه‌که‌ر,خداع,turaneker
scoffer,çivêl,چڤێل,خداع,chuvêl
numb,mit dibit,مت دبیت,خدر,mut dubut
scratch,bixurîne!,بخورینە!,خدش,buxureene!
scratch,xurandin,خوراندن,خدش,xurandun
scratch (the skin),selixandin,سه‌لخاندن,خدش,seluxandun
scratch (the skin),selixî,سەلخى,خدش,seluxee
cheated,hate xapandin,ھاتە خاپاندن,خدع,ḧate xapandun
deceive,xapandin,خاپاندن,خدع,ḧatun xapandun
deceive,xirandin,خراندن,خدع,ḧeele lê krun
deceive,serda birin,سه‌ردا برن,خدع,serda burun
deceive,hîle lê kirin,هیله‌ لێ کرن,خدع,xapandun
deceived,hatexapandin,ھاتەخاپاندن,خدع,ḧatexapandun
hoax,xapandin,خاپاندن,خدعة,chav
hoax,hîle,هیله‌,خدعة,chav
trick,fêl,فێل,خدعة,fêl
serve,xizimetî diket,خزمەتى دكەت,خدمة,xuzumetee duket
service,xizimet,خزمەت,خدمة,xuzumet
service,xizimet guzarî,خزمەت گوزاری,خدمة,xuzumet guzaree
customer service,xicimeta bikrre,خجمەتا بکڕە,خدمة الزبائن,xujmeta bukrre
after sales service,xicimeta piştî frotinê,خجمەتا پشتی فرۆتنێ,خدمة ما بعد البيع,xujmeta pushtee frotunê
take after,şibîn,شبین,خذ بعد,shubeen
take after,lê çûn,لێ چوون,خذ بعد,lê chûn
take apart,"jêk vekerin , jêk veke",ژێك ڤەکەرن ، ژێك ڤەکە,خذ جزء,"zhêk vekerun , zhêk veke"
take a bath,serê xo şîşitin,سەرێ خۆ شیشتن,خذ حماما,serê xo sheeshutun
ruin,"pwîç kirin,  pûç kirin",پویچ کرن،  پووچ کرن,خراب,"pweech krun,  pûch krun"
ruin,xirab kirin,خراب کرن,خراب,xurab krun
Peritonsillar abscess,ilthaba nav me'îdey,ئلتهابا ناڤ مه‌عیده‌ی,خراج peritonsillar,ultḧaba nav me'eedey
purr,purr,پوڕ,خرخرة,purr
junk,skirab,سكراب,خردة,skrab
mustard,xerdel,خەردەل,خردل,xerdel
mustard,gormiz,گۆرمز,خردل,gormuz
rag,kincir,كنجر,خرقة,knjr
lamb,berix,به‌رخ,خروف,berux
lamb,"kavir, nêre gîsk",کاڤر، نێره‌ گیسک,خروف,"kavur, nêre geesk"
sheep,pez,پەز,خروف,pez
sheep (female),"mîh, mih",میھ، مھ,خروف,"meeḧ, muḧ"
map,xerîte,خەریتە,خريطة,xereete
map,nexşe,نەخشە,خريطة,nexshe
world map,nexşeyê cîhanê,نه‌خشه‌یێ جیهانێ,خريطة العالم,nexsheyê jeeḧanê
dam,avbend,ئاڤبه‌ند,خزان,avbend
dam,bendav,به‌نداڤ,خزان,bendav
dam,sikir,سکر,خزان,sukr
reservoir,xezna avê,خه‌زنا ئاڤێ,خزان,xezna avê
reservoir,hewze,هه‌وزه‌,خزان,ḧewze
closet,dolab,دۆلاب,خزانة,dolab
wardrobe,dulaba cilka,دولابا جلکا,خزانة,dulaba jlka
wardrobe,"kentur , qensur",کەنتور ، قەنسور,خزانة,"kentur , qensur"
ceramic,sîramîk,سیرامیك,خزفي,seerameek
dishonor,ser şurî,سەر شورى,خزي,ser shuree
loss,"ziyan , berizekirin",زیان ، بەرزەکرن,خسارة,"zuyan , beruzekrun"
loss,jidest didet,ژدەست ددەت,خسارة,zhudest dudet
Lunar Eclipse,girtina heyivê,گرتنا هەیڤێ,خسوف القمر,gurtuna ḧeyuvê
timber,"dep, dar",ده‌پ، دار,خشب,"dep, dar"
wood,dar,دار ، دارك,خشب,dar
wood,dep,ده‌پ,خشب,dep
fir,kaj,كاژ,خشب التنوب,kazh
walnut,gîz,گیز,خشب الجوز,geez
plywood,darê tenik,دارێ تەنك,خشب رقائقي,darê tenuk
fertile,adan,ئادان,خصب,adan
fertile,biber,ببه‌ر,خصب,buber
fertile,mêwedar,مێوه‌دار,خصب,mêwedar
waistcloth,"şûtik, pêşmalk",شووتک، پێشمالک,خصر,"shûtuk, pêshmalk"
waistcloth,kemer,که‌مه‌ر,خصر,kemer
discount,daşikandin,داشکاندن,خصم,dashukandun
discount,kêmkirin,کێمکرن,خصم,kêmkrun
rebate,daşkandin,داشكاندن,خصم,dashkandun
privacy,taybetimendî,تایبەتمەندى,خصوصية,taybetumendee
specially,birrengekî taybet,بڕەنگەكى تایبەت,خصيصا,burrengekee taybet
greenery,"şînikatî, şênkatî",شینکاتی، شێنکاتی,خضرة,"sheenukatee, shênkatee"
greenery,keskatî,که‌سکاتی,خضرة,keskatee
submit,radestî,رادەستی,خضع,radestee
submit,"milkeçî bûn, radestkirin",ملکه‌چی بوون، ڕاده‌ستکرن,خضع,"mulkechee bûn, radestkrun"
undergo,zehmet kêşan,زه‌همه‌ت کێشان,خضع,zeḧmet kêshan
undergo,ketin ber,که‌تن به‌ر,خضع,ketun ber
lane,"alûle, alî",ئالووله‌، ئالی,خط,"alûle, alee"
lane,rêkok,ڕێکۆک,خط,rêkok
line,rêz,رێز,خط,rêz
line,hêl,ھێل,خط,ḧêl
line (on paper),xîç,خیچ,خط,xeech
line solid,tox,تۆخ,خط الصلبة,tox
latitude,hêla panî yê,ھێلا پانى یێ,خط العرض,ḧêla panee yê
straight line,rastehêl,ڕاسته‌هێل,خط مستقيم,tesuleem dubut
line dotted,xefîf,خەفیف,خط منقط,xefeef
handwriting,destxet,ده‌ستخه‌ت,خط يد,destxet
handwriting,destnivîsîn,ده‌ستنڤیسین,خط يد,destnuveeseen
error,çewtî,چه‌وتی,خطأ,chewtee
error,xeletî,خه‌له‌تی,خطأ,xeletee
error,şaşî,شاشی,خطأ,shashee
fault,nerast,نەراست,خطأ,nerast
mistake,xeletî,خەلەتی,خطأ,xeletee
mistake,şaşî,شاشی,خطأ,shashee
fault,"xeletî, şaşî",خه‌له‌تی، شاشی,خطا,"xeletee, shashee"
speech,axivîn,ئاخڤین,خطاب,axuveen
speech,peyivîn,په‌یڤین,خطاب,peyuveen
speech,gotar,گۆتار,خطاب,gotar
letters of Latin,pîtên latînî,پیتێن لاتینی,خطابات اللاتينية,peetên lateenee
plan,plan,پلان,خطة,"xute , plan"
plan,xite,ختە,خطة,"xute , plan"
danger,xeter,خەتەر,خطر,xeter
danger,metirisî,مەترسی,خطر,meturusee
hazard,bive,بڤە,خطر,buve
jeopardy,xetere,خه‌ته‌ره‌,خطر,dêrus
risk,"serigerimî , bve",سەرگەرمی ، بڤە,خطر,"serugerumee , bve"
dicey,şerûdî,شه‌روودی,خطره,sherûdee
hijack,revandin,ڕه‌ڤاندن,خطف,daqûl krun
kidnap,revandin,رەڤاندن,خطف,revandun
kidnap (v),direvînît,درەڤینیت,خطف,dureveeneet
steps,derince,دەرنجە,خطوات,derunje
steps,qunaẍ,قوناغ,خطوات,qunaẍ
step,pêngav,پێنگاڤ,خطوة,pêngav
step,gav,گاڤ,خطوة,gav
one footstep,êk pêngav,ئێك پێنگاڤ,خطوة واحدة,êk pêngav
severity,tundî,توندی,خطورة,shewqe
sin,ḧeram,حەرام,خطيئة,ḧeram
sin,guneh,گونەھ,خطيئة,guneḧ
fiance,dezgre,دەزگرە,خطيب,dezgre
fiance,destgirî,دە‌ستگری,خطيب,destguree
dangerous,"xeterinak, talûke",خه‌ته‌رناک، تالووکه‌,خطير,"xeterunak, talûke"
levity,"sivikîtî, sivikiya barî",سڤکیتی، سڤکیا باری,خفة,"suvukeetee, suvukya baree"
depress,ẍembar,غەمبار,خفض,ẍembar
invisible,nepenî,نه‌په‌نی,خفي,nepenee
invisible,nebîn,نەبین,خفي,nebeen
light,"runahî , gilop",روناھی ، گلۆپ,خفيفة,"runaḧee , gulop"
vinegar,xel,خەل,خل,xel
vinegar,sihik,سهک,خل,suḧuk
salvation,rizgarbûn,رزگاربوون,خلاص,"qurtalbûn , ruzgarbûn"
salvation,qurtalbûn,قورتالبوون,خلاص,"qurtalbûn , ruzgarbûn"
blender,têkel ker,تێكەل كەر,خلاط,têkel ker
blender,hur kirin,هورکرن,خلاط,ḧur krun
mixer,têkel ker,تێكەل كەر,خلاط,têkel ker
mixer,şikefit,شکه‌فت,خلاط,shukefut
disagreement,cedel,جه‌ده‌ل,خلاف,"ḧevurk, jedel"
disagreement,errenîx,شه‌ڕه‌نیخ,خلاف,"erreneex, neeqash"
disagreement,li hevnekirin,ل هه‌ڤنه‌کرن,خلاف,"ḧevurk, jedel"
disagreement,nakokî,ناکۆکی,خلاف,gengeshe
disagreement,nîqaş,نیقاش,خلاف,"erreneex, neeqash"
dispute,gengeşe,گەنگەشە,خلاف,gengeshe
dispute,gotûbêj,گۆتووبێژ,خلاف,gengeshe
dispute,nakokî,ناکۆکی,خلاف,gengeshe
odds,ciyawazî,جیاوازى,خلاف,jyawazee
creative,behremend,به‌هره‌مه‌ند,خلاق,chêkrun
creative,jîr,ژیر,خلاق,chêkrun
over,bidumahî hat,بدوماھى ھات,خلال,budumaḧee ḧat
through,bi rêka,ب رێکا,خلال,"du~ra , lu nav~ra , bu rêka"
through,di~ra,د~را,خلال,"du~ra , lu nav~ra , bu rêka"
through,li nav~ra,ل ناڤ~را,خلال,"du~ra , lu nav~ra , bu rêka"
redeem,berpa diket,بەرپادکەت,خلص,berpa duket
redeem,ji deynan xilas kirin,ژ ده‌ینان خلاس کرن,خلص,zhu deynan xulas krun
redeem,qurtal kirin,قورتال کرن,خلص,berpa duket
mingle,têkil diket,تێكل دكەت,خلط,têkl duket
dislocate,ji cih çûn,ژ جھ چوون,خلع,durêzh krun
behind,"pişit , paş ve",پشت ، پاش ڤە,خلف,"pushut , pash ve"
background,xeliviye,خەلڤیە,خلفية,xeluvuye
create,afirandin,ئافراندن,خلق,"du afureeneet  , durustukrun"
create,peyda kirin,په‌یدا کرن,خلق,"du afureeneet  , durustukrun"
create,çêkirin,چێکرن,خلق,"du afureeneet  , durustukrun"
create,xuliqandin,خولقاندن,خلق,"du afureeneet  , durustukrun"
create,saz kirin,ساز کرن,خلق,"du afureeneet  , durustukrun"
creation,afirandin,ئافراندن,خلق,afurandun
defect,kêmasî,كێماسى,خلل,kêmasee
cell,çavik,چاڤک,خلية,chavuk
cell,xane,خانه,خلية,xane
cell,şaneyek,شانەیەك,خلية,"shaneyek, ḧujre"
cell,hucre,هوجره‌,خلية,"shaneyek, ḧujre"
bay,kendaf,كەنداف,خليج,kendaf
gulf,xelîc,خەلیج,خليج,xeleej
successor,mîratgir,میراتگر,خليفة,meeratgur
boyfriend,hevalê,ھە‌ڤالێ,خليل,ḧevalê
inn,utêl,ئوتێل,خمارة,utêl
inn,xan,خان,خمارة,xan
5,pênc,٥ ، پێنج,خمسة,pênce
five,pênc,پێنج,خمسة,pênj
15,pazde,١٥ ، پازدە,خمسة عشر,pazde
fifteen,pazde,پازدە,خمسة عشر,pazde
50,pencî,٥٠ ، پێنجی,خمسون,penjee
fifty,pêncî,پێنجى,خمسون,pênjee
leaven,tirşan,ترشان,خميرة,"ḧeveertursh, turshan, ḧavên"
leaven,"hevîrtirş, havên",هه‌ڤیرترش، هاڤێن,خميرة,"ḧeveertursh, turshan, ḧavên"
yeast,tirşên,ترشێن,خميرة,turshên
yeast,"hevîrtirş, havên",هه‌ڤیرترش، هاڤێن,خميرة,"ḧeveertursh, ḧavên"
dagger,"xencer, qeme, deban, kahûr",خه‌نجه‌ر، قه‌مه‌، ده‌بان، کاهوور,خنجر,"xenjer, qeme, deban, kaḧûr"
moat,kendalî avî,كەندالى ئاڤى,خندق,kendalee avee
Trench mouth,ḧefik mezinbîn,حه‌فک مه‌زنبین,خندق الفم,ḧefuk mezunbeen
pig,beraz,بەراز,خنزير,beraz
beetle,mahul kut,ماھول كوت,خنفساء,maḧul kt
choke,xendiqandin,خه‌ندقاندن,خنق,xenduqandun
choke,xeniqandin,خه‌نقاندن,خنق,xenuqandun
choke,fetisandin,فه‌تساندن,خنق,fetusandun
algorithm,algorîtm,ئالگۆریتم,خوارزمية,algoreetm
peach,xox,خۆخ,خوخ,xux
helmet,zirx,زرخ,خوذة,zurx
helmet,serparêz,سه‌رپارێز,خوذة,zurx
helmet,kum,کوم,خوذة,km
helmet of salvation,kumziryê qurtalbûnê,كومزریێ قورتالبوونێ,خوذة الخلاص,kmzuryê qurtalbûnê
fear,tiris,ترس,خوف,turus
cucumber,xîyar,خیار ، تلوزی,خيار,xeeyar
Armenian cucumber,tirozî,تروزی,خيار أرمني,turozee
Armenian cucumber,tilozî,تلۆزی,خيار أرمني,tulozee
sew,diriyar kirin,دریار کرن,خياط,duruyar krun
sew,dirîn,درین,خياط,dureen
tailor,xeyat,خەیات,خياط,xeyat
dressmaker,xeyate,خەیاتە,خياطة,xeyate
sewing,diriyar,دریار,خياطة,duruyar
fiction,aşop,ئاشۆپ,خيال,ashop
fiction,çîroksazî,چیرۆکسازی,خيال,cheeroksazee
fiction,honak,هۆناک,خيال,ḧonak
Imagination,aşop,ئاشۆپ,خيال,ashop
Imagination,xeyal,خه‌یال,خيال,xeyal
Imagination,xiyal,خیال,خيال,xuyal
betrayal,bêbextî,بێبەختی,خيانة,bêbextee
betrayal,xiyanet,خیانەت,خيانة,xuyanet
treason,bêbextî,بێبه‌ختی,خيانة,bêbextee
treason,xayînî,خایینی,خيانة,xayeenee
treason,"xiyanet, xiniztî",خیانه‌ت، خنزتی,خيانة,"xuyanet, xunuztee"
be disappointed,bê hîvî man,بێ ھیڤی مان,خيبة أمل,bê ḧeevee man
disappointment,dilsarbûn,دلساربوون,خيبة الامل,"bergree , berevanee"
disappointment,dilsarî,دلساری,خيبة الامل,"bergree , berevanee"
welfare,keyf xweşî,كەیف خوەشى,خير,keyf xweshee
bamboo,ḧeyzeran,حەیزەران,خيزران,ḧeyzeran
string,ta,تا,خيط,ta
string,werîs,وه‌ریس,خيط,ta
thread,dezû,ده‌زوو,خيط,dezû
thread,"dezî, ben",ده‌زی، به‌ن,خيط,"dezee, ben"
tabernacle,xîvet,خیڤەت,خيمة,xeevet
tent,çadil,چادل,خيمة,"chadul , xeevet"
tent,xîvet,خیڤەت,خيمة,"chadul , xeevet"
tent dweller,xîvetinşîn,خیڤه‌تنشین,خيمة ساكن,xeevetunsheen
kurdish letter 10 (“d” sound),d,د,د,d
diabetes,sukerî,سوکه‌ری,داء السكري,sukeree
rabies,nesaxiya sa,نه‌ساخیا سا,داء الكلب,nesaxuya sa
circle,bazine,بازنە,دائرة,bazune
circular,girover,گرۆڤه‌ر,دائري,dayre
everlasting,bêtalî,بێتالی,دائم,dulunuzum
everlasting,bêdawî,بێداوی,دائم,dulunuzum
lasting,berdewam,بەردەوام,دائم,berdewam
permanent,herdem,ھەردەم,دائم,ḧerdem
always,herdem,ھەردەم,دائما,ḧerdem
creditor,afiran der,ئافراندەر,دائن,afuran der
inside,tê ve,تێ ڤه‌,داخل,"tê de, du ... de"
inside,di ... de,د ... ده‌,داخل,"tê de, du ... de"
inside,dinafda,دناڤدا,داخل,dunafda
inside,hindir,هندر,داخل,"tê de, du ... de"
indoor,linavda,لناڤدا,داخلي,lunavda
inner,navxu,ناڤخو,داخلي,navxu
inner,hindirîn,هندرین,داخلي,navxu
interior,dinafda,دنافدا,داخلي,dunafda
internal,navxu,ناڤخو,داخلي,navxu
internal,nefxwîy,نەفخویی,داخلي,nefxweey
opera,upira,ئوپرا,دار الأوبرا,upura
warm,gerim dibît,گەرم دبیت,دافئ,gerum dubeet
motive,mereq,مەرەق,دافع,mereq
motive,hander,ھاندەر,دافع,ḧander
prayer,nivêj,دوعا، نڤێژ,دافع,nuvêzh
prayer (person),nivêjker,نڤێژکه‌ر,دافع,nuvêzhker
remitter,ewê vediguhêzt,ئەوێ ڤەدگوھێزت,دافع سند,ewê veduguḧêzt
dark-skinned,"nismer, brunzî",نسمەر، برونزی,داكنة البشرة,"nusmer, brunzee"
bloody,xwînawî,خویناوى,دام,xweenawee
Daniel,daniyal,دانیال,دانيال,danuyal
stapler,kabîse,كابیسە,دباسة,kabeese
molasses,doşav,دۆشاڤ,دبس السكر,doshav
diploma,baweriname,باوه‌رنامه‌,دبلوم,baweruname
diploma,diplom,دپلۆم,دبلوم,duplom
wasp,zirikêtik,زركێتك,دبور,zurukêtuk
pin,"dembûs , sinceq",دەمبووس ، سنجاق,دبوس,"dembûs , sunjeq"
Dubai,dubey,دوبەی,دبي,dubey
muffle,dengî dibrît,دەنگى دبریت,دثر,dengee dubreet
chicken,mirîşk,مریشك,دجاج,mureeshk
chickens,çîçeluk,چیچەلوك,دجاج,cheecheluk
hen,mirîşk,مریشك,دجاجة,mureeshk
refute,red dikin,ڕه‌د دکن,دحض,peeber
smoke,cigare kêşan,جگاره‌ کێشان,دخان,jgare kêshan
smoke,dûkêl,دووکێل,دخان,dûkêl
smoke of incense,dwîkêla bixwîrê,دویكێلا بخویرێ,دخان البخور,dweekêla buxweerê
income,"dahat, dahatî",داهات، داهاتی,دخل,"daḧat, daḧatee"
income,warîde,واریده‌,دخل,wareede
enter,diçitejûrve,دچتەژوورڤە,دخول,duchutezhûrve
railing,derazînik,دەرازینك,درابزين,derazeenuk
bicycle,bayskil,بایسكل,دراجة,bayskl
motorcycle,muturiskil,موتورسكل,دراجة نارية,muturuskl
study,xwandin,خوا‌ندن,دراسة,xwandun
study,ders,ده‌رس,دراسة,ders
survey,raprsiyek,راپرسیەک,دراسة,raprsuyek
survey,vekolîn,ڤه‌کۆلین,دراسة,"vekoleen, lêkoleen"
survey,lêkolîn,لێکۆلین,دراسة,"vekoleen, lêkoleen"
survey,mesaḧe,مه‌ساحه‌,دراسة,"vekoleen, lêkoleen"
studying system,sîstemê xwandinê,سیستەمێ خواندنێ,دراسة النظام,seestemê xwandunê
drama,zîncîyir,زینجییر,دراما,zeenjeeyur
degree,derece,دەرەجە,درجة,dereje
grade,pul,پول,درجة,pul
grade,derece,ده‌ره‌جه‌,درجة,dereje
grade,sef,سەف,درجة,sef
temperature,gerimahî,گه‌رماهی,درجة الحرارة,gerumaḧee
temperature,gerimiyatî,گەرمیاتى,درجة الحرارة,gerumuyatee
lesson,deris,دەرس,درس,derus
lesson,wane,وانه‌,درس,derus
armor,"çekên, dere'",چه‌کێن، ده‌ره‌ع,درع,"zurxdar, chekên, dere'"
armor,zirxdar,زرخدار,درع,"zurxdar, chekên, dere'"
armor,zirî,زری,درع,"zurxdar, chekên, dere'"
shield,qellẍanan,قەڵغانان,درع,qellẍanan
shield,metal,مه‌تال,درع,"mertal, metal"
shield,mertal,مه‌رتال,درع,"mertal, metal"
breastplate,diri',درع,درع الصدر,"zuree, zurêyê seengee"
breastplate,zirî,زری,درع الصدر,"zuree, zurêyê seengee"
breastplate,zirxê ber singê,زرخێ به‌ر سنگێ,درع الصدر,"zuree, zurêyê seengee"
breastplate,zirêyê sîngî,زرێیێ سینگی,درع الصدر,"zuree, zurêyê seengee"
thyroid,xude dereqî,خودە دەرەقی,درقي,xude dereqee
dozen,derizin,دەرزن,دزينة,deruzun
constitution,qanunê asasî,قانونێ ئاساسی,دستور,qanunê asasee
constitution,qanûna bingehîn,قانوونا بنگه‌هین,دستور,qanûna bungeḧeen
constitution,makeqanûn,ماکه‌قانوون,دستور,makeqanûn
shower,çbikîn baranî,چبكین بارانى,دش,chbukeen baranee
advocated,berevanîkirî,به‌ره‌ڤانیکری,دعا,berevaneekree
invite,vedxwînt,ڤەدخوینت,دعا,vedxweent
pillar,stun,ستون,دعامة,stun
pillar,stûn,ستوون,دعامة,stûn
propaganda,propaxanda,پرۆپاخاندا,دعاية,madexwazee
prop,prop,پرۆپ,دعم,prop
prop,pişit digirît,پشت دگریت,دعم,pushut dugureet
uphold,diseilmînît,دسەلمینیت,دعم,duseulmeeneet
let us go,bila me biçîn,بلا مه‌ بچین,دعنا نذهب,bula me bucheen
let them go,bila ew biçin,بلا ئه‌و بچن,دعهم يذهبون,bula ew buchun
let them go!,ewan azad bike,ئه‌وان ئازاد بکه‌,دعهم يذهبون,ewan azad buke
calling,"gazîkirin, daxwaz",گازیکرن، داخواز,دعوة,"gazeekrun, daxwaz"
invitation,vexwandin,ڤەخواندن,دعوة,vexwandun
tickle,gilîzanika vediket,گلیزانكا ڤەدكەت,دغدغة,guleezanuka veduket
tickling,xurandin,خوراندن,دغدغة,xurandun
tambourine,dimbik,دمبک,دف صغير,dumbuk
tambourine (Kurdish),def,ده‌ف,دف صغير,def
defence,bergirî,به‌رگری,دفاع,berrevanee
defence,berrevanî,به‌ڕه‌ڤانی,دفاع,berrevanee
defense,berhingarî,به‌رهنگاری,دفاع,"bergree , berevanee"
defense,bergrî,بەرگری,دفاع,"bergree , berevanee"
defense,berevanî,بەرەڤانی,دفاع,"bergree , berevanee"
notebook,defter,دە‌فتە‌ر,دفتر,defter
poke,zixit lêdidet,زخت لێددەت,دفرة,zuxut lêdudet
paid,dayê,دایێ,دفع,dayê
pay,pare dan,پاره‌ دان,دفع,pare dan
pay,sencdan,سه‌نجدان,دفع,senjdan
pay,heq dan,هه‌ق دان,دفع,ḧeq dan
payment,"ḧeq , qist",حەق ، قست,دفع,"ḧeq , qust"
thrust,palda,پالدا,دفع,ḧêzdar
impulse,plidan,پلدان,دفعة,pludan
burial,veşartin,ڤەشارتن,دفن,veshartun
bury,binax kirin,بناخ کرن,دفن,bunax krun
bury,veşartin,ڤه‌شارتن,دفن,veshartun
bury,gorr kirin,گۆڕ کرن,دفن,gorr krun
accurate,pêt,پێت,دقيق,pêt
accurate,deqîq,ده‌قیق,دقيق,deqeeq
exact,tam,تام,دقيق,ereq
exact,ne kêmtir yan zêdetir,نه‌ کێمتر یان‌ زێده‌تر,دقيق,ereq
flour,ar,ئار,دقيق,ar
precise,serûberkirî,سه‌رووبه‌رکری,دقيق,ḧur
precise,hur,ھور,دقيق,ḧur
punctual,hurikar,ھوركار,دقيق,ḧurukar
oatmeal,şufan,شوفان,دقيق الشوفان,shufan
delicate,hesas,حه‌ساس,دقيق او حساس,ḧesas
minute,deqîqek,دەقیقەک,دقيقة,deqeeqek
dictator,diktator,دکتاتۆر,دكتاتور,duktator
dictator,zordar,زۆردار,دكتاتور,zordar
gynecologist,pijîşkê jinan,پژیشکێ ژنان,دكتور امراض نساء,puzheeshkê zhunan
semantics,pragmatîk,دفروشت,دلالات,pragmateek
dolphin,dulfîn,دولفین,دلفين,dulfeen
knead,firkandin,فرکاندن,دلك,furkandun
knead,hevîr kirin,هه‌ڤیر کرن,دلك,ḧeveer krun
indulge,pê razî bûn,پێ ڕازی بوون,دلل,"derxustun , verestun"
indulge,xafil bûn,خافل بوون,دلل,"derxustun , verestun"
clue,belge,بەلگە,دليل,belge
evidence,belge,بەلگە,دليل,"belge , deleel"
evidence,delîl,دەلیل,دليل,"belge , deleel"
guide,birrî dîxt,بڕى دئیخت,دليل,burree deext
proof,belge,به‌لگه,دليل,"jeegeerkrun , belge"
proof,cîgîrkirin,جیگیركرن,دليل,"jeegeerkrun , belge"
proof,grov,گرۆڤ,دليل,grov
blood,xîn,خین ، خوین,دم,xeen
gentleness,dil nerimî,دلنەرمی,دماثة,dul nerumee
brain,mejî,مەژى,دماغ,mezhee
brain,mêşik,مێشک,دماغ,mêshuk
combine,pêkive têkil êk kirin,پێکڤە تێکل ئێك کرن,دمج,pêkve têkl êk krun
combine,"lêk dan , pêk hînan",لێک دان ، پێک هینان,دمج,"lêk dan , pêk ḧeenan"
merge,têkil diket,تێكل دكەت,دمج,têkl duket
unbuild,herrifandin,هه‌ڕفاندن,دمر,ḧerrufandun
boil,kelandin,كەلاند,دمل,kelandun
doll,bûkoke,بووکۆکه‌,دمية,bûkoke
doll,bîk,بیك,دمية,beek
dummy,mejî hişk,مەژى ھشك,دمية,mezhee ḧushk
puppet,kukla,کوکلا,دمية,kkla
puppet,leyztuk,لەیزتوك,دمية,leyztuk
greasy,bibez,ببه‌ز,دهني,suza dan
Duhok,duhok,دهۆک,دهوك,duḧok
anoint,çewir kirin,چه‌ور کرن,دھن بمرھم,chewur krun
anoint,mesḧ kirin,مەسح کرن,دھن بمرھم,wefteez krun
anoint,weftîz kirin,وه‌فتیز کرن,دھن بمرھم,wefteez krun
medicine,îlac,ئیلاج,دواء,deruman
medicine,daw,داو,دواء,deruman
medicine,deriman,دەرمان,دواء,deruman
magic medicine,dermanekê sêrebende,دەرمانەکێ سێرەبەندە,دواء سحريا,dermanekê sêrebende
domestic animal,kiyanewerên kehî,كیانەوەرێن كەھى,دواجن,kyanewerên keḧee
poultry,pelawer,پەلاوەر ، پەلوەر,دواجن,pelawer
pedal,payder,پایدەر,دواسة,payder
permanence,berdewamî,بەردەوامى,دوام,berdewamee
worm,kirim,كرم,دودة,krum
role,dewir,دەور,دور,dewur
role,rol,رۆل,دور,rol
course,dewire,دەورە,دورة,dewure
cycle,bazine,بازنە,دورة,bazune
trade cycle,parguhorînên abûrî,پارگوهۆرینێن ئابووری,دورة التجارة,parguḧoreenên abûree
water cycle,zivirroka avê,زڤڕۆکا ئاڤێ,دورة المياه,zuvurroka avê
periodic,zivirekî,زڤرەكى,دوري,zuvurekee
patrol,pasevan,پاسه‌ڤان,دورية,pasevan
patrol,pasewan,پاسه‌وان,دورية,pasewan
patrol,mefirezabulîsa,مەفرەزابولیسا,دورية,mefurezabuleesa
dollar,dular,دولار,دولار,dular
nation,dewlet,دەولەت,دولة,dewlet
nation,"netewe, milet",نه‌ته‌وه‌، مله‌ت,دولة,"netewe, mulet"
nation,welat,وەلات,دولة,welat
developing country,welatê pêşxistin,وه‌لاتێ پێشخستن,دولة متطورة,welatê pêshxustun
developed country,welatê pêşketî,وه‌لاتێ پێشکه‌تی,دولة نامية,welatê pêshketee
developed country,welatê pêşkeftî,وه‌لاتێ پێشکه‌فتی,دولة نامية,welatê pêshkeftee
international,navdewletî,ناڤده‌وله‌تی,دولي,navdewletee
international,navneteweyî,ناڤنه‌ته‌وه‌یی,دولي,navneteweyee
international,nêvdewletî,نێڤدەولەتی,دولي,nêvdewletee
unconditionally,bê şert û mercî,بێ شه‌رت و مه‌رجی,دون قيد أو شرط,bê shert û merjee
unconditionally,bê qeyd û şertî,بێ قه‌ید و شه‌رتی,دون قيد أو شرط,bê qeyd û shertee
worms,kurm,کورم,ديدان,krm
nunnery,dêr,دێر,دير للراھبات,dêr
monastery,manastir,ماناستر,ديرصومعة,stemkaree
monastery,mergen,مه‌رگه‌ن,ديرصومعة,stemkaree
David,dawud,داوود,ديفيد,dawud
have,yê hey,یێ ھەى,ديك,yê ḧey
rooster,dîkil,دیكل,ديك,deekl
turkey (animal),eluk,عەلوك,ديك رومي,eluk
democracy,dîmkirasî,دیمكراسى,ديمقراطية,deemkrasee
debt,deyin,ده‌ین,دين,deyun
debt,qer,قەر,دين,qer
religion,ayîn,ئایین,دين,ayeen
dinosaur,deyinesor,دەینەسۆر,ديناصور,deyunesor
withered,ḧişik,حشك,ذابل,ḧushuk
related,"peywendîdar, têkildar",په‌یوه‌ندیدار، تێکلدار,ذات صلة,"peywendeedar, têkldar"
at once,tavilê,تاڤلێ,ذات مرة,tavulê
at once,car de,جار ده‌,ذات مرة,jar de
at once,cîlê,جیلێ,ذات مرة,jeelê
at once,demildest,ده‌ملده‌ست,ذات مرة,demuldest
at once,hemen,هه‌مه‌ن,ذات مرة,ḧemen
once,carekê,جارەكێ,ذات مرة,jarekê
memory,bîr hatin,بیر ھاتن,ذاكرة,beer ḧatun
fly (insect),mêş,مێش,ذبابة (الحشرات),mêsh
wick,fitîl,فتیل,ذبالة,futeel
slay,serjê diket,سەرژێ دكەت,ذبح,serzhê duket
wilt,bêhêz bûn,بێهێز بوون,ذبول,bêḧêz bûn
wilt,çilmisîn,چلمسین,ذبول,chulmuseen
wilt,vemirîn,ڤه‌مرین,ذبول,vemureen
wilting,pirçom,پرچۆم,ذبول,purchom
wilting,rengberdan,ڕه‌نگبه‌ردان,ذبول,rengberdan
wilting,rengçûn,ڕه‌نگچوون,ذبول,rengchûn
offerings (for sin),qurbaniyên ji ber gunehê,قوربانیێن ژ بەر گونەھێ,ذبيحة الخطيئة,qurbanuyên zhu ber guneḧê
arm,dest,دەست,ذراع,dest
arm,zend,زه‌ند,ذراع,zend
cubit,gez,گه‌ز,ذراع,gez
atom,etum,ئەتوم,ذرة,etum
offspring,dwîndeha,دویندەھا,ذرية,dweendeḧa
offspring,zurriyet,زوڕیەت,ذرية,zurruyet
chin,erizînik,ئەرزینك,ذقن,eruzeenuk
intellect,hizir,ھزر,ذكاء,ḧuzur
male,nêr,نێر,ذكر,nêr
mention,beḧis kirin,بەحس کرن,ذكر,beḧus krun
mention,bîranîn,بیرئانین,ذكر,beeraneen
gender,regez,ره‌گه‌ز,ذكرجنس,"regez, zayeen"
gender,zayîn,زایین,ذكرجنس,"regez, zayeen"
remembrance,bîr hatin,بیر ھاتن,ذكرى,beer ḧatun
anniversary,bîrhatin,بیرهاتن,ذكرى سنوية,beerḧatun
anniversary,salveger,سالڤه‌گه‌ر,ذكرى سنوية,salveger
clever,zîrek,زیرەك,ذكي,zeerek
clever,jîr,ژیر,ذكي,"zheer , 'aqul"
clever,aqil,عاقل,ذكي,"zheer , 'aqul"
intelligent,biaqil,ب ئاقل,ذكي,"zheer, beerbur, ḧushmend"
intelligent,bîrbir,بیربر,ذكي,"zheer, beerbur, ḧushmend"
intelligent,zîrek,زیرەك,ذكي,zeerek
intelligent,jîr,ژیر,ذكي,"zheer, beerbur, ḧushmend"
intelligent,hişmend,هشمه‌ند,ذكي,"zheer, beerbur, ḧushmend"
smart,têgehişitî,تێگەھشتى,ذكي,têgeḧushutee
round trip,çûn û hatin,چوون و ھاتن,ذھابا وإيابا,chûn û ḧatun
went,çû,چوو,ذھب,chû
double-edged,dû dev,دوو دەڤ,ذو حدين,dû dev
relevant,guncav,گونجاڤ,ذو صلة,gunjav
worthy,hejî,هه‌ژی,ذو قيمة,ḧezhee
worthy,hêja,هێژا,ذو قيمة,ḧêzha
tail,kilik,کلک,ذيل,kluk
tail,kurî,کوری,ذيل,kree
tail,"dûvik, bocik",ووڤک، بۆجک,ذيل,"dûvuk, bojk"
kurdish letter 11 (“r” sound),r,ر,ر,r
capital,paytext,پایتەخت,رأس المال,paytext
capital (very important),"giring, mezin, gir",گرنگ، مه‌زن، گر,رأس المال,"gurung, mezun, gur"
upside down,ser nişîv,سەر نشیڤ,رأسا على عقب,"qolpandee , ser nsheev"
upside down,qolpandî,قۆلپاندی,رأسا على عقب,"qolpandee , ser nsheev"
capitalism,sermayedarî,سەرمایەداری,رأسمالية,sermayedaree
saw,dar birr,دار بڕ,رأى,dar burr
saw,mişar,مشار,رأى,mushar
opinion,boçûn,بۆچوون,رأي,"beer û bar , rey"
opinion,bîr û bar,بیر و بار,رأي,"beer û bar , rey"
opinion,bîr û buçûn,بیر و بوچوون,رأي,beer û buchûn
opinion,rey,رەی,رأي,"beer û bar , rey"
opinion,heliwêst,هەلوێست,رأي,ḧeluwêst
view,temaşe kirin,ته‌ماشه‌ کرن,رأي,temashe krun
view,diyarbit,دیار بیت,رأي,duyarbut
view,dîdar,دیدار,رأي,duyarbut
view,dîmen,دیمه‌ن,رأي,deemen
view,lê nerîn,لێ نه‌رین,رأي,lê nereen
see,"bînît , dîtin",بینیت ، دیتن,رؤية,"beeneet , deetun"
vision,bînîn,بینین,رؤية,beeneen
vision,dîtin,دیتن,رؤية,deetun
presidency,serukatî,سەروكاتی,رئاسة,serukatee
lung,"ceger, kezeb",جه‌گه‌ر، که‌زه‌ب,رئة,"jeger, kezeb"
lung,"mêlaka sur , sî",مێلاکا سور ، سی,رئة,"mêlaka sur , see"
boss,rêveber,رێڤەبەر,رئيس,rêveber
boss,serok,سەرۆك,رئيس,serok
chief,serekî,سەرەكى,رئيس,serekee
master,"axa, xudan",ئاخا، خودان,رئيس,"axa, xudan"
master,masterî,ماسته‌ری,رئيس,masteree
master,hosta,هۆستا,رئيس,ḧosta
president,reys,رەیس,رئيس,reys
president,"serok , serokkomar",سه‌رۆک ، سه‌رۆککۆمار,رئيس,"serok , serokkomar"
foreman,serkarger,سه‌رکارگه‌ر,رئيس العمال,serkarger
foreman,honas,هۆناس,رئيس العمال,ḧonas
premier,seruk wezîran,سەروك وەزیران,رئيس الوزراء,seruk wezeeran
prime minister,serok wezîran,سەرۆک وەزیران,رئيس الوزراء,serok wezeeran
head to,qest kirin,قه‌ست کرن,رئيس ل,qest krun
main,esasî,ئه‌ساسی,رئيسي,esasee
main,sereke,سه‌ره‌که‌,رئيسي,sereke
main,serekî,سه‌ره‌کی,رئيسي,serekee
primatology,prîmatolojî,پریماتۆلۆژی,رئيسيات,avus
odor,bêhin,بێهن,رائحة,bêḧun
smell,bêhin kirin,بێهن کرن,رائحة,bêḧun krun
major,taybetimendî,تایبەتمەندى,رائد,taybetumendee
major,serekî,سه‌ره‌کی,رائد,serekee
major,"mîcer, serdar",میجه‌ر، سه‌ردار,رائد,"meejer, serdar"
pioneer,pêşdar,پێشدار,رائد,"pêsheng, pêshdar, destpêker"
pioneer,pêşeng,پێشه‌نگ,رائد,"pêsheng, pêshdar, destpêker"
pioneer,destpêker,ده‌ستپێکه‌ر,رائد,"pêsheng, pêshdar, destpêker"
pioneer,rêberî diket,رێبەرى دكەت,رائد,rêberee duket
awesome,ecêb,ئه‌جێب,رائع,ejêb
awesome,bi heybet,ب هه‌یبه‌ت,رائع,ejêb
fantastic,aşopî,ئاشۆپی,رائع,ashopee
fantastic,gelek delal,گه‌له‌ک ده‌لال,رائع,gelek delal
fantastic,gêre,گێره‌,رائع,gêre
fine,"baş, fît",باش، فیت,رائع,"bash, feet"
marvelous,ecêb,عەجێب,رائع,ejêb
supercalifragilisticexpialidocious,pirdelal,پرده‌لال,رائع,krtazh
wonderful,ecêb,ئه‌جێب,رائع,ejêb
wonderful,delal,ده‌لال,رائع,delal
wonderful,seyir,سەیر,رائع,seyur
wow,ḧêl,حێل,رائع,ḧêl
great,gravî,گراڤی,رائعة,gravee
great,gelek baş,گەلەك باش,رائعة,gelek bash
amazing,seyre,سەیرە,رائعة حقا,seyre
rubber Band,"lastîka para , werîs",لاستیكا پارا ، وەریس,رابط مطاطي,"lasteeka para , werees"
fourth,çarem,چارەم,رابع,charem
salary,ratib,راتب,راتب,"ratub , mûche"
salary,meaş,مه‌ئاش,راتب,"ratub , mûche"
salary,mûçe,مووچە,راتب,"ratub , mûche"
comfort,rehet,ڕه‌هه‌ت,راحة,keyf xushee
comfort,keyf xuşî,کەیف خوشی,راحة,keyf xushee
rest,bêhinivedan,بێھنڤەدان,راحة,bêḧunuvedan
rest (v),bêhina xo didet,بێھنا خۆ ددەت,راحة,bêḧuna xo dudet
rest area,cihê bêhin vedanê,جھێ بێھنڤەدانێ,راحة,jḧê bêḧun vedanê
radio,radiyu,رادیو,راديو,raduyu
plumb,şaqûl,شاقوول,راسيا,kr peev
plumb,kur pîv,كور پیڤ,راسيا,kr peev
plumb,wezin,وه‌زن,راسيا,kr peev
satisfied,razî,رازی,راض,razee
jack,helgir,ھەلگر,رافعة,ḧelgur
lever,helger,ھەلگەر,رافعة,ḧelger
monitor (v),zêrevanî kirin,زێره‌ڤانی کرن,راقب,zêrevanee krun
monitor (v),rêzik kirin,ڕێزک کرن,راقب,rêzuk krun
watch,temaşe kirin,ته‌ماشه‌ کرن,راقب,temashe krun
watch,çav lê gerandin,چاڤ لێ گه‌راندن,راقب,chav lê gerandun
watch,seh kirin,سه‌ھ کرن,راقب,seḧ krun
watch,nerîn,نه‌رین,راقب,nereen
watch (v),seḧ kirin,سەح کرن,راقب,seḧ krun
dancer,leyzîner,لەیزینەر,راقصة,leyzeener
dancing girl,semaker,سەماكەر,راقصة,semaker
belly dancer,reqîse,رەقیسە,راقصه شرقيه,reqeese
occupant,dagirker,داگرکه‌ر,راكب,dagurker
occupant,nşîn,نشین,راكب,nsheen
passenger,"geşitiyar , neferî",گەشتیار ، نە‌فەری,راكب,"geshutuyar , neferee"
rider,siwarî,سواری,راكب,suwaree
stagnate,peng bûn,په‌نگ بوون,راكد,peng bûn
stagnate,mend bûn,مه‌ند بوون,راكد,mend bûn
monk,qeşe,قەشە,راھب,qeshe
nun,reben,رەبەن,راھبة,reben
rhubarb,"rêvas, rêvaz",ڕێڤاس، ڕێڤاز,راوند,"rêvas, rêvaz"
teller,pareghur,پارەگھور,راوي,paregḧur
Lord,xudan,خودان,رب,xudan
shoelace,qeytana pêlavê,قەیتانا پێلاڤێ,رباط الحذاء,qeytana pêlavê
housewife,jinika berimalê,ژنكا بەرمالێ,ربة البيت,zhunuka berumalê
gain,bi dest xistin,ب ده‌ست خستن,ربح,bu dest xustun
gain,qazanc kirin,قازانج کرن,ربح,wergurtun
gain,wergirtin,وه‌رگرتن,ربح,wergurtun
profit,feyde,فه‌یدە‌,ربح,feyde
profit,qazanc,قازانج,ربح,qazanj
bind,qeyd kirin,قه‌ید کرن,ربط,grê dan
bind,kirîde,كریدە,ربط,kreede
chain,grê dan,گرێ دان,ربط,grê dan
connect,pêkve bestin,پێکڤه‌ به‌ستن,ربط,pêkve bestun
connect,pêkve girê dan,پێکڤه‌ گرێ دان,ربط,pêkve gurê dan
connect,vebestin,ڤه‌به‌ستن,ربط,vebestun
interconnect,pêk digehînt,پێك دگەھینت,ربط,pêk dugeḧeent
relate,têkldar bûn,تێکلدار بوون,ربط,têkldar bûn
relate,girêdaye pêve,گرێدایە پێڤە,ربط,gurêdaye pêve
tying,girêdan,گرێدان,ربط,gurêdan
necktie,rîbat,ڕیبات,ربطة عنق,geḧushutun
a fourth,"êk ser çar , çarêk",ئێك سەر چار ، چارێك,ربع,"êk ser char , charêk"
a quarter,"êk ser çar , çarêk",ئێك سەر چار ، چارێك,ربع,"êk ser char , charêk"
one-fourth,êk ser çar,ئێك سەر چار,ربع,"êk ser char , charêk"
one-fourth,çarêk,چارێك,ربع,"êk ser char , charêk"
one-quarter,êk ser çar,ئێك سەر چار,ربع,"êk ser char , charêk"
one-quarter,çarêk,چارێك,ربع,"êk ser char , charêk"
quarter,çerêk,چەرئێک,ربع,cherêk
quarter,rib'ek,ربعەک,ربع,rub'ek
maybe,belkî,بەلکی,ربما,belkee
maybe,renge,ره‌نگه‌,ربما,renge
might,belkî,به‌لکی,ربما,belkee
perhaps,belkî,بەلكى,ربما,belkee
nourish,bi xwarin diket,ب خوارن دكەت,ربى,bu xwarun duket
nourish,xwedî kirin,خوه‌دی کرن,ربى,bu xwarun duket
spring,buhar,بوھار,ربيع,buḧar
high rank,payeberiz,پایه‌به‌رز,رتبة عالية,payeberuz
ragged,şaxidar,شاخدار,رث الثياب,shaxudar
lamentation,velûrandin,ڤه‌لووراندن,رثاء,"naleen, velûrandun"
lamentation,nalîn,نالین,رثاء,"naleen, velûrandun"
wise men,moẍan,مۆغان,رجال حكماء,moẍan
reecho,vedan,ڤه‌دان,رجع الصدى,vedan
shiver,lerizîn,لەرزین,رجفة,leruzeen
man,"zelam , mirovek",زەلام ، مرۆڤەک,رجل,"zelam , murovek"
wise man,aqilmendan,ئاقلمەندان,رجل حكيم,aqulmendan
wise man,stêrnas,ستێرناس,رجل حكيم,stêrnas
brave man,qareman,قارەمان,رجل شجاع,"mêruxas , qareman"
brave man,mêrixas,مێرخاس,رجل شجاع,"mêruxas , qareman"
old man,pîre mêr,پیرە مێر,رجل عجوز,peere mêr
strong man,zellamekê hêzdar,زەڵامەكێ هێزدار,رجل قوي,zellamekê ḧêzdar
watchman,pasevan,پاسه‌ڤان,رجل مراقبة,pasevan
watchman,zêrevan,زێره‌ڤان,رجل مراقبة,zêrevan
watchman,"nobedar, nubedar",نۆبه‌دار، نوبه‌دار,رجل مراقبة,"nobedar, nubedar"
manly,mêranî,مێرانى,رجولي,mêranee
journey,rêwîngî,ڕێوینگی,رحلة,rêweengee
journey,ger,گه‌ر,رحلة,ger
voyage,çûn,چوون,رحلة,chûn
womb,reḧem,رەحەم,رحم,reḧem
womb,malbiçwîk,مالبچویك,رحم,malbuchweek
mercy,diluvanî,دلوڤانی,رحمة,duluvanee
mercy,mihrevanî,مهره‌ڤانی,رحمة,muḧrevanee
merciful,diluvan,دلوڤان,رحيم,duluvan
marble,merimer,مەرمەر,رخام,merumer
driver license,îcaze,ئیجازە,رخصة قيادة,eejaze
cheap,erizan,ئەرزان,رخيص,eruzan
pay back,lê vegerandin,لێ ڤه‌گه‌راندن,رد,zhu beer krun
reply,berisiv da,بەرسڤ دا,رد,berusuv da
retort,bersiv,به‌رسڤ,رد حاسم,bersuv
reaction,berikar,بەركار,رد فعل,berukar
reaction,helwest,هه‌لوه‌ست,رد فعل,ḧelwest
reaction,heliwêst,هەلوێست,رد فعل,ḧeluwêst
robe,eba,ئه‌با,رداء,eba
robe,rub,روب,رداء,rub
robe,eba,عه‌با,رداء,eba
package,bestek,بەستەك,رزمة,bestek
package (small),elbik,عەلبك,رزمة,elbuk
packet,"paket, pakêt",پاکه‌ت، پاکێت,رزمة,"paket, pakêt"
letters,pîtekan,پیتەکان,رسائل,peetekan
message,peyam,په‌یام,رسالة,peyam
message,xeber,خه‌به‌ر,رسالة,rusale
message,risale,رسالە,رسالة,rusale
message,mesaj,مه‌ساژ,رسالة,mesazh
invitation,daxazname,داخازنامە,رسالة دعوة,daxazname
painter,buyaxçî,بویاخچى,رسام,buyaxchee
draw,xîçandin,خیچاندن,رسم,weenadukeesheet
draw,wînadikîşît,وینادكیشیت,رسم,weenadukeesheet
drawing,wênekirin,وێنەكرن,رسم,wênekrun
paint,"boyax, boyax kirin",بۆیاخ، بۆیاخ کرن,رسم,"boyax, boyax krun"
paint,boyaẍ,بۆیاغ,رسم,boyaẍ
paint,resimandin,ڕه‌سماندن,رسم,resumandun
paint,"siboq, siboq kirin",سبۆق، سبۆق کرن,رسم,"suboq, suboq krun"
paint,nîgar kirin,نیگار کرن,رسم,neegar krun
paint,wêne jê çêkirin,وێنه‌ ژێ چێکرن,رسم,wêne zhê chêkrun
official,resmî,ڕه‌سمی,رسمي,resmee
official,fermî,فه‌رمی,رسمي,fermee
official,karbedest,کاربەدەست,رسمي,karbedest
official,mîrî,میرى,رسمي,meeree
solemnly,bi heybet,ب هه‌یبه‌ت,رسميا,bu ḧeybet
formal,resmî,ڕه‌سمی,رسمية,resmee
formal,fermî,فه‌رمی,رسمية,fermee
formal,mîrî,میرى,رسمية,meeree
sedimentary,pegirî,په‌گری,رسوبية,peguree
sedimentary,durdî,دوردی,رسوبية,durdee
sedimentary,gerodeyî,گه‌رۆده‌یی,رسوبية,gerodeyee
messenger,peyamber,په‌یامبه‌ر,رسول,peyamber
messenger,resul,رەسول,رسول,resul
Feast of Dedication,cejna nwîkirina perstgehê,جەژنا نویکرنا پەرستگەهێ,رسوم,jezhna nweekruna perstgeḧê
Feast of Passover,cejna derbazbûnê,جەژنا دەربازبوونێ,رسوم,jezhna derbazbûnê
Feast of Unleavened Bread,cejna nanê şkeva,جەژنا نانێ شکەڤا,رسوم,jezhna nanê shkeva
Feast Tabernacles,cejna kepre şînan,جەژنا کەپرە شینان,رسوم,jezhna kepre sheenan
fee,îcar,ئیجار,رسوم,eejar
fee,krê,كرێ,رسوم,krê
fee (pay),ḧeq,حەق,رسوم,ḧeq
fee (rent),îcar,ئیجار,رسوم,eejar
sprinkle,reşandin,ڕه‌شاندن,رش,reshandun
water (v),av dan,ئاڤ دان,رش,av dan
bribe,bertîl,به‌رتیل,رشوة,"bereeteel , reshwe"
bribe,bertîl kirin,به‌رتیل کرن,رشوة,jda
bribe,rişwet,ڕشوه‌ت,رشوة,"bereeteel , reshwe"
limber,nerim,نەرم,رشيق,nerum
nimble,çalak,چالاك,رشيق,chalak
bullet,fîşek,فیشەك,رصاصة,feeshek
observe,çavdêrî lê kirin,چاڤدێری لێ کرن,رصد,zêrevanee duket
observe,zêrevanî diket,زێرەڤانى دكەت,رصد,zêrevanee duket
credit,pêbawerî,پێباوه‌ری,رصيد,pêbaweree
credit,kredî,کره‌دی,رصيد,kredee
credit,hijimartin,ھژمارتن,رصيد,ḧuzhumartun
quay,berav,به‌راڤ,رصيف,ga
pavement,peyaderê,پەیادەرێ,رصيف الشارع,peyaderê
infant,bebek,به‌به‌ک,رضيع,bebek
infant,berşîr,به‌رشیر,رضيع,bersheer
infant,sava,ساڤا,رضيع,sava
infant,şîrxwer,شیرخوه‌ر,رضيع,sheerxwer
humid,rîtubet,ریتوبەت,رطب,reetubet
humid,şih,شھ,رطب,shuḧ
moist,şil,شل,رطب,shul
stub,"binike dar , kotike dar",بنکەدار ، کۆتکەدار,رطم,"bunuke dar , kotuke dar"
humidity,"rîtûbet , wexim",ریتووبەت ، وەخم,رطوبة,"reetûbet , wexum"
humidity,şilî,شلی,رطوبة,shulee
moisture,şilatî,شلاتى,رطوبة,shulatee
care,çare kirin,چاره‌ کرن,رعاية,chare krun
care,çareser kirin,چاره‌سه‌ر کرن,رعاية,chareser krun
care,derman kirin,ده‌رمان کرن,رعاية,chareser krun
caring,sexbêrkirin,سه‌خبێرکرن,رعاية,sexbêrkrun
caring,sexbêrî,سه‌خبێری,رعاية,sexbêree
care for …,pwîteyi bi ... didet,پویتەی ب ... ددەت,رعاية ...,pweeteyu bu ... dudet
fright,tirs,ترس,رعب,turs
horror,tirris,تڕس,رعب,turrus
thunder,birûsk,برووسک,رعد,gur gum
thunder,gûrgûr,گوورگوور,رعد,gur gum
pastoral,şivanî,شڤانى,رعوي,shuvanee
desire,"arezû, hewes",ئاره‌زوو، هه‌وه‌س,رغبة,"arezû, ḧewes"
desire,pê şad bûn,پێ شاد بوون,رغبة,murad
desire,"dixwazît , ḧez",دخوازیت ، حەز,رغبة,"duxwazeet , ḧez"
desire,mirad,مراد,رغبة,murad
wish,îrade,ئیراده‌,رغبة,eerade
wish,daxwaz kirin,داخواز کرن,رغبة,daxwaz krun
wish,hêvî kirin,هێڤی کرن,رغبة,ḧêvee krun
although,sererray,سه‌ره‌ڕای,رغم أن,sererray
although,li ser hindê ra,ل سەر ھندێ را,رغم أن,lu ser ḧundê ra
although,her çende,ھەر چەندە,رغم أن,ḧer chende
even though,tevî ku,ته‌ڤی کو,رغم أن,ḧundee
even though,herçend,هە‌رچە‌ند,رغم أن,ḧundee
foam,kef,کەف,رغوة,kef
loaf,nanek,نانەك,رغيف,nanek
bookshelf,bufî,بوفی,رف كتب,bufee
denied,ret kir,رەت کر,رفض,ret kr
deny,ḧaşa kirin,حاشا کرن,رفض,"ḧasha krun, ḧashatee krun"
deny,ret diket,رەت دکەت,رفض,ret duket
deny,red kirin,ڕه‌د کرن,رفض,ret duket
deny,mandel kirin,ماندەل کرن,رفض,mandel krun
deny,haşatî kirin,هاشاتی کرن,رفض,"ḧasha krun, ḧashatee krun"
dismiss,berdan,به‌ردان,رفض,"belakrun , peshkleen , veqeteen"
dismiss,verevandin,ڤه‌ره‌ڤاندن,رفض,tursandun
dismiss,verevîn,ڤه‌ره‌ڤین,رفض,"belakrun , peshkleen , veqeteen"
refuse,retkirin,ره‌تكرن,رفض,retkrun
refuse,redkirin,ڕه‌دکرن,رفض,redkrun
refuse,qebîl nekirî,قەبیل نەکری,رفض,qebeel nekree
reject,"retkirin, red kirin",رەتكرن، ڕه‌د کرن,رفض,"retkrun, red krun"
reject,qebûl nekirin,قه‌بوول نه‌کرن,رفض,qebûl nekrun
reject,nepejrandin,نه‌په‌ژراندن,رفض,nepezhrandun
rejected,retikir,رەتكر,رفض,retukr
turn down,"refzikir , kêm kirin",رەفزکر ، کێم کرن,رفض,"refzukr , kêm krun"
elevate,payeberz kirin,پایه‌به‌رز کرن,رفع,navneeshek zhêburun
lift,rakirin,راكرن,رفع,rakrun
lifting heavy loads and back pain,hilgirtina barên giran û pişt êşan,هلگرتنا بارێن گران و پشت ئێشان,رفع الأحمال الثقيلة وآلام الظهر,ḧulgurtuna barên guran û pusht êshan
nominative,barê kirdarî,بارێ كردارى,رفع قواعد,barê krdaree
lift!,rake,ڕاکە,رفع!,rake
shelf,rifatik,رفاتك,رفوف,rufatuk
buddy,hugir,ھوگر,رفيق,ḧugur
shipmate,hevalê gemiyê,هه‌ڤالێ گه‌میێ,رفيق السفينة,hevalê gemiyê
crisps,çipis,چپس,رقائق البطاطس,chupus
censored,çavdêrîkirî,چاڤدێریکری,رقابة,chavdêreekree
censored,nehêlayî,نه‌هێلایی,رقابة,neḧêlayee
wafer,parçeka pskîtê,پارچەكا پسكیتێ,رقاقة,parcheka pskeetê
dance,"dawetê diket , dawet",داوەتێ دکەت ، داوەت,رقص,"dawetê duket , dawet"
dance,sema kirin,سه‌ما کرن,رقص,"dawetê duket , dawet"
dancing,"dawet, govend",داوه‌ت، گۆڤه‌ند,رقص,"dawet, govend"
dancing,serinakirin,سه‌رناکرن,رقص,serunakrun
dancing,sema,سه‌ما,رقص,sema
dancing of circle,govend,گۆڤه‌ند,رقص,govend
car number,jimara tirumbêlê,ژمارا ترومبێلێ,رقم السيارھ,zhumara turumbêlê
digital,dîcîtal,دیجیتال,رقمي,deejeetal
slave,"benî, bend",بەنی، بەند,رقيق,"benee, bend"
slave,"xulam , xudam , kwîl",خولام ، خودام ، کویل,رقيق,"xulam , xudam , kweel"
slave,"ebid, 'ebîd",عه‌بد، عه‌بید,رقيق,"ebud, 'ebeed"
thin,tenik,تەنك,رقيق,tenuk
thin,irav,زراڤ,رقيق,urav
thin,ze'îf,زەعیف,رقيق,ze'eef
knee,çuk,چوك,ركبة,chuk
kneel,xudçemînît,خودچەمینیت,ركع,xudchemeeneet
kick,pên lê dan,پێن لێ دان,ركلة,pên lê dan
corner,qulaç,قولاچ,ركن,qulach
corner,kujî,کوژی,ركن,kzhee
ride,siyarbu,سیاربو,ركوب,suyarbu
ride,lê siwar bûn,لێ سوار بوون,ركوب,lê suwar bûn
cycling,ajutina paysklî,ئاژوتنا پایسکلی,ركوب الدراجات,azhutuna paysklee
ash,xulî,خولی,رماد,xulee
ash,xolî,خۆلی,رماد,xolee
ash,heş,ھەش,رماد,ḧesh
pomegranate,hinar,ھنار,رمان,ḧunar
lance,rim,رم,رمح,rum
pike,rim,رم,رمح,rum
spear,rim,رم,رمح,rum
symbol,çeveng,چه‌ڤه‌نگ,رمز,"ḧêma , ḧeema"
symbol,nîşan,نیشان,رمز,neeshan
symbol,hêma,هێما,رمز,"ḧêma , ḧeema"
symbol of honor,hêmayê şeref,هێمایێ شەرەف,رمز الشرف,ḧêmayê sheref
eyelash,mjîlanik,مژیلانك,رمش,mzheelanuk
sand,xîz,خیز,رمل,xeez
sand,remil,ڕه‌مل,رمل,xeez
throw,avêtin,ئاڤێتن,رمي,"davêzheet , ḧavêtun"
throw,havêtin,ھاڤێتن,رمي,"davêzheet , ḧavêtun"
throw (with a target in view),têwerkirin,تێوه‌رکرن,رمي,têwerkrun
stone (v),berbaran kirin,بەرباران کرن,رمي حجر,berbaran krun
throw on,werkirin,وەرکرن,رمي على,"davêzheet , ḧavêtun"
throw!,pavêje,پاڤێژە,رمي!,pavêzhe
pitch,qîr,قیر,رمية,qeer
pitch,qêrr,قێڕ,رمية,qêrr
bet,şert,شەرت,رهان,shert
horrible,bitirs,بترس,رهيب,adul
horrible,toqîner,تۆقینه‌ر,رهيب,adul
horrible,xofnak,خۆفناک,رهيب,adul
xenophobia,jibiyaniya bitirist,ژبیانیا  بیترست,رھاب الأجانب,zhbuyanuya buturust
pawn,girew diket,گرەو دكەت,رھن,gurew duket
hostage,deseserikirêyi bi merc,دەسەسەركرێى ب مەرج,رھينة,deseserukrêyu bu merj
magma,şilbuwî,شلبووی,رواسب,shulbuwee
narration,çîruk,چیروك,رواية,cheeruk
novel,ruman,رومان,رواية,ruman
dung,zibil,زبل,روث,navneeshek zhêburun
soul,"can , derûn",جان ، دەروون,روح,"jan , derûn"
soul,gîyan,گیان,روح,geeyan
Spirit,can,جان,روح,jan
Spirit,ruh,ڕوھ,روح,ruḧ
Spirit,giyan,گیان,روح,guyan
spiritual,ruhanî,ڕوهانی,روحي,"ruḧanee, guyanee, ruḧee"
spiritual,ruhî,ڕوهی,روحي,"ruḧanee, guyanee, ruḧee"
spiritual,giyanî,گیانی,روحي,"ruḧanee, guyanee, ruḧee"
Russia,rusîya,روسیا,روسيا,ruseeya
kindergarten,baxçî zaruka,باخچى زاروكا,روضة أطفال,baxchee zaruka
splendor,rewneq,ڕه‌ونه‌ق,روعة,pêchan
splendor,spehî,سپه‌هی,روعة,pêchan
Romanian,romanî,ڕۆمانی,روماني,romanee
Romania,romaniya,رۆمانیا,رومانيا,romanuya
Romeo and Juliet,mem û zîn,مەم و زین (چیرۆکا کوردی),روميو وجوليت,mem û zeen
irrigation,avdan,ئاڤدان,ري,avdan
wind,ba,با,رياح,ba
wind,hewa,ھەوا,رياح,ḧewa
gymnastics,yarît werizşî,یاریت وەرزشى,رياضة بدنية,yareet weruzshee
athlete,atlet,ئاتله‌ت,رياضي,"weruzshvan , atlet"
athlete,werizşvan,وه‌رزشڤان,رياضي,"weruzshvan , atlet"
athletic,atletik,ئاتله‌تک,رياضي,atletuk
uncertainty,guman,گومان,ريبة,guman
uncertainty,nediyarî,نه‌دیاری,ريبة,neduyaree
basil,riḧan,رحان,ريحان,ruḧan
nip,perr,پەڕ,ريش,perr
feather,"per , pîrît",پەر ، پیریت,ريشة,"per , peereet"
plume,per,پەر,ريشة,per
sail,baberik,بابه‌رک,ريشة,ta
feather duster,frça tuzê,فرچا توزێ,ريشة، خشن,frcha tuzê
rural,pesar,په‌سار,ريفي,pesar
rural,"gundewar, şiryar",گونده‌وار، شریار,ريفي,"gundewar, shuryar"
rural,gundî,گوندی,ريفي,gundee
monotony,bêzarî,بێزارى,ریتابة,bêzaree
monotonous,bê zar,بێ زار,ریتيب,bê zar
kurdish letter 13 (“z” sound),z,ز,ز,z
mercury,zawe,زاوە,زئبق,"etard , zawe"
mercury,etard,عەتارد,زئبق,"etard , zawe"
quicksilver,zîbeq,زیبەق,زئبقي,zeebeq
plus,zaîd,زائید,زائد,zaeed
plus,zêde,زێدە,زائد,zêde
visitor,seredêr,سه‌ره‌دێر,زائر,seredêr
visitor,mêvan,مێڤان,زائر,mêvan
reptile,xişuk,خشوك,زاحف,xushuk
sower,tovçîn,تۆڤچین,زارع,tovcheen
adulterer,"dehimen pîs , zinaker",دەھمەن پیس ، زناکەر,زانية,"deḧumen pees , zunaker"
angle,qunc,قونج,زاوية,gushe
angle,guşe,گوشە,زاوية,gushe
right angle,stêl,ستێل,زاوية مستقيمة,gushe
right angle,gûç,گووچ,زاوية مستقيمة,gushe
right angle,gozeka rastê,گۆزه‌کا ڕاستێ,زاوية مستقيمة,gushe
right angle,goşa 90 pile,گۆشا ۹۰ پله‌,زاوية مستقيمة,gushe
right angle,goşeya tîk,گۆشه‌یا تیک,زاوية مستقيمة,gushe
yogurt,mast,ماست,زبادي,mast
butter,nîvşk,نیڤشك,زبدة,neevshk
client,"bikir, mişterî",بکر، مشته‌ری,زبون,"bukr, mushteree"
client,kriyar,کریار,زبون,kruyar
customer,bikir,بكر,زبون,bukr
raisin,mêwîj,مێویژ,زبيب,mêweezh
glass,şîşe,شیشە,زجاج,sheeshe
bottle,şûşe,شووشە,زجاجة,shûshe
bottle (big),dibî,دبی,زجاجة (كبيرة),dubee
water Bottle,kîska avê,كیسكا ئاڤێ,زجاجة ماء,keeska avê
glassy,wek şîşey,وەك شیشەى,زجاجي,wek sheeshey
crawl,xişînît,خشينيت,زحف,xusheeneet
crawl,xişîn,خشین,زحف,xusheen
crawl,li ser çengan çun,ل سه‌ر چه‌نگان چون,زحف,lu ser chengan chun
crawling,xişok,خشۆک,زحف,xushok
creep,xwişîn,خوشین,زحف,"shreen, jan"
creep,xwe xuşandinî,خوه‌ خوشاندنی,زحف,"shreen, jan"
Saturn,"zuḧl , keywan",زوحل ، کەیوان,زحل,"zuḧl , keywan"
decoration,nexşandin,نەخشاندن,زخرفة,nexshandun
ornament,dxemilînît,دخەملینیت,زخرفة,dxemuleeneet
button,bişkoj,بشکۆژ,زر,bushkozh
button (mechanical),dugim,دوگم,زر,dugum
button (on clothes),qopçe,قۆپچه‌,زر,qopche
seeding,tovkirin,تۆڤکرن,زراعة,tovkrun
agricultural,erdê çandinê,ئەردێ چاندنێ,زراعي,erdê chandunê
giraffe,zerafe,زەرافە,زرافة,zerafe
cultivate,çandin,چاندن,زرع او صقل,chandun
fin,şaper,شاپەر,زعنفة,shaper
fin (of a fish),"dûvka masiyan, kilka masiyan",دووڤکا ماسیان، کلکا ماسیان,زعنفة,"dûvka masuyan, klka masuyan"
elder,rîhspî,ریھسپی,زعيم,reeḧspee
leader,"birêvebir, pêşeng",برێڤه‌بر، پێشه‌نگ,زعيم,"serkêsh, burêvebur, pêsheng"
leader,serkêş,سه‌رکێش,زعيم,"serkêsh, burêvebur, pêsheng"
leader,serok,سه‌رۆک,زعيم,serok
wedding,"dawet , dehwet",داوەت ، دەھوەت,زفاف,"dawet , deḧwet"
wedding,şehyan,شەھیان,زفاف,sheḧyan
exhale,nefes xo bîne derê,نەفەس خۆ بینە دەرێ,زفر,nefes xo beene derê
alley,kulan,كولان,زقاق,klan
dumpling,givişk,گڤشک,زلابية,guvushk
earthquake,"erd hejî , erd hejan",ئه‌رد هه‌ژی ، ئه‌رد هه‌ژان,زلزال,"erd ḧezhee , erd ḧezhan"
earthquake,bîveleriz,بیڤه‌له‌رز,زلزال,beeveleruz
earthquake,zilzal,زلزال,زلزال,zulzal
quake,cerbezî diket,جەربەزى دكەت,زلزال,jerbezee duket
slippery,teḧsandin,تەحساندن,زلق,teḧsandun
slippery,ḧulîsanik,حولیسانك,زلق,ḧuleesanuk
nectarine,tereqî,تەرەقی,زليقة,tereqee
fellowship,pişikdarî,پشکداری,زمالة,"ḧevpushuk, pushukdaree"
fellowship,cemiyet,جه‌میه‌ت,زمالة,"ḧevpushuk, pushukdaree"
fellowship,hevaltî,هه‌ڤالتی,زمالة,"ḧevpushuk, pushukdaree"
fellowship,hevparî,هه‌ڤپاری,زمالة,"ḧevpushuk, pushukdaree"
fellowship,hevpişkî,هه‌ڤپشکی,زمالة,"jemuyet, komele"
emerald,zemirûd,زەمروود,زمرد,zemurûd
classmates,hevalên pulê,ھەڤالێن پولێ,زملاء الصف,ḧevalên pulê
co-workers,hevkarên,هه‌ڤکارێن,زملاء عمل,"xal , shanuk , merem"
colleague,hevalê karî,هه‌ڤالێ کاری,زميل,ḧefsar
colleague,hevkar,هه‌ڤکار,زميل,ḧefsar
fellow,hefalî,ھەفالى,زميل,ḧefalee
mate,"heval, dost, hevrê, brader",هه‌ڤال، دۆست، هه‌ڤرێ، براده‌ر,زميل,"ḧeval, dost, ḧevrê, brader"
classmate,hevalê xwandinê,ھەڤالێ خواندنێ,زميل الدراسة,ḧevalê xwandunê
co worker,hevkar,هەڤکار,زميل عمل,ḧevkar
co-worker,hevkar,هەڤکار,زميل عمل,ḧevkar
playmate,hugirê yarî yan,ھوگرێ یاری یان,زميل في اللعب,ḧugurê yaree yan
lily,zîbeq,زیبەق,زنبق,zeebeq
ginger,zencebîl,زەنجەبیل,زنجبيل,zenjebeel
zinc,tûtiya,تووتیا,زنك,tûtuya
zinc,çînko,چینکۆ,زنك,cheenko
zinco,tûtiya,تووتیا,زنك,"cheenko , tûtuya"
zinco,çînko,چینکۆ,زنك,"cheenko , tûtuya"
blossom,bişkoj,بشکۆژ,زهر,bushkozh
blossom,"kulîlk, kulîlk vekirin",کولیلک، کولیلک ڤه‌کرن,زهر,"kleelk, kleelk vekrun"
flower,gul,گول,زھرة,gul
flower with dew,gul xunava,گول خوناڤا,زھرة الندى,gul xunava
marriage,jin û mêr,ژن و مێر,زواج,zhun û mêr
marriage,mare,ما‌رە,زواج,mare
marriage,mehir,مه‌هر,زواج,meḧur
meridian,dirêje hêl,درێژە ھێل,زوالي,durêzhe ḧêl
whirlwind,babelîsk,بابه‌لیسک,زوبعة,babeleesk
pair,cût,جووت,زوج,jût
pair,cot,جۆت,زوج,jot
stepfather,zir bab,زر باب,زوج الأم,zur bab
wife,jin,ژن,زوجة,zhun
wife (house),jin,کابانی,زوجة,zhun
brother's wife,jinbra,ژنبرا,زوجة أخي,zhunbra
stepmother,jin bab,ژن باب,زوجة الأب,zhun bab
daughter-in-law,bîk,بیك,زوجة الإبن,beek
dingy,kirêt,کرێت,زورق,krêt
dingy,gemar,گه‌مار,زورق,gemar
zoom,bilind dibît,بلند دبیت,زوم,bulund dubeet
zoom,bilindbûna demildest,بلندبوونا ده‌ملده‌ست,زوم,bulundbûna demuldest
costume,cil û berig,جل و بەرگ,زي,jl û berug
increase,ptirdiket,پتردكەت,زيادة,pturduket
increase,zêde bûn,زێده‌ بوون,زيادة,pturduket
increase,mişe bûn,مشه‌ بوون,زيادة,pturduket
visit,ziyaret,زیاره‌ت,زيارة,zuyaret
visit,seredan,سه‌ره‌دان,زيارة,seredan
lubricate,run diket,رون دكەت,زيت,run duket
olive oil,zeyt,زەیت,زيت الزيتون,zeyt
vegetable oil,rûnê helezî,ڕوونێ هه‌له‌زی,زيت نباتي,zeruzewat
olive,zeytun,زەیتون,زيتون,zeytun
chrysolite,yaqutê zeytûnî,یاقوتێ زەیتوونی,زيتوني,yaqutê zeytûnee
oily,runî,رونى,زيتي,runee
fake,sexte,سه‌خته‌,زيف,sexte
fake,nerast,نەراست,زيف,nerast
kurdish letter 12 (“rr” sound),ṙ,ڕ,ڕ,ṙ
kurdish letter 14 (“zh” sound),j,ژ,ژ,zh
kurdish letter 15 (“s” sound),s,س,س,s
x,pîta bîst,پیتا بیست,س,peeta beest
query,"prisiyar , prisîn",پرسیار ، پرسین,سؤال,"prusuyar , pruseen"
query,dipirist,دپرست,سؤال,dupurust
question,pirisiyar,پرسیار,سؤال,purusuyar
miss,"xerîb bûn , xerîba kirin",خەریب بوون ، خەریبا کرن,سئم,"xereeb bûn , xereeba krun"
miss (long for),"xerîb bûn , xerîba kirin",خەریب بوون ، خەریبا کرن,سئم,"xereeb bûn , xereeba krun"
weary,mandî,ماندی,سئم,mandee
tourist,"rêving, rêwî",ڕێڤنگ، ڕێوی,سائح,"rêvung, rêwee"
tourist,seyiranî,سەیرانی,سائح,"geshutuyar , seyuranee"
tourist,geşitiyar,گەشتیار,سائح,"geshutuyar , seyuranee"
prevalent,bela bwîy,به‌لا بویی,سائد,bela bweey
driver,şufêr,شوفێر,سائق,shufêr
screwdriver,der nefîs,دەر نەفیس,سائق المسمار,der nefees
taxi Driver,sayqî tekisî,سایقی تەكسی,سائق سيارة أجرة,"sayqee teksee , shufuree teksee"
taxi Driver,şufirî tekisî,شوفری تەكسی,سائق سيارة أجرة,"sayqee teksee , shufuree teksee"
driver is driving a car,şufêr tirombêlê dihaşot,شوفێر ترۆمبێلێ دهاشۆت,سائق يقود سيارة,shufêr turombêlê duḧashot
liquid,"avekî , şil",ئاڤەكى ، شل,سائل,"avekee , shul"
liquid,şil,شل,سائل,shul
seventh,heftem,ھەفتەم,سابع,ḧeftem
previous,berê,بەرێ,سابق,berê
previous,pêşitir,پێشتر,سابق,pêshutur
previous,li pêşiyê,ل پێشیێ,سابق,lu pêshuyê
ahead of,pêş,پێش,سابق ل,pêsh
already,berî nuke,بەری نوکە,سابقا,beree nuke
formerly,pêşitir,پێشتر,سابقا,pêshutur
previously,berî hingî,بەری هنگی,سابقا,beree ḧungee
previously,pêşwext,پێشوه‌خت,سابقا,pêshwext
yard,ḧewdik,حەودك,ساحة,ḧewduk
yard,hewş,حەوش,ساحة,ḧewsh
yard,gez,گەز,ساحة,gez
yard,yarde,یاردە,ساحة,yarde
magician,cadûbaz,جادووباز,ساحر,jadûbaz
magician,seḧer,سەحەر,ساحر,seḧer
sorcerer,cadûbazî,جادووبازی,ساحر,jadûbazee
sorcerer,cerbezî,جه‌ربه‌زی,ساحر,jerbezee
wizard,sêrebend,سێرەبەند,ساحر,sêrebend
witch,pîrejineka sḧrikere,پیرەژنەکا سحرکەرە,ساحرة,peerezhuneka sḧrukere
witch,cadû,جادوو,ساحرة,jadû
overwhelming,jorîn,ژۆرین,ساحق,zhoreen
coast,kenar,كەنار,ساحل,kenar
indignant,enirrî,ئه‌نڕی,ساخط,enurree
indignant,qehirîn,قه‌هرین,ساخط,qeḧureen
prevail,dan qebûlkirin,دان قه‌بوولکرن,ساد,dan qebûlkrun
heating pad,cewdik,جەودك,سادة التدفئة,jewduk
sixth,şeşem,شەشەم,سادس,sheshem
hurried,gelek bilez,گەلەك بلەز,سارع,gelek bulez
work hours,dewam,دەوام,ساعات العمل,dewam
work hours is so long,dewam gelek ya dirêje,دەوام گەلەک یا درێژە,ساعات العمل طويلة جدا,dewam gelek ya durêzhe
hour,demjimêr,دەمژمێر,ساعة,"se'at , demzhumêr"
hour,se'at,سەعات,ساعة,"se'at , demzhumêr"
watch,demjimêr,دەمژمێر,ساعة,demzhumêr
watch,se'et,سەعەت,ساعة,se'et
help me!,harîkariya min bike,ھاریکاریا من بکە,ساعدني!,ḧareekaruya mun buke
postman,pusteçî,پوستەچى,ساعي البريد,pustechee
fly,difirît,دفریت,سافر,dufureet
leg,pê,پێ,ساق,pê
static,mînît têda,مینیت تێدا,ساكن,meeneet têda
static (electricity),"cêgîr, rawestayî, westan",جێگیر، ڕاوه‌ستایی، وه‌ستان,ساكن,"jêgeer, rawestayee, westan"
poisonous,"jehrî, jehrîn, jehrawî",ژه‌هری، ژه‌هرین، ژه‌هراوی,سام,"zheḧree, zheḧreen, zheḧrawee"
toxic,jehrawî,ژه‌هراوی,سام,zheḧrawee
forgive,efû kirin,ئه‌فوو کرن,سامح,efû krun
forgive,bexşandin,به‌خشاندن,سامح,bexshandun
forgive,lê borîn,لێ بۆرین,سامح,lê boreen
forgive,lê negirtin,لێ نه‌گرتن,سامح,lê negurtun
forgive me,li min bibore,ل من ببۆره‌,سامحني,lu mun bubore
revile,civîn dan,جڤین دان,سب,jveen danavenger
revile,çixandin,چخاندن,سب,jveen danavenger
revile,fihêt,فهێت,سب,jveen danavenger
swimmer,"melevan, avjen",مه‌له‌ڤان، ئاڤژه‌ن,سباح,"melevan, avzhen"
swim,melevaniya diket,مەلەڤانیا دكەت,سباحة,melevanuya duket
swimming,melevanî,مەلەڤانی,سباحة,melevanee
race,pîşbrikî diket,پیشبركى دكەت,سباق,peeshbrukee duket
race,regez,ڕه‌گه‌ز,سباق,regez
plumber,ewkesê karê buriyadiket,ئەوكەسێ كارێ بوریادكەت,سباك,ewkesê karê buruyaduket
plumber,borrîçî,بۆڕیچی,سباك,ewkesê karê buruyaduket
plumber,lûlekar,لووله‌کار,سباك,ewkesê karê buruyaduket
spinach,spênax,سپێناخ,سبانخ,spênax
cause,eger,ئه‌گه‌ر,سبب,eger
cause,sebeb,سه‌به‌ب,سبب,sebeb
cause,sedem,سه‌ده‌م,سبب,sedem
cause,sebaret,سەبارەت,سبب,sebaret
cause,hu,هو,سبب,ḧu
reason,eger,ئەگەر,سبب,eger
reason,sebeb,سەبەب,سبب,sebeb
causal,egerî,ئه‌گه‌ری,سببي,dû
curse word,kufrî,کوفری,سبة,ḧezhmarek
swam,melevanî kirin,مەلەڤانى كرن,سبح,melevanee krun
7,ḧeft,٧ ، حەفت,سبعة,ḧeft
seven,ḧeft,حەفت,سبعة,ḧeft
17,hevde,١٧ ، هەڤدە,سبعة عشر,ḧevde
seventeen,hevde,ھەڤدە,سبعة عشر,ḧevde
750,ḧeft sad û pêncî,٧٥٠ ، حەفت ساد و پێنجی,سبعمائة وخمسون مائة,ḧeft sad û pênjee
750,hezar kêm rib'ek,٧٥٠، ھەزار کێم ربعەك,سبعمائة وخمسون مائة,ḧezar kêm rub'ek
70,ḧeftê,٧٠ ، حەفتێ,سبعون,ḧeftê
seventy,heftê,ھەفتێ,سبعون,ḧeftê
precede,berî dêt,بەرى دئێت,سبق,beree dêt
blackboard,textî reş,تەختى رەش,سبورة,textee resh
white board,sebura spî,سەبورا سپی,سبورة بيضاء,sebura spee
curtain,perde,پەردە,ستارة,perde
6,şeş,٦ ، شەش,ستة,shesh
six,şeş,شه‌ش,ستة,shesh
16,şazde,١٦ ، شازدە,ستة عشر,shazde
jacket,çakêt,چاكێت,سترة,chakêt
vest,êlek,ئێلەک,سترة,êlek
60,şêst,٦٠ ، شێست,ستون,shêst
sixty,şêst,شێست,ستون,shêst
Stephen,stîvanos,ستیڤانۆس,ستيفن,peruseev
stinger,derizîk,دەرزیك,ستينغر,deruzeek
carpet,berik,بەرك,سجادة,"meḧfeer , beruk"
carpet,meḧfîr,مەحفیر,سجادة,"meḧfeer , beruk"
rug,berik,بەرك,سجادة,beruk
prayer rug,şemilk,شەملك,سجادة صلاة,shemulk
jailer,zîndanivan,زیندانڤان,سجان,zeendanuvan
log,darî dibrît,دارى دبریت,سجل,daree dubreet
log,karîte,کاریته‌,سجل,kareete
log,garîte,گاریته‌,سجل,gareete
record,tumar kirin,تومار کرن,سجل,tumar krun
jail,"scin , zîndan",سجن ، زیندان,سجن,"sjn , zeendan"
prisoner,dîlek,دیله‌ک,سجين,"zeendanee , gureetee"
prisoner,zîndanî,زیندانی,سجين,"zeendanee , gureetee"
prisoner,sicinî,سجنی,سجين,sujnee
prisoner,girîtî,گریتی,سجين,"zeendanee , gureetee"
cloud,ewir,عەور,سحابة,ewur
cloudy,ewir,ئەور,سحابة,ewur
pull,dikêşît,دكێشیت,سحب,dukêsheet
tow,radikêşit,رادکێشت,سحب,radukêshut
withdraw,vekêşan,ڤه‌کێشان,سحب,vekêshan
withdraw,"vegerrîn, paşve kêşan",ڤه‌گه‌ڕین، پاشڤه‌ کێشان,سحب,"vegerreen, pashve kêshan"
withdraw,vedikêşît,ڤەدکێشیت,سحب,vedukêsheet
withdraw (bank),wergirtina parey,وەرگرتنا پارەی,سحب,wergurtuna parey
charm,balkêş,بالکێش,سحر,balkêsh
charm,sihêr,سهێر,سحر,suḧêr
magic,efsûn,ئه‌فسوون,سحر,"suḧur , sêrebend"
magic,cadûgerî,جادووگەری,سحر,"suḧur , sêrebend"
magic,siḧir,سحر,سحر,"suḧur , sêrebend"
magic,sêrebend,سێرەبەند,سحر,"suḧur , sêrebend"
sorcery,cadûgerî,جادووگەری,سحر,tlfreek
spell,dihincînît,دھنجینیت,سحر,duḧunjeeneet
witchcraft,tşitêt seyir,تشتێت سەیر,سحر,"tshutêt seyur , suḧur"
witchcraft,cadûgerî,جادووگەری,سحر,tlfreek
witchcraft,siḧir,سحر,سحر,"tshutêt seyur , suḧur"
witchcraft,nêreng,نێره‌نگ,سحر,nêreng
crunch,qirçandin,قرچاندن,سحق,qirçandin
crush,perçiqandin,په‌رچقاندن,سحق,ḧerrshandun
crush,pelixandin,پەلخاندن,سحق,peluxandun
crush,herrşandin,هەڕشاندن,سحق,ḧerrshandun
crush,herrşînît,هەڕشینیت,سحق,ḧerrsheeneet
crushed,herrşî,هه‌ڕشی,سحق,ḧerrshee
crushing,perçiqîn,په‌رچقین,سحق,ḧerrshandun
crushing,herrşandin,هەڕشاندن,سحق,ḧerrshandun
overwhelm,dan ser,دان سه‌ر,سحق,"dan ser, shepurze krun"
overwhelm,dişkênt,دشكێنت,سحق,dushkênt
overwhelm,şepirze kirin,شه‌پرزه‌ کرن,سحق,"dan ser, shepurze krun"
overwhelm,herişandin,هه‌رشاندن,سحق,ḧerushandun
lizard,"kêvlîle , kmkme",كێڤلیلە ، كمكمە,سحلية,"kêvleele , kmkme"
generosity,merdî,مه‌ردی,سخاء,veshartun
generosity,merdînî,مه‌ردینی,سخاء,veshartun
generosity,merdî,مه‌ردی,سخاء,"bu merdee, bu jamêree"
liberality,serbestî,سەربەستى,سخاء,serbestee
heater,agirdan,ئاگردان,سخان,agurdan
heater,sube,سوبە,سخان,sube
water heater,tankê ava gerim,تانکێ ئاڤا گەرم,سخان الماء,tankê ava gerum
boiler,qûşxan,قووشخان,سخان مياه,qûshxan
boiler,kîzir,کیزر,سخان مياه,keezur
irony,teviz,تەڤز,سخرية,tevuz
mockery,qeşmerî,قەشمەرى,سخرية,qeshmeree
sarcasm,"tehin, qerîne",ته‌هن، قه‌رینه‌,سخرية,"teḧun, qereene"
scorn,behre,ته‌ڤز,سخرية,jwaavê
scorn,riswabûn,ڕسوابوون,سخرية,jwaavê
generous,çav vekrî,چاڤ ڤەکری,سخي,chav vekree
generous,merd,مەرد,سخي,merd
repay,lê vegerandin,لێ ڤه‌گه‌راندن,سداد,zhu beer krun
Sodom and Gomorrah,sedom û 'emora,سه‌دۆم و عه‌مۆرا,سدوم وعمورة,sedom û 'emora
secret,veşaritî,ڤەشارتی,سر,vesharutee
secret,nepenî,نه‌په‌نی,سر,nepenee
secret,nihênî,نھێنى,سر,nuḧênee
privately,bi nepenî,ب نەپەنی,سرا,bu nepenee
secretly,bi nihênî,ب نھێنى,سرا,bu nuḧênee
mirage,rewrewk,ڕه‌وره‌وک,سراب,rewrewk
mirage,leyland,له‌یلاند,سراب,leyland
panties,derpê,دەرپێ,سراويل,derpê
swarm,garan,گاران,سرب,xwarun lêner
swarm,naxir,ناخر,سرب,xwarun lêner
navel,nafik,نافك,سرة,nafuk
saddle,zîn,زین,سرج,zeen
saddle,kurtan,کورتان,سرج,krtan
narrative,çîrrok,چیڕۆک,سرد,"serpêḧatee, cheerrok, ḧeekaye"
narrative,serpêhatî,سه‌رپێهاتی,سرد,"serpêḧatee, cheerrok, ḧeekaye"
storytelling,çîrokgotin,چیرۆکگۆتن,سرد قصصي,cheerokgotun
storytelling,vegêrran,ڤه‌گێڕان,سرد قصصي,vegêrran
cancer,penceşêr,پەنجەشێر,سرطان,penjeshêr
cancer,seretan,سه‌ره‌تان,سرطان,"seretan , shêr penje"
cancer,şêr pence,شێر په‌نجه‌,سرطان,"seretan , shêr penje"
speed,lezatî,لەزاتى,سرعة,lezatee
velocity,leza,له‌زا,سرعة,"geshut, geryan"
robbery,talan,تالان,سرقة,talan
robbery,dizî,دزی,سرقة,duzee
robbery,şelandin,شه‌لاندن,سرقة,shelandun
steal,"dizît, stînît",دزیت، ستینیت,سرقة,"duzeet, steeneet"
theft,dizî,دزی,سرقة,duzee
bed n breakfast,xan,خان,سرير و فطور,xan
quick,bilez,بلەز,سريع,bulez
irritable,aciz,ئاجز,سريع الانفعال,wêrek
irritable,turre,توڕه‌,سريع الانفعال,wêrek
judgmental,darizandin,دارزاندن,سريع الحكم,daruzandun
rapid,bilez,بله‌ز,سريعون,bulez
burgle,savar,ساڤار,سطا,savar
surface,rû,روو,سطح,rû
earth surface,rûyê erdî,روویێ ئەردی,سطح الأرض,rûyê erdee
brighten,teysîn,تەیسین,سطع,teyseen
happiness,"bextiyarî, bextewerî",به‌ختیاری، به‌خته‌وه‌ری,سعادة,"bextuyaree, bexteweree"
happiness,"dilşadî, dilxweşî",دلشادی، دلخوه‌شی,سعادة,"dulshadee, dulxweshee"
cough,cuxik,جوخك,سعال,jxuk
Cough,kuxik,کوخک,سعال,kxuk
price,qîmet,قیمه‌ت,سعر,"kêm, puchek, chendek"
Saudi,s'udî,سعودی,سعودي,s'udee
happy,"bextiyar, bextewer",به‌ختیار، به‌خته‌وه‌ر,سعيد,"bextuyar, bextewer"
happy,"dilşad, dilxweş",دلشاد، دلخوه‌ش,سعيد,"dulshad, dulxwesh"
happy,kêfxweş,کێفخوه‌ش,سعيد,kêfxwesh
joyful,dil geşî,دل گەشی,سعيد,dul geshee
foothill,benar,به‌نار,سفح الجبل,"benar, damên, zeer"
foothill,damên,دامێن، زیر,سفح الجبل,"benar, damên, zeer"
foothill,zîr,زیر,سفح الجبل,"benar, damên, zeer"
travel,sefer kirin,سه‌فه‌ر کرن,سفر,sefer krun
travel,geşt kirin,گه‌شت کرن,سفر,gesht krun
shedding of blood,riştna xwînê,رشتنا خوینێ,سفك الدم,rushutna xweenê
ambassador,ambasador,ئامباسادۆر,سفير,ambasador
ambassador,baliyuz,بالیوز,سفير,baluyuz
ambassador,sefîr,سه‌فیر,سفير,sefeer
ship,sefîn,سەفین,سفينة,sefeen
ceiling,ban,بان,سقف,ban
ceiling,seqif,سەقف,سقف,sequf
ceiling,kaşihanik,کاشهانك,سقف,kashuḧanuk
roof,ban,بان,سقف,ban
rail,destik dar,دەستك دار,سكة حديدية,destuk dar
railroad,rîkît şemendefirî,ریكیت شەمەندەفرى,سكة حديدية,reekeet shemendefuree
sugar,şeker,شەكەر,سكر,sheker
drunk,serixoş,سەرخۆش,سكران,seruxosh
agony,azarî,ئازاری,سكرة,avzê
agony,tengavî,ته‌نگاڤی,سكرة,avzê
agony,jan,ژان,سكرة,avzê
assistant secretary,birîkar,بریکار,سكرتير مساعد,ger
secretary,skirîtêre,سكریتێرە,سكریتير,skreetêre
dwelling,xanî,خانی,سكن,"mezel , xanee"
dwelling,mezel,مەزەل,سكن,"mezel , xanee"
lodging,ḧewandin,حەواندن,سكن,ḧewandun
drunkard,alkolîk,ئالکۆلیک,سكير,alkoleek
drunkard,serxweş,سه‌رخوه‌ش,سكير,serxwesh
knife,"kêr, kêrik",کێر، کێرک,سكين,"kêr, kêruk"
pocket knife,çequk,چەقوک,سكين جيب,chequk
weapon,çek,چەك,سلاح,chek
weapon,sîleḧ,سیلەح,سلاح,seeleḧ
navy,gelekeşitî,گەلەكەشتى,سلاح البحرية,gelekeshutee
artillery,topavêjî,تۆپاڤێژی,سلاح المدفعية,mulyon
stairs,paye,پایە,سلالم,"derece , paye"
stairs,pêlik,پێلک,سلالم,"derece , paye"
stairs,derece,دەرەجە,سلالم,"derece , paye"
peace,aramî,ئارامی,سلام,aramee
peace,"aşitî , tenahî",ئاشتی ، تەناھی,سلام,"ashutee , tenaḧee"
safety,emin,ئه‌من,سلامة,emun
safety,silametî,سلامەتی,سلامة,sulametee
rob,"şelandin, dervekirin",شه‌لاندن، ده‌رڤه‌کرن,سلب,"shelandun, dervekrun"
passive,sist,سست,سلبي,sust
negativity,negatîf,نه‌گاتیف,سلبية,negateef
basket,zembîl,زه‌مبیل,سلة,zembeel
basket,sepet,سه‌په‌ت,سلة,sepet
basket,sevî,سه‌ڤی,سلة,sevee
basket,selik,سه‌لک,سلة,seluk
dirty clothes basket,selka cilkêt pîs,سەلکا جلکێت پیس,سلة القذرة,selka jlkêt pees
trash bin,teneke,تەنەکە,سلة المھملات,teneke
wastebasket,selka zibilî,سەلکا زبلی,سلة النفايات,selka zubulee
turtle,kîsele,كیسەلە,سلحفاة,keesele
chain,ristik,رستک,سلسلة,rustuk
chain,zincîr,زنجیر,سلسلة,zunjeer
chain,qeyd,قه‌ید,سلسلة,zunjeer
chain,qeydkirin,قه‌یدکرن,سلسلة,grê dan
zipper,zincîr,زنجیر,سلسلة,zunjeer
dominion,"hukim, desthilat, zalbûn",هوکم، ده‌ستهلات، زالبوون,سلطان,"ḧukm, destḧulat, zalbûn"
salad,zelate,زەلاتە,سلطة,zelate
crab,kêvjal,كێڤژال,سلطعون,kêvzhal
oman,uman,عومان,سلطنة عمان,uman
expired goods,kel û pelên dem biserçuî,كە‌ل و پە‌لێن دە‌م بسە‌رچویى,سلع منتھية الصلاحية,kel û pelên dem buserchuee
ancestor,babkalik,بابکالک,سلف,babkaluk
ancestor,bapîr,باپیر,سلف,bapeer
hand over,radestî kirin,رادەستی کرن,سلم,radestee krun
ladder,"pêstirk, pêlêkan",پێسترك، پێلێکان,سلم,"pêsturk, pêlêkan"
ladder,"pêlok, pêpeling",پێلۆک، پێپه‌لنگ,سلم,"pêlok, pêpelung"
ladder,derence,ده‌ره‌نجه‌,سلم,seleme
ladder,seleme,سەلەمە,سلم,seleme
peaceful,"aram, asûde, hêwir",ئارام، ئاسووده‌، هێور,سلمي,"aram, asûde, ḧêwur"
peaceful,ser sivik,سەرسڤک,سلمي,ser suvuk
peacefully,"bi aşitî, bi aşitiyane",ب ئاشتی، ب ئاشتیانه‌,سلميا,"bu ashutee, bu ashutuyane"
attitude,rewişt,رەوشت,سلوك,rewshut
attitude,helwest,هه‌لوه‌ست,سلوك,rewshut
behavior,reftar,رەفتار,سلوك,reftar
behavior,rewşit,رەوشت,سلوك,rewshut
behaviour,reftar,رەفتار,سلوك,reftar
conduct,tevger,ته‌ڤگه‌ر,سلوك,tevger
conduct,reftar,رەفتار,سلوك,reftar
good behavior,rewşitên baş,رەوشتێن باش,سلوك جيد,rewshutên bash
intact,sax,ساخ,سليم,sax
poison,jehir,ژەھر,سم,zheḧur
poison,sim,سم,سم,sum
toxin,jehir,ژەھر,سم,zheḧur
toxin,sim,سم,سم,sum
venom,jehir,ژه‌هر,سم,zheḧur
poison of snakes,jehira maran,ژەھرا ماران,سم الأفاعي,zheḧura maran
sky,esman,ئەسمان,سماء,esman
sky,esman,عەسمان,سماء,esman
realtor,delal,دەلال,سمسار عقارات,delal
sesame,kuncî,كونجى,سمسم,knjee
hear,bihîstin,بهیستن,سمع,buḧeestun
hear,guh lê bûn,گوھ لێ بوون,سمع,guḧ lê bûn
hearing,lê pirsîn,لێ پرسین,سمع,lê purseen
fish,masî,ماسی,سمك,masee
shark,masî qrş,ماسى قرش,سمك القرش,masee qrsh
fatten,ribîte kirin,ڕبیته‌ کرن,سمن,"têkl, têk"
fatten,ribête kirin,ڕبێته‌ کرن,سمن,"têkl, têk"
fatten,qelew kirin,قه‌له‌و کرن,سمن,"têkl, têk"
thick,stîr,ستیر,سميك,steer
thick,girêdayi,گرێداى,سميك,gurêdayu
fat,qelew,قه‌له‌و,سمين,"têkl, têk"
age,teman,تەمەن,سن,teman
age,"jî, pîrîtî, kalîtî",ژی، پیریتی، کالیتی,سن,"zhee, peereetee, kaleetee"
age,sal,سال,سن,sal
age,emir,عەمر,سن,emur
tooth,didan,ددان,سن,dudan
milk tooth,didanên şîrî,ددانێن شیری,سن لبني,dudanên sheeree
senator,endamê senatoyê,ئه‌ندامێ سه‌ناتۆیێ,سناتور,endamê senatoyê
senator,pîrmend,پیرمه‌ند,سناتور,peermend
year,sal,سال,سنة,sal
new year,sala nî,سالا نی,سنة جديدة,sala nee
happy new year,sala nî li te pîroz bît,سالا نی ل تە پیرۆز بیت,سنة جديدة سعيدة,sala nee lu te peeroz beet
happy new year,ser salê pîroz bît,سەر سالێ پیرۆز بیت,سنة جديدة سعيدة,ser salê peeroz beet
graduate,derçûyî,ده‌رچوویی,سنتخرج,derchûyee
centimeter,santîmetir,سانتیمەتر,سنتيمتر,santeemetur
squirrel,sivore,سڤۆرە,سنجاب,suvore
title deed,tapo,تاپۆ,سند ملكية,tapo
so long,kelek dirêj,كەلەك درێژ,سنشتاق إليك,kelek durêzh
Singapore,sîngapûr,سینگاپوور,سنغافورة,seengapûr
annual,salane,سالانە,سنوي,salane
annually,"her sal, salê carekê, salane",هه‌ر سال، سالێ جاره‌کێ، سالانه‌,سنويا,"ḧer sal, salê jarekê, salane"
yearly,sallane,ساڵانە,سنويا,sallane
very easy,gelek asan,گه‌له‌ک ئاسان,سهل جدا,gelek asan
easy,sanahî,ساناھى,سھل,sanaḧee
plain,sade,سادە,سھل,sade
arrow,tîr,تیر,سھم,teer
arrow,tîẍ,تیغ,سھم,teeẍ
ill,nesax,نەساخ,سوء,nesax
misuse,çewt bikardînt,چەوت بكاردئینیت,سوء استخدام,chewt bukardeent
bracelet,"bazin, bazinik",بازن، بازنک,سوار,"bazun, bazunuk"
Syria,surîya,سوریا,سوريا,sureeya
flog,qamçî den,قامچی دەن,سوط,gurrnuzheen
shall,"dêbûn, divê ku",دێ بوون ، دڤێ کو,سوف,"dêbûn, duvê k"
will,enşalah,ئەنشالاھ,سوف,enshalaḧ
will,xezkirin,خەزکرن,سوف,xezkrun
will,daxwaz,داخواز,سوف,xezkrun
will,viyan,ڤیان,سوف,vuyan
will (a legal document),wesiyet,وەسیەت,سوف,wesuyet
will (v),divêt,دڤێت,سوف (V),duvêt
I will pay for you,ez dê ḧeqê hewe dem,ئەز دێ حەقێ ھەوە دەم,سوف أدفع لك,ez dê ḧeqê ḧewe dem
I will get off here,li vêrê min bîne xarê,ل ڤێرێ من بینە خارێ,سوف ‌أنزل هنا,lu vêrê mun beene xarê
Will you engage me?,dê min xazî?,دێ من خازی؟,سوف تشارك لي؟,dê mun xazee?
market,bazar,بازار,سوق,bazar
market,sûk,سووک,سوق,sûk
market,firuşkeh,فروشكەھ,سوق,furushkeḧ
stock market,bazara pişikan,بازارا پشکان,سوق الأوراق المالية,bazara pushukan
stock market,sûka pişikan,سووکا پشکان,سوق الأوراق المالية,sûka pushukan
vegetable Wholesale Market,elwa,عەلوا,سوق الخضار بالجملة,elwa
together,"pêkve , bi hev ra",پێکڤه‌ ، ب هه‌ڤ را,سويا,"pêkve , bu ḧev ra"
Switzerland,swîsira,سویسرا,سويسرا,sweesura
bad,xirab,خراب,سيئة,nebash
bad,nebaş,نەباش,سيئة,nebash
fence,perjan,په‌رژان,سياج,perzhan
fence,tan,تان,سياج,tan
fence,çeper,چه‌په‌ر,سياج,cheper
fence,diywar,دیوار,سياج,"duywar, suyaj"
fence,siyac,سیاج,سياج,"duywar, suyaj"
pen (of sheep),kotana pezî,کۆتانا په‌زی,سياج,kotana pezee
sheep pen (fence),kotana pezî,کۆتانا په‌زی,سياج الغنم,kotana pezee
tourism,turîzim,توریزم,سياحة,"geshutuyaree, geshutvanee, tureezum"
tourism,geşitvanî,گه‌شتڤانی,سياحة,"geshutuyaree, geshutvanee, tureezum"
tourism,geşitiyarî,گه‌شتیاری,سياحة,"geshutuyaree, geshutvanee, tureezum"
sovereign,balladest,باڵاده‌ست,سيادة,balladest
sovereign,zal,زال,سيادة,zal
sovereign,serdar,سه‌ردار,سيادة,serdar
sovereign,serdest,سه‌رده‌ست,سيادة,serdest
sovereign,serwer,سه‌روه‌ر,سيادة,serwer
sovereign,fermanrewa,فه‌رمانره‌وا,سيادة,serwer
car,"tumbîl , seyare",ترومبێل ، سەیارە,سيارة,"tumbeel , seyare"
motorcar,utumbîl,ئوتومبیل,سيارة,utumbeel
sedan,qemare,قەمارە,سيارة,qemare
car (bus over 25),"minşeh , pas mezin",منشەھ ، پاس مەزن,سيارة (أكثر من 25),"munsheḧ , pas mezun"
car (bus for 15),ref,رەف,سيارة (باص لل15),ref
car (bus for 25),kostar,کۆستار,سيارة (باص لل25),kostar
car (for loading),tirumbêlê berî,ترومبێلێ بەری ، حمل,سيارة (للتحميل),turumbêlê beree
car (for farm),tirumbêlê zira'ye,ترومبێلێ زراعیە,سيارة (لمزرعة),turumbêlê zura'ye
cab,tekisî,تەكسى,سيارة أجرة,teksee
car (taxi),teksî,تەكسى,سيارة أجرة,teksee
taxi,teksî,تەكسى,سيارة أجرة,teksee
ambulance,tirumbêlays'af,ترومبێلائیسعاف,سيارة إسعاف,turumbêlays'af
ambulance,tirumbêla hewar hatin,ترومبێلا هەوار هاتن,سياره اسعاف,turumbêla ḧewar ḧatun
policy,rênima,ڕێنما,سياسة,rênuma
policy,"siyaset , ramiyarî",سیاسەت ، رامیاری,سياسة,"suyaset , ramuyaree"
politics,"siyaset , rêzanî",سیاسەت ، رێزانی,سياسة,"suyaset , rêzanee"
protectionism,"parastin, parêzîtî",پاراستن، پارێزیتی,سياسة الحماية,"parastun, parêzeetee"
politic,ramiyarî,رامیارى,سياسي,ramuyaree
political,"ramiyarî , siyasî",رامیارى ، سیاسی,سياسي,"ramuyaree , suyasee"
politician,siyasî,سیاسی,سياسي,suyasee
ordination,rêzkirin,ڕێزکرن,سيامة,rêzkirin
all psalm will be memorized,hemî hozana dê jberkey,ھەمی ھۆزانا دێ ژبەرکەی,سيتم حفظھا عن المزمور,ḧemee ḧozana dê zhberkey
cigarette,cigare,جگارە,سيجارة,jgare
Mister,"rêzdar , cenab",رێزدار ، جەناب,سيد,"rêzdar , jenab"
Mister,seyda,سەیدا,سيد,seyda
lady,xanim,خانم,سيدة,xanum
madam,xatîn,خاتین,سيدتي,xateen
Sir,berêz,بەرێز,سيدي,berêz
walk,bi rê be çûn,ب رێ بە چوون,سير,bu rê be chûn
walk,"piyase kirin , bi piya çûn",پیاسە کرن ، ب پیا چوون,سير,"puyase krun , bu puya chûn"
walk,meşîn,مه‌شین,سير,mesheen
walk away,serikeftina bisanahî,سەركەفتنا بساناھى,سيرا على الأقدام,serukeftuna busanaḧee
on foot,piya,پیا,سيرا على الاقدام,puya
grip,destik,ده‌ستک,سيطرة,dufureet
grip,girtin,گرتن,سيطرة,dufureet
sword,şîr,شیر,سيف,sheer
sword small,xencer,خە‌نجە‌ر,سيف صغير,xenjer
would,dê,دێ,سيكون,dê
torrent,"lehî , leyî",له‌هی ، له‌یی,سيل,"leḧee , leyee"
scenario,senariyo,سه‌ناریۆ,سيناريو,senaruyo
It will be done,bi cih bihêt,ب جھ بهێت,سينجز,bu jḧ buḧêt
will be done,bi cih bihêt,ب جھ بهێت,سينجز,bu jḧ buḧêt
be established,aşkira bîn,ئاشکرا بین,سينشأ,ashkra been
signor,periwerd,پەروەرد,سينيور,peruwerd
kurdish letter 16 (“sh” sound),ş,ش,ش,sh
personnel,xuyetî,خویەتی,شؤون الموظفين,xuyetee
affairs,karu bar,کارو بار,شئون,karu bar
personnel affairs,karubarên xuyetî,کاروبارێن خویەتی,شئون العاملين,karubarên xuyetee
popular,bernas,به‌رناس,شائع,berunyas
rumor,dukar,دوکار,شائعة,dukar
rumor,gotegot,گۆته‌گۆت,شائعة,gotegot
rumour,gotegot,گۆته‌گۆت,شائعة,gotegot
young,têjik,تێژک,شاب,têzhuk
young,ciḧêl,جحێل,شاب,jḧêl
young,sava,ساڤا,شاب,sava
young man,genc,گەنج,شاب,genj
youthful,gencîniyê,گەنجینیێ,شاب,genjeenuyê
bad guy,bedkar,به‌دکار,شاب سيء,bedkar
charger,şeḧen,شەحەن,شاحن,sheḧen
moustache,simbêl,سمبێل,شارب,sumbêl
mustache,simbêl,سمبێل,شارب,sumbêl
badge,bac,باج,شارة,baj
street,cade,جادە,شارع,jade
street,şar',شارع,شارع,"shar' , kche, kolan"
street,kuçe,کوچه‌,شارع,"shar' , kche, kolan"
street,kolan,کۆلان,شارع,"shar' , kche, kolan"
screen,perde,په‌رده‌,شاشة,perde
screen,dîmender,دیمه‌نده‌ر,شاشة,shashe
screen,şaşe,شاشه‌,شاشة,shashe
beach,berlivêt ava riwîbar û derya,بەرلڤێت ئاڤا رویبار و دەریا,شاطئ,berluvêt ava ruweebar û derya
poet,huzanfan,ھوزانفان,شاعر,ḧuzanfan
poetic,helibe stî,ھەلبە ستى,شاعري,ḧelube stee
poetess,huzanivan,ھوزانڤان,شاعرية,ḧuzanuvan
shampoo,şampu,شامپو,شامبو,shampu
inclusive,beşdarker,به‌شدارکه‌ر,شامل,beshdarker
inclusive,tevlîker,ته‌ڤلیکه‌ر,شامل,tevleeker
inclusive,hemukî,ھەموكى,شامل,ḧemukee
sergeant,efser,ئه‌فسه‌ر,شاويش,efser
tea,çay,چاى,شاي,chay
lemon tea,çayeka tirişe,چایەکا ترشە,شاي الليمون,chayeka turushe
youth,cehêl,جه‌هێل,شباب,jeḧêl
youth,xort,خۆرت,شباب,xort
youth,genc,گه‌نج,شباب,genj
youth,lawî,لاوى,شباب,lawee
slippers,şimên,شمێن,شباشب,shumên
slippers,n'alk,نعال,شباشب,n'alk
February,şibat,شبات,شباط,shubat
February,meha 2yê,مه‌ها ۲یێ,شباط,meḧa 2yê
February,heyiva dû,ھەیڤا دوو,شباط,ḧeyuva dû
dill,heliz,هه‌لز,شبت,ḧeluz
ghost,cin,جن,شبح,jn
ghost,reşe,رەشە,شبح,guyanê pees
ghost,giyanê pîs,گیانێ پیس,شبح,guyanê pees
phantom,sawîr,ساویر,شبح,saweer
phantom,spêle,سپێله,شبح,spêle
specter,spêle,سپێله,شبح,spêle
net,tur,تور,شبكة,tur
network,nîturik,نیتورك,شبكة,neeturuk
spider Web,tevin,تەڤن,شبكة العنكبوت,tevun
reviling,axftinên krêt,ئاخفتنێن کرێت,شتم,jveen danavenger
compete,hevirkî kirin,هه‌ڤرکی کرن,شجار,ḧevurkee krun
quarrel,şerfiroş,شه‌رفرۆش,شجار,sherduket
quarrel,şerdiket,شەردكەت,شجار,sherduket
quarrel,gengeşe,گه‌نگه‌شه‌,شجار,gengeshe
quarrel,hevirkî kirin,هه‌ڤرکی کرن,شجار,ḧevurkee krun
brave,azatire,ئازاترە,شجاع,"wêrek , dulêr , azature"
brave,bi cerg,ب جه‌رگ,شجاع,bu jerg
brave,dilêr,دلێر,شجاع,"wêrek , dulêr , azature"
brave,wêrek,وێرەك,شجاع,"wêrek , dulêr , azature"
courageous,mêrixas,مێرخاس,شجاع,mêruxas
stout,zexim,زەخم,شجاع,zexum
warrior,"şerrvan , cengawer",شه‌ڕڤان ، جه‌نگاوه‌ر,شجاع,"sherrvan , jengawer"
bravery,mêranî,مێرانى,شجاعة,mêranee
courage,"mêranî , dilêr",مێرانى ، دلێر,شجاعة,"mêranee , dulêr"
courage,wêrekî,وێره‌کی,شجاعة,"mêranee , dulêr"
condemn,şerimezar kirin,شه‌رمه‌زار کرن,شجب,"shermezar krun, meḧkûm krun"
condemn,mehkûm kirin,مه‌هکووم کرن,شجب,"shermezar krun, meḧkûm krun"
myrrh,mur,مور,شجر المر,mur
sycamore,çinar,چنار,شجر جميز,chunar
tree,dar,دار,شجرة,dar
cedar tree,eriz,ئەرز,شجرة الارز,eruz
acorn,berrî,به‌ڕی,شجرة البلوط,"berree, fêkya dara mazuyê"
acorn,fêkiya dara maziyê,فێکیا دارا مازیێ,شجرة البلوط,"berree, fêkya dara mazuyê"
oak tree,"dar berrû , darberî",دار به‌ڕوو ، داربه‌ری,شجرة البلوط,"dar berrû , darberee"
plane tree,çinar,چنار,شجرة الطائرة,chunar
platan,çinar,چنار,شجرة الطائرة,chunar
bay tree,dara hêrvizê,دارا هێرڤزێ,شجرة الغار,duzhwar
palm tree,darqesp,دارقەسپ,شجرة النخيل,darqesp
encourage,pişitgêrî,پشتگێری,شجع,pushutgêree
encourage,pişitevaniyê diket,پشتەڤانیێ دكەت,شجع,pushutevanuyê duket
encourage,han dan,هان دان,شجع,ḧan dan
bush,tirraş,تڕاش,شجيرة,deḧul
bush,teraş,ته‌راش,شجيرة,deḧul
bush,devî,ده‌ڤی,شجيرة,deḧul
bush,deḧil,دەحل,شجيرة,deḧul
sharpen,"tîji diket , mşar kirin",تیژدكەت ، مشار کرن,شحذ,"teezhu duket , mshar krun"
person,kes,كەس,شخص,kes
person,mirov,مرۆڤ,شخص,murov
intelligent person,jîrmendan,ژیرمەندان,شخص ذكي,zheermendan
garlic chives,krad ; pîvaz terik,کراد ؛ پیڤاز تەرک,شخص عادي,krad ; peevaz teruk
leek,"qurad, qorad",قوراد، قۆراد,شخص عادي,"qurad, qorad"
rich person,zengîn,زه‌نگین,شخص غني,zengeen
in person,"rû bi rû, rûbirû",ڕوو ب ڕوو، ڕووبروو,شخصيا,"rû bu rû, rûburû"
entity,kiyan,کیان,شخصية,kyan
personality,şexsiyet,شه‌خسیه‌ت,شخصية,kesayetee
personality,kesayetî,کەسایەتی,شخصية,kesayetee
tighten,şidandin,شداند,شد,shudandun
intense,tund,توند,شديد,tund
severe,xedar,خه‌دار,شديدة,xedar
severe,dijwar,دژوار,شديدة,duzhwar
evil,xirabî,خرابی,شر,xurabee
wickedness,xirabî,خرابی,شر,xurabee
wickedness,şerxwazî,شەرخوازی,شر,sherxwazee
wickedness,nerrastî,نەڕاستی,شر,nerrastee
buy,"kirrîn, dikirît",کڕین، دكریت,شراء,"krreen, dukreet"
purchase,dikirît,دكریت,شراء,dukreet
beverage,af vexwarin,ئاف ڤەخوارن,شراب,af vexwarun
drink,vexwarin,ڤه‌خوارن,شراب,vexwarun
syrup,doşav,دۆشاڤ,شراب مركز,doshav
copartnership,hevkarî,ھەڤکاری,شراكة,ḧevkaree
partnership,hevparî,هه‌ڤپاری,شراكة,ḧevayee
partnership,hevkarî,ھەڤکاری,شراكة,ḧevkaree
drinking yogurt,av ‌mast,ئاڤ ‌ماست,شرب اللبن,av ‌mast
drinking yogurt,dew,ده‌و,شرب اللبن,dew
buzz,zimmên,زممێن,شرب حتى الثمالة,zummên
baste,lê xistin,لێ خستن,شرج,"stem, zulm"
explain,ravekirin,ڕاڤه‌کرن,شرح,ravekrun
explain,şirove kirin,شرۆڤه‌ کرن,شرح,shurove krun
explaining,şirovekirin,شرۆڤه‌کرن,شرح,shurovekrun
fierce,tund,توند,شرس,ḧeshut
fierce,dijwar,دژوار,شرس,ḧeshut
condition,şert,شه‌رت,شرط,shert
condition,merc,مه‌رج,شرط,merj
Police,pulîs,پولیس,شرطة,pulees
Police,şerîte,شەریتە,شرطة,shereete
cop,pulîs,پولیس,شرطي,pulees
legitimate,rastî,راستى,شرعي,rastee
legitimate,rewa,ڕه‌وا,شرعي,rewa
legality,yasayî tî,یاسایى تى,شرعية,yasayee tee
honor,"rêz , namîs , mezinatî",رێز ، نامیس ، مەزناتی,شرف,"rêz , namees , mezunatee"
honor,rêzê bigirin,ڕێزێ بگرن,شرف,"rêz , namees , mezunatee"
balcony,hindaf,ھنداف,شرفة,ḧundaf
porch,eywan,ئه‌یوان,شرفة,buyax duket
oriental,rujhelatî,روژھەلاتى,شرقية,ruzhḧelatee
company,kumpanî,كومپانى,شركة,kmpanee
firm,bi hêz,ب ھێز,شركة,bu ḧêz
firm,qayîm,قاییم,شركة,qayeem
affiliate,qebûl bûn,قه‌بوول بوون,شركة تابعة,deng
terms,sinur,سنور,شروط,sunur
sunrise,rojhelat,رۆژھەلات,شروق الشمس,rozhḧelat
artery,buriya xwînê,بوریا خوینێ,شريان,"buruya xweenê , demar"
artery,demar,دەمار,شريان,"buruya xweenê , demar"
dishonorable,bêşeref,بێشه‌ره‌ف,شرير,bêsheref
dishonorable,bênamûs,بێنامووس,شرير,bênamûs
wicked,çepell,چەپەڵ,شرير,chepell
bar,şifişaasinî,شفشائاسنى,شريط,shufushaasunee
ribbon,pate,پاتە,شريط,pate
stripe,xîç,خیچ,شريط,xeech
stripe,hêl kirin,هێل کرن,شريط,ḧêl krun
partaker,beşdar,به‌شدار,شريك,zêrevan
partaker,hevpişk,هه‌ڤپشک,شريك,zêrevan
partner,hevpişk,هه‌ڤپشک,شريك,ḧevpushk
partner,hevjîn,ھەڤژین,شريك,ḧevzheen
business Partner,şirîk,شریك,شريك عمل,shreek
delist,navnîşek jêbirin,ناڤنیشه‌ک ژێبرن,شطب,navneeshek zhêburun
chess,şetirenc,شەترەنج,شطرنج,sheturenj
rinse,jaravkirin,ژاراڤکرن,شطف,zharavkrun
rinse,şûştin,شووشتن,شطف,shûshtun
rinse,lêkxşandin,لێکخشاندن,شطف,zharavkrun
sandwich,lefe,لەفە,شطيرة,lefe
fragment,"perçe, ker, let, kurtêl",په‌رچه‌، که‌ر، له‌ت، کورتێل,شظية,"perche, ker, let, krtêl"
logo,dirwîşm,درویشم,شعار,durweeshm
motto,diruşm,دروشم,شعار,durushm
ray,tav,تاڤ,شعاع,tav
ray,"tîroj, tîrêj",تیرۆژ، تیرێژ,شعاع,"teerozh, teerêzh"
ray,tîşk,تیشک,شعاع,teeshk
beam (thick wooden),ribanek,ڕبانه‌ک,شعاع (خشبي سميك),"teerozh, teerêzh, tav"
popular,"millî, hezkrî",مڵی، هه‌زکری,شعبية,"mullee, ḧezkree"
popular,navdar,ناڤدار,شعبية,"navdar, berunas"
popularity,gelibun,گەلبون,شعبية,gelubun
felt,hest kir,هه‌ست کر,شعر,hest kir
hair,"pirrç , mî",پڕچ ، می,شعر,"purrch , mee"
hair,mû,موو,شعر,mû
poetry,hozan,ھۆزان,شعر,ḧozan
oat,"xirpûk, xamkêsan",خرپووک، خامکێسان,شعر بالتعب,"xurpûk, xamkêsan"
torch,çira,چرا,شعلة,chura
torch,xetîre,خه‌تیره‌,شعلة,xeteere
flame of Olympic,xetîra ollompî,خەتیرا ئۆڵۆمپی,شعلة الأولمبية,xeteera ollompee
sorcery,nêreng,نێره‌نگ,شعوذة,nêreng
awareness,aşnayî,ئاشنایی,شعور,"ḧest, ḧus"
awareness,hestpêkirin,هه‌ستپێکرن,شعور,ḧestpêkrun
feeling,hestpêkirin,هه‌ستپێکرن,شعور,ḧestpêkrun
feeling,hest,ھەست,شعور,ḧest
fight,şer,شه‌ر,شغب,sher
riot,pevçûn,په‌ڤچوون,شغب,pevchûn
riot,tevketî,ته‌ڤکه‌تی,شغب,tevketee
riot,têkdan,تێکدان,شغب,sher
riot,serhildan,سه‌رهلدان,شغب,sher
passion,diluvanî,دلوڤانى,شغف,duluvanee
passion,girr,گڕ,شغف,jeeḧaz
passion,grrgirtin,گڕگرتن,شغف,jeeḧaz
fill,pir diket,پردكەت,شغل,pur duket
fill,dagirtin,داگرتن,شغل,dagurtun
fill!,tijî ke,تژیکە,شغل,tuzhee ke
turn on,vekirin,ڤەکرن,شغل,vekrun
turn on,hilkirin,هلکرن,شغل,ḧulkrun
vacancy,"valahî , valakirin",ڤالاھى ، ڤالاکرن,شغور,"valaḧee , valakrun"
cure,çarekirin,چاره‌کرن,شفاء,
cure,saxkirin,ساخکرن,شفاء,
cure,şîfa,شیفا,شفاء,
healing,şîfa,شیفا,شفاء,
heal,saxkirin,ساخکرن,شفاء - يشفى,saxkrun
heal,şîfa kirin,شیفا کرن,شفاء - يشفى,saxkrun
intercession,mehderî,مەهدەری,شفاعة,meḧderee
intercession,"nav bêjî, navçîtî",ناڤ بێژی، ناڤچیتی,شفاعة,"nav bêzhee, navcheetee"
pellucid,sahî,ساهی,شفاف,saḧee
transparent,tenik,تەنك,شفاف,tenuk
transparent,diywendar,دیوەندار,شفاف,duywendar
transparent,rohin,ڕۆهن,شفاف,roḧun
transparency,dîwederî,دیوه‌ده‌ری,شفافية,deewederee
transparency,zelalbûn,زه‌لالبوون,شفافية,zelalbûn
transparency,rohnîtî,ڕۆهنیتی,شفافية,roḧneetee
lip,liv,لڤ,شفة,luv
pity,dil pê sotin,دل پێ سۆتن,شفقة,dul pê sotun
pity,dill pêveman,دڵ پێڤەمان,شفقة,dull pêveman
pity,rehim,ڕه‌هم,شفقة,reḧum
intercessor,navbêj,ناڤبێژ,شفيع,navbêzh
poppy,pitpitk,پتپتک,شقائق النعمان,putputk
poppy,xeşxaş,خەشخاش,شقائق النعمان,xeshxash
apartment,şiqe,شقە,شقة,shuqe
brother-in-law (husband's brother),tî,تی,شقيق في القانون (شقيق الزوج),tee
brother-in-law (wife's brother),xizim,خزم,شقيق في القانون (شقيق الزوجة),xuzum
doubt,guman,گومان,شك,guman
Thankfulness,spas,سپاس,شكر,spas
Thanks,teşekur,ته‌شه‌کور,شكر,spas
Thanks,spas,سپاس,شكر,spas
Thanks,şikir,شکر,شكر,spas
Thanks,memnûn,مه‌منوون,شكر,spas
thank,supas diket,سوپاس دكەت,شكرا,supas duket
thanks to,ji dewletserê,ژ ده‌وله‌تسه‌رێ,شكرا ل,zhu dewletserê
Thank you for your help,mem nûn bu harîkarî,مەم نوون بو ھاریكاری,شكرا لك على مساعدتك,mem nûn bu ḧareekaree
Thanks to God,spas bo xudê,سپاس بۆ خودێ,شكرا لللھ,spas bo xudê
form,şêwe,شێوە,شكل,shêwe
form,hawkêşe,هاوکێشه‌,شكل,shêwe
form (v),"girtin , bigire",گرتن ، بگرە,شكل,"gurtun , bugure"
shape,şêwe,شێوە,شكل,shêwe
complain,gazinde jê kirin,گازندە ژێ كرن,شكوى,gazunde zhê krun
complaint,"gazinde, gazin",گازنده‌، گازن,شكوى,"gazunde, gazun"
cripple,seqet,سەقەت,شل,seqet
paralyze,şelelê girîtin,شەلەلێ گریتن,شل,shelelê gureetun
falls,sûlav,سوولاڤ,شلال,sûlav
falls,sîlava avê,سیلاڤا ئاڤێ,شلال,seelava avê
waterfall,sîlav,سیلاڤ,شلال,seelav
waterfall (small),şirka avê,شرکا ئاڤێ,شلال (صغير),shurka avê
waterfall (big),şelel,شەلەل,شلال (كبير),shelel
paralysis,falinc,فالنج,شلل,falunj
polio,şelela biçîka,شه‌له‌لا بچیکا,شلل الأطفال,shelela bucheeka
shilling,şlin,شلن,شلن,shlun
north,"bakur, bakor",باکور، باکۆر,شمال,"bakr, bakor"
northeast,bakorê rojhellat,باکۆرێ ڕۆژهه‌ڵات,شمال شرق,bakorê rozhḧellat
Korea (north),korîya bakûr,کۆریا باکوور,شمال كوريا,koreeya bakûr
northwards,bakurî,باكورى,شمالا,bakree
melon,gundur,گوندور,شمام,gundur
sun,tav,تاڤ,شمس,tav
sun,roj,ڕۆژ,شمس,rozh
sun,hetav,هه‌تاڤ,شمس,ḧetav
umbrella,şemsî,شەمسی,شمسية,shemsee
candle,"çira, find, şam, mûm",چرا، فند، شام، مووم,شمعة,"chura, fund, sham, mûm"
candle,"şemal, şemam",شه‌مال، شه‌مام,شمعة,"shemal, shemam"
certification,pesandkirin,په‌ساندکرن,شهادة,pesandkrun
nationality certificate,zayendname,زایه‌ندنامه‌,شهادة الجنسية,zayendname
nationality certificate,regezname,ڕه‌گه‌زنامه‌,شهادة الجنسية,regezname
renown,navudeng,ناڤوده‌نگ,شهرة,navudeng
sensuality,bêdelingî,بێده‌لنگی,شهوانية,kerb
appetite,xwestek,خوه‌سته‌ک,شهية,xwestek
martyr,şehîd,شەھید,شهيد,sheḧeed
certificate,baweriname,باوەرنامە,شھادة,baweruname
certificate,belgename,به‌لگه‌نامه‌,شھادة,belgename
certificate,"şehadet, senede",شه‌هاده‌ت، سەنەدە,شھادة,"sheḧadet, senede"
testimony,sînd,سیند,شھادة,"seend , shaḧdedan , shaḧde"
testimony,"şahdedan , şahde",شاھدەدان ، شاھدە,شھادة,"seend , shaḧdedan , shaḧde"
false testimony,direw sînd,درەو سیند,شھادة زور,durew seend
month,heîv,ھەیڤ,شھر,ḧeeev
honeymoon,heyiva hingvînî,ھەیڤا ھنگڤینى,شھر العسل,ḧeyuva ḧungveenee
fame,binav û deng,بناڤ و دەنگ,شھرة,bunav û deng
monthly,mangane,مانگانە,شھريا,mangane
lust,pêxoşî,پێخۆشی,شھوة,"pêxoshee , chuleesee"
lust,çilîsî,چلیسى,شھوة,"pêxoshee , chuleesee"
lust of the eyes,pêxoşiya çavan,پێخۆشیا چاڤان,شھوة العيون,pêxoshuya chavan
grill,biraştin,براشتن,شواية,dubrêzht
longing,grrgirtin,گڕگرتن,شوق,jeeḧaz
thistle,qîvar,قیڤار,شوك,qeevar
thistle,kerbeş,که‌ربه‌ش,شوك,kerbesh
fork,çetel,چەتەل,شوكة,chetel
thorn,stirî,ستری,شوكة,sturee
thorn,kelem,که‌له‌م,شوكة,kelem
hayfork,melhêb,مه‌لهێب,شوكة التذرية,melḧêb
winnowing fork,milêb,ملێب,شوكة التذرية,mulêb
winnowing fork,melhêb,مه‌لهێب,شوكة التذرية,melḧêb
thing,tşit,تشت,شيء,tshut
little by little,piç piç,پچ پچ,شيأ فشيأ,puch puch
scorch,sotin,سۆتن,شيط,"shewat, sotuna rûyekee"
scorch,sotina rûyekî,سۆتنا ڕوویه‌کی,شيط,"shewat, sotuna rûyekee"
scorch,şewat,شه‌وات,شيط,"shewat, sotuna rûyekee"
scorch,şewitîn,شه‌وتین,شيط,"shewat, sotuna rûyekee"
demon,cin,جن,شيطان,jn
soap,sabûn,سابوون,صابون,sabûn
shopkeeper,dikandar,دكاندار,صاحب المتجر,dukandar
shop Owner,xudanî dikanê,خودانی دكانێ,صاحب محل,xudanee dukanê
noisy,girêçî,گرێچى,صاخبة,gurêchee
encounter,pêrgî tiştekî hatin,پێرگی تشته‌کی هاتن,صادف,pêrgee tushtekee ḧatun
encounter,civîn,جڤین,صادف,jveen
encounter,rastî tiştekî hatin,ڕاستی تشته‌کی هاتن,صادف,rastee tushtekee ḧatun
honest,dilpak,دلپاک,صادق,"dulpak, dulpaquzh"
honest,destpak,ده‌ستپاک,صادق,"dulpak, dulpaquzh"
honest,rastgo,ڕاستگۆ,صادق,"rast , rastgo"
honest,sererast,سه‌ره‌راست,صادق,sererast
truthful,rastgo,راستگو,صادق,"rastgo, saduq, wefadar"
truthful,sadiq,سادق,صادق,"rastgo, saduq, wefadar"
truthful,wefadar,وه‌فادار,صادق,"rastgo, saduq, wefadar"
traumatic,herrşî,هه‌ڕشی,صادمة,ḧerrshee
missile,mûşek,مووشەک,صاروخ,mûshek
bolt,piştderî,پشتده‌ری,صاعقة,pushtderee
bolt,destik,دەستك,صاعقة,destuk
lightning,brîsî,بریسى,صاعقة,breesee
sake,pêxemet,پێخه‌مه‌ت,صالح,pêxemet
favor to you,sebrê me bite dihêt,سەبرێ مە بتە دھێت,صالح لك,sebrê me bute duḧêt
mutiny,bêdeng,بێده‌نگ,صامت,Bêdeng
silent,bêdeng,بێده‌نگ,صامت,bêdeng
steadfast,êkdil,ئێکدل,صامد,stêr
maker,çêker,چێكەر,صانع,chêker
shoemaker,pinîdoz,پنیدۆز,صانع الأحذية,puneedoz
peace maker,aşitî çêkir,ئاشتی چێکر,صانع السلام,ashutee chêkr
trouble maker,têkder,تێکده‌ر,صانع المتاعب,ḧazuree
pour the water,avê birrêje,ئاڤێ بڕێژە,صب الماء,avê burrêzhe
morning,spêde,سپێدە,صباح,spêde
good afternoon,êvarî baş,ئێڤاری باش,صباح الخير,êvaree bash
good morning,spêde baş,سپێدە باش,صباح الخير,spêde bash
A.M.,berî nîviro,بەرى نیڤرۆ,صباحا,beree neevuro
dyer,rengkirina qumaşa,رەنگكرنا قوماشا,صباغ,rengkruna qumasha
patience,"sabrî , sebir",سابری ، سەبر,صبر,"sabree , sebur"
dye,buyaẍ diket,بویاغ دكەت,صبغ,buyaẍ duket
pigment,heş,ھەش,صبغ,ḧesh
apprentice,fêrikar,فێركار,صبى يتعلم حرفة ما,fêrukar
boy,bejin û bal,به‌ژن و بال,صبي,sefeen
boy,bejnûbal,به‌ژنووبال,صبي,sefeen
boy,kur,کور,صبي,kr
right or wrong?,raste yan xelete?,ڕاسته‌ یان خه‌له‌ته‌؟,صح ام خطأ,raste yan xelete?
journalism,rujinamegerî,روژنامەگەرى,صحافة,ruzhunamegeree
press,dewisandin,ده‌وساندن,صحافة,dewusandun
press,dewsînît,دەوسینیت,صحافة,dewseeneet
press,gvaşitinê diket,گڤاشتنێ دكەت,صحافة,gvashutunê duket
journalist,rujinamevan,روژنامەڤان,صحافي,ruzhunamevan
reporter,peyaminêr,پە‌یامنێر,صحافي,peyamunêr
desert,çol,چۆل,صحراء,chol
desert,deşt,ده‌شت,صحراء,desht
desert,sehira,سه‌هرا,صحراء,seḧura
saucer,sêniya fincanan,سێنیا فنجانان,صحن الفنجان,sênuya funjanan
correct,rast,راست,صحيح,rast
correct,rastvekirin,ڕاستڤه‌کرن,صحيح,rastvekrun
true,dirst,درست,صحيح,"rast, drst"
true,rast,ڕاست,صحيح,"rast, drst"
rock,kevir,كەڤر,صخرة,kevur
repel,têkşkand,تێكشكاند,صد,têkshkand
repel,der kirin,ده‌ر کرن,صد,der krun
rust,jeng,ژەنگ,صدأ,zheng
rusty,zengarî,زه‌نگاری,صدئ,perdaẍ
rusty,zenggirtî,زه‌نگگرتی,صدئ,perdaẍ
headache,serêş,سەرئێش,صداع,serêsh
friendship,têklî,تێکلی,صداقة,têklee
friendship,hevalînî,ھەڤالینی,صداقة,ḧevaleenee
goldsmith,zeringer,زەرنگەر,صدة,zerunger
chest,sîng,سینگ,صدر,seeng
coincidence,şansî,شانسی,صدفة,jt
coincidence,Hevcivîn,هه‌ڤجڤین,صدفة,jt
coincidence,hevwext,هه‌ڤوه‌خت,صدفة,jt
shock,vecinqî,ڤه‌جنقی,صدمة,vejnqee
shock,lerzik,له‌رزک,صدمة,lerzuk
reverberate,pengizîn,په‌نگزین,صدى,penguzeen
pus,edab,ئەداب,صديد,edab
friend,dost,دۆست,صديق,dost
friend,heval,ھەڤال,صديق,ḧeval
girlfriend,hevala,ھە‌ڤالا,صديقة,ḧevala
explicitly,bi eşkerayî,ب ئه‌شکه‌رایی,صراحة,ḧeshut
conflict,berhingarî,بەرھنگاری,صراع,berḧungaree
conflict,"dijber bûn, dijî hev bûn",دژبه‌ر بوون، دژی هه‌ڤ بوون,صراع,"duzhber bûn, duzhee ḧev bûn"
resistance,berhingarî,به‌رهنگاری,صراع,"berxwedan, têkosheen"
strife,şer froşî,شەڕفرۆشی,صراع,sher froshee
struggle,berxodan,به‌رخۆدان,صراع,"berxwedan, têkosheen"
struggle,berxwedan,به‌رخوه‌دان,صراع,"berxwedan, têkosheen"
struggle,têkoşîn,تێکۆشین,صراع,"berxwedan, têkosheen"
struggle,ceng,جەنگ,صراع,jeng
struggle,milmilanê,ململانێ,صراع,mulmulanê
profess,mikur kirin,مکور کرن,صرح,mukr krun
cry,qîrîn,قیرین,صرخة,ḧewar
cry,grîn,گرین,صرخة,green
cry,hewar,ھەوار,صرخة,ḧewar
cry out,qîrrand,قیڕاند,صرخة,ḧewar
cockroach,kêz,كێز,صرصور,kêz
knock down,dikevînt,دكەڤینت,صرع,dukeveent
distract,aciz kirin,ئاجز کرن,صرف الانتباه,"ajz krun, tewushandun"
distract,tewişandin,ته‌وشاندن,صرف الانتباه,"ajz krun, tewushandun"
change (money),pereyê biguherînin,په‌ره‌یێ بگوهه‌رینن,صرف العملات,pereyê buguḧereenun
explicit,aşkere,ئاشکه‌ره‌,صريح,ashkere
explicit,berçav,به‌رچاڤ,صريح,berchav
explicit,xuya,خویا,صريح,xuya
explicit,zelal,زه‌لال,صريح,zelal
gnashing,çirikandin,چرکاندن,صرير,churukandun
gnash,givaşitin,گڤاشتن,صرير الأسنان,guvashutun
difficult,zeḧmet,زەحمەت,صعب,zeḧmet
uphill,"ser evirazî , jîhelî",سەر ئەڤرازی ، ژیھەلی,صعدا,"ser evurazee , zheeḧelee"
stepped,gav avêtin,گاڤ ئاڤێتن,صعدت,gav avêtin
wither,"çirmsin, çilmisîn",چرمسن، چلمسین,صعق,"churmsun, chulmuseen, vemureen"
wither,vemirîn,ڤه‌مرین,صعق,"churmsun, chulmuseen, vemureen"
wither,werhandin,وەرهاندن,صعق,werḧandun
difficulty,zeḧmetî,زەحمەتی,صعوبة,zeḧmetee
junior,biçwîktirîn,بچویكەترین,صغار,buchweektureen
mini,hûrik,هوورک,صغير,buchuk
small,biçîk,بچیك,صغير,bucheek
tiny,biçuk,بچوك,صغير,buchuk
tiny,hûrik,هوورک,صغير,buchuk
petite,hwîr,هویر,صغيرتي,ḧweer
row,rêz,رێز,صف,rêz
egg Yolks,zerika hêkê,زەركا ھێكێ,صفار البيض,zeruka ḧêkê
yolk,zerika hêkê,زەركا ھێكێ,صفار البيض,zeruka ḧêkê
whistle,fîtifît kirin,فیتفیت کرن,صفارة,feetufeet krun
concrete (adj),madî,مادی,صفة ملموسة,madee
concrete (real),şênber,شێنبه‌ر,صفة ملموسة,shênber
characteristic,saxiletî,ساخلەتی,صفة مميزة,saxuletee
page,per,پەر,صفحة,per
page,laper,لاپەر,صفحة,laper
0,sfir,٠ ، سفر,صفر,sfur
zero,sfir,سفر,صفر,sfur
slap,zlleh,زڵه‌ھ,صفعة,shumaq
slap,zel lê dan,زه‌ل لێ دان,صفعة,zel lê dan
slap,şimaq,شماق,صفعة,shumaq
slap,lêdan,لێدان,صفعة,lêdan
clap,çepik,چه‌پک,صفق,"chepuk , chepuk lê dan"
clap,çepik lê dan,چه‌پک لێ دان,صفق,"chepuk , chepuk lê dan"
clap,dest qutan,ده‌ست قوتان,صفق,dest qutan
bargain,kirrîna firsendî,کڕینا فرسه‌ندی,صفقة,krreena fursendee
deal,peyman,په‌یمان,صفقة,"peyman , lu ḧevkrun"
deal,serederî kirin,سه‌ره‌ده‌ری کرن,صفقة,reftar krun
deal,li hevkirin,ل هه‌ڤکرن,صفقة,"peyman , lu ḧevkrun"
hawk,seqer,سەقەر,صقر,seqer
polish,"briqandin, mesqelkirin",برقاندن، مه‌سقه‌لکرن,صقل,"bruqandun, mesqelkrun"
polish,buyax diket,بویاخ دكەت، پاقژ کرن,صقل,buyax duket
refine,parzinandin,پارزناندن,صقل,parzunandun
refine,paqij kirin,پاقژ کرن,صقل,paquzh krun
refine,zelal kirin,زه‌لال کرن,صقل,zelal krun
refine,saf kirin,ساف کرن,صقل,saf krun
goodness,çakî,چاكی,صلاح,chakee
remit,lîlî buhay,لیلى بوھاى,صلاحيات,leelee buḧay
solid,tenê req,تەنێ ڕەق,صلب,tenê req
solid,req,ڕەق,صلب,req
connection,eleqe,ئه‌له‌قه‌,صلة,eleqe
connection,bendewarî,بەندەواری,صلة,bendewaree
connection,peywendî,پەیوەندى,صلة,peywendee
connection,têkilî,تێکلی,صلة,têklee
connection,wasta,واستا,صلة,wasta
link,girêdidit,گرێددەت,صلة,gurêdudut
relationship,peywendî,پەیوەندی,صلة,peywendee
relationship,têkildarî,تێکلداری,صلة,têkldaree
relationship,hevalanetî,هەڤالانەتی,صلة,ḧevalanetee
pray,du'a kirin,دوعا کرن,صلى,du'a krun
pray,lava kirin,لاڤا کرن,صلى,lava krun
pray,nivêj kirin,نڤێژ کرن,صلى,nuvêzh krun
glue,zeliqok,زه‌لقۆک,صمغ,zeluqok
glue,skotîn,سکۆتین,صمغ,skoteen
gum,sîkutîn,سیكوتین,صمغ,seekteen
peacemakers,çêkerên aşitiyê,چێكەرێن ئاشتیێ,صناع السلام,chêkerên ashutuyê
industry,pîşesazî,پیشەسازى,صناعة,peeshesazee
manufacture,çêdiket,چێدكەت,صناعة,chêduket
manufacture,sazkirin,سازکرن,صناعة,sazkrun
lexicology,ferhengsazî,فەرهەنگسازی,صناعة القاموس,ferḧengsazee
industrial,sina'î,سناعى,صناعي,suna'ee
faucet,ḧenefî,حەنەفی,صنبور,ḧenefee
faucet,ḧenefiya avê,حەنەفیا ئاڤێ,صنبور,ḧenefuya avê
tap,zenbele,زەنبەلە,صنبور,zenbele
sandal,"şim, şimik",شم، شمک,صندل,"shum, shumuk"
box,sinduq,سندوق,صندوق,"sunduq , kareetun"
box,karîtun,کاریتون,صندوق,"sunduq , kareetun"
fund,serimaye,سەرمایە,صندوق,serumaye
mailbox,sinduqa poste,سندوقا پۆستە,صندوق البريد,sunduqa poste
fuse box,mîzaniya kehrebê,میزانیا کەهرەبێ,صندوق الفيوزات,meezanuya keḧrebê
postbox,sinduqapusteyî,سندوقاپوستەیى,صندوق بريد,sunduqapusteyee
classify,polên diket,پۆلێن دکەت,صنف,polên duket
pine,kaj,كاژ,صنوبر,kazh
tank,"tank, amana mezin",تانک، ئامانا مه‌زن,صهريج,"tank, amana mezun"
melt,helandin,هه‌لاندن,صھر,ḧelandun
melt ; The snow melted,ḧelît ; befir ḧela,حە‌لیت ؛ بە‌فر حە‌لا,صھر,ḧeleet ; befur ḧela
neigh,ḧirḧir,حرحر,صھيل,ḧrḧr
Zion,çiyayê sîonê,چیایێ سیۆنێ,صھيون,chuyayê seeonê
sound,"deng , saxlem",دەنگ ، ساخلەم,صوت,"deng , saxlem"
voice,deng,ده‌نگ,صوت,deng
voice,dengê miruvî,دەنگێ مروڤى,صوت,dengê muruvee
voice,sewt,سه‌وت,صوت,sewt
rooster's sound,bang,بانگ,صوت الديك,bang
vocal,bideng,بده‌نگ,صوتي,budeng
vocal,"deng, dengbêj",ده‌نگ، ده‌نگبێژ,صوتي,"deng, dengbêzh"
vocal,vokal,ڤۆکال,صوتي,vokal
painter pictures,"resam , wênekêş",رەسام ، وێنەكێش,صور الرسام,"resam , wênekêsh"
image,peyker,پەیكەر,صورة,peyker
picture,risim,رسم,صورة,"wêne duket , rusm"
picture,wênekirin,وێنەکرن,صورة,"wêne duket , rusm"
portrait,wêne,وێنە,صورة,wêne
wool,suf,سوف,صوف,"ḧuree , suf"
wool,hirî,ھری,صوف,"ḧuree , suf"
scepter,"sewllecan , qrêj",سەوڵەجان ، قرێژ,صولجان,"sewllejan , qrêzh"
cock,dîkil,دیكل,صياح الديك,deekl
hunter,nêcîrvan,نێجیرڤان,صياد,nêjeervan
fast (no eating),roj,ڕۆژ,صيام,rozh
fast (V),rojîgirtin,ڕۆژیگرتن,صيام,rozheegurtun
conservation,parastin,پاراستن,صيانة,parastun
maintenance,parastin,پاراستن,صيانة,parastun
maintenance,sexbêrî,سه‌خبێری,صيانة,sexbêree
fishing,masîgirî,ماسیگری,صيد السمك,maseeguree
pharmacist,karimendê li derimanxanê,كارمەندێ ل دەرمانخانێ,صيدلي,karumendê lu derumanxanê
Pharmacy,derimanxane,دەرمانخانە,صيدلية,derumanxane
plural,"ko , kum , piranî",کۆ ، کوم ، پرانى,صيغة الجمع,"ko , km , puranee"
infinitive,çawg,چاوگ,صيغة المصدر,chawg
Infinitive,rader,ڕاده‌ر,صيغة المصدر,mesder
Infinitive,mesder,مه‌سده‌ر,صيغة المصدر,mesder
tray,sênî,سێنی,صينية,"sênee, lemper, puyan"
tray,"lemper, piyan",له‌مپه‌ر، پیان,صينية,"sênee, lemper, puyan"
lost,berize,بەرزە,ضائع,beruze
lost,winda,وندا,ضائع,wunda
officer,efser,ئه‌فسه‌ر,ضابط,efser
officer,ofîser,ئۆفیسه‌ر,ضابط,ofeeser
officer,ferimanber,فەرمانبەر,ضابط,ferumanber
officer,karmend,کارمه‌ند,ضابط,karmend
officer (soldier),serbaz,سەرباز,ضابط,serbaz
outskirts,duruber,دوروبەر,ضاحية,duruber
harmful,zererdar,زه‌ره‌ردار,ضار,luḧevee
harmful,ziyandar,زیاندار,ضار,luḧevee
annoy,qeḧrand,قەحراند,ضايق,qeḧrand
fog,tem,ته‌م,ضباب,"muzh, ẍemam"
fog,dûkêl,دووکێل,ضباب,"muzh, ẍemam"
fog,mij,مژ,ضباب,"muzh, ẍemam"
fog,moran,مۆران,ضباب,"muzh, ẍemam"
fog,hewayê şil û ne zelal,هه‌وایێ شل و نه‌ زه‌لال,ضباب,"muzh, ẍemam"
mist,mij,مژ,ضباب,muzh
foggy,mûjî,مووژی,ضبابي,"muzh, ẍemam"
adjust,rêk diket,رێك دكەت,ضبط,rêk duket
make noise,dengî kirin,دەنگی کرن,ضج,dengee krun
shake,şiliqîn,شلقین,ضجة,têk vedan
shaking,şilqandin,شلقاندن,ضجة,têk vedan
stir,tevlihev kirin,ته‌ڤلهه‌ڤ کرن,ضجة,tevluḧev krun
stir,têk vedan,تێک ڤه‌دان,ضجة,têk vedan
stir,têkil kirin,تێکل کرن,ضجة,têkl krun
stir,şiliqîn,شلقین,ضجة,têk vedan
weariness,mandîbûn,ماندیبوون,ضجر,mandeebûn
weariness,westan,وه‌ستان,ضجر,westan
noise,dengûdor,ده‌نگوودۆر,ضجيج,dengûdor
noise,qerebaliẍ,قەرەبالغ,ضجيج,qerebaluẍ
laugh,kenî,كەنی,ضحك,kenee
casualty,zayiat,زایات,ضحية,suvuk duket
casualty,zerer,زه‌ره‌ر,ضحية,suvuk duket
casualty,ziyan,زیان,ضحية,suvuk duket
casualty,qurbanî,قوربانی,ضحية,suvuk duket
casualty,gorî,گۆری,ضحية,suvuk duket
casualty,mirin,مرن,ضحية,suvuk duket
casualty,mexdûr,مه‌خدوور,ضحية,suvuk duket
casualty,windayî,وندایی,ضحية,suvuk duket
victim,qurbanî,قوربانی,ضحية,qurbanee
victim,mexdûr,مه‌خدوور,ضحية,mexdûr
large,berfreh,بەرفرەھ,ضخم,mezun
large,mezin,مەزن,ضخم,mezun
vast,berfreh,بەرفرەھ,ضخم,mezun
against,di derheqa kesekê/î da,د ده‌رهه‌قا که‌سه‌کێ/ ئی دا,ضد,du derḧeqa kesekê/ee da
against,dijî,دژی,ضد,duzhee
against,li beramberî,ل بەرامبەری,ضد,lu beramberee
hit,lêkdan,لێکدان,ضرب,lêkdan
multiplication,lêkdan,لێكدان,ضرب,lêkdan
multiply,lêkdan,لێكدان,ضرب,lêkdan
blow,pif kirin,پف کرن,ضربة,puf krun
strike,lê xistin,لێ خستن,ضربة,ta
strike,lê dan,لێ دان,ضربة,ta
strock,celta,جه‌لتا,ضربة,celta
damage,ziyan,زیان,ضرر,zuyan
damage,ziyan didet,زیان ددەت,ضرر,zuyan dudet
damage (v),pîç kirin,پیچ کرن,ضرر,peech krun
damage (v),ziyanê geheşitin,زیانێ گەهەشتن,ضرر,zuyanê geḧeshutun
injury,ziyan,زیان,ضرر,zuyan
harm,zerer,زه‌ره‌ر,ضرر وتلف,luḧevee
harm,ziyan,زیان,ضرر وتلف,luḧevee
molar,didanê hêranê,ددانێ ھێرانێ,ضرس,dudanê ḧêranê
fart,"kuş , tirr",کوش ، تڕ,ضرطة,"ksh , turr"
necessity,pêdawîstî,پێداویستى,ضرورة,pêdaweestee
necessary,pêtvî,پێتڤى,ضروري,pêtvee
necessary,pêwîst,پێویست,ضروري,pêweest
necessary,zirrorî,زڕۆری,ضروري,zurroree
necessary,lazim,لازم,ضروري,lazum
necessity,feratî,فه‌راتی,ضروري,"wezeefe , peyur"
needful,pêwstî,پێوستى,ضروري,pêwstee
tax,bac,باج,ضريبة,baj
tax,zerîbe,زه‌ریبه‌,ضريبة,zereebe
income tax,baca dahatî,باجا داهاتی,ضريبة الدخل,baja daḧatee
income tax,baca hatinê,باجا هاتنێ,ضريبة الدخل,baja ḧatunê
income tax,bacî deskewt,باجی ده‌سکه‌وت,ضريبة الدخل,bajee deskewt
put down,danan,دانان,ضع ارضا,danan
Put your weapon down,çekê xo dane,چەکێ خۆ دانە,ضع سلاحك أسفل,chekê xo dane
put away your book,te ktêba xu kre tîra,تە کتێبا خو کرە تیرا,ضع كتابك بعيدآ,te ktêba xu kre teera
weakness,lawaz,لاواز,ضعف,lawaz
put it in,"têda bike, bike têda",تێدا بکە، بکە تێدا,ضعها في,"têda buke, buke têda"
put in,"êxistên , bêxî",ێخستێن ، بێخی,ضعھ في,"êxustên , bêxee"
weak,bê hêz,بێ ھێز,ضعيف,bê ḧêz
weak,ze'îf,زەعیف,ضعيف,ze'eef
weak,qels,قه‌لس,ضعيف,ze'eef
weak,lawaz,لاواز,ضعيف,lawaz
spineless,bêber,بێبه‌ر,ضعيف الشخصية,bêber
jam,xebise,خەبسە,ضغط,xebuse
squeeze,givaştin,گڤاشتن,ضغط,guvashtun
squeeze,guvaştin,گوڤاشتن,ضغط,guvashtun
blood Pressure,zext,زەخت,ضغط الدم,zext
air pressure,pestana heway,پەستانا هەوای,ضغط جوي,pestana ḧeway
high blood pressure,zexit,زەخت,ضغط دم مریتفع,zexut
stress,fişar,فشار,ضغط عصبى,fushar
begrudge,hesûdî kirin,هه‌سوودی کرن,ضغينة,ḧesûdee krun
frog,beq,بەق,ضفدع,beq
entwine,vehandin,ڤه‌هاندن,ضفر,feru
rib,parsû,پارسوو,ضلع,perasee
rib,perasî,پەراسی,ضلع,perasee
bandage,plasterê brîna,پلاستەرێ برینا,ضمادة,plasterê breena
assure,dupat diket,دوپات دكەت,ضمان,dupat duket
guarantee,kefîl,كەفیل,ضمان,kefeel
warranty,karbidestî,کاربده‌ستی,ضمان,ḧesab
warranty,garantî,گارانتی,ضمان,ḧesab
within,têda,تێدا,ضمن,têda
conscience,bext,به‌خت,ضمير,uzhudan
conscience,ujidan,وژدان,ضمير,uzhudan
pronoun,cihinav,جھناڤ,ضمير,jḧunav
Pronoun Demonstrative,cînavên Işarikê,جیناڤێن ئشارکێ,ضمير برھانية,jeenavên usharukê
light (v),hil kirin,ھل کرن,ضوء (V),ḧul krun
light (adj),"sivik , pebî",سڤك ، پھ‌بی,ضوء (صفة),"suvuk , pebee"
hazard light,ribayî,ڕبایی,ضوء الخطر,ḧuruch
emergency light,"taşîre , aşare",تاشیرە ، اشارە,ضوء الطوارئ,"tasheere , ashare"
moonlight,tavehîv,تاڤەهیڤ,ضوء القمر,taveḧeev
light this fire,vî agirî hil bike,ڤی ئاگری ھل بکە,ضوء هذه النار,vee aguree ḧul buke
guest,mêhvan,مێھڤان,ضيف,mêḧvan
cramped,berteng,بەرتەنگ,ضيق,berteng
narrow,teng,ته‌نگ,ضيق,teng
bird,balinde,بالندە,طائر,balunde
bird,teyir,تەیر,طائر,teyur
bird (small),çûçik,چووچک,طائر,chûchuk
airplane,teyare,تەیارە,طائرة,teyare
airplane,firoke,فرۆكە,طائرة,furoke
plane,firuke,فروكە,طائرة,furuke
jet,vizik diket,ڤزك دكەت,طائرة نفاثة,vuzuk duket
kite,firuka kaẍezî,فروكا كاغەزى,طائرة ورقية,furuka kaẍezee
printer,tabî'e,تابیعە,طابعة,tabee'e
queue,rêz,رێز,طابور,rêz
queue,sira,سرا,طابور,sura
excruciating,eşkence kirin,ئه‌شکه‌نجه‌ کرن,طاحنة,eshkence krun
excruciating,êşdar,ئێشدار,طاحنة,êshdar
grinder,distar,دستار,طاحونة,ez
grinder,destar,ده‌ستار,طاحونة,ez
hand mill,destar,ده‌ستار,طاحونة اليد,ez
obedience,guhdarî,گوھداری,طاعة,guḧdaree
obedience,milkeçbûn,ملکه‌چبوون,طاعة,mulkechbûn
obey,pêgrî kirin,پێگری کرن,طاعة,pêgree krun
obey,guhdarî kirin,گوهداری کرن,طاعة,guḧdaree krun
plague,azar dan,ئازار دان,طاعون,"bela , ta'un"
plague,eşkence dan,ئه‌شکه‌نجه‌ دان,طاعون,"bela , ta'un"
plague,ta'un,تاعون,طاعون,"bela , ta'un"
plague,dirb,درب,طاعون,derd
plague,derd,دەرد,طاعون,derd
torment,eşkence dan,ئه‌شکه‌نجه‌ دان,طاعون,"bela , ta'un"
energy,hêz,ھێز,طاقة,ḧêz
energy,wize,وزە,طاقة,wuze
solar energy,hêza tavê,ھێزا تاڤێ,طاقة شمسية,ḧêza tavê
crew,ekîban,ئه‌کیبان,طاقم,ekîban
student,telebe,تەلەبە,طالب,telebe
student,qutabî,قوتابی,طالب,qutabee
greedy,çavbirsî,چاڤبرسی,طامع,qelus
greedy,dilçûnê,دلچوونێ,طامع,qelus
greedy,qelis,قەلس,طامع,qelus
chef,xwarin lêner,خوارن لێنەر,طاھ,xwarun lêner
dinner table,sifre,سفره‌,طاولة العشاء,sufre
workbench,dezgeh,دەزگەھ,طاولة العمل,dezgeḧ
chalk,tebasîr,تەباسیر,طباشير,tebaseer
print,çap,چاپ,طباعة,chap
print,çap kirin,چاپ کرن,طباعة,chap krun
cook,"aşpêj, pêjer",ئاشپێژ، پێژه‌ر,طبخ,"ashpêzh, pêzher, nanpêzh"
cook,"tebax , lêna",تەباخ ، لێنا,طبخ,"tebax , lêna"
cook,xwarin çêkirin,خوارن چێکرن,طبخ,xwarun chêkrun
cook,nanpêj,نانپێژ,طبخ,"ashpêzh, pêzher, nanpêzh"
plump,tijî,تژى,طبطب,tuzhee
printing,çapkirin,چاپكرن,طبع,chapkrun
dish,aman,ئامان,طبق,aman
plate,sênî,سێنی,طبق,sênee
plate,sênîk,سێنیك,طبق,sêneek
plate,legen,له‌گه‌ن,طبق,legen
leaflet,belavok,به‌لاڤۆک,طبقه,belavok
drum,dahol,داهۆل,طبل,daḧol
drum,deholl,ده‌هۆڵ,طبل,deḧoll
medical,pzîşkî,پزیشكى,طبي,pzeeshkee
doctor,pizîşk,پزیشك,طبيب,puzeeshk
doctor,dixtur,دختور,طبيب,"nuzhudar , duxtur"
doctor,nujidar,نوژدار,طبيب,"nuzhudar , duxtur"
eye doctor,nujdarê çava,نوژدارێ چاڤا,طبيب,nuzhdarê chava
physician,nujidar,نوژدار,طبيب,nuzhudar
dentist,nujidarî didana,نوژدارى ددانا,طبيب أسنان,nuzhudaree dudana
neurologist,dxturê a'saba,دختورێ اعسابا,طبيب الأمراض العصبية,dxturê a'saba
OB-Gyn,dixtur jinka,دختور ژنکا,طبيب التوليد,duxtur zhunka
obstetrician,dixtur jinka,دختور ژنکا,طبيب التوليد,duxtur zhunka
eye doctor,dxturê çava,دختورێ چاڤا,طبيب العيون,dxturê chava
veterinarian,dixturê ḧeywana,دختورێ حەیوانا,طبيب بيطري,duxturê ḧeywana
veterinary,vîtêrinerî,ڤیتێرنەرى,طبيب بيطري,veetêruneree
folk doctor,cebar,جه‌بار,طبيب شعبي,jebar
ophthalmologist,çavpijîşk,چاڤپژیشک,طبيب عيون,chavpuzheeshk
doctor (less qualified),dixtur moqîm,دختور مۆقیم,طبيب مؤهل,duxtur moqeem
obstetrician,"berbuwîyin, ebe, maman",به‌ربوویین، ئه‌به‌، مامان,طبيب مولد,"berbuweeyun, ebe, maman"
doctor treats sickness,nujidar nexoşî çareser diket,نوژدار نەخۆشی چارەسەر دکەت,طبيب يعالج المرض,nuzhudar nexoshee chareser duket
nature,tebiyet,ته‌بیه‌ت,طبيعة,"xweza , xwerst , tebuyet"
nature,xwerst,خوه‌رست,طبيعة,"xweza , xwerst , tebuyet"
nature,xweza,خوه‌زا,طبيعة,"xweza , xwerst , tebuyet"
nature,siruşit,سروشت,طبيعة,surushut
natural,tebîî,ته‌بیی,طبيعي,tebeeee
natural,xweristî,خوه‌رستی,طبيعي,xwerustee
natural,xwezayî,خوه‌زایی,طبيعي,xwezayee
natural,xorristî,خۆڕستی,طبيعي,xorrustee
natural,sirşitî,سرشتی,طبيعي,surshutee
natural,natûrel,ناتووره‌ل,طبيعي,durunde
normal,asayî,ئاسایی,طبيعي,asayee
normal,adî,عادی,طبيعي,adee
spleen,xalxalk,خالخالک,طحال,xalxalk
spleen,fatreşk,فاتره‌شک,طحال,fatreshk
miller,aşvan,ئاشڤان,طحان,ashvan
grind,hûr kirin,هوور کرن,طحن,ḧeer krun
grind,hêran,هێران,طحن,ḧêran
grind,hîr kirin,ھیر کرن,طحن,ḧeer krun
grinding,seqakirin,سه‌قاکرن,طحن,"ḧeer krun, seqakrun"
grinding,hîr kirin,هیر کرن,طحن,"ḧeer krun, seqakrun"
type,tuxim,توخم,طراز,tuxum
type,cûre,جووره‌,طراز,jûre
type,cor,جۆر,طراز,jor
subtract,jêdibet,ژێدبەت,طرح,zhêdubet
subtraction,jêbrin kêmkirin,ژێبرن کێمکرن,طرح,zhêbrun kêmkrun
drive out,derêxistin,ده‌رێخستن,طرد,derêxustun
expel,derkirin,ده‌رکرن,طرد,derkrun
knock,lêdidit,لێددەت,طرق,lêdudut
road,rêk,رێك,طريق,rêk
route,rêk,رێک,طريق,rêk
way,"awa , şêwaz",ئاوا ، شێواز,طريق,"awa , shêwaz"
way,bi rê ve,ب رێ ڤە,طريق,bu rê ve
way,rêk,رێك,طريق,rêk
ways (form),şikil,شکل,طريق,shukl
way of peace,rêka aşitî,رێكا ئاشتی,طريق السلام,rêka ashutee
highway,rêka gşitî,رێکا گشتی,طريق سريع,rêka gshutee
method,rêk,رێك,طريقة,"rêk , shêwaz"
method,şêwaz,شێواز,طريقة,"rêk , shêwaz"
mode,rîbaz,ریباز,طريقة,reebaz
procedure,rêkar,ڕێکار,طريقة,rêkar
way (of acting),reng,رەنگ,طريقة (التمثيل),reng
food,erizaq,ئەرزاق,طعام,"xarun, zad, eruzaq"
food,xarin,خارن,طعام,"xarun, zad, eruzaq"
food,zad,زاد,طعام,"xarun, zad, eruzaq"
food,zade,زاده‌,طعام,"xarun, zad, eruzaq"
bait,pî biserdabrin,پى بسەردابرن,طعم,pee buserdabrun
taste,tam,تام,طعم,tam
stab,tê re kirin,تێ ڕه‌ کرن,طعنة,tê re krun
stab,kêr kirin,کێر کرن,طعنة,kêr krun
stab,kêr lê xistin,کێر لێ خستن,طعنة,kêr lê xustun
overwhelmed,"pêwerhatî, pêwerhayî",پێوه‌رهاتی، پێوه‌رهایی,طغت,"pêwerḧatee, pêwerḧayee"
rash,bê ser,بێ سەر,طفح جلدي,bê ser
rash,"surbîn , êşa çermî",سوربین ، ئێشا چه‌رمی,طفح جلدي,"surbeen , êsha chermee"
leap,xo avêtin,خۆ ئاڤێتن,طفرة - قفزه,leetuk vedudut
mutation,"guherîn, guhorîn",گوهه‌رین، گوهۆرین,طفره,"guḧereen, guḧoreen"
mutation,guherînên mîrasî,گوهه‌رینێن میراسی,طفره,guḧereenên meerasee
mutation,mutasyon,موتاسیۆن,طفره,mutasyon
baby,bîbî,بیبی,طفل,beebee
baby,zarukê biçûk,زاروكێ بچووك,طفل,zarukê buchûk
baby,sava,ساڤا,طفل,sava
child,biçîk,بچیك,طفل,bucheek
kid,biçîk,بچیك,طفل,bucheek
kid,zarok,زارۆک,طفل,zarok
baby animal,têşk,تێشك,طفل الحيوان,têshk
autistic child,zarokê otîstîk,زارۆکێ ئۆتیستیک,طفل مصاب بالتوحد,zarokê oteesteek
weaned child,zarrokekê şîrvekrî,زاڕۆكەكێ شیرڤەكری,طفل مفطوم,zarrokekê sheervekree
childhood,zarokî,زارۆكى,طفولة,zarokee
parasite,mişexur,مشەخور,طفيلي,mushexur
parasite,miftxwer,مفتخوه‌ر,طفيلي,muftxwer
weather,"cew , seqa",جەو ، سەقا,طقس,"jew , seqa"
weather,"dinya , taqes",دنیا ، تاقەس,طقس,"dunya , taqes"
weather,"keş, hewa",که‌ش، هه‌وا,طقس,"kesh, ḧewa"
dew,xunav,خوناڤ,طل,xunav
divorce,berdan,بەردان,طلاق,berdan
asked,daxaz jî kir,داخاز ژى كر,طلب,daxaz zhee kr
request,daxazî,داخازی,طلب,daxazee
request (v),"daxaz diket , daxaz kirin",داخاز دكەت ، داخازکرن,طلب,"daxaz duket , daxaz krun"
tomato,bacan sor,باجان سۆر,طماطم,bajan sor
ambition,arezû,ئاره‌زوو,طموح,"ḧez û vuyan , beruzee xwazee"
ambition,balkêşî,بالکێشی,طموح,"ḧez û vuyan , beruzee xwazee"
ambition,berizî xwazî,بەرزی خوازی,طموح,"ḧez û vuyan , beruzee xwazee"
ambition,ḧez û viyan,حەز و ڤیان,طموح,"ḧez û vuyan , beruzee xwazee"
ambition,dilbijî,دلبژی,طموح,"ḧez û vuyan , beruzee xwazee"
ambition,mereq,مه‌ره‌ق,طموح,"ḧez û vuyan , beruzee xwazee"
ambition,meyl,مه‌یل,طموح,"ḧez û vuyan , beruzee xwazee"
ambition,hewes,هه‌وه‌س,طموح,"ḧez û vuyan , beruzee xwazee"
selfish ambition,xoperêsî,خۆپەرێسی,طموح أناني,xoperêsee
sterilize,paqij kirin,پاقژ کرن,طهر,paquzh krun
sterilize,pak kirin,پاک کرن,طهر,pak krun
sterilize,"tafîlkirin, tafîrkirin",تافیلکرن، تافیرکرن,طهر,"tafeelkrun, tafeerkrun"
postage,kiriyapustê,كریاپوستێ,طوابع البريد,kruyapustê
voluntary,xwebexşî,خوەبەخشى,طوعي,xwebexshee
surround,dur man durî,دور مان دوری,طوق,dur man duree
surround,dorpêç kirin,دۆرپێچ کرن,طوق,dur man duree
length,dirêjî,درێژی,طول,durêzhee
longitude,dirêjiya welatî,درێژیا وەلاتی,طول,durêzhuya welatee
innermost,qurinet,قورنه‌ت,طوية,"nax, kakl, qurunet"
innermost,kakil,کاکل,طوية,"nax, kakl, qurunet"
innermost,nax,ناخ,طوية,"nax, kakl, qurunet"
long,dirêj,درێژ,طويل,durêzh
tall,dirêj,درێژ,طويل,durêzh
pilot,firokevan,فرۆکه‌ڤان,طيار,furokevan
pilot,firrvan,فڕڤان,طيار,furrvan
fold,tewandin,ته‌واندن,طية,"chemandun, tewandun"
fold,çemandin,چه‌ماندن,طية,"chemandun, tewandun"
fold,veşkênît,ڤەشکێنیت,طية,"werdpêcheet , veshkêneet"
fold,werdpêçît,وەردپێچیت,طية,"werdpêcheet , veshkêneet"
flight,geşit,گەشت,طيران,geshut
clay,axesork,ئاخه‌سۆرک,طين,axesork
clay,herrî,هه‌ڕی,طين,ḧerree
mud,teqin,تەقن,طين,tequn
mud,çamûr,چاموور,طين,chamûr
mud,herrî,هه‌ڕی,طين,ḧerree
muddy,"teqinî, lêl",ته‌قنی، لێل,طين,"tequnee, lêl"
muddy,"şêlî, rêvin",شێلی، ڕێڤن,طين,"shêlee, rêvun"
unjust,zalim,زالم,ظالم,zalum
unjust,zordar,زۆردار,ظالم,zordar
phenomenon,diyarde,دیارده‌,ظاهرة,gêzer
circumstance,"baru dux , bar",بارو دوخ ، بار,ظرف,"baru dux , bar"
envelope,bergî name,بەرگی نامە,ظرف,bergee name
envelope,zerif,زەرف,ظرف,zeruf
adverb,heval kar,ھە‌ڤالکار,ظرف حال,ḧeval kar
labour conditions,bardoxê karî,باردۆخێ کاری,ظروف العمل,bardoxê karee
fingernail,nînuk,نینوک,ظفر,neenuk
harness,hefsar,هه‌فسار,ظفيرة,ḧefsar
shade,sîber,سیبه‌ر,ظل,seeber
shadow,sîber,سیبه‌ر,ظل,seeber
shadow,sîtafik,سیتافک,ظل,seetafuk
dark,"tarî, tox",تاری، تۆخ,ظلام,"taree, tox"
darkness,tarî,تاری,ظلام,taree
plaint,gazinde,گازندە,ظلامة,gazunde
injustice,stemî,ستەمى,ظلم,stemee
appear,pe‌îda bît,پە‌یدا بیت,ظھر,pe‌eeda beet
appear,xuya bûn,خویا بوون,ظھر,pe‌eeda beet
appear,"diyar bîn , diyar bibe",دیار بین ، دیار ببە,ظھر,"duyar been , duyar bube"
noon,nîviru,نیڤرو,ظھيرة,neevuru
kurdish letter 17 (“aain” sound),‘,ع,ع,‘
bowl,teşit,تەشت,عاء,teshut
handicap,pekkeft,پەككەفت,عائق,pekkeft
Family (Extended),binemal,بنەمال,عائلة موسعة,bunemal
Family (Extended),malbat,مالبات,عائلة موسعة,malbat
Family (Extended),miruv,مروڤ,عائلة موسعة,muruv
passing,burît,بوریت,عابر,bureet
Ivory,ac,عاج,عاج,aj
habit,asa,ئاسا,عادة,feel
habit,edet,ئه‌ده‌ت,عادة,feel
habit,texlîd,ته‌خلید,عادة,feel
normally,bi asayî,ب ئاسایی,عادة,bu asayee
usually,bi pranî,ب پرانی,عادة,"bu pranee, bu gushutee"
usually,bi gişitî,ب گشتی,عادة,"bu pranee, bu gushutee"
good habit,rewşitê baş,رەوشتێ باش,عادة جيدة,rewshutê bash
just,adil,ئادل,عادل,adul
just,dadmend,دادمه‌ند,عادل,dadmend
fair (not bad),pesende,پەسەندە,عادل (ليس سيئاً),"pesende, gunjaye"
fair (not bad),guncaye,گونجایە,عادل (ليس سيئاً),"pesende, gunjaye"
ordinary,asayî,ئاسایی,عادي,asayee
ordinary,sade,سادە,عادي,sade
plain,deşit,دەشت,عادي,deshut
bare,xwas,خواس,عار,xwas
disgrace,riswabûn,ڕسوابوون,عار,rezeelee
disgrace,şerimzar kirin,شەرمزار کرن,عار,sherumzar krun
insult,fihêtkirin,فهێتکرن,عار,sherum krun
naked,"rîs, rîz",ریس، ریز,عار,"rees, reez"
shame,şerim kirin,شەرم کرن,عار,sherum krun
shame,fihêtkirin,فهێتکرن,عار,sherum krun
oppose,dijî diket,دژى دكەت,عارض,duzhee duket
oppose (vt),dijber diket,دژبەر دكەت,عارض,duzhber duket
flutist,zirina bêj,زرنا بێژ,عازف الفلوت,zuruna bêzh
insulator,cudaker,جوداكه‌ر,عازل,jdaker
thermal insulator,însulatorê germ,ئینسولاتۆرێ گه‌رم,عازل حراري,eensulatorê germ
thermal insulator,azl ḧirarî,عازل حراری,عازل حراري,azl ḧuraree
insulation,keristê cudaker,كەرستێ جوداكەر,عازلة,kerustê jdaker
windy,bayi,بای,عاصف,"bayu , luf"
windy,luf,لوف,عاصف,"bayu , luf"
storm,barrove,باڕۆڤه‌,عاصفة,barrove
storm,bahoz,باهۆز,عاصفة,baḧoz
storm,asîfe,عاسیفە,عاصفة,aseefe
wind storm,ba û babelîsk,با و بابەلیسک,عاصفة الرياح,ba û babeleesk
dust Storm,asîfa tuzê,عاسیفا توزێ,عاصفة الغبار,aseefa tuzê
blizzard,asîfa befirê,عاسیفا بەفرێ,عاصفة ثلجية,aseefa befurê
hailstorm,barrova gijilokê,باڕۆڤا گژلۆکێ,عاصفة ثلجية,barrova guzhlokê
hailstorm,terig,ته‌رگ,عاصفة ثلجية,terug
thunder Storm,asîfa brîsîya,عاسیفا بریسییا,عاصفة رعدية,aseefa breeseeya
sand storm,asîfa xîzî,عاسیفا خیزی,عاصفة رملية,aseefa xeezee
sentiment,hest derbirrîn,هەست دەربڕین,عاطفة,ḧest derburreen
passionate,sewda,سەودا,عاطفي,sewda
unemployed,betal,بەتال,عاطل عن العمل,betal
apprehension,aqil,ئاقل,عاقل,aqul
intelligence,aqil,ئاقل,عاقل,aqul
mind,aqil,ئاقل,عاقل,aqul
sane,aqil,ئاقل,عاقل,aqul
loud,buq,بوق,عال,buq
treat,çare kirin,چاره‌ کرن,عالج,chare krun
treat,çareser kirin,چاره‌سه‌ر کرن,عالج,chareserduket
treat,derman kirin,ده‌رمان کرن,عالج,reftar krun
treat,reftar kirin,رەفتار کرن,عالج,reftar krun
treat,serederî kirin,سه‌ره‌ده‌ری کرن,عالج,reftar krun
stuck,asê,ئاسێ,عالق,asê
scientist,"zana, 'alm",زانا، عالم,عالم,"zana, 'alm"
global,cîhanî,جیهانی,عالمي,jeeḧanee
global,dinyayî,دنیایی,عالمي,dunyayee
global,global,گلۆبال,عالمي,global
general,giştî,گشتی,عام,gushtee
general,gelemper,گه‌له‌مپه‌ر,عام,gelemper
public,ḧikumî,حکومی,عامة,ḧukmee
public,giştî,گشتی,عامة,gushtee
public,gelemperî,گه‌له‌مپه‌ری,عامة,gelemperee
employee,tayîn,تایین,عامل,te'een
employee,te'în,تەعین,عامل,te'een
employee,ferimanber,فەرمانبەر,عامل,ferumanber
factor,fakter,فاكەتەر,عامل,fakter
factor,hokarî,هۆکاری,عامل,ḧokaree
laborer,pale,پاله‌,عامل,pale
laborer,karker,کارکه‌ر,عامل,karker
labourer,pale,پاله‌,عامل,pale
worker,pale,پاله‌,عامل,pale
worker,şulker,شولكەر,عامل,shulker
worker,emil,عەمل,عامل,emul
worker,karker,کارکه‌ر,عامل,karker
worker,kirêkar,کرێکار,عامل,krêkar
maltreat,bi xrabî serederêy,ب خرابى سەرەدەرێى,عامل بقسوة,bu xrabee serederêy
public sector worker,fermanber,فه‌رمانبه‌ر,عامل في القطاع العام,fermanber
hired worker,kirêkar,کرێکار,عامل مأجور,krêkar
deskman,mêzevan,مێزه‌ڤان,عامل مكتب,mêzevan
memorable,bîrewer,بیره‌وه‌ر,عامل منجم,beerewer
miner,kumirvan,كومرڤان,عامل منجم,kmurvan
suffer,azar kêşan,ئازار کێشان,عانى,azar kêshan
suffer,"êşîn, eziyet kêşan",ئێشین، ئه‌زیه‌ت کێشان,عانى,"êsheen, ezuyet kêshan"
suffer,"têk çûn, xusirîn",تێک چوون، خوسرین,عانى,"têk chûn, xusureen"
burden,bar,بار,عبء,bar
burden,hil digirît,ھلدگریت,عبء,ḧul dugureet
cloak,çakêt,چاکێت,عباءة,"ḧeyḧêzsaqo, qapût, chakêt, manto"
cloak,saqo,ساقۆ,عباءة,"ḧeyḧêzsaqo, qapût, chakêt, manto"
cloak,qapût,قاپووت,عباءة,"ḧeyḧêzsaqo, qapût, chakêt, manto"
cloak,kurk,کورک,عباءة,"ḧeyḧêzsaqo, qapût, chakêt, manto"
mantal,pûşî,پووشی,عباءة,pûshee
mantle,pûşî,پووشی,عباءة,pûshee
sunflower,gul beruj,گول بەروژ,عباد الشمس,gul beruzh
worship,perstin,پەرستن,عبادة,perstun
worship,"perêsin , perstinê diket",پەرێسن ، پەرستنێ دكەت,عبادة,"perêsun , perstunê duket"
worship,sucide brin,سوجده‌ برن,عبادة,sujde brun
worship,îbadetkirin,عیبادەتکرن,عبادة,eebadetkrun
vain,bêwec,بێوه‌ج,عبثا,bêwej
vain,pûç,پووچ,عبثا,pûch
vain,hewante,هه‌وانته‌,عبثا,ḧewante
across,derbaz bu,دەرباز بو,عبر,derbaz bu
across,li beramberî,ل بەرامبەری,عبر,lu beramberee
across from,meqabûlî,مەقابلی ، ل پێش~ڤە,عبر,meqabûlee
cross,xaç,خاچ,عبر,xach
cross,derbas,ده‌رباس,عبر,derbas
cross,derbaz dibît,دەرباز دبیت,عبر,derbaz dubeet
slavery,"bendî, kwîlatî, kuleyî",بەندی، کویلاتی، کولەیی,عبودية,"bendee, kweelatee, kleyee"
transit,daburîn,دابورین,عبور,dabureen
crosswalk,peyade,په‌یاده‌,عبور المشاة,derbazbûna peeyada
crosswalk,derbazbûna pîyada,دەربازبوونا پیادا,عبور المشاة,derbazbûna peeyada
pedestrian crossing,derbazbûna pîyada,دەربازبوونا پیادا,عبور المشاة,derbazbûna peeyada
reproach,şermzarî,شه‌رمزاری,عتاب,xudê dan
materiel,"kereste, materyal",که‌ره‌سته‌، ماته‌ریال,عتاد,"kereste, materyal"
doorstep,"derazînik, berderî",دەرازینک، به‌ردە‌ری,عتبة,"derazeenuk, berderee"
threshold,derezînik,دەرەزینك,عتبة,derezeenuk
antique,dêrîn,دێرین,عتيق,dêreen
antique,kevinar,که‌ڤنار,عتيق,kevunar
kneader,hevîrker,هه‌ڤیرکه‌ر,عجان,ḧeveerker
wonder,ḧêbetî,حێبەتى,عجب,ḧêbetee
wonder,mendehoşî,مەندەهۆشی,عجب,mendeḧoshee
disability,bê twana,بێ توانا,عجز,bê twana
calf,gulkê,گولكێ,عجل,gulkê
hurry,lezatî,لەزاتى,عجل,lezatee
wheel,xirxal,خرخال,عجلة,xurxal
wheel,wîlê tirumbêla,ویلێ ترومبێلا,عجلة,weelê turumbêla
hurry up,lezê bike,لەزێ بکە,عجلوا,lezê buke
weird,seyirusemere,سەیروسەمەرە,عجيب,seyurusemere
dough,hevîr,هه‌ڤیر,عجين,ḧeveer
kneading,hevîrkirin,هه‌ڤیرکرن,عجين,ḧeveerkrun
count,ḧesab,حەساب,عد,ḧesab
count,lîstapara,لیستاپارا,عد,leestapara
hostility,dijminatî,دژمناتی,عداء,duzhmunatee
hostility,neyarî,نه‌یاری,عداء,duzhmunatee
water meter,pîverê ava,پيڤه‌رێ ئاڤا,عداد المياه,peeverê ava
justice,dadperwerî,دادپه‌روه‌ری,عدالة,dadperweree
justice,dadwerî,دادوه‌ری,عدالة,dadweree
adversary,neyarî,نه‌یاری,عداوة,duzhmunatee
enmity,dijberî,دژبه‌ری,عداوة,"duzhmunatee, duzhberee"
enmity,dijminatî,دژمناتی,عداوة,"duzhmunatee, duzhberee"
enmity,neyarî,نه‌یاری,عداوة,duzhmunatee
kit,çentikî alavan,چەنتكى ئالاڤان,عدة,chentukee alavan
number,reqem,رەقەم,عدد,reqem
number,jimare,ژمارە,عدد,zhumare
number,nimre,نمره‌,عدد,numre
number,hejmar,هه‌ژمار,عدد,ḧezhmar
quantity,eded,ئه‌ده‌د,عدد,chendanee
quantity,çendanî,چه‌ندانی,عدد,chendanee
quantity,hejmar,هه‌ژمار,عدد,ḧezhmar
prime,seretayî,سه‌ره‌تایی,عدد أولي,seretayee
prime,sereke,سه‌ره‌که‌,عدد أولي,sereke
a number of,hejmarek,هه‌ژماره‌ک,عدد من,ḧezhmarek
numeral,hjimarî,ھژمارى,عددي,ḧzhumaree
lens pea,nîsk,نیسک,عدس,duzhwar
lentil,nîsk,نیسک,عدس,duzhwar
lens,edese,عەدەسە,عدسة,edese
lens,nîske,نیسكە,عدسة,neeske
magnifying glass,mezinker,مه‌زنکه‌ر,عدسة مكبرة,mezunker
fairness,insaf,ئنساف,عدل,unsaf
fairness,dadperwerî,دادپه‌روه‌ری,عدل,dadperweree
dishonesty,bî bextî,بى بەختى,عدم الأمانة,bee bextee
distrust,bawerî pê neanîn,باوه‌ری پێ نه‌ئانین,عدم ثقة,bê baweree
distrust,bê bawerî,بێ باوەرى,عدم ثقة,bê baweree
mistrust,gumanî diket,گومانى دكەت,عدم ثقة,gumanee duket
gallop,bilez direve,بله‌ز دره‌ڤه‌,عدو,teezh
aggressive,şeruk,شەروك,عدواني,sheruk
infection,litîhab,لتیھاب,عدوى,luteeḧab
tapeworm infection,ilthaba krmê şerîtî,ئلتهابا کرمێ شه‌ریتی,عدوى الدودة الشريطية,ultḧaba krmê shereetee
useless,bê mifa,بێ مفا,عديم الفائدة,bê mufa
useless,bêkêr,بێکێر,عديم الفائدة,bê mufa
useless,bêwec,بێوه‌ج,عديم الفائدة,bêwej
useless,kêr nehatî,کێرنه‌هاتی,عديم الفائدة,bê mufa
worthless,bêkêr,بێکێر,عديم القيمة,bê mufa
worthless,bêwec,بێوەج,عديم القيمة,bêwej
torment,şkence,شکه‌نجه,عذاب,shkenje
excuse,efû kirin,ئه‌فوو کرن,عذر,efû krun
excuse,behane,به‌هانه‌,عذر,efû krun
excuse,ḧêcet gir,حێجه‌ت گر,عذر,ḧêjet gur
excuse,hêcet,ھێجەت,عذر,ḧêjet
virgin,"kiç, xama",کچ، خاما,عذراء,"kch, xama"
virgin,"kiça pakîze, kiçeka pakîze",کچا پاکیزە، کچەکا پاکیزە,عذراء,"kcha pakeeze, kcheka pakeeze"
cart,tirumbêla barî,ترومبێلا بارى,عربة,turumbêla baree
cart,erebane,عەرەبانە,عربة,erebane
chariot,erebane,ئه‌ره‌بانه‌,عربة,purusês
chariot,galiske,گالسکه‌,عربة,purusês
trolley,erebane,عەرەبانە,عربة,erebane
van,şaḧîne,شاحینە,عربة,shaḧeene
wagon,barhilgir,بارهلگر,عربة,barḧulgur
cable car,tilifrîk,تلفریك,عربة قطار,tlfreek
cable car,teleferîk,ته‌له‌فه‌ریک,عربة قطار,tlfreek
wheelbarrow,erabane,عەرابانە,عربة يدوية,erabane
limp,kulek,كولەك,عرج,klek
throne,texit,تەخت,عرش,texut
offer,pêşkêş kirin,پێشکێش کرن,عرض,pêshkêsh krun
offer,pêşiniyar kirin,پێشنیار کرن,عرض,pesend duket
offering,tiştê ku tê pêşkêşkirin,تشتێ کو تێ پێشکێشکرن,عرض,tushtê k tê pêshkêshkrun
offering,tewqe,ته‌وقه‌,عرض,tewqe
offering,xelat,خەلات,عرض,xelat
presentation,pêşkêşkirin,پێشکێشکرن,عرض,pêshkêshkrun
show,diyar diket,دیار دکەت,عرض,duyar duket
show (n),pîşangeh,پیشانگەھ,عرض,peeshangeḧ
submit,ket bin dest,كەت بن دەست,عرض,ket bun dest
width,panî,پانی,عرض,"fureḧee , panee"
width,firehî,فرەھی,عرض,"fureḧee , panee"
peril,xeter,خه‌ته‌ر,عرض للخطر,meturusee duket
peril,metirisî diket,مەترسى دكەت,عرض للخطر,meturusee duket
liable,berpirisî,بەرپرسى,عرضة,berpurusee
casual,mirîtaḧ,مریتاح,عرضي,"neferumee , mureetaḧ"
casual,neferimî,نەفەرمى,عرضي,"neferumee , mureetaḧ"
incidental,labela,لابەلا,عرضي,labela
custom,"edet , texlîd",ئه‌ده‌ت ، ته‌خلید,عرف,"edet , texleed"
custom,tîtal,تیتال,عرف,teetal
custom,hî bûn,ھى بوون,عرف,ḧee bûn
knew,zanî,زانى,عرف,zanee
present yourself,xo pêşkêş kirin,خۆ پێشكێش کرن,عرفنى بنفسك,xo pêshkêsh krun
perspire,xuhdidit,خوھددەت,عرق,xuḧdudut
sweat,areq,ئاره‌ق,عرق,areq
sweat,xuh,خوھ,عرق,xuḧ
sweat,xwêdan,خوێدان,عرق,xwêdan
mother of pearl,sedef,سه‌ده‌ف,عرق الؤلؤ,sedef
nacre,sedef,سه‌ده‌ف,عرق الؤلؤ,sedef
ethnic,nijad,نژاد,عرقي,nufshee
ethnic,nifşî,نفشى,عرقي,nufshee
racial,nijadî,نژادی,عرقي,nuzhadee
bride,bîk,بیك,عروس,beek
offerings,pêşkêşî,پێشكێشی,عروض,pêshkêshee
groom,zava,زاڤا,عريس,zava
petition,daxwazî,داخوازى,عريضة,daxwazee
den,kun,کون,عرين,kn
den,kunc,کونج,عرين,knj
impeach,desteser kirin,ده‌سته‌سه‌ر کرن,عزل,desteser krun
impeachment,tawanbarkirin,تاوانبارکرن,عزل,tawanbarkrun
impeachment,desteserkirin,ده‌سته‌سه‌رکرن,عزل,desteserkrun
insulate,cudadiket,جودادكەت,عزل,jdaduket
isolate,cudadiket,جودادكەت,عزل,jdaduket
isolate,veder kirin,ڤه‌ده‌ر کرن,عزل,jdaduket
isolation,cudakirin,جوداکرن,عزل,jdakrun
isolation,vederkirin,ڤه‌ده‌رکرن,عزل,vederkrun
imputatioin,"îtham, tomet",ئیتهام، تۆمه‌ت,عزو,"eetḧam, tomet"
my dear,tu a'zîzî,تو عزیزی,عزيزي,tu a'zeezee
martial,leşkerî,لەشکەری,عسكري,leshkeree
military,leşkerî,لەشكەرى,عسكري,leshkeree
soldier (a troop),leşker,لەشکەر,عسكري,leshker
honey,hingvîn,ھنگڤین,عسل,ḧungveen
nest,hêlîn,ھێلین,عش,ḧêleen
dinner,şîv,شیڤ,عشاء,sheev
supper,şîvê,شیڤێ,عشاء,sheevê
grass,frîzî,فریزی,عشب,peesh
grass,giya,گیا,عشب,guya
herb,giya,گیا,عشب,guya
weed,ziywan,زیوان,عشبة ضارة,zuywan
10,deh,١٠ ، دەھ,عشرة,deḧ
ten,deh,دەھ,عشرة,deḧ
"10,000",deh hezar,دەھ ھەزار,عشرة آلاف,deḧ ḧezar
20,bîst,٢٠ ، بیست,عشرون,beest
twenty,bîst,بیست,عشرون,beest
kindred,eşîr,عشير,عشير,esheer
kindred,hoz,هۆز,عشير,ḧoz
clan,eşîret,عەشیرەت,عشيرة,esheeret
mistress,kabanî,كابانى,عشيقة,kabanee
stick,darik,دارک,عصا,danan
stick,zilik,زلک,عصا,danan
stick,zeliqandin,زه‌لقاندن,عصا,danan
league,civat,جڤات,عصبة,jvat
nervous,esebî,ئه‌سه‌بی,عصبي,esebee
nervous,tirs,ترس,عصبي,turs
nervous,tirsinok,ترسنۆک,عصبي,tursunok
nervous,qehirî,قه‌هری,عصبي,qeḧuree
sparrow,çîçik,چیچك,عصفور,cheechuk
juice,şerbet,شەربەت,عصير,sherbet
lemonade,ava lêmunê,ئاڤا لێمونێ,عصير الليمون,ava lêmunê
Juice natural,esîr,عەسیر,عصير طبيعي,eseer
bite,gezandin,گه‌زاندن,عضة,gezandun
bite,leq lê dan,له‌ق لێ دان,عضة,leq lê dan
cardiac,dilî,دلی,عضلات قلبية,dulee
muscle,ezelat,ئەزەلات,عضلة,ezelat
muscle,masulke,ماسولكە,عضلة,masulke
cardiac muscle,masûlkeya dilî,ماسوولکه‌یا دلی,عضلة القلب,masûlkeya dulee
muscular,zevlekî,زەڤلەکی,عضلي,zevlekee
organ,endam,ئەندام,عضو,endam
organ,endamek ji leşî,ئەندامەك ژ لەشی,عضو,"endamek zhu leshee , urugen"
organ,urigen,ئورگەن,عضو,"endamek zhu leshee , urugen"
internal organ,hinav,هناڤ,عضو داخلي,ḧunav
organic,endamî,ئەندامى,عضوي,endamee
membership,endametî,ئەندامەتى,عضوية,endametee
perfume,bêhina kilafa,بێهنا کلافا,عطر,beeḧuna klafa
perfume,parfûm,پارفووم,عطر,parfûm
perfume,qolanî,قۆلانی,عطر,qolanee
perfume,gulav,گولاڤ,عطر,gulav
sneeze,dibêhinijt,دبێھنژت,عطس,dubêḧunuzht
parch,zuhadiket,زوھادكەت,عطشان,zuḧaduket
day off,bêhinivedan,بێھنڤەدان,عطلة,bêḧunuvedan
holiday,bêhinivedan,بێھنڤەدان,عطلة,bêḧunuvedan
weekend,dawiya hefteyê,داویا هه‌فته‌یێ,عطلة نهاية الاسبوع,dawuya ḧefteyê
weekend,dîmahiya ḧeftê,دیماهیا حەفتێ,عطلة نهاية الاسبوع,deemaḧuya ḧeftê
incense,bixwîr,بخویر,عطور,buxweer
incense,bêhinxoş,بێهنخۆش,عطور,bêḧunxosh
bone,hestî,ھەستی,عظم,ḧestee
bone marrow,meziyê hestî,مەزیێ ھەستی,عظم,mezuyê ḧestee
ankle bone,gozek,گۆزه‌ک,عظم الكاحل,gozek
majesty,şkudarî,شكودارى,عظمة,shkdaree
mighty,jêhatî,ژێهاتی,عظيم,ḧêzdar
mighty,hêzdar,ھێزدار,عظيم,ḧêzdar
pardon,bibure,ببورە,عفو,bubure
pardon,efu kirin,عەفو کرن,عفو,efu krun
amnesty,lêborîna gşitî,لێبۆرینا گشتی,عفو عام,lêboreena gshutee
punishment,ceza,جه‌زا,عقاب,suza
punishment,siza,سزا,عقاب,suza
punishment,qube,عقوبە,عقاب,qube
drug,deriman,دەرمان,عقار,deruman
stump,"binike dar , kotike dar",بنکەدار ، کۆتکەدار,عقب السيجارة,"bunuke dar , kotuke dar"
afterwards,paşî,پاشی,عقب ذلك مباشرة,pashee
afterwards,piştî hingê,پشتی هنگێ,عقب ذلك مباشرة,pushtee ḧungê
obstacle,asteng,ئاسته‌نگ,عقبة,asteng
obstacle,kusp,كوسپ,عقبة,ksp
stumbling,asteng,ئاسته‌نگ,عقبة,asteng
contract,eqid,ئه‌قد,عقد,"equd, pakt"
contract,pakit,پاکت,عقد,"equd, pakt"
contract,pêkhatin,پێکهاتن,عقد,"rêkeftun, pêkḧatun"
contract,rêkeftin,ڕێکه‌فتن,عقد,"rêkeftun, pêkḧatun"
contract,grêbest,گرێبەست,عقد,"grêbest , ḧevbend"
contract,hevbend,هه‌ڤبه‌ند,عقد,"grêbest , ḧevbend"
decade,deh sal,دەھ سال,عقد,deḧ sal
hold,danan,دانان,عقد,danan
hold,hilgirtin,هلگرتن,عقد,ḧulgurtun
hold,hell girîtin,ھەلل گریتن,عقد,ḧell gureetun
knot,girê,گرێ,عقد,gurê
hold captive,dîl kirin,دیل کرن,عقد الأسير,deel krun
contraction of marriage,mare kirin,ماره‌ کرن,عقد الزواج,mare krun
mind,can,جان,عقل,jan
mind,derûn,ده‌روون,عقل,"derûn, rewan"
mind,zên,زێن,عقل,zên
mind,"zêhin, zihin",زێهن، زهن,عقل,"zêḧun, zuḧun"
mind,rewan,ڕه‌وان,عقل,ḧush
mind,aqil,عاقل,عقل,aqul
mind,hiş,هش,عقل,"derûn, rewan"
mental,derûn,ده‌روون,عقلي,derûn
mental,jîrî,ژیرى,عقلي,zheeree
mentality,"eqliyet, mentalîte",ئه‌قلیه‌ت، مه‌نتالیته‌,عقلية,"eqluyet, mentaleete"
mentality,dînatî,دیناتى,عقلية,deenatee
penalty,ceza,جه‌زا,عقوبة,suza
penalty,siza,سزا,عقوبة,suza
sanction,pesend,په‌سه‌ند,عقوبة,pesend
chrysoprase,berê aşqbendê kesk,به‌رێ ئاشقبه‌ندێ که‌سک,عقيق اخضر,berê ashqbendê kesk
agate,berê aşqbend yê spî,به‌رێ ئاشقبه‌ند یێ سپی,عقيق نبات,berê ashqbend yê spee
onyx,berê aşqbendê sor yê tarî,به‌رێ ئاشقبه‌ندێ سۆر یێ تاری,عقيق يماني,berê ashqbendê sor yê taree
futile,bêkêr,بێکێر,عقيم,"bêkêr, bêwej"
futile,bêmifa,بێمفا,عقيم,bêmufa
futile,bêwec,بێوه‌ج,عقيم,"bêkêr, bêwej"
futile,xiriş,خرش,عقيم,"bêkêr, bêwej"
crutch,gopal,گۆپال,عكاز,"jwane, jan, taze"
contrary,bileks,بله‌کس,عكس,buleks
contrary,berevajî,به‌ره‌ڤاژی,عكس,berevazhee
contrary,dij,دژ,عكس,duzh
remedy,careserî,جارەسەرى,علاج,jareseree
treatment,çarekirin,چارەکرن,علاج,charekrun
treatment,serederî,سه‌ره‌ده‌ری,علاج,reftar
treatment,reftar,ڕه‌فتار,علاج,reftar
therapy,tedawî,ته‌داوی,علاج نفسي,chareserukrdun buteeshka êks
therapy,terapî,ته‌راپی,علاج نفسي,chareserukrdun buteeshka êks
international relations,peywendiyên nêv dewletî,پەیوەندیێن نێڤ دەولەتی,علاقات دولية,peywenduyên nêv dewletee
relation,eleqe,ئه‌له‌قه‌,علاقة,eleqe
relation,peywendî,په‌یوه‌ندی,علاقة,peywendee
relation,têklî,تێکلی,علاقة,têklee
mark,"elamet , ple , derece",عەلامەت ، پلە ، دەرەجە,علامة,"elamet , ple , dereje"
marker,mecîk,مەجیك,علامة,mejeek
brand,navê baziriganî,ناڤێ بازرگانى,علامة تجارية,navê bazuruganee
bonus,sermûçe,سەرمووچە,علاوة,sermûche
furthermore,zêdebarî,زێده‌باری,علاوة على ذلك,sererray
furthermore,zêdetir jî,زێده‌تر ژی,علاوة على ذلك,zêdetur zhee
furthermore,sererray,سه‌ره‌ڕای,علاوة على ذلك,sererray
furthermore,hê jî,هێ ژی,علاوة على ذلك,ḧê zhee
moreover,di ser hindê ra,د سه‌ر هندێ ڕا,علاوة على ذلك,du ser ḧundê ra
moreover,zêdebarî,زێده‌باری,علاوة على ذلك,zêdetur zhee
moreover,zêdetir jî,زێده‌تر ژی,علاوة على ذلك,zêdetur zhee
moreover,sererray,سه‌ره‌ڕای,علاوة على ذلك,sererray
moreover,hê jî,هێ ژی,علاوة على ذلك,ḧê zhee
moreover,hêşitir,ھێشتر,علاوة على ذلك,ḧêshutur
hang,helawîstin,ھەلاویستن,علق,ḧelaweestun
aware,agehdar,ئاگەھدار,علم,ageḧdar
aware,haydar,هایدار,علم,ḧaydar
aware,hişiyar,ھشیار,علم,ḧushuyar
flag,"ala , elem",ئالا ، ئه‌له‌م,علم,"ala , elem"
teach,elimandin,ئه‌لماندن,علم,elumandun
teach,fêr kirin,فێر کرن,علم,fêr krun
teach,hîn kirin,هین کرن,علم,ḧeen krun
archaeology,şûnwarî,شوونواری,علم الآثار,shûnwaree
archeology,şûnwarî,شوونواری,علم الآثار,shûnwaree
mythology,efsane zanî,ئەفسانە زانى,علم الأساطير,efsane zanee
pathology,nexuşîzanî,نەخوشیزانى,علم الأمراض,nexusheezanee
genealogy,tomara dwîndehan,تۆمارا دوینده‌هان,علم الأنساب,tomara dweendeḧan
genealogy,jîneolojî,ژینه‌ئۆلۆژی,علم الأنساب,zheeneolozhee
genealogy,nejadiname,نه‌ژادنامه‌,علم الأنساب,nezhaduname
sociology,kumelinaz,کومەلناز,علم الإجتماع,kmelunaz
biology,aḧyaa,ئاحیاا,علم الاحياء,aḧyaa
biology,biyolojî,بیۆلۆژی,علم الاحياء,buyolozhee
biology,zîndewer zanî,زیندەوەر زانی,علم الاحياء,zeendewer zanee
ecology,jîngezan,ژینگه‌زان,علم البيئة,zheengezan
morphology,peyivsazî,پەیڤسازی,علم التشكل المورفولوجيا,peyuvsazee
astrology,stêrnasî,ستێرناسی,علم التنجيم,"falzanee , stêrnasee"
astrology,falzanî,فالزانی,علم التنجيم,"falzanee , stêrnasee"
algebra,cebir,جەبر,علم الجبر,jebur
theology,olnasî,ئۆلناسی,علم اللاهوت,olnasee
theology,"îlahiyat, îlahiyet",ئیلاهیات، ئیلاهیه‌ت,علم اللاهوت,"eelaḧuyat, eelaḧuyet"
theology,xwedênasî,خوه‌دێناسی,علم اللاهوت,xwedênasee
linguistics,zimanizanî,زمانزانى,علم اللغة,zumanuzanee
linguistics,zimanewanî,زمانەوانی,علم اللغة,zumanewanee
dialectology,zarekan,زارەکان,علم اللهجات,zarekan
mechanics,mîkanîkîzanî,میكانیكیزانى,علم الميكانيكا,meekaneekeezanee
psychology,"derun zanî , derun nasî",دەرون زانى ، دەرون ناسی,علم النفس,"derun zanee , derun nasee"
geometry,endaze,ئەندازە,علم الھندسة,endaze
genetics,paşmayîzanî,پاشماییزانی,علم الوراثة,"pashmayeezanee, pêmayeezanee, nuzhad"
genetics,pêmayîzanî,پێماییزانی,علم الوراثة,"pashmayeezanee, pêmayeezanee, nuzhad"
genetics,nijad,نژاد,علم الوراثة,"pashmayeezanee, pêmayeezanee, nuzhad"
philology,zimanizanî,زمانزانى,علم فقھ اللغة,zumanuzanee
physiology,endam erikzanî,ئەندام ئەركزانى,علم وظائف الأعضاء,endam erukzanee
on,ser,سەر,على,ser
upon,ser,سەر,على,ser
likely,belkî,بەلكى,على الأرجح,belkee
at least,bi kêmatî,ب کێماتی,على الأقل,bu kêmatee
at least,ji kêmayive,ژ كێمایڤە,على الأقل,zhu kêmayuve
not at all,pê nevêt,پێ نەڤێت,على الإطلاق,pê nevêt
straight,tesilîm dibit,تەسلیم دبیت,على التوالي,tesuleem dubut
straight,rast,ڕاست,على التوالي,tesuleem dubut
straight,rêk,ڕێک,على التوالي,tesuleem dubut
straight,mîzanî,میزانی,على التوالي,tesuleem dubut
straight,yekser,یه‌کسه‌ر,على التوالي,tesuleem dubut
You are welcome,ser çava,سەر چاڤا,على الرحب و السعة,ser chava
on the contrary,berevajî,به‌ره‌ڤاژی,على العكس تماما,dabureen
on the contrary,berevajî hndê,به‌ره‌ڤاژی هندێ,على العكس تماما,dabureen
on the contrary,beruvajî,به‌روڤاژی,على العكس تماما,dabureen
both,her dû,ھەر دوو,على حد سواء,ḧer dû
on account of,ji dewletserê,ژ ده‌وله‌تسه‌رێ,على حساب,zhu dewletserê
along,ligel,لگەل,على طول,lugel
alive,saẍ,ساغ,على قيد الحياة,saẍ
throughout,seranser,سه‌رانسه‌ر,على مدار,seranser
throughout,sertaser,سه‌رتاسه‌ر,على مدار,sertaser
clock,demjimîr diywar,دەمژمیر دیوار,على مدار الساعة,demzhumeer duywar
proximate,nêzîktirîn,نێزیكەترین,على مقربة,nêzeektureen
Who are you looking for?,tu li kê digerî?,تو ل کێ دگەری؟,على من تبحث؟,tu lu kê dugeree?
indirectly,neêkiser,نەئێكسەر,على نحو غير مباشر,neêkser
viral,veyrûs,ڤه‌یرووس,على نطاق واسع,veyrûs
about to,li ber bûn,ل به‌ر بوون,على وشك,pêshbeenee krun
uncle,mam,مام,عم,mam
aunt,xalet,خالەت,عمة,xalet
aunt,met,مەت,عمة,met
baptize,imad,ئماد,عمد,umad
baptize,tafîr kirin,تافیر کرن,عمد,tafeer krun
intentionally,"bi enqestî, bi qestî, bi xwazekî",ب ئه‌نقه‌ستی، ب قه‌ستی، ب خوازە‌کی,عمدا,"bu enqestee, bu qestee, bu xwazekee"
intentionally,xwazekîtî,خوازەكیتى,عمدا,xwazekeetee
mayor,parêzgar,پارێزگار,عمدة,parêzgar
mayor,serokê bajêrvaniyê,سەرۆكێ باژێرڤانیێ,عمدة,serokê bazhêrvanuyê
mayor,şaredar,شاره‌دار,عمدة,sharedar
depth,"umaq , kîratî",عوماق ، كیراتی,عمق,"umaq , keeratee"
act,zar ve diket,زارڤەدکەت,عمل,"kar duket , zar ve duket"
act,kar diket,كار دکەت,عمل,"kar duket , zar ve duket"
act,kirin,کرن,عمل,"kar duket , zar ve duket"
act,kiryar,کریار,عمل,"kar duket , zar ve duket"
action,xebat,خه‌بات,عمل,xebat
action,dest bikarî,ده‌ستبکاری,عمل,dest bukaree
action,kar,کار,عمل,"kreeyaee , kar"
action,kirîyaî,کریاری,عمل,"kreeyaee , kar"
business,şul,شول,عمل,shul
deed,şul,شول,عمل,shul
labor,emel,ئه‌مه‌ل,عمل,karduket
labor,îş,ئیش,عمل,karduket
labor,xebat,خه‌بات,عمل,karduket
labor,şuxl,شوخل,عمل,karduket
labor,şol,شۆل,عمل,karduket
labor,kar,کار,عمل,karduket
labour,emel,ئه‌مه‌ل,عمل,karduket
work,emel,ئه‌مه‌ل,عمل,emel
work,îş,ئیش,عمل,eesh
work,xebat,خه‌بات,عمل,xebat
work,şuẍil,شوغل,عمل,"shul, shuẍul"
work,şul,شول,عمل,"shul, shuẍul"
work,kar,کار,عمل,kar
full employment,bikar xistina temam,بکار خستنا تەمام,عمل بدوام كامل,bukar xustuna temam
hard work,renc,ڕه‌نج,عمل شاق,renj
mighty work,hinêr,هنێر,عمل عظيم,ḧunêr
work of art,berhem,بەرهەم,عمل فني,berḧem
giant,gelek mezin,گەلەك مەزن,عملاق,gelek mezun
coin,diravê me'denî,دراڤێ مەعدەنى,عملة,duravê me'denee
practical,praktîkî,پراکتیکی,عملي,prakteekee
practical,emelî,عەمەلی,عملي,emelee
operation,xebat,خه‌بات,عملية,kruyar
operation,kiriyar,كریار,عملية,kruyar
process,purisês,پورسێس,عملية,purusês
process,kar pê kirin,کار پێ کرن,عملية,kar pê krun
surgical operation,niştergerî,نشته‌رگه‌ری,عملية جراحية,nushtergeree
column,"stûn, stun",ستوون، ستون,عمود,"stûn, stun"
pole,"cemser, salîs",جه‌مسه‌ر، سالیس,عمود,"jemser, salees"
pole,stwîn,ستوین,عمود,stween
spinal column,emud feqerî,ئەمود فەقەری,عمود الفقري,emud feqeree
spinal column,hestiyê pişitê,ھەستیێ پشتێ,عمود الفقري,ḧestuyê pushutê
perpendicular,stûnî,ستوونی,عمودي,stun
perpendicular,emudî,عه‌مودی,عمودي,rakrun
vertical,stûnî,ستوونی,عمودي,rakrun
vertical,emudî,عه‌مودی,عمودي,rakrun
commission,deste,ده‌سته‌,عمولة,deste
commission,ragiriyê,راگریێ,عمولة,raguruyê
generally,birrengekî gşitî,بڕەنگەكى گشتى,عموما,burrengekee gshutee
dean,ragir,راگر,عميد,"emd , ragur"
dean,emid,عەمد,عميد,"emd , ragur"
deep,kûr,كوور,عميق,kûr
profound,pispur,پسپور,عميق,puspur
profound,kûrûdûr,کووروودوور,عميق,puspur
profound,kwîr û dwîr,کویر و دویر,عميق,puspur
oral,devkî,دەڤكى,عن طريق الفم,devkee
on purpose,bi enqestî,ب ئه‌نقه‌ستی,عن قصد,"bu enqestee, bu qestee, bu xwazekee"
on purpose,bi xwazekî,ب خوازە‌کی,عن قصد,"bu enqestee, bu qestee, bu xwazekee"
on purpose,bi qestî,ب قه‌ستی,عن قصد,"bu enqestee, bu qestee, bu xwazekee"
What are you looking for?,tu li çi digerî?,تو ل چ دگەری؟,عن ماذا تبحث؟,tu lu chu dugeree?
What are you talking about?,çi dibêjî?,چ دبێژی؟,عن ماذا تتحدث؟,chu dubêzhee?
stubbornness,rik,ڕک,عناد,krtazh
hug,hembêz diket,ھەمبێز دكەت,عناق,ḧembêz duket
grape,belgêt mêwî,بەلگێت مێوى,عنب,belgêt mêwee
nightingale,bilibil,بلبل,عندليب,bulubul
nightingale,bulbul,بولبول,عندليب,bulbul
When will you come back?,dê kengî zvrî?,دێ کەنگی زڤری؟,عندما تعود؟,dê kengee zvree?
When will close?,dê kengî girin?,دێ کەنگی گرن؟,عندما ستغلق؟,dê kengee gurun?
When is your wedding party?,kengî dehwata hewe ye?,کەنگی دەھواتا ھەوە یە؟,عندما يكون حفل الزفاف الخاص بك؟,kengee deḧwata ḧewe ye?
goat,bizin,بزن,عنزة,buzun
goat kid,karik,کارک,عنزة صغيرة,neseeb
young goat,karik,کارک,عنزة صغيرة,neseeb
young goat,gîsk,گیسک,عنزة صغيرة,neseeb
ingredient,têkilek,تێكلەك,عنصر,têklek
racialism,regezîtî,رەگەزیتى,عنصرية,regezeetee
racism,rasîzim,ڕاسیزم,عنصرية,raseezum
racism,regezperstî,ڕه‌گه‌زپه‌رستی,عنصرية,regezperstee
racism,nijadperstî,نژادپه‌رستی,عنصرية,nuzhadperstee
violence,tecawiz,ته‌جاوز,عنف,tejawuz
violence,zordarî,زۆرداری,عنف,zordaree
address,adres,ئادره‌س,عنوان,"nwan , navuneeshan"
address,inwan,ئنوان,عنوان,"nwan , navuneeshan"
address,navnîşan,ناڤنیشان,عنوان,"nwan , navuneeshan"
title,nwan,عنوان,عنوان,nwan
subtitle,tercume,تەرجومە,عنوان فرعي,terjme
obstinate,ser req,سەر رەق,عنيد,ser req
stubborn,rikmanê kirin,ڕکمانێ کرن,عنيد,serreq
stubborn,serhişk,سه‌رهشک,عنيد,serḧushk
stubborn,serreq,سه‌ڕه‌ق,عنيد,serreq
covenant,peyman,په‌یمان,عهد,peyman
covenant,"hevbend, pêk hatin",هه‌ڤبه‌ند، پێک هاتن,عهد,"ḧevbend, pêk ḧatun"
custody,tewqîf,ته‌وقیف,عهدة,tefteesh
return,zivirrî,زڤڕی,عودة,zuvurree
return,vegerriya,ڤەگەڕیا,عودة,vegerruya
clinic,kilînîk,كلینیك,عيادة,kleeneek
clinic (After Hours),klînîka xefer,كلینیكا خەفەر,عيادة (بعد ساعات),kleeneeka xefer
feast,cejin,جەژن,عيد,jezhun
Mother' Day,"roja dayk, 'îd li um",ڕۆژا دایک، عید ل ئوم,عيد الام,"rozha dayk, 'eed lu um"
Valentine's day,roja evîniyê,رۆژا ئەڤینیێ,عيد الحب,rozha eveenuyê
thanksgiving,supasîkirin,سپاس کرن ، سوپاسیکرن,عيد الشكر,supaseekrun
thanksgiving day,roja spasdanê (kirinê),ڕۆژا سپاسدانێ (کرنێ),عيد الشكر,rozha spasdanê (krunê)
Sukkot,kepreşîne,که‌پره‌شینه‌,عيد العرش,"shuyan, ḧêz, kareen"
Tabernacles,kepreşînan,که‌پره‌شینان,عيد العرش,"shuyan, ḧêz, kareen"
labor day,ruja kirêkara,روژا كرێكارا,عيد العمال,ruzha krêkara
Pentecost,roja pênciyê,رۆژا پێنجیێ,عيد العنصرة,rozha pênjyê
Passover,"cejina derbazbunê , nanê şkeva",جەژنا دەربازبونێ ، نانێ شکەڤا,عيد الفصح,"jezhuna derbazbunê , nanê shkeva"
Christmas,çejina buna 'îsaî,چەژنا بونا عیسای,عيد الميلاد,chezhuna buna 'eesaee
happy birthday,deykbûna te pîroz bît,دەیكبوونا تە پیرۆز بیت,عيد ميلاد سعيد,deykbûna te peeroz beet
happy birthday,îd mîlata te pîroz bît,عید میلاتا تە پیرۆز بیت,عيد ميلاد سعيد,eed meelata te peeroz beet
appoint,tayîn kirin,تایین کرن,عين,tayeen krun
appoint,damezirandin,دامەزراندن,عين,damezurandun
assign,îşaret,ئیشارەت,عين,eesharet
assign,pêspardin,پێسپاردن,عين,eesharet
assign,terxan kirin,ته‌رخان کرن,عين,eesharet
assign,lipaldan,لپالدان,عين,eesharet
eye,çav,چاڤ,عين,chav
sample,nimûne,نموونە,عينة,numûne
yellow eyes,zeratiya çavî,زه‌راتیا چاڤی,عيون صفراء,zeratuya chavee
kurdish letter 18 (“ghain” sound),ẍ,غ,غ,ẍ
absent,nehatî,نەھاتى,غائب,neḧatee
forest,xabe,خابه‌,غابة,xabe
forest,dar û bar,دار و بار,غابة,dar û bar
forest,darstan,دارستان,غابة,darstan
leave,bi cih hêlan,ب جھ هێلان,غادر,bu jḧ ḧêlan
leave,bi rê ketin,ب ڕێ که‌تن,غادر,bu jḧ ḧêlan
gas,ẍaz,غاز,غاز,ẍaz
propane gas,ẍaz,غاز,غاز البروبان,ẍaz
propane gas,gazê propane,گازێ پرۆپانه‌,غاز البروبان,gazê propane
marsh gas,gaza mîtan,گازا میتان,غاز المستنقعات,gaza meetan
angry,turebun,تورەبون,غاضب,turebun
angry,têkçû,تێکچوو,غاضب,têkchû
furious,qehrî,قه‌هری,غاضب,qeḧree
furious,har,هار,غاضب,ḧar
furious,hêç,هێچ,غاضب,ḧêch
furious,hêrs,هێرس,غاضب,ḧêrs
grumpy,beẍemî,بەغەمی,غاضب,beẍemee
often,carubara,جاروبارا,غالبا,jarubara
gallon,gelen,گەلەن,غالون,gelen
mysterious,aluz,ئالوز,غامض,aluz
obscure,tarî diket,تارى دكەت,غامض,taree duket
dust,toz,تۆز,غبار,toz
Idiotic,dînî,دینی,غبي,ḧareekaree
stupid,bêaqil,بێئاقل,غبي,saweelk
stupid,sawîlk,ساویلك,غبي,saweelk
stupid,korefam,کۆره‌فام,غبي,saweelk
nausea,dil têkçûn,دل تێکچوون,غثيان,dul têkchûn
nausea,zik êşan,زك ئێشان,غثيان,zuk êshan
nausea,êlincî,عێلنجی,غثيان,nêzeek
vomit,êlincî,عێلنجی,غثيان,nêzeek
tomorrow,"subahî , sube",سوباھی ، سوبه‌,غدا,"subaḧee , sube"
lunch,firavîn,فراڤین,غداء,furaveen
nutriment,adan,ئادان,غذاء,adan
nutriment,xurek,خوره‌ک,غذاء,xurek
glue,semux,سەموخ,غراء,semux
crow,qel,قه‌ل,غراب,qel
crow,qelereşk,قەلەرەشك,غراب,qelereshk
raven,reşê qetran,ڕه‌شێ قه‌تران,غراب أسود,reshê qetran
raven,qelereşk,قه‌له‌ره‌شک,غراب أسود,qelereshk
fine (payment money),sza,سزا,غرامة,sza
west,ruj ava,روژ ئاڤا,غرب,ruzh ava
sieve,bêjing,بێژنگ,غربال,eejar
sieve,bêjîng,بێژینگ,غربال,eejar
sieve,moxel,مۆخه‌ل,غربال,eejar
sift,bêjing kirin,بێژنگ کرن,غربلة,eejar
sift,bêjîng kirin,بێژینگ کرن,غربلة,eejar
stitch,kêliyek,كێلیەك,غرزة,kêluyek
purpose,arimanç,ئارمانج ، ئارمانچ,غرض,arumanch
purpose,merem,مه‌ره‌م,غرض,merem
purpose,niyaz,نیاز,غرض,nuyaz
room,jur,ژور,غرفة,"zhûr ,  zhur"
room,jûr,ژوور,غرفة,"zhûr ,  zhur"
room,ẍorfe,غۆرفە,غرفة,ẍorfe
room (for guest),mezel,مەزەل,غرفة,mezel
room (for sleeping),ode,ئۆدە,غرفة,ode
living room,jûra riwînşitinî,ژوورا روینشتنى,غرفة المعيشة,zhûra ruweenshutunee
sinking,niqumbûn,نقومبوون,غرق,nuqumbûn
sunset,roj çûye ava,رۆژ چوویە ئاڤا,غروب,rozh chûye ava
sunset,rojavabûn,رۆژئاڤابوون,غروب,rozhavabûn
odd,ket,كەت,غريب,ket
outsider,biyanî,بیانى,غريب,buyanee
strange,seyir,سه‌یر,غريب,ejêb
strange,sosret,سۆسره‌ت,غريب,"seyr, sosret"
strange,ẍerîb,غەریب,غريب,ẍereeb
stranger,biyanî ye jideverê,بیانى یە ژدەڤەرێ,غريب,buyanee ye zhudeverê
freak,kirêt,کرێت,غريب الأطوار,kirêt
instinct,siruş,سروش,غريزة,surush
instinctive,zikmakî,زكماكى,غريزي,zukmakee
yarn,çîrok,چیرۆك,غزل,cheerok
invade,bîrketin,بیرکه‌تن,غزو,beerketun
invade,dagîr diket,داگیر دكەت,غزو,dageer duket
invasion,serdadigirîtin,سەردادگریتن,غزو,serdadugureetun
washer,"cilşo, makîneya şûşitinê",جلشۆ، ماکینه‌یا شووشتنێ,غسالة,"jlsho, makeeneya shûshutunê"
washing machine,xesale,خەسالە,غسالة,xesale
washing machine,"ẍesale, cilşo",غەسالە، جلشۆ,غسالة,"ẍesale, jlsho"
wash,bişu,بشو,غسل,bushu
wash,şîşitin,شیشتن,غسل,sheeshutun
lotion,nîvîya,نیڤییا,غسول,neeveeya
brainwash,mejîşûştinî,مه‌ژیشووشتنی,غسيل الدماغ,Mezheeshûshtunee
cheating,ḧîle kirin,حیلە کرن,غش,ḧeele krun
anger,tore,تۆرە,غضب,"sulbun , tore , 'ajzee"
anger,silbun,سلبون,غضب,"sulbun , tore , 'ajzee"
anger,aczî,عاجزی,غضب,"sulbun , tore , 'ajzee"
rage,şiliqî,شلقی,غضب,ḧêchee
rage,qehir,قه‌هر,غضب,qeḧur
rage,kerb,که‌رب,غضب,kerb
rage,kîn,کین,غضب,keen
rage,hêçî,هێچی,غضب,ḧêchee
God's wrath,torrebûna xudê,تۆڕه‌بوونا خودێ,غضب الله,torrebûna xudê
wrath of God,torrebûna xudê,تۆڕه‌بوونا خودێ,غضب الله,torrebûna xudê
cap (for cover),qebax,قەباخ,غطاء,qebax
cover,berig biket,بەرگ بکەت,غطاء,berug buket
cover,dapuşîn,داپوشین,غطاء,dapusheen
cover,sergirtin,سه‌رگرتن,غطاء,berug buket
cover,"qebax , rî",قەباخ ، ری,غطاء,"qebax , ree"
cover,nixaftin,نخافتن,غطاء,"nuxeeveet , nuxêveet"
cover,niximandin,نخماندن,غطاء,nuxamtun
lid,"qepaḧik, qebax",قەپاحك، قەباخ,غطاء,"qepaḧuk, qebax"
eye lid,qebaẍa çavî,قەباغا چاڤى,غطاء العين,qebaẍa chavee
table cloth,sifre,سفره‌,غطاء طاولة,sufre
table cloth,sermêz,سه‌رمێز,غطاء طاولة,sermêz
table cloth,fotik,فۆتک,غطاء طاولة,fotuk
tablecloth,patê mêzê,پاتێ مێزێ,غطاء طاولة,patê mêzê
diver,mih lefan,مھ لەفان,غطاس,muḧ lefan
arrogance,"pozbilindî, quretî",پۆزبلندی، قوره‌تی,غطرسة,"pozbulundee, quretee, nefs mezun"
arrogance,nefs mezin,نه‌فس مه‌زن,غطرسة,"pozbulundee, quretee, nefs mezun"
plunge,bin av bûn,بن ئاڤ بوون,غطس,nqum dubut
plunge,niqûm dibit,نقووم دبیت,غطس,nqum dubut
plunge,noq,نۆق,غطس,nqum dubut
forgiveness of sins,lêburîna gunehan,لێبورینا گونەھان,غفرة عن خطایأ,lêbureena guneḧan
kettle,qorî,قۆری,غلاية,qoree
sheath,kavlan,کاڤلان,غمد,bra
sheath,kevlan,که‌ڤلان,غمد,bra
submerge,noqî bûn,نۆقی بوون,غمر,noqee bûn
submerge,noqî kirin,نۆقی کرن,غمر,noqee krun
submerging,"noqî, noqum",نۆقی، نۆقوم,غمر,"noqee, noqum"
blink,çav qîç kirin,چاڤ قیچ کرن,غمز,chav qeech krun
blink,niqandin,نقاندن,غمز,nuqandun
murmured,pstpstikir,پستپستكر,غمغم,pstpstukr
sing,stiranadibêjît,سترانادبێژیت,غنى,sturanadubêzheet
sing,"strîn, strandin",سترین، ستراندن,غنى,"streen, strandun"
sing,velûrandin,ڤەلووراندن,غنى,velûrandun
rich,dewlemend,دەولەمەند,غني,dewlemend
rich,zengîn,زه‌نگین,غني,zengeen
well off,dewlemend,ده‌وله‌مه‌ند,غني,dewlemend
well off,zengîn,زه‌نگین,غني,zengeen
coma,haş xunebun,ھاش خونەبون,غيبوبة,ḧash xunebun
immoral,bênamwîs,بێنامویس,غير أخلاقي,bênamwees
immoral,rewşit pîs,رەوشت پیس,غير أخلاقي,rewshut pees
sexually immoral,dehmenpîs,ده‌همه‌نپیس,غير أخلاقي جنسيا,deḧmenpees
sexually immoral,zinaker,زناکه‌ر,غير أخلاقي جنسيا,zunaker
dishonest,bêşeref,بێشه‌ره‌ف,غير أمين,bêsheref
dishonest,bênamûs,بێنامووس,غير أمين,bênamûs
dishonest,xapînok,خاپینۆک,غير أمين,xapeenok
dishonest,destpak nebun,ده‌ستپاک نه‌بون,غير أمين,xapeenok
phenomenal,diyardeyî,دیارده‌یی,غير اعتيادي,gêzer
stainless,bêpinî,بێپنی,غير القابل للصدأ,bêpunee
uneducated,nezan,نەزان,غير المتعلمين,nezan
informal,nemîrî,نەمیرى,غير رسمي,nemeeree
unpleasant,naxoş,ناخۆش,غير سارة,naxoş
illegal,ḧeram,حه‌رام,غير شرعي,neyasayee
illegal,qeçaẍ,قەچاغ,غير شرعي,qechaẍ
illegal,qedeẍe,قەدەغە,غير شرعي,qedeẍe
illegal,neqanûnî,نه‌قانوونی,غير شرعي,neqanûnee
illegal,neyasayî,نەیاسایى,غير شرعي,neyasayee
abnormal,ne asaîî,نەئاسایى,غير طبيعي,ne asaeeee
unusual,ne 'adî ye,نە عادی یە,غير عادي,ne 'adee ye
impassive,bêtevger,بێته‌ڤگه‌ر,غير عاطفي,zhu dul
impassive,xemsar,خه‌مسار,غير عاطفي,zhu dul
unfamiliar,biyanî,بیانی,غير مألوف,buyanee
peculiar,ecêb,ئه‌جێب,غَيْرُ مَأْلُوف,zumanekê taybet
peculiar,taybetmendî,تایبه‌تمه‌ندی,غَيْرُ مَأْلُوف,zumanekê taybet
peculiar,seyr,سه‌یر,غَيْرُ مَأْلُوف,zumanekê taybet
painless,bê êş,بێ ئێش,غير مؤلم,bê êsh
incoherent,cuda,جودا,غير متماسك,jda
incoherent,jihevketî,ژهه‌ڤکه‌تی,غير متماسك,zhuḧevketee
inconsistent,nejêrbêj,نەژێربێژ,غير متناسقة,nezhêrbêzh
unexpected,ecêbî,عەجێبی,غير متوقع,ejêbee
fruitless,bê mifa,بێ مفا,غير مثمر,bê mufa
indefinite,nediyarikirî,نەدیاركرى,غير محددة,neduyarukree
unlucky,bê şanis,بێ شانس,غير محظوظ,bê shanus
unfaithful,bêbext,بێبەخت,غير مخلص,bêbext
insensible,bê hiş,بێ ھش,غير مدرك,bê ḧush
inconvenient,nerrazî,نەڕازى,غير مريح,nerrazee
unstable,liqliqok,لقلقۆک,غير مستقر,ḧesab
undefined,nediyarkirî,نه‌دیارکری,غير معرف,baz
incomprehensible,netêgiştî,نه‌تێگشتی,غير مفهوم,netêgushtee
unfair,zurdarî,زورداری,غير منصف,zurdaree
illogical,ne mentiqî,نه‌ مه‌نتقی,غير منطقي,ne mentuqee
illogical,nejîrbêj,نەژیربێژ,غير منطقي,nezheerbêzh
disorderly,bêserûber,بێسه‌رووبه‌ر,غير منظم,bêserûber
immovable,neliv,نه‌لڤ,غير منقولة,stebul
rude,bê rewşit,بێ رەوشت,غير مھذب,bê rewshut
irreverent,bêrûmet,بێروومه‌ت,غير موقر,nav
unclean,pîs,پیس,غير نظيفة,nesax
unclean,mirarî,مراری,غير نظيفة,nesax
impure,şêlî,شێلی,غير نقية,seree'
indistinct,nediyar,نەدیار,غير واضح,neduyar
jealousy,îreyî,ئیره‌یی,غيرة,zukrreshee
jealousy,êreyî,ئێره‌یی,غيرة,zukrreshee
jealousy,çavpêrranebûn,چاڤپێڕانه‌بوون,غيرة,zukrreshee
jealousy,ḧesîdî,حەسیدی,غيرة,"ḧeseedee , dul reshee"
jealousy,dil reşî,دل رەشى,غيرة,"ḧeseedee , dul reshee"
jealousy,zikrreşî,زكڕەشی,غيرة,zukrreshee
I change my mind,min hzira xo guhart,من ھزرا خۆ گوھارت,غيرت رأيى,mun ḧzura xo guḧart
wrath,xezeb,خه‌زه‌ب,غيظ,xezeb
wrath,qehir,قه‌حر، قه‌هر,غيظ,qeḧur
wrath,kerib,کەرب,غيظ,kerub
Guinea,gîniya,گینیا,غينيا,stres
jealous,îre,ئیره‌,غيور,ḧeseed
jealous,çav pê nerabûn,چاڤ پێ نه‌رابوون,غيور,"dul reshee , zuk reshee"
jealous,çavpêrranebûn,چاڤپێڕانه‌بوون,غيور,"dul reshee , zuk reshee"
jealous,ḧesîd,حەسید,غيور,ḧeseed
kurdish letter 19 (“f” sound),f,ف,ف,f
mouse,mişik,مشك,فأر,mushuk
rat,cird,جرد,فأر,jrd
category,babet,بابەت,فئة,babet
category,tex,تەخ,فئة,tex
class,pol,پۆل,فئة,"pol, sunf, sef"
class,deris,دەرس,فئة,derus
class,"sinf, sef",سنف، سه‌ف,فئة,"pol, sunf, sef"
denomination,"mezheb, civat",مه‌زهه‌ب، جڤات,فئة,"mezḧeb, jvat"
conqueror,dagîrker,داگیرکەر,فاتح,dageerker
conqueror,zal,زال,فاتح,zal
appetizing,dil veker,دلڤه‌كه‌ر,فاتح للشهية,dul veker
appetizing food,xwarinêt dilveker,خوارنێت دلڤه‌که‌ر,فاتح للشهية الطعام,xwarunêt dulveker
lukewarm,tênşîr,تێنشیر,فاتر,chuk
tepid,tênşîr,تێنشیر,فاتر,chuk
invoice,mtayê hinarîtî,متایێ ھناریتى,فاتورة,mtayê ḧunareetee
horseman,siwar,سوار,فارس,suwar
knight,swar,سوار,فارس,swar
knight,şovalye,شۆڤالیه‌,فارس,shovalye
knight,fêris,فێرس,فارس,fêrus
empty,xalî,خالى,فارغ,xalee
empty,vale,ڤالە,فارغ,vale
empty or full (gas),xalî ye yab tjî ye,خالی یە یاب تژی یە,فارغة أو ممتلئة (الغاز),xalee ye yab tzhee ye
win,bi ser ketin,ب سەر کەتن,فاز,bu ser ketun
win,eyde brin,فەیدە برن,فاز,eyde brun
win,liserdikevit,لسەردكەڤت,فاز,luserdukevut
corrupt,pûç kirin,پووچ کرن,فاسد,pûch krun
corrupt,pwîç kirin,پویچ کرن,فاسد,pweech krun
corrupt,pîçdiket,پیچدكەت,فاسد,peechduket
corrupt,genîbûn,گه‌نیبوون,فاسد,peechduket
decomposed,rizandî,ڕزاندی,فاسد,ruzandee
rotten,pîc,پیج,فاسد,peej
rotten,xirab,خراب,فاسد,xurab
rotten,rizî,ڕزی,فاسد,ruzee
virtuous,‌qencî,‌قەنجی,فاضل,‌qenjee
potency,karîgerî,کاریگه‌ری,فاعلية,kareegeree
potency,hêzdarî,هێزداری,فاعلية,ḧêzdaree
cut it short,sivik bike,سڤك بکە,فاقطعها,suvuk buke
date (dried fruit),xorme,خۆرمە,فاكهة العناب (الفاكهة المجففة),xorme
date (dried fruit),qesp,قەسپ,فاكهة العناب (الفاكهة المجففة),qesp
date (fresh fruit),riteb,رتەب,فاكهة عناب (فواكه طازجة),ruteb
fruit,berhem,بەرهەم,فاكھة,berḧem
fruit,fêqî,فێقی,فاكھة,fêqee
girl,kiç,كچ,فتاة,kch
girl,kiçik,كچك,فتاة,kchuk
girls,kiçan,كچان,فتاة,kchan
crumbs,pirtan,پرتان,فتات,purt
opener,vekirek,ڤه‌کره‌ک,فتاحة,vekrek
can opener,kilîla qodîka,کلیلا قۆدیکا,فتاحة علب,kleela qodeeka
open,vediket,ڤەدكەت,فتح,veduket
interval,navber,ناڤبەر,فترة,navber
period,"qunaẍ , mawe",قوناغ ، ماوە,فترة,"qunaẍ , mawe"
candle wick,petîl,په‌تیل,فتيل الشمعة,peteel
candle wick,fitîl,فتیل,فتيل الشمعة,futeel
candle wick,fetîl,فه‌تیل,فتيل الشمعة,feteel
candlewick,fitîl,فتیل,فتيل الشمعة,futeel
suddenly,xafiletî,خافلەتی,فجأة,xafuletee
suddenly,demildest,ده‌ملده‌ست,فجأة,demuldest
suddenly,ji nîşkekê ve,ژ نیشکەکێ ڤە,فجأة,zhu neeshkekê ve
dawn,elind,ئەلند,فجر,elund
dawn,sḧar,سحار، سهر,فجر,sḧar
radish,tivir,تڤر,فجلة,tuvur
checking,fiḧis,فحس,فحص,fuḧus
examination,taqîkirin,تاقیكرن,فحص,taqeekrun
inspect,teftîş,ته‌فتیش,فحص,tefteesh
look into,qenc berê xu diditê,قەنج بەرێ خو ددەتێ,فحص,qence berê xu dudutê
checking (things),fiḧis,فحس,فحص (الأشياء),fuḧus
blood test,feḧsa xwînê,فەحسا خوینێ,فحص دم,feḧsa xweenê
charcoal,rejî,رەژى,فحم,rezhee
charcoal,komir,کۆمر,فحم,rezhee
coal,rejî,رەژى,فحم,rezhee
coal,komir,کۆمر,فحم,rezhee
trap,xefik,خه‌فک,فخ,xefuk
trap,dav,داڤ,فخ,dav
trap,nêçîrê diket,نێچیرێ دكەت,فخ,nêcheerê duket
thigh,ran,ران,فخذ,ran
pride,şanazî,شانازی ، سه‌ربلند,فخر,shanazee
proud,serbilindahî,سەربلنداھى,فخور,serbulundaḧee
proud,şanazî,شانازی ، سه‌ربلند,فخور,shanazee
redemption,"xlaskirin, xlasbûn, xlasî",خلاسکرن، خلاسبوون، خلاسی,فداء,"xlaskrun, xlasbûn, xlasee"
redemption,rizgarî,رزگاری,فداء,"ruzgaree , qureetalkrun"
redemption,qurîtalkirin,قوریتالکرن,فداء,"ruzgaree , qureetalkrun"
redemption,kefaret,که‌فاره‌ت,فداء,kefaret
propitiation,"berdêl, bedel",به‌ردێل، به‌ده‌ل,فدية,"berdêl, bedel"
ransom,"berdêl, bedel",به‌ردێل، به‌ده‌ل,فدية,"berdêl, bedel"
ransom,pê fdiyeyê hatin berdan,پێ فدیه‌یێ هاتن به‌ردان,فدية,pê fduyeyê ḧatun berdan
ransom,fîdye,فیدیه‌,فدية,feedye
ransom,"nirx , pê fdiyeyê xlas kirin",نرخ ، پێ فدیه‌یێ خلاس کرن,فدية,"nurx , pê fduyeyê xlas krun"
mattress,duşek,دوشەك,فراش,dushek
butterfly,pepûle,په‌پووله,فراشة,pepûle
butterfly,pelatînik,پەلاتینك,فراشة,pelateenuk
moth,xwîrik,خویرک,فراشة,xweeruk
space (computer),valahî,ڤالاهی,فراغ (كمبيوتر),valaḧee
joy,"şadî , dil xoşî",شادی ، دلخۆشی,فرح,"shadee , dul xoshee"
individual,tek,تەك,فرد,tek
individual,şexsî,شه‌خسی,فرد,tek
individual,ferdî,فه‌ردی,فرد,tek
individually,bi kesî,ب كەسى,فردي,bu kesee
sort out,vavêr kirin,ڤاڤێر کرن,فرز,palandun
steed,hesp,ھەسپ,فرس,ḧesp
brush,firçe,فرچە,فرشاة,furche
brush tooth,firçe kirin,فرچە کرن,فرشاة الأسنان,furche krun
toothbrush,firçê didana,فرچێ ددانا,فرشاة الأسنان,furchê dudana
brush hair,şeh kirin,شەھکرن,فرشاة الشعر,sheḧ krun
hair Brush,şe,شە,فرشاة شعر,she
chance,derfet,دەرفەت,فرصة,derfet
chance,delîve,دە‌لیڤە,فرصة,deleeve
chance,şans,شانس,فرصة,shans
chance,keys,که‌یس,فرصة,shans
chance,mecal,مه‌جال,فرصة,mejal
opportunity,delîv,ده‌لیڤ,فرصة,deleev
opportunity,derfet,دەرفەت,فرصة,derfet
opportunity,şans,شانس,فرصة,shans
opportunity,fersend,فه‌رسه‌ند,فرصة,fersend
opportunity,fesal,فه‌سال,فرصة,fesal
opportunity,keys,که‌یس,فرصة,mejal
opportunity,mecal,مه‌جال,فرصة,mejal
opportunity,mefer,مه‌فه‌ر,فرصة,mefer
force,bizurî,بزوری,فرض,"ḧêz, buzuree"
force,tade lê kirin,تاده‌ لێ کرن,فرض,"ḧêz, buzuree"
force,zordarî lê kirin,زۆرداری لێ کرن,فرض,"ḧêz, buzuree"
force,mecbûr kirin,مه‌جبوور کرن,فرض,mejbûr krun
force,neçar kirin,نه‌چار کرن,فرض,mejbûr krun
force,hêz,هێز,فرض,"ḧêz, buzuree"
impose,sepandin,سه‌پاندن,فرض,sepandun
impose,feriz kirin,فه‌رز کرن,فرض,feruz krun
imposed,hate ferrizikirin,ھاتە فەڕزكرن,فرض,ḧate ferruzukrun
impose upon,sepandin,سه‌پاندن,فرض على,sepandun
hypothesis,"girîmanî, girîmane",گریمانی، گریمانه‌,فرضية,"gureemanee, gureemane"
hypothesis,hîpotez,هیپۆته‌ز,فرضية,ḧeepotez
branch,takê darê,تاکێ دارێ,فرع,takê darê
branch,çeq,چه‌ق,فرع,cheq
branch,şax,شاخ,فرع,cheq
difference,cudahî,جوداهی,فرق,"ḧevurk, jedel"
difference,ciyawazî,جیاوازی,فرق,"ḧevurk, jedel"
difference,ferq,فه‌رق,فرق,jyawazee
divide,parve kirin,پارڤه‌ کرن,فرق,parkrun
divide,parkirin,پارکرن,فرق,parkrun
divide,cuda,جودا,فرق,dabeshkrun
divide,dabeşkirin,دابه‌شکرن,فرق,dabeshkrun
divide,lêkve kirin,لێکڤه‌ کرن,فرق,dabeshkrun
crackle,qiriçandin,قرچاندن,فرقعة,kef
crackle,qiriçîn,قرچین,فرقعة,kef
rub,perixandin,په‌رخاندن,فرك,peruxandun
rub,firikandin,فرکاندن,فرك,furukandun
rub,germandin,گەرماندن,فرك,germandun
rub over,çewir kirin,چه‌ور کرن,فرك,chewur krun
rubbing Alcohol,"kihulê tibî , moa'eqin",كحولێ تبی ، موعەقن,فرك الكحول,"kḧulê tubee , moa'equn"
furnace,êtwîn,ئێتوین,فرن,êtween
furnace,tenîr,تەنیر,فرن,teneer
furnace,firrin,فڕن,فرن,furrun
oven,firrin,فڕن,فرن,furrun
oven,"nanbîjî , debaẍ",نانبیژى ، دەباغ,فرن,"nanbeezhee , debaẍ"
France,ferenisa,فەرەنسا,فرنسا,ferenusa
fur,pîrît,پیریت,فرو,peereet
fur,feru,فەرو,فرو,feru
prey,nêçîr,نێچیر,فريسة,nêcheer
team,hevbend,هه‌ڤبه‌ند,فريق,ḧev peymanêyu duket
team for cleaning,lêjina pakjiyê,لێژنا پاکژیێ,فريق التنظيف,lêzhuna pakzhuyê
scare,tiris,ترس,فزع,turus
corruption,gendelî,گەندەلى,فساد,gendelee
depravity,bed karî,بەدكاری,فساد,bed karee
dress,cil û berik,جل و بەرك,فستان,jl û beruk
night dress,cilkên nfstinê,جلكێن نفستنێ,فستان ليلة,jlkên nfstunê
pistachio,fstaq,فستاق,فستق,fstaq
expanse,buşahî,بوشاھی,فسحة,bushaḧee
expanse,frehî,فره‌هی,فسحة,freḧee
mangle,têkdidit,تێكددەت,فسد,têkdudut
mosaic,muzayîk,موزاییك,فسيفساء,muzayeek
fail,bi ser neketin,ب سه‌ر نه‌که‌تن,فشل,bu ser neketun
failure,biserneketin,بسه‌رنه‌که‌تن,فشل,"derunechû , bunuketun"
failure,biniketin,بنکەتن,فشل,"derunechû , bunuketun"
failure,derineçû,دەرنەچوو,فشل,"derunechû , bunuketun"
failure,saqit,ساقت,فشل,"derunechû , bunuketun"
fail,têk çûn,تێك چوون,فشل (فعل),têk chûn
fail,saqit,ساقت,فشل (فعل),têk chûn
fail,kevîtin,کەڤیتن,فشل (فعل),keveetun
heart failure,neşulkirina dilî,نه‌شولکرنا دلی,فشل القلب,neshulkruna dulee
lobe,guşitî guhî,گوشتى گوھى,فص,gushutee guḧee
onward,pêşve,پێشڤە,فصاعدا,pêshve
detach,jê ve kirin,ژێ ڤه‌ کرن,فصل,zhêveke
detach,vekirin,ڤه‌کرن,فصل,zhêveke
separate,cuda kirin,جودا کرن,فصل,jda krun
separate,dîr kirin,دیر کرن,فصل,deer krun
separate,jêkvebwî,ژێكڤەبوى,فصل,zhêkvebwee
separate,vavêr kirin,ڤاڤێر کرن,فصل,deer krun
separated,cudakirî,جوداکری,فصل,jdakree
detach!,jêveke,ژێڤەکە,فصل!,zhêveke
quarterly,kuvara salê,كوڤارا سالێ,فصليا,kvara salê
faction,kumel,كومەل,فصيل,kmel
silver,zîv,زیڤ,فضة,zeev
loose,berdan,به‌ردان,فضفاض,berdan
loose,sist kirin,سست کرن,فضفاض,sust krun
curiosity,"matêkirin , mereq",ماتێكرن ، مەرەق,فضول,"matêkrun , mereq"
curious,"matêker, maytêker",ماتێکه‌ر، مایتێکه‌ر,فضولي,"matêker, maytêker"
curious,"mereqdar, miraqker",مه‌ره‌قدار، مراقکه‌ر,فضولي,"mereqdar, muraqker"
scandal,qebḧet,قەبحەت,فضيحة,qebḧet
virtue,‌qencî,‌قەنجی,فضيلة,‌qenjee
virtue,namîs,نامیس,فضيلة,namees
mushroom,fitir,فتر,فطر,futuree
mushroom,kavkulîlk,کاڤکولیلک,فطر,"kvark, ḧajeelok"
mushroom,kivark,کڤارک,فطر,"kvark, ḧajeelok"
mushroom,hacîlok,هاجیلۆک,فطر,"kvark, ḧajeelok"
innate,zikmakî,زکماکی,فطري,zukmakee
wean,"biçûk, zaro",بچووک، زاڕۆكەكێ شیرڤەكری,فطم,"buchûk, zaro"
breakfast,têşit,تێشت,فطور,têshut
pie,kade,كادە,فطيرة,kade
weanling,şîrvekrî,شیرڤه‌كری,فطيم,sheervekree
atrocity,stemkarî,سته‌مکاری,فظاعة,stemkaree
effective,karîtêker,كاریتێكەر,فعال,kareetêker
effective,karîger,کاریگه‌ر,فعال,kareeger
efficient,karîger,کاریگه‌ر,فعال,kareeger
efficient,minasbe,مناسبە,فعال,munasbe
do,kirin,كرن,فعل,krun
intransitive,têneper,تێنه‌په‌ر,فعل لازم,têperr
verb Intransitive,têneper,تێنه‌په‌ر,فعل لازم,têperr
actually,bi rastî,براستى,فعلا,bu rastee
boom,gurmên,گورمێن,فقاعة,gurmên
pass out,belave kirin,بەلاڤە کرن,فقد صوابھ,belave krun
amnesia,bi bîr neanîn,ب بیر نه‌ئانین,فقدان الذاكرة,"wendakruna beer(aneenê), bu beer neaneen"
amnesia,wendakirina bîr(anînê),وه‌نداکرنا بیر(ئانینێ),فقدان الذاكرة,"wendakruna beer(aneenê), bu beer neaneen"
unconsciousness,li ḧalçon,ل حالچۆن,فقدان الوعي,lu ḧalchon
poverty,perîşanî,په‌ریشانی,فقر,ḧezharee
poverty,rebenî,ڕه‌به‌نی,فقر,ḧezharee
poverty,feqîr,فەقیر,فقر,feqeer
poverty,hejarî,ھەژاری,فقر,ḧezharee
anemia,kêm xwîn,کێم خوین,فقر دم,kêm xween
Anemia,"kêmatiya xwînê , fiqir dem",کێماتیا خوینێ ، فقر ده‌م,فقر دم,"kêmatuya xweenê , fuqur dem"
paragraph,peregiraf,پەرەگراف,فقرة,pereguraf
only,bi tinê,ب تنێ,فقط,"bu tunê, tenê, tek"
only,tek,ته‌ک,فقط,"bu tunê, tenê, tek"
only,tenê,ته‌نێ,فقط,"bu tunê, tenê, tek"
poor,"belingaz, belengaz",بەلنگاز، بەلەنگاز,فقير,"belungaz, belengaz"
poor,feqîr,فەقیر,فقير,feqeer
poor,hejar,ھەژار,فقير,ḧezhar
disassemble,jêk vekirin,ژێك ڤەکرن,فك,zhêk vekrun
jaw,laç,لاچ,فك,lach
thought,fikir,فکر,فكر,fukr
thought,hizir,ھزر,فكر,ḧuzur
idea,fikir,فکر,فكرة,fukr
idea,hizir,ھزر,فكرة,ḧuzur
notion,hizir,ھزر,فكرة,ḧuzur
good idea,hizireka cane,هزرەکا جانە,فكره جيده,ḧuzureka jane
peasant,cutiyar,جوتیار,فلاح,jtuyar
philosophy,felsefe,فەلسەفە,فلسفة,felusefe
pepper,îsot,ئیسۆت,فلفل,fulful
pepper,filfil,فلفل,فلفل,fulful
paprika,îsot,ئیسۆت,فلفل أحمر,ḧawaee
paprika,paprika,پاپرکا,فلفل أحمر,ḧawaee
red pepper,îsota sor,ئیسۆتا سۆر,فلفل أحمر,fulful
black pepper,îsota reş,ئیسۆتا ڕه‌ش,فلفل اسود,ron
flin,flin,فلن,فلين,flin
mouth,dev,دەڤ,فم,dev
big mouth,pir bêji,پربێژ,فم كبير,pur bêzhu
for example,bo nimûne,بۆ نموونه‌,فمثلا,bo numûne
for example,meselen,مه‌سه‌له‌ن,فمثلا,meselen
art,huner,ھونەر,فن,ḧuner
courtyard,hewş,حه‌وش,فناء,ḧewsh
courtyard,hewş,هه‌وش,فناء,ḧewsh
patio,terme,ته‌رمه‌,فناء,dêreen
patio,dermal,ده‌رمال,فناء,dêreen
patio,hewş,هه‌وش,فناء,dêreen
artist,hunerimend,ھونەرمەند,فنان,ḧunerumend
teacup,îskan,ئیسکان,فنجان شاي,eeskan
coffee cup (small),fincan,فنجان,فنجان قهوة (صغير),funjan
hotel,utîl,ئوتیل,فندق,uteel
Finland,fin lend,فنلەند,فنلندا,fun lend
technician,mîkanîkî,میكانیكى,فني,meekaneekee
comprehend,têgihan,تێگهان,فهم,têguḧan
comprehend,fehim kirin,فەهم کرن,فهم,feḧum krun
fathom,tê gehiştin,تێ گه‌هشتن,فهم,babet bûn
fathom,fehim kirin,فه‌هم کرن,فهم,babet bûn
leopard,pling,پلنگ,فھد,plung
index,fehris,فەھرس,فھرس,feḧrus
grasp,dest gîrikirin,دەست گیركرن,فھم,dest geerukrun
understood,tî gehişit,تى گەھشت,فھم,tee geḧushut
immediately,îkiser,ئیكسەر,فورا,eekser
immediately,di cih de,د جھ دا,فورا,demuldest
immediately,di cih de,د جھ ده‌,فورا,demuldest
immediately,demildest,ده‌ملده‌ست,فورا,demuldest
instantly,cihda,جھدا,فورا,jḧda
instantly,di cih da,د جھ دا,فورا,jḧda
promptly,li dem wdest,ل دەم ودەست,فورا,lu dem wdest
flush,jşerima sur didibit,ژشەرما سور ددبیت,فورة,zhsheruma sur dudubut
outburst,belqîn,بەلقین,فورة,belqeen
immediate,bilez,بلەز,فوري,bulez
victory,bi ser êxît,ب سه‌ر ئێخیت,فوز,bu ser êxeet
victory,serikeftin,سەركەفتن,فوز,serukeftun
chaos,xepse,خەپسە,فوضى,xepse
above,li jorî,ل ژۆری,فوق,lu zhoree
above,li sillal,ل سڵال,فوق,lu ser
above,li hindavî,ل هنداڤی,فوق,lu ḧundavee
above,li ser,لسەر,فوق,lu ser
high,silal,سلال,فوق,sulale
over,silal,سلال,فوق,sulale
up,jor,ژۆر,فوق,luser
up,silal,سلال,فوق,sulale
up,sllal,سڵال,فوق,luser
up,serî,سه‌ری,فوق,luser
up,liser,لسەر,فوق,luser
all over,seranser,سه‌رانسه‌ر,فوق كل,seranser
green bean,lubik,لوبك,فول اخضر,lubuk
steel,stîl,ستیل,فولاذ,steel
nozzle,zarik,زارك,فوھة,zaruk
in,daxil,داخل,في,navda
in,li,ل,في,navda
in,navda,ناڤدا,في,navda
in,hindir,هندر,في,navda
at any time,her dem,هەر دەم,في أي وقت,ḧer dem
mainly,bi awayê sereke,ب ئاوایێ سه‌ره‌که‌,في الأساس,bu awayê sereke
mainly,bi şêwekî serekî,ب شێوەكى سەرەكى,في الأساس,bu shêwekee serekee
in fact,brastî,براستى,في الحقيقة,brastee
matter-of-fact,"rastî, kirdarî",ڕاستی، کرداری,في الحقيقة,"rastee, krdaree"
abroad,xaric,خارج,في الخارج,xaruj
abroad,dur jimalê,دور ژمالێ,في الخارج,dur zhumalê
outside,derveyî,ده‌رڤه‌یی,في الخارج,derekee
outside,derekî,دەرەکی,في الخارج,derekee
percent,jsedê,ژسەدێ,في المئة,zhsedê
second,çirike,چركە,في المرتبة الثانية,churuke
second,"saniyek , sanî",سانیەک ، سانی,في المرتبة الثانية,"sanuyek , sanee"
primarily,serekî yekî,سەرەكى یەكى,في المقام الأول,serekee yekee
in time,li demê xoda,ل دەمێ خۆدا,في الموعد,lu demê xoda
eventually,"dûmahiyê, axirî, taliyê",دووماهیێ، ئاخری، تالیێ,في النهاية,"dûmaḧuyê, axuree, taluyê"
outdoor,derve,دەرڤە,في الھواء الطلق,derve
indeed,brastî,براستى,في الواقع,brastee
on time,li demê xoda,ل دەمێ خۆدا,في الوقت المحدد,lu demê xoda
while,"bê hinekê , bê hinek dî",بێ هنەکێ ، بێ هنەك دی,في حين,"bê ḧunekê , bê ḧunek dee"
inside,tê de,تێ ده‌,في داخل,tê de
inside,navxo,ناڤخۆ,في داخل,tê de
at that time,li wî demî,ل وی دەمی,في ذلك الوقت,lu wee demee
at rest,sekinî,سه‌کنی,في راحه,seknee
in hurry,bi lez,ب لەز,في عجلة من امرنا,bu lez
within,tê de,تێ ده‌,في غضون,tê de
every time,herdem,ھەردەم,في كل مرة,ḧerdem
immune,parastî,پاراستى,في مأمن,parastee
immune,lênakev,لێناکه‌ڤ,في مأمن,lênakev
delighted,dil vekrî,دل ڤەكرى,في منتھى السعادة,dul vekree
same time,nefsî wextî da,نەفسى وەختى دا,في نفس الوقت,nefsee wextee da
in this way,"bi vî şêweyî, bi vî awayî",ب ڤی شێوه‌یی، ب ڤی ئاوایی,في هذا الطريق,"bu vee shêweyee, bu vee awayee"
later,paşî,پاشی,في وقت لاحق,pashee
early,bilez,بلەز,في وقت مبكر,"zee , belez"
early,pêşwext,پێشوه‌خت,في وقت مبكر,pêshwext
early,zî,زى,في وقت مبكر,"zee , belez"
one at a time,her ga‌v êk êke,ھەرگا‌ڤ ئێک ئێکە,في وقت واحد,ḧer ga‌v êk êke
Vietnam,vîtinam,ڤیتنام,فيتنام,veetunam
video,fîdiyu,فیدیو,فيديو,feeduyu
virus,vayros,ڤایرۆس,فيروس,vayros
virus,vîrûs,ڤیرووس,فيروس,veerûs
Physics,fizîya,فزییا,فيزياء,fuzeeya
physicist,fîz yazan,فیز یازان,فيزيائي,feez yazan
fisher,masîvan,ماسیڤان,فيشر,maseevan
fisher,masîgir,ماسیگر,فيشر,maseegur
overflow,bi serda birrêje,ب سەردا بڕێژە,فيض,bu serda burrêzhe
overflow,bi serda rşitinin,ب سەردا رشتنن,فيض,bu serda rshutunun
overflow,"serrêjbûn, pribûn, dadgirin",سه‌ڕێژبوون، پڕبوون، دادگرن,فيض,"serrêzhbûn, prubûn, dadgurun"
flood,avrabûn,ئاڤرابوون,فيضان,avrabûn
flood,tûfan,تووفان,فيضان,tûfan
flood,feyezan,فەیەزان,فيضان,feyezan
flood,lehî,لەھى,فيضان,leḧee
elephant,fîl,فیل,فيل,feel
philosopher,zana,زانا,فيلسوف,zana
movie,film,فلم,فيلم,fulm
later,pişitî hingî,پشتی ھنگی,فيما بعد,pushutee ḧungee
in it,têde,تێده‌,فيه,têde
in them,têda,تێدا,فيهم,têda
kurdish letter 20 (“v” sound),v,ڤ,ڤ,v
kurdish letter 21 (“q” sound),q,ق,ق,q
commander,fermander,فه‌رمانده‌ر,قائد,fermander
centurion,serleşkerê sed zelaman,سه‌رله‌شکه‌رێ سەد زەلامان,قائد المئة,serleshkerê sed zelaman
religious leader,îmam,ئیمام,قائد ديني,eemam
religious leader,şêx,شێخ,قائد ديني,shêx
list,lîste,لیستە,قائمة,leeste
manifest,aşkere,ئاشکه‌ره‌,قائمة,eshkera duket
plug,digirît,دگریت,قابس,dugureet
amenable,sernerm,سه‌رنه‌رم,قابل,dul nerum
penetrable,têreçûnba,تێره‌چوونبا,قابل للإختراق,têrechûnba
adaptable,guncîbun,گونجیبون,قابل للتكيف,gunjeebun
midwife,pîrek,پیرەك,قابلات,peerek
murderer,"qatil, kujer",قاتل، کوژه‌ر,قاتل,"qatul, kzher"
murderer,"mirovkuj, mêrkuj",مرۆڤکوژ، مێرکوژ,قاتل,"murovkzh, mêrkzh"
fatal,qezawqeder,قەزاوقەدەر,قاتلة,qezawqeder
dim,tarî bûn,تاری بوون,قاتمة,"reḧend, aluyê"
dim,şêlî bûn,شێلی بوون,قاتمة,"reḧend, aluyê"
able,bişiyan,بشیان,قادر,"bushuyan, kara, tuwana"
able,"kara, tiwana",کارا، توانا,قادر,"bushuyan, kara, tuwana"
boat,belem,بەلەم,قارب,belem
continent,kîşwer,كیشوەر,قارة,keeshwer
compare,berawird kirin,به‌راورد کرن,قارن,berawurd krun
compare,dan ber hev,دان به‌ر هه‌ڤ,قارن,dan ber ḧev
compare,kêşan û pîvan,کێشان و پیڤان,قارن,kêshan û peevan
compare,hevber kirin,هه‌ڤبه‌ر کرن,قارن,ḧevber krun
hot Water Bottle,bitilekê ava gerim,بتلەكێ ئاڤا گەرم,قارورة ماء ساخن,butulekê ava gerum
harsh,zordarî,زۆرداری,قاس,zordaree
harsh,req,ڕه‌ق,قاس,req
ruthless,bêrehim,بێره‌هم,قاس,bêreḧum
ruthless,dilqalind,دلقالند,قاس,dulqalund
tough,xurt,خورت,قاس,"ḧushuk, req, xurt"
tough,req,ڕه‌ق,قاس,"ḧushuk, req, xurt"
denominator,dabeş,دابه‌ش,قاسم,dabesh
cruel,zordar,زۆردار,قاسي,zordar
cruel,stemkar,سته‌مکار,قاسي,zordar
minor,sinêle,سنێلە,قاصر,sunêle
sue,darizandin,دارزاندن,قاضى,"daruzandun , doz lê vekrun"
sue,doz lê vekirin,دۆز لێ ڤه‌کرن,قاضى,"daruzandun , doz lê vekrun"
sue,sikala,سکالا,قاضى,sukala
base,esas,ئه‌ساس,قاعدة,esas
base,binder,بنتار,قاعدة,bunder
base,bingeh,بنگه‌ھ,قاعدة,bungeḧ
caravan,kariwan,كاروان,قافلة,karuwan
said,got,گۆت,قال,got
told,gutî,گوتى,قال,gutee
yell,hewardiket,ھەواردكەت,قال بصوت عال,ḧewarduket
stature,bejin,به‌ژن,قامة,"chandun , tov krun"
stature,bejin û bal,به‌ژن و بال,قامة,"chandun , tov krun"
dictionary,ferheng,فەرھەنگ,قاموس,ferḧeng
traffic law,yasayê hatin û çûnê,یاسایێ هاتن و چوونێ,قانون المرور,yasayê ḧatun û chûnê
Martial law,qanûna leşkerî,قانوونا له‌شکه‌ری,قانون عسكرى,qanûna leshkeree
lawful,yasayî,یاسایى,قانوني,yasayee
legal,rewa,ڕه‌وا,قانوني,rewa
legal,yasayî,یاسایى,قانوني,yasayee
dome,gumet,گومەت,قبة,gumet
grave,gur,گور,قبر,gur
grave,mezar,مەزار,قبر,mezar
tomb,qebr,قەبر,قبر,qebr
tomb,"gor , meẍber",گۆر ، مەغبەر,قبر,"gor , meẍber"
catch,bigire,بگرە,قبض على,"gurtun , bugure"
catch,xo tê werkirin,خۆ تێ وەرکرن,قبض على,xo tê werkrun
catch,girtin,گرتن,قبض على,"gurtun , bugure"
cap,kulav,كولاڤ,قبعة,klav
hat,şewqe,شه‌وقه‌,قبعة,shewqe
hat,kulav,کولاڤ,قبعة,klav
hat,kum,کوم,قبعة,km
before,berî,بە‌ری,قبل,beree
prior,berê,بەرێ,قبل,berê
B.C.,berê zayînî,بەرێ زایینی,قبل الميلاد,berê zayeenee
two days ago,pêr,پێر,قبل يومين,pêr
kiss,maç,ماچ,قبلة,mach
basement,"jêrizemîn, bodrûm",ژێرزه‌مین، بۆدرووم,قبو,"zhêruzemeen, bodrûm"
cellar,bindav,بنداڤ,قبو,bundav
admission,baca çûna jurve,باجا چوونا ژورڤە,قبول,baja chûna zhurve
ugly,kirêt,كرێت,قبيح,krêt
tribe,"aşîret, eşîr",ئاشیره‌ت، ئه‌شیر,قبيلة,"asheeret, esheer"
tribe,qebîle,قه‌بیله‌,قبيلة,qebeele
tribe,hoz,هۆز,قبيلة,ḧoz
combat,"ceng, cengawerî",جه‌نگ، جه‌نگاوه‌ری,قتال,"jeng, jengaweree"
combat,şer,شه‌ر,قتال,"sher, sher krun"
combat,şer kirin,شه‌ر کرن,قتال,"sher, sher krun"
fighting,ceng,جەنگ,قتال,"jeng, sherr"
fighting,şerr,شەڕ,قتال,"jeng, sherr"
homicide,kujek,كوژەك,قتل,kzhek
kill,kuşitin,كوشتن,قتل,kshutun
murder,kuşitin,كوشتن,قتل,kshutun
May,ayar,ئایار,قد,ayar
May,"gulan, meha 5 ê",گولان، مه‌ها ٥ئێ,قد,"gulan, meḧa 5 ê"
May,heyiva pênc,ھەیڤا پێنج,قد,ḧeyuva pênj
holiness,pîrozî,پیرۆزی,قداسة,peerozee
mug,perdaẍek mezin,پەرداغەك مەزن,قدح,perdaẍek mezun
fate,çarenivîs,چارەنڤیس,قدر,charenuvees
fate,şanis,شانس,قدر,shanus
fate,qeder,قەدەر,قدر,qeder
fate,nesîb,نەسیب,قدر,neseeb
saucepan,qazan,قازان,قدر,qazan
capacity,behre,به‌هره‌,قدرة,beḧre
the Most Holy Place,cihê herî pîroz,جھێ ھەری پیرۆز,قدس الأقداس,jḧê ḧeree peeroz
foot,pê,پێ,قدم,pê
gave,da,دا,قدم,da
athlete's foot,pêyê werizşî,پێیێ وه‌رزشی,قدم الرياضي,pêyê weruzshee
obsolete,dêrîn,دێرین,قديم,dêreen
obsolete,kevin,که‌ڤن,قديم,kevun
old,kevin,كەڤن,قديم,kevun
dirty,pîs,پیس,قذر,pees
dirty,"gemarî, qrêjî",گه‌ماری، قرێژی,قذر,"gemaree, qrêzhee"
uncleanly,ḧeram,حه‌رام,قذر,nesax
shell,kevil,كەڤل,قذيفة,kevul
reading,xandin,خاندن,قراءة,xandun
decision,biriyar,بریار,قرار,buruyar
resolution,biryar,بریار,قرار,buryar
resolution,çareserî,چاره‌سه‌ری,قرار,chareseree
near,nêzîk,نێزیك,قرب,nêzeek
proximity,nêzîkî,نێزیکی,قرب,nêzeekee
sore,bi êşe,ب ئێشە,قرحة,bu êshe
sore,kulik,کولک,قرحة,bu êshe
ulcer,rîfîka kure,ریفیكا كورە,قرحة,reefeeka kre
ape,meymûn,مه‌یموون,قرد,meymûn
ape,meymînik,مەیمینك,قرد,meymeenuk
monkey,meymûn,مه‌یموون,قرد,meymûn
monkey,meymînik,مەیمینك,قرد,meymeenuk
decide,birriyarê didit,بڕیارێ ددەت,قرر,burruyarê dudut
pirate,deryagir,دەریاگر,قرصان,deryagur
pinch,qurîncka lêdidit,قورینجكا لێددەت,قرصة,qureenjka lêdudut
loan,"deyin, qerdidet",ده‌ین، قه‌ردده‌ت,قرض,"deyun, qerdudet"
squash,kulend,كولەند,قرع,klend
cinnamon,darçîn,دارچین,قرفة,darcheen
century,qirin,قرن,قرن,qurun
horn,şax,شاخ,قرن,shax
horn,qoç,قۆچ,قرن,qoch
cauliflower,karinabît,كارنابیت,قرنبيط,karunabeet
nearby,nêzîk,نێزیك,قريب,nêzeek
village,kund,كوند,قرية,knd
dwarf,bejin,بەژن کوریت,قزم,"bezhun kreet , kreetebala"
dwarf,kurîtebala,کوریتەبالا,قزم,"bezhun kreet , kreetebala"
ruthlessness,bêînsafî,بێئینسافی,قساوة,bêeensafee
installment,bêş,بێش,قسط,bêsh
installment,cwîn kirin,جوین كرن,قسط,jween krun
department,dezgeh,ده‌زگه‌ھ,قسم,dezgeḧ
section,beş,بەش,قسم,besh
cruelty,zilm,زلم,قسوة,"stem, zulm"
cruelty,zordarî,زۆرداری,قسوة,zordaree
cruelty,stem,سته‌م,قسوة,"stem, zulm"
rawness,xavî,خاڤی,قسوة,xav
chaff,zilka genimî,زلکا گه‌نمی,قش,zulka genumee
chaff,"qirşûk, pîş",قرشووک، پیش,قش,"qurshûk, peesh"
straw,ka,کا,قش,furewle
straw (for drinking),qesabe,قه‌سابه‌,قش,furewle
peel,tîvil,تیڤل,قشر,teevul
peel,"spî diket , qeşartin",سپى دكەت ، قەشارتن,قشر,"spee duket , qeshartun"
rind,qelp,قه‌لپ,قشرة,qelp
chill,lerizîn,لەرزین,قشعريرة,leruzeen
chills,tesar,تەسار,قشعريرة برد,tesar
chills,serma,سه‌رما,قشعريرة برد,serma
shear,"birrîn, cawbirr",بڕین، جاوبڕ,قص,"burreen, jawburr"
shearing,hirî birrîn,هری بڕین,قص,ḧuree burreen
utmost,herî,هه‌ری,قصارى,ḧeree
clip,kaẍezigir,کاغەزگر,قصاصة,kaẍezugur
cane,gupal,گوپال,قصب,gupal
staff (like a cane),gupal,گوپال,قصب,gupal
story,çîrok,چیرۆک,قصة,cheerok
tin,tinik,تنك,قصدير,tunuk
mansion,kuçk,كوچك,قصر,kchk
palace,qesir,قەسر,قصر,qesur
shortness,kurîtatî,كوریتاتى,قصر,kreetatee
bombard,bombe baran kirin,بۆمبه ‌باران کرن,قصف,bombe baran krun
poem,helbest,ھەلبەست,قصيدة,ḧelbest
poem,hozan,ھۆزان,قصيدة,ḧozan
lyric,huzana stirana,ھوزانا سترانا,قصيدة غنائية,ḧuzana sturana
spend,xerc kirin,خه‌رج کرن,قضاء,xerce krun
spend,serif kirin,سه‌رف کرن,قضاء,seruf krun
spend,mezaxtin,مه‌زاختن,قضاء,mezaxtun
spend,mesiref kirin,مه‌سره‌ف کرن,قضاء,mesuref krun
munch,pir xwarin,پر خوارن,قضم,teezh
cat,pişîk,پشیك,قط,pusheek
cat,ketik,كەتك,قط,ketuk
train (transportation),şemendefir,شەمەندەفر,قطار,shemendefur
train (transportation),qîtar,قیتار,قطار,qeetar
division,nakokî,ناکۆکی,قطاع,duzhayetee
strip,qeşirandin,قه‌شراندن,قطاع,qeshurandun
negative pole,cemserê nerê,جه‌مسه‌رێ نه‌رێ,قطب سالب,jemserê nerê
polar,ce mser,جە مسەر,قطبي,ce mser
tar,qîr,قیر,قطران,qeer
eye drop,qetare çavê,قەتارە چاڤێ,قطرة للعين,qetare chavê
eyedrop,qetare çavê,قەتارە چاڤێ,قطرة للعين,qetare chavê
drop of water,"çipka avê , dilupa avê",چپکا ئاڤێ ، دلوپا ئاڤێ,قطرة ماء,"chupka avê , dulupa avê"
water drop,"çipka avê , dilupa avê",چپکا ئاڤێ ، دلوپا ئاڤێ,قطرة ماء,"chupka avê , dulupa avê"
cut,birrîn,بڕین,قطع,burreen
cut,piçandin,پچاندن,قطع,puchandun
cut,jê kirin,ژێ کرن,قطع,zhê krun
cut,qetandin,قه‌تاندن,قطع,qetandun
cut,qot kirin,قۆت کرن,قطع,burreen
cut in,axiftin birrîn,ئاخفتن بڕین,قطع,axuftun burreen
cut off,qetandin,قه‌تاندن,قطع,qetandun
disconnect,jêvediket,ژێڤەدكەت,قطع,zhêveduket
interrupt,axftinê dibrît,ئاخفتنێ دبریت,قطع,axftunê dubreet
interrupt,"têk brin, vebirrîn",تێك برن، ڤه‌بڕین,قطع,"têk brun, veburreen"
razor cut,gîzanê ket,گیزانێ کەت,قطع أسلاك شائكة,geezanê ket
behead,jê vekirin,ژێ ڤەکرن,قطع رأسه,zhê vekrun
behead,"ser jê kirin, stû jê kirin",سه‌ر ژێ کرن ، ستوو ژێ کرن,قطع رأسه,"ser zhê krun, stû zhê krun"
firmly,bi xurtî,ب خورتی,قطعا,bu xurtee
firmly,bi qayimî,ب قایمی,قطعا,bu qayumee
piece,par,پار,قطعة,purt
piece,parçe,پارچە,قطعة,parche
piece,pirt,پرت,قطعة,purt
piece,qed,قه‌د,قطعة,purt
piece,ker,که‌ر,قطعة,parche
plot,plan diket,پلان دكەت,قطعة,pplan duket
plot,dariştin,دارشتن,قطعة,pplan duket
plot,"komplo , parça erdî",کۆمپلۆ ، پارچا ئه‌ردی,قطعة,"komplo , parcha erdee"
piece of animal,pişike,پشكە,قطعة من الحيوان,pushuke
pluck,pirçikandin,پرچکاندن,قطف,ḧerêm
pluck,kişandin,کشاندن,قطف,ḧerêm
cotton,pambî,پامبی,قطن,pambee
flock,ref,ڕه‌ف,قطيع,"garran, ref"
flock,revde,ڕه‌ڤده‌,قطيع,"keree, qewde"
flock,qewde,قه‌وده‌,قطيع,"keree, qewde"
flock,garran,گاڕان,قطيع,"garran, ref"
herd,revde,ڕه‌ڤده‌,قطيع,"keree, qewde"
herd,kumdiket,كومدكەت,قطيع,kmduket
herd,kerî,که‌ری,قطيع,keree
glove,destgurik,دەستگورك,قفاز,destguruk
glove,lepik,له‌پک,قفاز,lepuk
hand glove,destgurk,ده‌ستگورک,قفازات اليد,destgurk
wildland,beyar,به‌یار,قفر,beyar
jump,"helavêt , xo havêtin , xo pavê",ھەلاڤێت ، خۆ ھاڤێتن ، خۆ پاڤێ,قفز,"ḧelavêt , xo ḧavêtun , xo pavê"
cage,qefes,قەفەس,قفص,qefes
dock,gumagemiyan,گوماگەمیان,قفص الاتھام,gumagemuyan
lock,asê kirin,ئاسێ کرن,قفل,asê krun
lock,daêxistin,دائێخستن,قفل,daêxustun
lock,qifil,قفل,قفل,quful
padlock,qifil,قفل,قفل,quful
say again,careke dî bêje,جارەكە دی بێژە,قل ذلك مجددا,jareke dee bêzhe
say that again,ka bêje ve,كا بێژە ڤە,قل ذلك مجددا,ka bêzhe ve
necklace,ristik,رستك,قلادة,rustuk
necklace,gerdenîk,گه‌رده‌نیک,قلادة,gerdeneek
heart,dil,دل,قلب,dul
heart,qelb,قه‌لب,قلب,dul
heart,nax,ناخ,قلب,dul
invert,vajî diket,ڤاژى دكەت,قلب,vazhee duket
overturn,we‌rgerî,وە‌رگەری,قلب,we‌rgeree
imitate,çav lê kirin,چاڤ لێ کرن,قلد,chav lê krun
imitate,zarvediket,زارڤەدكەت,قلد,zarveduket
mimic,teqlîd,ته‌قلید,قلد,turush
castle,keleh,که‌له‌ھ,قلعة,keleḧ
citadel,keleh,که‌له‌ھ,قلعة,keleḧ
fortress,asêgeh,ئاسێگەھ,قلعة,asêgeḧ
fortress,keleh,که‌له‌ھ,قلعة,keleḧ
anxiety,xemxorî,خه‌مخۆری,قلق,nereḧetee
anxiety,nereḧetî,نەرەحەتی,قلق,nereḧetee
anxious,bixem,بخەم,قلق,buxem
anxious,nîgeran,نیگه‌ران,قلق,buxem
worried,"xemgîn , bixem",خەمگین ، بخەم,قلق,"xemgeen , buxem"
worry,xem,خەم,قلق,"xem , nereḧeteekrun"
worry,nereḧetîkirin,نەرەحەتیکرن,قلق,"xem , nereḧeteekrun"
pen,pênûs,پێنووس,قلم,pênûs
pen,xame,خامه‌,قلم,xame
pen,qelem,قەلەم,قلم,qelem
pencil,pênus risas,پێنوس رساس,قلم رصاص,pênus rusas
few,piçek,پچه‌ک,قليل,"kêm, puchek, chendek"
few,çendek,چه‌نده‌ک,قليل,"kêm, puchek, chendek"
few,kêm,كێم,قليل,"kêm, puchek, chendek"
a few,hin,هن,قليلة,"kêm, puchek, chendek"
a few,hinek,هنه‌ک,قليلة,"kêm, puchek, chendek"
dehumidify,zuha kirin,زوها كرن,قم بإزالة الرطوبة,zuḧa krun
cloth,pate,پاتە,قماش,pate
cloth,pêç,پێچ,قماش,pêch
cloth,cil,جل,قماش,jl
cloth,qumaş,قوماش,قماش,qumash
cloth (new fabric),qumaş,قوماش,قماش,qumash
cloth (to cover),sfrek,سفرەك,قماش,sfrek
fabric,pate,پاته‌,قماش,"qumash , peruk"
fabric,peruk,پەروك,قماش,"qumash , peruk"
fabric,qimaş,قماش,قماش,"qumash , peruk"
sackcloth,xirar,خرار,قماش الخيش,xurar
garbage,zibil,زبل,قمامة,zbul
garbage,glêş,گلێش,قمامة,glêsh
trash,gilêş,گلێش,قمامة,gulêsh
peak,lutike,لوتكە,قمة,lutuke
pinnacle,brc,برج,قمة,brj
vertex,ser,سەر,قمة الرأس,ser
wheat,genim,گەنم,قمح,genum
lunar,mangî,مانگى,قمري,mangee
funnel,kuvik,کوڤك,قمع,kvuk
oppressive,stemkar,ستەمكار,قمعية,stemkar
shirt,kurît,كوریت,قميص,kreet
canal,kenal,كەنال,قناة,kenal
channel,qenat,قەنات,قناة,qenat
channel,kenal,كەنال,قناة,kenal
sniper,qenas,قەناس,قناص,qenas
mask,demamik,ده‌مامک,قناع,demamuk
mask,rûpoş,ڕووپۆش,قناع,rûposh
mask,kimame,کمامه‌,قناع,kmame
mask,mask,ماسک,قناع,mask
facemask,demamik,ده‌مامک,قناع الوجه,demamuk
facemask,mask,ماسک,قناع الوجه,mask
bomb,"bombe , bimbe",بۆمبه‌ ، بمبه‌,قنبلة,"bombe , bumbe"
coffee,qehwe,قەھوە,قھوة,qeḧwe
grammar,rêziman,رێزمان,قواعد,rêzuman
grammar,qewa'd,قەواعد,قواعد,qewa'd
power,hêz,ھێز,قوة,ḧêz
power (Electrical),hêza karebê,ھێزا کارەبێ,قوة,ḧêza karebê
strength,hêz,ھێز,قوة,ḧêz
super power,hêza mezin,هێزا مەزن,قوة خارقة,ḧêza mezun
arc,kevan,کەڤان,قوس,kevan
arch,qews di xanîda,قەوس د خانیدا,قوس,qews du xaneeda
arch,kivan,کڤان,قوس,qews du xaneeda
rainbow,kesk wsur,كەسك وسور,قوس قزح,kesk wsur
rainbow,kivanê rengîn,کڤانێ ڕەنگین,قوس قزح,kvanê rengeen
say,dibêjît,دبێژیت,قول,dubêzheet
powerful,hêzdar,ھێزدار,قوي,ḧêzdar
strong,bi qowet,ب قۆوەت,قوي,bu qowet
strong,bi hêz,ب ھێز,قوي,bu ḧêz
strong,xurt,خورت,قوي,bu qowet
strong,qaym,قایم,قوي,qaym
strong,qewî,قەوی,قوي,qewee
vomit,dil rabûn,دل ڕابوون,قيء,"dul rabûn, veresheen"
vomit,verişîn,ڤه‌رشین,قيء,"dul rabûn, veresheen"
vomit,vereşîn,ڤه‌ره‌شین,قيء,"dul rabûn, veresheen"
vomit,nişîv kirin,نشیڤ کرن,قيء,"ḧulavêtun , nsheev krun"
vomit,hilavêtin,ھلاڤێتن,قيء,"ḧulavêtun , nsheev krun"
vomiting,"vereşîn, vereşandin, hilavêtin",ڤه‌ره‌شین، ڤه‌ره‌شاندن، هلاڤێتن,قيء,"veresheen, vereshandun, ḧulavêtun"
vomiting,"hillavêtin , 'îlinc",هڵاڤێتن ، عیلنج,قيء,"ḧullavêtun , 'eelunj"
leadership,"pêşewatî, pêşengî, riyaset",پێشه‌واتی، پێشه‌نگی، ڕیاسه‌ت,قيادة,"pêshewatee, pêshengee, ruyaset"
leadership,"serkêşî, serokatî, rêberî",سه‌رکێشی، سه‌رۆکاتی، ڕێبه‌ری,قيادة,"serkêshee, serokatee, rêberee"
measure,pîvan,پیڤان,قياس,peevan duket
measure,pîvan diket,پیڤان دكەت,قياس,peevan duket
measurement,pîvan,پیڤان,قياس,peevan
measuring matter,pîvana madidey,پیڤانا ماددەی,قياس المادة,peevana madudey
measureless,bê pîvan,بێ پیڤان,قياسھ,bê peevan
harp,qîsare,قیساره‌,قيثار,qeesare
nap,nivstina sivk,نڤستنا سڤك,قيلولة,nuvstuna suvk
valuable,bihagiran,بهاگران,قيم,buḧaguran
valuable,hêja,هێژا,قيم,ḧêzha
worth,biha,بھا,قيمة,buḧa
worth,hejî,هه‌ژی,قيمة,ḧezhee
worth,hêjayî,هێژایی,قيمة,ḧêzhayee
value of life,bihayê jiyanê,بهایێ ژیانێ,قيمة الحياة,buḧayê zhuyanê
your (pl),we,وە,ك,we
your (single),te,تە,ك,te
yours,yate,یاتە,ك,yate
depression,xemukî,خەموکی,كآبة,xemukee
depression,"êczbîn , keabe",عێجزبین ، که‌ئابه‌,كآبة,"êjzbeen , keabe"
depression,kovan,کۆڤان,كآبة,xemukee
glass (cup),perdaẍ,پەرداغ,كأس زجاجي),perdaẍ
organism,zîndewer,زیندەوەر,كائن حي,zeendewer
nightmare,kabûs,کابووس,كابوس,kabûs
clerk,nfîser,نفیسەر,كاتب,nfeeser
notary,dadiger,دادگەر,كاتب العدل,daduger
clerk is selling things at Market,dukandar li dukanê tşitan difroşît,دوکاندار ل دوکانێ تشتان دفرۆشیت,كاتب هو بيع الأشياء في السوق,dukandar lu dukanê tshutan dufrosheet
debacle,şikestin,شکه‌ستن,كارثة,sênee
debacle,karesat,کاره‌سات,كارثة,sênee
disaster,bobelat,بۆبه‌لات,كارثة,"karesat, mukader"
disaster,karesat,كارەسات,كارثة,"karesat, mukader"
disaster,mikader,مکادەر,كارثة,"karesat, mukader"
catastrophic,wêrane,وێرانه‌,كارثي,"kêm, puchek, chendek"
casino,gazînu,گازینو,كازينو,gazeenu
adequate,têrakirî,تێراكرى,كاف,têrakree
sufficient,bes,به‌س,كافٍ,beḧre
sufficient,têr,تێر,كافٍ,beḧre
enough,bes,به‌س,كافية,bes
enough,têr,تێر,كافية,têr
complete,temam kirin,ته‌مام کرن,كامل,"temam , temam duket"
complete,xilas kirin,خلاس کرن,كامل,"temam , temam duket"
complete,qedandin,قه‌داندن,كامل,"temam , temam duket"
complete,kamil kirin,کامل کرن,كامل,"temam , temam duket"
full,tjî,تژى,كامل,tzhee
full (of food),têr,تێر,كامل (المواد الغذائية),têr
was,bu,بو,كان,bu
once upon a time,hebu nebu,ھەبو نەبو,كان ياما كان,ḧebu nebu
sultan was engaged to be married,sltan nîşanî yê xo kr,سلتان نیشانی یێ خۆ کر,كانت تعمل السلطان أن تكون متزوجة,sltan neeshanee yê xo kr
sultan was engaged to her,sltan dezgrê wê bû,سلتان دەزگرێ وێ بوو,كانت تعمل السلطان لھا,sltan dezgrê wê bû
It was my fault,ew xeletiya min bu,ئەو خەلەتیا من بو,كانت غلطتي,ew xeletuya mun bu
she was engaged to be married,ewê nîşanî yê xo kir,ئەوێ نیشانی یێ خۆ کر,كانت مخطوبة لتكون متزوجة,ewê neeshanee yê xo kr
December,kanîna êkê,کانینا ئێکێ,كانون الاول,kaneena êkê
December,"heyiva dwazdeh, meha 12ê",ھەیڤا دوازدەھ، مه‌ها ۱۲ئێ,كانون الاول,"ḧeyuva dwazdeḧ, meḧa 12ê"
priest,qaşe,قاشە,كاھن,qashe
priest,kahin,كاھن,كاھن,kaḧun
kebab,kebab,كەباب,كباب,kebab
restrain,daxist,داخست,كبح,daxust
restrain,ragirtin,راگرتن,كبح,ragurtun
restrain,zindan kirin,زندان کرن,كبح,zundan krun
suppress,çewsandin,چه‌وساندن,كبح,"fetsandun, chewsandun"
suppress,fetisandin,فه‌تساندن,كبح,fetusandun
tame,zallbûn,زاڵبوون,كبح,zallbûn
tame,kehîkirin,که‌هیکرن,كبح,keḧeekrun
bridle,hefsar,هه‌فسار,كبح جماح,kleel
rein,hefsar,هه‌فسار,كبح جماح,kleel
liver,ceger,جەگەر,كبد,"jeger , keseb"
liver,keseb,کەسەب,كبد,"jeger , keseb"
liver,mêlaka reş,مێلاکا رەش,كبد,mêlaka resh
pride,xumeziniker,خومەزنكەر,كبرياء,xumezunuker
sulfur,kifrît,کفریت,كبريت,geḧ
sulphur,kifrît,کفریت,كبريت,geḧ
ram,beran,به‌ران,كبش,beran
sheep (male),beran,به‌ران,كبش,beran
scapegoat,beranê qurbaniyê,به‌رانێ قوربانیێ,كبش فداء,beranê qurbanuyê
scapegoat,qurban,قوربان,كبش فداء,qurban
big,buş,بوش,كبير,bush
big,gewire,گەورە,كبير,gewure
big,mezin,مەزن,كبير,mezun
massive,"ejde‌ha, mezin, gewre‌",ئه‌ژدە‌ها، مه‌زن، گه‌ورە‌,كبير,"ezhde‌ḧa, mezun, gewre‌"
senior,mentirîn,مەنترین,كبير,mentureen
book,pertûk,پەرتووك,كتاب,pertûk
book,"kitêb, kîtab",کتێب، کیتاب,كتاب,"ktêb, keetab"
coloring book,kitêba renga,کتێبا رەنگا,كتاب التلوين,ktêba renga
type (v),nivêsîn bi kompûterî,نڤێسین ب کۆمپووته‌ری,كتابة,nuvêseen bu kompûteree
writing,nivîsîn,نڤیسین,كتابة,nuveeseen
write signature,îmza kirin,ئیمزا کرن,كتابة التوقيع,eemza krun
write signature,tewqî' kirin,تەوقیع کرن,كتابة التوقيع,tewqee' krun
biblical,încîlî,ئینجیلی,كتابي,aqul
linen,kitanî,كتانی,كتان,ketanee
linen,ketanî,كەتانى,كتان,ketanee
wrote,nivîsî,نڤیسى,كتب,nuveesee
bookseller,pertûk firuş,پەرتووك فروش,كتبي,pertûk furush
shoulder,mil,مل,كتف,mul
chick,çîçeluk,چیچەلوك,كتكوت,cheecheluk
mass,barste,بارستە,كتلة,barste
cement block,bilûk,بلووك,كتلة الإسمنت,bulûk
icicle,zengiluk,زەنگلوك,كتلة ثلجية مدلاة,zenguluk
icicle,"şembelîlk, şîşilitok",شه‌مبه‌لیلک، شیشلتۆک,كتلة ثلجية مدلاة,"shembeleelk, sheeshulutok"
mute,bêdeng,بێده‌نگ,كتم الصوت,lal
booklet,pertûka berîkî,پەرتووكا بەریكى,كتيب,pertûka bereekee
manual,perîtuka biçwîk,پەریتوكا بچویك,كتيب,pereetuka buchweek
pamphlet,belavuk,بەلاڤوك,كتيب,belavuk
density,"çirrî, tîrî",چڕی، تیری,كثافة,"churree, teeree"
multitude,elalet,ئه‌لاله‌ت,كثرة,elalet
multitude,cemawer,جەماوەر,كثرة,jemawer
multitude,zehif,زه‌هف,كثرة,zeḧuf
abundant,pir,پر,كثير,pur
abundant,zehif,زەحف,كثير,zeḧuf
abundant,mişe,مشه‌,كثير,mushe
many,"zor, zaf",زۆر، زاف,كثير,"zor, zaf"
many,"gelek, pirr",گه‌له‌ک، پڕ,كثير,"gelek, purr"
numerous,gelek,گەلەك,كثير,gelek
hilly,pesar,په‌سار,كثير التلال,pesar
greatly,mezine,مەزنە,كثيرا,mezune
much,gelek,گەلەك,كثيرا,gelek
intensive,tund,توند,كثيف,tund
alcohol,alkol,ئالکۆل,كحول,alkol
alcohol (drink),vexwarinên serxweşker,ڤه‌خوارنێن سه‌رخوه‌شکه‌ر,كحول,vexwarunên serxweshker
alcohol (drink),"meşrub , meykḧul , mey",مەشروب ، مەیكحول ، مەی,كحول,"meshrub , meykḧul , mey"
bruised,herrşî,هه‌ڕشی,كدمات,ḧerrshee
bruise,şîn bû,شین بوو,كدمة,sheen bû
so and so,filan,فلان,كذا و كذا,fulan
liar,"drewker, drewîn",درەوکەر، درەوین,كذاب,"drewker, dreween"
lie,direw,درەو,كذبة,durew
likewise,bi heman şêwe,ب هه‌مان شێوه,كذلك,bu ḧeman shêwe
likewise,dîsa,دیسا,كذلك,deesa
likewise,herwisa,هه‌روسا,كذلك,bu ḧeman shêwe
likewise,herwiha,هه‌روها,كذلك,bu ḧeman shêwe
garage,"gerac , sin'e",گەراج ، سنعە,كراج,"gerace , sun'e"
dignity,"xweşermî, payebilind",خوەشەرمى، پایه‌بلند,كرامة,"xweshermee, payebulund"
dignity,sengîn,سه‌نگین,كرامة,"xweshermee, payebulund"
dignity,"serferazî, nirix, hêjatî",سەرفەرازی، نرخ، هێژاتی,كرامة,"serferazee, nurux, ḧêzhatee"
hatred,kerb,که‌رب,كراهية,kerb
hatred,kîn,کین,كراهية,keen
hatred,nefret,نه‌فره‌ت,كراهية,nefret
hate,kerb jê vebûn,که‌رب ژێ ڤه‌بوون,كراھية,kerb zhê vebûn
hate,lê qehirîn,لێ قه‌هرین,كراھية,ne ḧezkrun
hate,ne hezkirin,نه‌ هه‌زکرن,كراھية,ne ḧezkrun
hate,nefret lê kirin,نه‌فره‌ت لێ کرن,كراھية,ne ḧezkrun
ball,tepe,تەپە,كرة,tepe
globe,zemîn,زەمین,كرة,zemeen
basketball,basketbol,باسکه‌تبۆل,كرة السلة,tepaselk
basketball,tepaselk,تەپاسەلكئ,كرة السلة,tepaselk
football,tepapêy,تەپاپێی,كرة القدم,tepapêy
soccer,tepapêy,تەپاپێی,كرة القدم,tepapêy
defense football,berevan,بەرەڤان,كرة القدم الدفاع,"berevan , deefa'"
defense football,dîfa',دیفاع,كرة القدم الدفاع,"berevan , deefa'"
snowball,tepkebefir,ته‌پکه‌به‌فر,كرة ثلجية,tepkebefur
Kurdistan,kurdistan,كوردستان,كردستان,krdustan
Independent kurdistan,kurdistana serbixwe,کوردستانا سەربخوە,كردستان مستقلة,krdustana serbuxwe
repeat,dubare kirin,دوبارە کرن,كرر,dubare krun
repeat,dîsa kirin,دیسا کرن,كرر,deesa krun
dedicate,nezirkirin,نه‌زرکرن,كرس,nezurkrun
chair,kurisîk,كورسیك,كرسي,kruseek
footstool,textepê,ته‌خته‌پێ,كرسي القدمين,textepê
footstool,cihê pêa,جهێ پێا,كرسي القدمين,jḧê pêa
wheelchair,kursîka şelel,کورسیکا شەلەل,كرسي متحرك,krseeka shelel
celery,kerefis,کەرەفس,كرفس,kerefus
vinedresser,rezvan,ڕه‌زڤان,كرم,rezvan
vineyard,rez,رەز,كرم,rez
vineyard,rezek,ڕه‌زه‌ک,كرم,rez
vineyardist,rezvan,ڕه‌زڤان,كرم,rezvan
vine,tirî,ترى,كرمة,turee
cricket,sîsirk,سیسرک,كريكيت,seesurk
cream,melḧem,مەلحەم,كريم,melḧem
kind,dilnerim,دلنەرم,كريم,dulnerum
kind (v),nerim bîn,نەرم بین,كريم,nerum been
coriander,gijnîj,گژنیژ,كزبرة,guzhneezh
earn,destveyina,دەستڤەئینا,كسب,destveyuna
earn,qazanc kirin,قازانج کرن,كسب,qazance krun
earning,"dahat, dahatî",داهات، داهاتی,كسب,"daḧat, daḧatee"
chestnut,şebelut,شەبەلوت,كستناء,"keezaḧundee , shebelut"
chestnut,kîzahindî,كیزاھندى,كستناء,"keezaḧundee , shebelut"
fracture,jikestin,ژکەستن,كسر,zhukestun
fracture,şkestin,شكەستن,كسر,shkestun
fracture,şikand,شکاند,كسر,shukand
breaking the rule,serpêçî,سه‌رپێچی,كسر القاعدة,serpêchee
crumb,pirt,پرت,كسرة خبز,purt
sloth,bêxîretî,بێخیره‌تی,كسل,dapusheen
slothful,tiral,ترال,كسل,dapusheen
slothful,tembel,تەمبەل,كسل,dapusheen
Solar Eclipse,girtina rojê,گرتنا ڕۆژێ,كسوف الشمس,gurtuna rozhê
lazy,tiral,ترال,كسول,tembel
lazy,tembel,ته‌مبه‌ل,كسول,tembel
lazy,kisilan,كسلان,كسول,ksulan
scrape,selixî,سەلخى,كشط,seluxee
detection,keşvkirin,كەشڤكرن,كشف,keshvkrun
disclosed,aşkirakir,ئاشكراكر,كشف,ashkrakr
reveal,aşkera diket,ئاشكەرا دكەت,كشف,ashkera duket
uncovered head,serkol,سه‌رکۆل,كشف الرأس,ḧewl dan
unveil,diyar diket,دیار دکەت,كشف النقاب,duyar duket
booth,kepir,که‌پر,كشك,kepur
booth,koxik,کۆخک,كشك,koxuk
heel,pehinî,په‌هنی,كعب,peḧnuya pêy
heel,peḧniya pêy,پەحنیا پێى,كعب,peḧnuya pêy
heel,qupik,قوپک,كعب,qupuk
cake,kîk,كیك,كعكة,keek
palm,kefa dest,که‌فا ده‌ست,كف,kefa dest
palm of hand,kefa destî,کەفا دەستی,كف اليد,kefa destee
efficiency,besayetî,به‌سایه‌تی,كفاءة,besayetee
efficiency,dirwest,دروه‌ست,كفاءة,durwest
efficiency,karayî,کارایی,كفاءة,karayee
atonement,tobekirin,تۆبه‌کرن,كفارة,"tobekrun , zhovanee"
atonement,jovanî,ژۆڤانی,كفارة,"tobekrun , zhovanee"
atonement,kefaret,كەفارەت,كفارة,kefaret
propitiation,qurbanî,قوربانی,كفارة,qurbanee
bail,kefalet,كەفالەت,كفالة,kefalet
bail,gerew,گه‌ره‌و,كفالة,gerew
bond,bendbûn,بەندبوون,كفالة,bendbûn
bond,xefik,خه‌فک,كفالة,bendbûn
pledge,gerew,گه‌ره‌و,كفالة,gerew
sufficiency,besî,به‌سی,كفاية,beḧre
sufficiency,têrî,تێری,كفاية,beḧre
sufficiency,qîm,قیم,كفاية,beḧre
unbelief,bêbawerî,بێباوه‌ری,كفر,bêbaweree
Capernaum,keferinaḧum,کەفەرناحوم,كفرناحوم,keferunaḧum
sponsor,kefîl,كەفیل,كفيل,kefeel
all,hemû,هه‌موو,كل,"ḧemee, ḧemû"
all,hemî,هه‌می,كل,"ḧemee, ḧemû"
each,kîj be,کیژ به‌,كل,keezh be
each,her êk,هەر ئێك,كل,ḧer êk
every,"her, hemû",هه‌ر، هه‌موو,كل,"ḧer, ḧemû"
everything,hemî tişit,ھەمى تشت,كل شىء,ḧemee tushut
each one,her êk,هەر ئێك,كل واحد,ḧer êk
everyone,her kes,هه‌ر که‌س,كل واحد,ḧer kes
Word of God,peyiva xudê,پەیڤا خودێ,كلام اللھ,peyuva xudê
mumble,mirimirî diket,مرمرى دكەت,كلام غير واضح,murumuree duket
hound,tajî,تاژى,كلب,tazhee
lime,leymînêt kesk,لەیمینێت كەسك,كلس,leymeenêt kesk
cost,mesref,مه‌سره‌ف,كلفة,mesref
cost,têdçît,ێدچیت,كلفة,têdcheet
whenever,"çi wextê , çi gava",چ وەختێ ، چ گاڤا,كلما كان,"chu wextê , chu gava"
whenever,her demê,هەر دەمێ,كلما كان,ḧer demê
lyrics,huzanên stirana,ھوزانێن سترانا,كلمات,ḧuzanên sturana
word,peyiv,پەیڤ,كلمة,peyuv
word,kelîm,کەلیم,كلمة,keleem
password,peyivanhênî,پەیڤانھێنى,كلمة السر,peyuvanḧênee
password,reqem sirî,ره‌قه‌م سری,كلمة السر,reqem suree
password,şîfre,شیفره‌,كلمة السر,sheefre
swear word,kufrî,کوفری,كلمة القسم,ḧezhmarek
dirty word,kufrî,کوفری,كلمة بذيئة,ḧezhmarek
college,kulîj,كولیژ,كلية,kleezh
faculty,vakelîtî,ڤاكەلیتى,كلية,vakeleetee
College of Langauges,kulîja ziman,کولیژا زمان,كلية إلى اللغات,kleezha zuman
College of Administration and Economics,kulîja kargêrî û abûrî,کولیژا کارگێری و ئابووری,كلية الادارة والاقتصاد,kleezha kargêree û abûree
College of Computers and IT,kulîja kumpiyuter û tekinelujiya pêzanînan,کولیژا کومپیوتەر و تەکنەلوژیا پێزانینان,كلية الحاسبات وتقنية المعلومات,kleezha kmpuyuter û tekneluzhuya pêzaneenan
College of Law and Politics,kulîja yasa û ramiyarî,کولیژا یاسا و ڕامیاری,كلية القانون والسياسة,kleezha yasa û ramuyaree
College of Engineering,kulîja endaziyarî,کولیژا ئەندازیاری,كلية الهندسة,kleezha endazuyaree
Engineering College,"hendese , endazîyarî",ھەندەسە ، ئەندازییاری,كلية الھندسة,"ḧendese , endazeeyaree"
How much,çiqas,چقاس,كم,chend
How much,çend,چەند,كم,chend
sleeve,hiçik,ھچك,كم,ḧuchuk
How much is that?,bihayê wê çende?,بهایێ وێ چەندە؟,كم ثمن ذلك؟,buḧayê wê chende?
how much is it?,heqê te çende,ھەقێ تە چەندە,كم سعرھ؟,ḧeqê te chende
How old are you?,emirê te çende?,عەمرێ تەچەندە؟,كم عمرك؟,emurê te chende?
how many times a day?,rujê çend cara?,روژێ چەند جارا؟,كم مرة في اليوم؟,ruzhê chend jara?
how much is fee?,krêya te çende?,کرێیا تە چەندە؟,كم ھي الرسوم؟,krêya te chende?
as you like,bikeyfa teye,بکەیفا تەیە,كما تحب,bukeyfa teye
apparently,bi aşkirayî,ب ئاشكرایى,كما يبدو,bu ashkrayee
nippers,gask,گاسك,كماشة,gask
pliers,kêlibe tan,كێلبە تان,كماشة,kêlube tan
pear,hirimîk,ھرمیك,كمثرى,ḧurumeek
dwell,akincî bûn,ئاکنجی بوون,كمن,aknjee bûn
dwell,rûnişitin,ڕوونشتن,كمن,"zheen‌ , rûnshutun"
dwell,jîn‌,ژین‌,كمن,"zheen‌ , rûnshutun"
amount,kujim,کوژم,كمية,kzhum
amount,mêjer,مێژه‌ر,كمية,mêzher
ambush,bwîse,بویسه‌,كمين,peeshk
ambush,tepik,ته‌پک,كمين,peeshk
ambush,xefik,خه‌فک,كمين,peeshk
ambush,şêlandin,شێلاندن,كمين,peeshk
ambush,kemîn,که‌مین,كمين,peeshk
snare,tepik,ته‌پک,كمين,tepuk
snare,xefik,خه‌فک,كمين,xefuk
snare,dav,داڤ,كمين,dav
snare,dek,ده‌ک,كمين,dek
be ready,amade kirin,ئامادە کرن,كن جاھزا,amade krun
be good!,baş bibe!,باش ببه‌!,كن جيد!,bash bube!
be sad,qehrîn,قەھرین,كن حزين,qeḧreen
be wise,danar bîn,دانار بین,كن حكيما,danar been
be happy,şa diket,شا دکەت,كن سعيدا,sha duket
be brave,mêrxas bûn,مێرخاس بوون,كن شجاعا,mêrxas bûn
be patient,bêhina xo fireh kirin,بێھنا خۆ فرەھ کرن,كن صبورا,bêḧuna xo fureḧ krun
be kind,nerim bîn,نەرم بین,كن طيبا,nerum been
be proud,xo mezin kirin,خۆ مەزن کرن,كن فخورا,xo mezun krun
think about,hizir kirin,هزر کرن,كن في عذاب,ḧuzur krun
think about,hizira tiştekê kirin,هزرا تشته‌کێ کرن,كن في عذاب,ḧuzura tushtekê krun
be strong,bi hêz bîn,ب ھێز بین,كن قويا,bu ḧêz been
be surprised,"guhişîn , man guhişî",گوھشین ، مان گوھشی,كن متفاجئا,"guḧusheen , man guḧushee"
be wrong,xelet bîn,خەلەت بین,كن مخطيء,xelet been
be useful,kêr hatin,کێر ھاتن,كن مفيدا,kêr ḧatun
be asleep,razan,ڕازان,كن نائما,razan
be quiet,bê deng be,بێ دەنگ بە,كن ھادئاً,bê deng be
Canada,kanada,کانادا,كندا,kanada
treasure,xezîne,خه‌زینه‌,كنز,"genjeene, xezeene"
treasure,gencîne,گه‌نجینه,كنز,"genjeene, xezeene"
sweeping,"gêzîkirin, malşitin",گێزیکرن، مالشتن,كنس,"gêzeekrun, maleen, malshutun"
sweeping,malîn,مالین،,كنس,"gêzeekrun, maleen, malshutun"
kangaroo,kenger,كەنگەر,كنغر,kenger
nickname,nazinav diket,نازناڤ دكەت,كنية,nazunav duket
synagogue,"kinîşite, kenîst",کنیشته‌، که‌نیست,كنيس يهودي,"kneeshute, keneest"
Church,dêr,دێر,كنيسة,dêr
Church,kenîse,کەنیسە,كنيسة,keneese
Church,Mesîhiyan pêkve kom dibin,مه‌سیهیان پێکڤه‌ کۆم دبن,كنيسة,Meseeḧuyan pêkve kom dubun
Jesus Christ,Îsa Mesîh,عیسا مه‌سیھ,كنيسة,eesa Meseeḧ
temple,perstgeh,پەرستگەھ,كنيسة,perstgeḧ
electricity,kareb,كارەب,كھرباء,kareb
electricity,kareba,کاره‌با,كھرباء,kareb
electricity,kahreb,کاهره‌ب,كھرباء,kareb
electric,karebayî,كارەبایى,كھربائي,karebayee
electrician,kah rebay,كاھرەبائی,كھربائي,kaḧ rebay
cave,şikeft,شكەفت,كھف,shukeft
quartz,beriste,بەرستە,كواریتز,beruste
cup,perdaẍ,پەرداغ,كوب,perdaẍ
cup,tirar,ترار,كوب,"funjan , turar"
cup,fincan,فنجان,كوب,"funjan , turar"
cup (for tea),peyale,پەیالە,كوب (للشاي),peyale
cup (for coffee),fincan,فنجان,كوب (للقهوة),funjan
cup of water,tirarê avê,ترارێ ئاڤێ,كوب من الماء,turarê avê
Cuba,kuba,کوبا,كوبا,kba
cottage,kafil,كافل,كوخ,kaful
Korea,korî,کۆری,كوريا,koree
goldfinch,zengilok,زه‌نگلۆک,كوسة,zengulok
zucchini,kulind,كولند,كوسة,klund
elbow,enîşk,ئەنیشك,كوع,eneeshk
elbow,kaba destî,کابا دەستى,كوع,kaba destee
planet,hesare,هەسارە,كوكب,ḧesare
"planet 1, Mercury","hesare ١ , 'etard , zawe",هەسارە ١ ، عەتارد ، زاوە,كوكب 1، الزئبق,"ḧesare ١ , 'etard , zawe"
"planet 2, Venus","hesare ٢ , zuhre , nahîd",هەسارە ٢ ، زوهرە ، ناهید,كوكب 2، فينوس,"ḧesare ٢ , zuḧre , naḧeed"
"planet 3, Earth","hesare ٣ , erd",هەسارە ٣ ، ئەرد,كوكب 3، الأرض,"ḧesare ٣ , erd"
"planet 4-2, Asteroid","hesare ٤-٢ , hesarok",هەسارە ٤-٢ ، هەسارۆك,كوكب 4-2، الكويكب,"ḧesare ٤-٢ , ḧesarok"
"planet 4, Mars","hesare ٤ , merîx , baram",هەسارە ٤ ، مەریخ ، بارام,كوكب 4، المريخ,"ḧesare ٤ , mereex , baram"
"planet 5, Jupiter","hesare ٥ , muşiterî , bercs",هەسارە ٥ ، موشتەری ، بەرجس,كوكب 5، كوكب المشتري,"ḧesare ٥ , mushuteree , berjs"
"planet 6, Saturn","hesare ٦ , zuḧl , keywan",هەسارە ٦ ، زوحل ، کەیوان,كوكب 6، زحل,"ḧesare ٦ , zuḧl , keywan"
"planet 7, Uranus","hesare ٧ , oranos",هەسارە ٧ ، ئۆرانۆس,كوكب 7، أورانوس,"ḧesare ٧ , oranos"
"planet 8, Neptune","hesare ٨ , nîptun",هەسارە ٨ ، نیپتون,كوكب 8، نبتون,"ḧesare ٨ , neeptun"
"planet 9, Pluto","hesare ٩ , bilutu",هەسارە ٩ ، بلوتو,كوكب 9، بلوتو,"ḧesare ٩ , bulutu"
Venus,"zuhre , nahîd",زوهرە ، ناهید,كوكب الزهرة,"zuḧre , naḧeed"
Jupiter,bercs,بەرجس,كوكب المشتري,berjs
Jupiter,muşiterî,موشتەرى,كوكب المشتري,mushuteree
constellation,komstêr,کۆمستێر,كوكبة,komstêr
constellation,navîn,ناڤین,كوكبة,naveen
Colossians,kolosey,کۆلۆسەی,كولوسي,kolosey
Colombia,kolumbiya,کۆلومبیا,كولومبيا,kolumbuya
cholera,kulêre,کولێره‌,كوليرا,klêre
heap,şikêr,شکێر,كومة,fêlubazee
heap,kom kirin,کۆم کرن,كومة,fêlubazee
heap,nijinandin,نژناندن,كومة,fêlubazee
pile,kum diket,كوم دكەت,كومة,km duket
comedy,pêkenî,پێكەنی,كوميديا,pêkenee
politeness,rewşit,رەوشت,كياسة,rewshut
cyst,"prizik, pûrg",پرزک، پوورگ,كيس,"pruzuk, pûrg"
cyst,"grêk, qonêr",گرێک، قۆنێر,كيس,"grêk, qonêr"
how,Çewa,چەوا,كيف,chewa
what is up?,te xêre,تە خێرە,كيف الحال؟,te xêre
how to make,rêya çêkirinê,رێیا چێكرنێ,كيف تصنع,rêya chêkrunê
How are you? (plural),hîn yêt çewanin?,ھین یێت چەوانن؟,كيف حالك؟ (الجمع),ḧeen yêt chewanun?
How are you,çewanî?,چەوانی؟,كيف حالك؟ (المفرد),chewanee?
How's your situation?,çi ḧalê teye?,چ حالێ تەیە؟,كيف ھو وضعك؟,chu ḧalê teye?
chemistry,kîmya,کیمیا,كيمياء,keemya
chemist,kîmyager,کیمیاگه‌ر,كيميائي,keemyager
kiwi,kîvî,كیڤی,كيوي,keevee
kurdish letter 22 (“k” sound),k,ک,ک,k
kurdish letter 23 (“g” sound),g,گ,گ,g
kurdish letter 24 (“l” sound),l,ل,ل,l
pearl,lulu,لولو,لؤلؤة,lulu
pearl,morî,مۆری,لؤلؤة,moree
kurdish letter 35 (“la” sound),la,لا,لا,la
neither,ne,نە,لا,ne
no,ne,نە,لا,ne
no,ne xêr,نە خێر,لا,ne xêr
nobody,nekes,نەكەس,لا أحد,nekes
no one answered,kes cab nadet,کەس جاب نادەت,لا أحد أجاب,kes jab nadet
I can't hear you,min guhh li te nîne,من گوھ ل تە نینە,لا أستطيع أن أسمعك,mun guḧḧ lu te neene
I don't care,bo xo neke xem,بۆ خۆ نەکە خەم,لا أھتم,bo xo neke xem
Do not tear (paper),ne dirîne,نە درینە,لا المسيل للدموع (ورقة),ne dureene
Do not move,ji cih ne li ve,ژجھ نە لڤە,لا تتحرك,zhu jḧ ne lu ve
no overtaking (sign),jêburîn qedeẍeye,ژێبورین قەدەغەیە,لا تجاوز,zhêbureen qedeẍeye
Do not be terrified,nevecinqin,نەڤەجنقن,لا تخافوا,stêr
Do not be afraid,ne tirse,نە ترسە,لا تخف,ne turse
can't,"neşê, nikar",نه‌شێ، نکار,لا تستطيع,"neshê, nukar"
cannot,nikar,نکار,لا تستطيع,nukar
Do not touch,destê xo neke,دەستێ خۆ نەکە,لا تلمس,destê xo neke
no kidding,tirana neke,ترانا نەكە,لا تمزح,turana neke
pay no attention,pîteyi pê naket,پیتەى پێ ناكەت,لا تولي اھتماما,peeteyu pê naket
never give up,çi cara radest nebe,چ جارا رادەست نەبە,لا تيأس أبدا,chu jara radest nebe
needless,bê ḧewceyî,بێ حەوجەیى,لا داعي,bê ḧewjeyee
empty,vala,ڤالا,لا شيء,vala
nothing,çi tşitine,چ تشتنە,لا شيء,chu tshutune
nothing,çine,چنە,لا شيء,chune
nothing,hîç,هیچ,لا شيء,ḧeech
,vala,ڤالا,لا شيء,vala
no turning back,nazvrm bo pşitê,نازڤرم بۆ پشتێ,لا عودة الى الوراء,nazvrm bo pshutê
indispensable,elzem,ئه‌لزه‌م,لا غنى عنه,bu êshe
indispensable,pêdivî,پێدڤی,لا غنى عنه,bu êshe
no use of horn (sign),bikarînana hurinê qedeẍeye,بکارئینانا ھورنێ قەدەغەیە,لا فائدة من القرن (علامة),bukareenana ḧurunê qedeẍeye
apathy,"bêxemî, xemsarî",بێخه‌می، خه‌مساری,لا مبالاة,"bêxemee, xemsaree"
matchless,bê qam,بێ قام,لا مثيل لھ,bê qam
no passing (sign),jêburîn qedeẍeye,ژێبورین قەدەغەیە,لا مرور,zhêbureen qedeẍeye
meaningless,bê wate,بێ واتە,لا معنى لھ,bê wate
no sense,min gêwl nîne,من گێول نینە,لا معنى لھ,mun gêwl neene
senseless,bê wate,بێ واتە,لا معنى لھ,bê wate
nowhere,ne li çi cihan,نه‌ ل چ جهان,لا مكان,ḧefsar
no U-turn (sign),zivrîn qedeẍeye,زڤرین قەدەغەیە,لا منعطف,zuvreen qedeẍeye
countless,bê ḧesab,بێ حەساب,لا يحصى,bê ḧesab
unworthy,bêkêr,بێکێر,لا يستحق,pale
incredible,naêt bawerikirin,نائێت باوەركرن,لا يصدق,naêt bawerukrun
Do not be lazy,nemîne mîne xava,نەمینە مینە خاڤا,لا يكون كسول,nemeene meene xava
cannot,neşêt,نەشێت,لا يمكن,neshêt
unending,bêdawî,بێداوی,لا ينتهي,dulunuzum
unending,domdar,دۆمدار,لا ينتهي,jt
inexpressible,nahête saloxdan,ناهێته‌ سالۆخدان,لا يوصف,nuzumee
still,hêşta,ھێشتا,لا یزال,ḧêshta
decent,rêzdar,رێزدار,لائق,rêzdar
refugee,"penaber , aware",پەنابەر ، ئاوارە,لاجئ,"penaber , aware"
"refugee (IDP,internally displaced people)",aware,ئاوارە,لاجئ,aware
suffix,"paşbendik , paşgir",پاشبه‌ندک ، پاشگر,لاحقة,"pashbenduk , pashgur"
wireless,wayirlîs,وایرلیس,لاسلكي,wayurlees
player,lîstikvan,لیستکڤان,لاعب,yareeker
player,yarîzan,یاریزان,لاعب,yareezan
player,yarîker,یاریکه‌ر,لاعب,yareeker
insistent,rişitî,رشتى,لافت للنظر,rushutee
infinite,bê rade,بێ رادە,لانھائي,bê rade
infinity,bê dumahî,بێ دوماھى,لانھاية,bê dumaḧee
relent,lêve bûn,لێڤه‌ بوون,لاين,"bushuyan, kara, tuwana"
pulp,kakil,كاكل,لب,kakl
pajamas,bîcame,بیجامە,لباس نوم,beejame
ivy,rulk,رولك,لبلاب,rulk
Lebanon,lubinan,لوبنان,لبنان,lubunan
brick,"blok, acûr",بلۆک، ئاجوور,لبنة,"blok, lubun,  lupun, ajûr"
brick,"tabug , ḧelan",تابوگ ، حەلان,لبنة,"tabug , ḧelan"
brick,xişt,خشت,لبنة,xusht
brick,"libin,  lipin",لبن، لپن,لبنة,"blok, lubun,  lupun, ajûr"
liter,litir,لتر,لتر,lutur
bridle,liẍav,لغاڤ,لجام,luẍav
bridle,liwan,لوان,لجام,luwan
committee,deste,ده‌سته‌,لجنة,deste
bark,rewîn,رەوین,لحاء,reween
bark,qelp,قه‌لپ,لحاء,qelp
quilt,lḧêfk,لحێفك,لحاف,lḧêfk
weld,lehîmkirin,له‌هیمکرن,لحام,leḧeemkrun
welder,lehîmger,له‌هیمگه‌ر,لحام,leḧeemger
welder,leḧîm çî,لەحیم چى,لحام,leḧeem chee
welding,lehim,له‌هم,لحام,leḧum
welder is makes a window,asinger pencerê çêd ket,ئاسنگەر پەنجەرێ چێد کەت,لحام هو يجعل نافذة,asunger penjerê chêd ket
bearer,kolbar,کۆلبار,لحاملها,lu zhoree
fortunately,bi bextve,ب بەختڤە,لحسن الحظ,bu bextve
fortunately,bextewerî,بەختەوەری,لحسن الحظ,bexteweree
a moment,xulekekê,خولەکەکێ,لحظة,xulekekê
instant,dem û dest,دەم و دەست,لحظة,dem û dest
moment,fî gafî,فى گافى,لحظة,fee gafee
flesh,beden,به‌ده‌ن,لحم,beden
flesh,goşt,گۆشت,لحم,gosht
flesh,laş,لاش,لحم,lash
meat,goşt,گۆشت,لحم,gosht
pork,guşitê berazî,گوشتێ بەرازى,لحم خنزير,gushutê berazee
bacon,guşitê berazî,گوشتێ بەرازى,لحم خنزير مقدد,gushutê berazee
meat dough,lahim a'zîn,لحم عجین,لحم عجين,laḧum a'zeen
melody,awaz,ئاواز,لحن,leḧn
melody,leḧin,لەحن,لحن,leḧn
dirge,velurand,ڤه‌لوراند,لحن حزين,velurand
dirge,velûrandin,ڤه‌لووراندن,لحن حزين,"naleen, velûrandun"
beard,r‌‌ih,رھ,لحية,r‌‌uḧ
beard,rîh,ریھ,لحية,reeḧ
sting,pêvedan,پێڤەدان,لدغة,pêvedan
Bite insect,leqa kêzê,له‌قا کێزێ,لدغة حشرة,leqa kêzê
insect Bite,leqêt ḧeşara,لەقێت حەشارا,لدغة حشرة,leqêt ḧeshara
have (a lot of),serda çûn,سەردا چوون,لديهم الكثير من,serda chûn
therefore,ji ber hindê,ژ بەر ھندێ,لذا,zhu ber ḧundê
delicious,şrîne,شرینە,لذيذ,shreene
delightful,dil şadî,دل شادی,لذيذ,dul shadee
unfortunately,nexweş bextane,نەخوەش بەختانە,لسوء الحظ,nexwesh bextane
unluckily,nexweş bextane,نەخوەش بەختانە,لسوء الحظ,nexwesh bextane
burglar,diz,دز,لص,duzeeker
thief,diz,دز,لص,duzeeker
thief,dizîker,دزیكەر,لص,duzeeker
paste,me'cun,مەعجون,لصق,me'jn
paste (computer),likandin,لکاندن,لصق (كمبيوتر),lukandun
kindness,dil nazkî,دلنازكی,لطف,dul nazkee
kindness,diluvanî,دلوڤانى,لطف,duluvanee
gentle,dil nerim,دلنەرم,لطيف,dul nerum
gentle,sernerm,سه‌رنه‌رم,لطيف,dul nerum
nice,xuşe,خوشە,لطيف,xushe
pleasant,xem revîn,خەم رەڤین,لطيف,xem reveen
pleasant,xoş,خۆش,لطيف,xem reveen
play,lîstin,لیستن,لعب,"yaree krun, leestun"
play,yarî kirin,یارى کرن,لعب,"yaree krun, leestun"
play (game),yarî kirin,یارى کرن,لعب,yaree krun
play (an instrument),"lê dan, lê bide",لێ دان، لێ بدە,لعب (الأداء),"lê dan, lê bude"
play animal,dileyzin,دلەیزن,لعب الحيوان,duleyzun
gambling,qumar,قومار,لعب القمار,qumar
game,yarî,یارى,لعبة,yaree
toy,l'bik,لعبک,لعبة,l'buk
die play,zar,زار,لعبة ألموت,zar
checkers,damanê,دامانێ,لعبة الداما,damanê
cricket,"sîrisîruk , sîsîrik",سیرسیروك ، سیسیرك,لعبة الكريكيت,"seeruseeruk , seeseeruk"
football game,yariya tepapêy,یاریا تەپاپێی,لعبة كرة القدم,yaruya tepapêy
soccer game,yariya tepapêy,یاریا تەپاپێی,لعبة كرة القدم,yaruya tepapêy
card game,"terqê , kukan",تەرقێ ، کوکان,لعبة ورق,"terqê , kkan"
lick,alastin,ئالاستن,لعق,dabesh
lick,alîstin,ئالیستن,لعق,dabesh
lick,zimanê xo lê dan,زمانێ خۆ لێ دان,لعق,dabesh
curse,nifirandin,نفراندن,لعنة,nufurandun
curse,nifrîn,نفرین,لعنة,nufreen
curse,nefret,نەفرەت,لعنة,nefret
playful,leyzuk,لەیزوك,لعوب,leyzuk
language,ziman,زمان,لغة,zuman
puzzle,"luẍz , puzil",لوغز ، پوزل,لغز,"luẍz , puzul"
land mine,"teqe menî , qubale , bumbe",تەقە مەنی ، قوبالە ، بومبە,لغم أرضي,"teqe menee , qubale , bumbe"
mine (bomb),bumbe,بومبە,لغم أرضي,"teqe menee , qubale , bumbe"
mine (bomb),"teqe menî , qubale",تەقە مەنی ، قوبالە,لغم أرضي,"teqe menee , qubale , bumbe"
mine (bomb),mîna,مینا,لغم أرضي,meena
linguist,zimanizan,زمانزان,لغوي,zumanuzan
rotating,zivirîn,زڤرین,لف,dayre
wrap,pêçan,پێچان,لف,pêchan
wrap,tê aland,تێ ئالاند,لف,tê aland
wrap,tê werkirin,تێ وەرکرن,لف,tê werkrun
turnip,şêlim,شێلم,لفت نبات,shêlum
for a while,demekê kurt,دەمەكێ كورت,لفترة وجيزة,demekê krt
phonetic,dengî,دەنگى,لفظي,dengee
meeting,kumbûn,كومبوون,لقاء,kmbûn
surname,nav û deng,ناڤ و دەنگ,لقب,nav û deng
I have decided to follow him,ez dê briyardem digel wî biçim,ئە‌ز دێ بریاردە‌م دگە‌ل وی بچم,لقد قررت أن يتبعوھ,ez dê bruyardem dugel wee buchum
I've been to Egypt 5 months ago,berî pênç heyiva ez li msirê bûm,بەری پێنچ ھەیڤا ئەز ل مسرێ بووم,لقد كنت في مصر قبل 5 أشھر,beree pênch ḧeyuva ez lu msurê bûm
I've been here for about 1 year,eve yek sal ez li vêrê,ئەڤە یە‌ک سال ئەز ل ڤێرێ,لقد كنت ھنا لمدة 1 سنة,eve yek sal ez lu vêrê
screenshot,dîmen li ser şaşe,دیمه‌ن ل سه‌ر شاشه‌,لقطة شاشة,deemen lu ser shashe
morsel,parî,پاری,لقمة,"germa, germaḧee"
yours,yateye,یاتەیە,لك,yateye
per,pîrrig,پیڕگ,لكل,peerrug
punch,kun diket,كون دكەت,لكمة,kn duket
punch,kulman,کولمان,لكمة,kn duket
Hole Punch,"taqîbe , saqîbe",تاقیبە ، ساقیبە,لكمة ثقب,"taqeebe , saqeebe"
but,"lê , bes",لێ ، بەس,لكن,"lê , bes"
sadly,Bi xemgînî,ب خه‌مگینی,للأسف,velurand
be persecuted,tengavî kêşan,تەنگاڤی کێشان,للاضطھاد,tengavee kêshan
on sale,frotanê,فرۆتانێ,للبيع,frotanê
deployable,guhêzbar,گوهێزبار,للنشر,guḧêzbar
dislike,ne ecbandin,نه‌ ئه‌جباندن,لم يعجبنى,ne ejbandun
dislike,ne hezkirin,نه‌ هه‌زکرن,لم يعجبنى,ne ḧezkrun
platitude,puçî,پوچى,لماذا,puchee
why,buçî,بوچى,لماذا,buchee
Why do you get angry?,boçî tu yê torey?,بۆچی تو یێ تۆرەی؟,لماذا انت غاضب ؟,bochee tu yê torey?
Why are you not married?(man),boçî tu jnê na înî?,بۆچی تو ژنێ نا ئینی؟,لماذا لم تتزوج ؟ (رجل),bochee tu zhnê na eenee?
Why didn't you answer?,boçî te bersva min neda?,بۆچی تە بەرسڤا من نەدا؟,لماذا لم تجب؟,bochee te bersva mun neda?
touch,pêgirîtin,پێگریتن,لمس,"pêgureetun , dest lêdan"
touch,destdanî,ده‌ستدانی,لمس,"pêgureetun , dest lêdan"
touch,dest lêdan,دەست لێدان,لمس,"pêgureetun , dest lêdan"
our,yame,یامە,لنا,yame
ours,yameye,یامەیە,لنا,yameye
us,me,مە,لنا,me
let's go,da biçîn,دا بچین,لنذھب,da bucheen
let's go,rrê bike ‌ve,ڕێ بكە ‌ڤە,لنذھب,rrê buke ‌ve
gasp,"mereqdar, helkelk",مەرەقدار، هه‌لکه‌لک,لهاث,"mereqdar, ḧelkelk"
pant,"mereqdar, helkelk",مەرەقدار، هه‌لکه‌لک,لهاث,"mereqdar, ḧelkelk"
him,wî,وى,لھ,wee
his,yawî,یاوى,لھ,yawee
her,wê,وێ,لھا,wê
hers,yawê ye,یاوێ یە,لھا,yawê ye
pant,helm diket,ھەلم دكەت,لھاث,ḧelm duket
flame,xetîr,خەتیر,لھب,xeteer
flame,gurriya agirî,گوڕیا ئاگری,لھب,gurruya aguree
accent,zarav,زاراڤ,لھجة,zarav
dialect,zarava,زاراڤا,لھجة,zumanekê taybet
dialect,zimanekê taybet,زمانەكێ تایبەت,لھجة,zumanekê taybet
so that,da ku,دا کو,لھذا السبب.,"da k , lewma"
so that,lewma,لەوما,لھذا السبب.,"da k , lewma"
theirs,yawane,یاوانە,لھم,yawane
lotus,nebuk,نەبوك,لوتس,nebuk
defile,pîs kirin,پیس کرن,لوث,pees krun
defile,kirêt kirin,کرێت کرن,لوث,krêt krun
defile,herimandin,هه‌رماندن,لوث,krêt krun
panel,dep,ده‌پ,لوجة,dep
tablet (pill),ḧabik,حابك,لوح,ḧabuk
plank,textedar,تەختەدار,لوح خشب,textedar
painting,resimandin,ڕه‌سماندن,لوحة,resumandun
painting,"wêne , lewḧe",وێنە ، لەوحە,لوحة,"wêne , lewḧe"
panel,desteka dadibexşan,دەستەكا دادبەخشان,لوحة,desteka dadubexshan
bulletin board,lewḧa i'lana,لەوحا ئعلانا,لوحة إعلانات,lewḧa u'lana
painter is painting a wall,boyaẍçî diywarî buyaẍ diket,بۆیاغچی دیواری بویاغ دکەت,لوحة رسام  الجدارية,boyaẍchee duywaree buyaẍ duket
almond,bahîv,باھیڤ,لوز,baḧeev
tonsil,bela'îm,بەلاعیم,لوزة الحلق,bela'eem
blame,gunehbar kirin,گونه‌هبار کرن,لوم,guneḧbar krun
green,terr,ته‌ڕ,لون أخضر,jdeed
deep color,rengên garî,رەنگێن گارى,لون عميق,rengên garee
light color,renikîn febî,رەنكین فەبى,لون فاتح,renukeen febee
me,min,من,لي,mun
my,min,من,لي,mun
Libya,lîbiya,لیبیا,ليبيا,leebuya
not,ne,نە,ليس,ne
night,şev,شەڤ,ليل,shev
last night,şuvê dî,شوڤێ دی,ليلة أمس,shuvê dee
good night (plural),şeva hewe xoş,شەڤا ھەوە خوش,ليلة سعيدة (الجمع),sheva ḧewe xosh
good night (singular),şeva te xoş,شەڤا تە خوش,ليلة سعيدة (المفرد),sheva te xosh
lemon,"mîmuk , lîmun",میموك ، لیمون,ليمون,"meemuk , leemun"
kurdish letter 25 (“ll” sound),ĺ,ڵ,ڵ,ĺ
kurdish letter 26 (“m” sound),m,م,م,m
plight,tengavî,ته‌نگاڤی,مأزق,mesafe
tragedy,tiracêdîye,تراجێدییە,مأساة,turajêdeeye
tragic,qehrî,قەھرى,مأساوي,qeḧree
familiar,bernas,به‌رناس,مألوف,berunyas
familiar,berinyas,بەرنیاس,مألوف,berunyas
familiar,"nas , nasîyar",ناس ، ناسیار,مألوف,"nas , naseeyar"
boarding house,xan,خان,مأوى,xan
refuge,penageh,په‌ناگه‌ھ,مأوى,penageḧ
shelter,parastin,پاراستن,مأوى,parastun
shelter,penageh,په‌ناگه‌ھ,مأوى,penageḧ
shelter,kepir,که‌پر,مأوى,kepur
conspiracy,pîlangerî,پیلانگه‌ری,مؤامرة,peelangeree
conspiracy,dariştin,دارشتن,مؤامرة,peeshk
conspiracy,darrşitî,داڕشتی,مؤامرة,peeshk
conspiracy,muamire,موئامرە,مؤامرة,muamure
influential,dest heladar,دەست ھەلادار,مؤثر,dest ḧeladar
influential,kartêker,کارتێکه‌ر,مؤثر,kartêker
postponed,"paşxistî, paşvexistin, danpaş",پاشخستی، پاشڤه‌خستن، دانپاش,مؤجل,"pashxustee, pashvexustun, danpash"
lately,dumahî yê,دوماھى یێ,مؤخرا,dumaḧee yê
recently,vê dumahêy,ڤێ دوماھێى,مؤخرا,vê dumaḧêy
back of the head,patik,پاتک,مؤخرة الرأس,patuk
founder,damezrîner,دامه‌زرینه‌ر,مؤسس,te'een
foundation,binyat,بنیات,مؤسسة,bunyat
foundation,damez randin,دامەزراندن,مؤسسة,damez randun
foundation,dezgeh,ده‌زگه‌ھ,مؤسسة,dezgeḧ
foundation,sazî,سازی,مؤسسة,sazee
institution,damezirandin,دامەزراندن,مؤسسة,damezurandun
charity,xêr,خێر,مؤسسة خيرية,xêr
charity,"xêrkirin , xêrkarî",خێرکرن ، خێرکاری,مؤسسة خيرية,"xêrkrun , xêrkaree"
indicator,nîşaniker,نیشانكەر,مؤشر,neeshanuker
pointer,mîl,میل,مؤشر,meel
temporary,beriwext,بەروەخت,مؤقت,beruwext
temporary,"demkî, miweqet",ده‌مکی، موه‌قه‌ت,مؤقت,"demkee, muweqet"
author,nivêsevan,نڤێسەڤان,مؤلف,nuvêsevan
painful,êşdar,ئێشدار,مؤلم,êshdar
believer,bawerdar,باوەردار,مؤمن,bawerdar
believer,mu'min,موعمن,مؤمن,mu'mun
believer (strong),dîndar,دیندار,مؤمن (قوية),deendar
eligible,mafdar,مافدار,مؤهل,"rast , durust"
supporter,alîgir,ئالیگر,مؤيد، مشجع، داعم,"tageer, aleegur, pushutevan"
supporter,pişitevan,پشتەڤان,مؤيد، مشجع، داعم,"tageer, aleegur, pushutevan"
supporter,tagîr,تاگیر,مؤيد، مشجع، داعم,"tageer, aleegur, pushutevan"
"100,000",sad hezar,ساد ھەزار,مئة ألف,sad ḧezar
250,rib'ek,٢٥٠ ، دوو ساد و پێنجی ، ربعەك,مئتان وخمسون,rub'ek
What kinds of car do you have?,te çi tirumbêl heye?,تە چ ترومبێل ھەیە؟,ما أنواع السيارات التي لديك؟,te chu turumbêl ḧeye?
What kinds of car do you want?,te çi tirumbêl divêt?,تە چ ترومبێل دڤێت؟,ما أنواع السيارات تريد؟,te chu turumbêl duvêt?
What is your news?,deng û basêt te çne?,دەنگ و باسێت تە چنە؟,ما اخبارك؟,deng û basêt te chne?
What's your name?,navê te çiye?,ناڤێ تە چیە؟,ما اسمك؟,navê te chuye?
What's up?,çi dikey?,چ دکەی؟ ، تە خێرە؟,ما الجديد؟,chu dukey?
what is wrong?,te xêre,تە خێرە,ما الخطأ؟,te xêre
what is the problem?,te çi arîşe heye?,تە چ ئاریشە هەیە؟,ما المشكلة؟,te chu areeshe ḧeye?
unless,eger ne,ئه‌گه‌ر نه‌,ما لم,eger ne
unless,heke na,هه‌که‌ نا,ما لم,heke na
What's that?,ewahe çiye?,ئەواھە چیە؟,ما ھذا؟,ewaḧe chuye?
What's this?,eve çiye?,ئەڤە چیە؟,ما ھذا؟,eve chuye?
What direction?,li kîş aliye?,ل کیش ئالیە؟,ما ھو الاتجاھ؟,lu keesh aluye?
What is your solution?,te çi ḧl heye? te çi rêk heye?,تە چ حل ھەیە؟ تە چ رێك ھەیە؟,ما ھو الحل؟,te chu ḧl ḧeye? te chu rêk ḧeye?
What's your job?,to çi şul dikey?,تۆ چ شول دکەی؟,ما ھو عملك؟,to chu shul dukey?
What's your job?,şulê te çiye?,شولێ تە چیە؟,ما ھو عملك؟,shulê te chuye?
What's your news?,deng û basê te çne?,دەنگ و باسێ تە چنە؟,ما ھي أخبارك؟,deng û basê te chne?
What is your birth year?,mwalîda te çende?,موالیدا تە چەندە؟,ما ھي سنة ولادتك؟,mwaleeda te chende?
overseas,paş deryayî,پاش دەریایى,ما وراء البحار,pash deryayee
overseas,xarc,خارج,ما وراء البحار,xarj
equivalent,"bergend, temet, hevber",به‌رگه‌ند، ته‌مه‌ت، هه‌ڤبه‌ر,ما يعادل,"bergend, temet, ḧevber"
water,av,ئاڤ,ماء,av
distilled water,ava dilopandî,ئاڤا دلۆپاندی,ماء مقطرة,ava dulopandee
100,sad,١٠٠ ، ساد,مائة,sad
wavy (hair),xeleka gir,خەلەکا گر,مائج (الشعر),xeleka gur
italic,xwarî,خواری,مائل,xwaree
material,"kerese, malzeme, dravî",که‌ره‌سه‌، مالزه‌مه‌، دراڤى,مادة,"kerese, malzeme, dravee"
materialism,"madexwazîtî, materyalîzimê",ماده‌خوازیتی، ماته‌ریالیزمێ,مادية,"madexwazeetee, materyaleezumê"
materialism,madexwazî,مادەخوازى,مادية,madexwazee
what,çî,چی,ماذا,chee
What did you buy?,te çi krî?,تە چ کری؟,ماذا اشتريت؟,te chu kree?
what else,çi dî,چ دی,ماذا بعد,chu dee
What do you want to be in the future?,dipaşerrojêda te divêt bibîye çî?,دپاشەڕۆژێدا تە دڤێت ببییە چی؟,ماذا تريد أن تكون في المستقبل؟,dupasherrozhêda te duvêt bubeeye chee?
What do you do?,çi dikey?,چ دکەی؟,ماذا تفعل؟,chu dukey?
What happen?,çi çê bû?,چ چێ بوو؟,ماذا حدث؟,chu chê bû?
What did you lost?,te çi berize kriye?,تە چ بەرزە کریە؟,ماذا كنت فقدت؟,te chu beruze kruye?
march,marş,مارش,مارس,marsh
march,"meş, rêpîvan",مه‌ش، ڕێپیڤان,مارس,"mesh, rêpeevan"
March,"heyiva sê, adar, meha 3 yê",ھەیڤا سێ، ئادار، مه‌ها ۳ یێ,مارس,"ḧeyuva sê, adar, meḧa 3 yê"
marshal,marşal,مارشال,مارشال,marshal
bricklayer lays a wall,nijiyar diywarî dinijnît,نژیار دیواری دنژنیت,ماسون يضع جدار,nuzhuyar duywaree dunuzhneet
cattle,giyanewer,گیانەوەر,ماشية,guyanewer
procrastinate,"gîro kirin, dirêj kirin",گیرۆ کرن، درێژ کرن,ماطل,"geero krun, durêzh krun"
salty,têrxwê,تێرخوێ,مالح,sêr
salty,sûr,سوور,مالح,sêr
salty,şor,شۆر,مالح,sêr
owner,xudan,خودان,مالك,xudan
financial,darayî,دارایى,مالي,darayee
Malaysia,malîzîya,مالیزیا,ماليزيا,maleezeeya
What day is it today?,evro çi roje?,ئەڤرۆ چ رۆژە؟,ماھو اليوم؟,evro chu rozhe?
match,yarî,یارى,مباراة,yaree
match (for fight),hevirikî,هه‌ڤركی,مباراة,ḧevurukee
match stick,zilik,زلک,مباراة العصا,zuluk
match (for fire),kfrît,کفریت,مباريات,kfreet
direct,"areste diket , rêvedibît",ئارەستە دکەت ، رێڤەدبیت,مباشرة,"areste duket , rêvedubeet"
directly,îkiser,ئیكسەر,مباشرة,eekser
exaggerate,zêde kirin,زێده‌ کرن,مبالغة,"zêde krun, nepxandun"
exaggerate,nepxandin,نه‌پخاندن,مبالغة,"zêde krun, nepxandun"
censer,bixwîrdank,بخویردانک,مبخرة,buxweerdank
censer,bêhinxweşdank,بێهنخوه‌شدانک,مبخرة,bêḧunxweshdank
programmer,miberimic,مبەرمج,مبرمج,muberumuj
congratulation,pîroz bît,پیرۆز بیت,مبروك,peeroz beet
congratulation,pîrozbahî,پیرۆزباهی,مبروك,peerozbaḧee
scatter,bijalle kirin,بژاڵە کرن,مبعثر,buzhalle krun
scatter,verrevandîn,ڤه‌ڕه‌ڤاندین,مبعثر,buzhalle krun
wet,terr,تەڕ,مبلل,terr
wet,şil,شل,مبلل,shul
dazzling,pir geş,پر گه‌ش,مبهر,ḧesab
dazzling,teysok,ته‌یسۆک,مبهر,ḧesab
dazzling,lezîz,له‌زیز,مبهر,ḧesab
opaque,tarî,تاری,مبهمة,taree
late,direng,درەنگ,متأخر,dureng
overtime,demê zîdekirî,دەمێ زیدەكرى,"متأخر ,  بعد فوات الوقت",demê zeedekree
vacillate,guherbar,گوهه‌ربار,متأرجح,dabureen
inherent,zikmakî,زكماكى,متأصل,zukmakee
followers,dîvelanikên,دیڤه‌لانکێن,متابعون,"peyrew, shopeener, mureed"
available,berdest,بەردەست,متاح,berdest
available,ḧazir,حازر,متاح,ḧazur
shop,dikan,دكان,متجر,dukan
shop (second-hand),dikana bala,دكانا بالا,متجر (مستعملة),dukana bala
store (second-hand),dikana bala,دكانا بالا,متجر (مستعملة),dukana bala
wrinkled,qormçî,قۆرمچی,متجعد,qormchee
heading to,qest kirin,قەست کرن,متجه الى,qest krun
itinerant,gerok,گه‌رۆک,متجول,kevan
united,êkgirtî,ئێکگرتی,متحد,êkgurtee
united,hevgirtî,هه‌ڤگرتی,متحد,ḧevgurtee
united,"yekgirtî, yekbûyî",یه‌کگرتی، یه‌کبوویی,متحد,"yekgurtee, yekbûyee"
movable,livînbar,لڤینبار,متحرك,luveenbar
moving,barkirin,بارکرن,متحرك,barkrun
moving,"livok, livbar",لڤۆک، لڤبار,متحرك,"luvok, luvbar"
civilized,şaristanî ye,شارستانى یە,متحضر,sharustanee ye
museum,metḧef,مەتحەف,متحف,"metḧef , muze xane"
museum,muze xane,موزە خانە,متحف,"metḧef , muze xane"
museum,mozexane,مۆزەخانە,متحف,mozexane
enthusiastic,dilgerm,دلگه‌رم,متحمس,dulgerm
keen,xwîn gerim,خوین گەرم,متحمس,xween gerum
zealous,bi tevger,ب ته‌ڤگه‌ر,متحمس,bu tevger
zealous,bi xîret,ب خیره‌ت,متحمس,bu xeeret
zealous,xîn gerim,خین گەرم,متحمس,xeen gerum
perplexed,alozbûn,ئالۆزبوون,متحير,alozbûn
puzzled,ḧêbetî ma,حێبەتى ما,متحير,ḧêbetee ma
religious,ayîndar,ئاییندار,متدين,ayeendar
religious,ayînî,ئایینی,متدين,ayeenee
religious,dîndar,دیندار,متدين,deendar
churner,meşik,مه‌شک,متذبذب,meshuk
meter,mitir,متر,متر,mutur
square Meters,mitir du ca,متر دو جا,متر مربع,mtur du ja
cubic meters,mtir sê ca,متر سێ جا,متر مكعب,mtur sê ja
barricade,berbest,به‌ربه‌ست,متراس,spas
barricade,çeperî,چه‌په‌ری,متراس,spas
interpreter,"terciman , mtircim",تەرجمان ، مترجم,مترجم,"terjman , mturjm"
hesitant,dudil,دودل,متردد,dudul
simultaneous,hevdem,هه‌ڤده‌م,متزامنة,jt
simultaneous,hevwext,هه‌ڤوه‌خت,متزامنة,jt
growing,şînbûn,شینبوون,متزايد,"geshekrun, werarbûn, sheenbûn"
growing,geşekirin,گه‌شه‌کرن,متزايد,"geshekrun, werarbûn, sheenbûn"
growing,werarbûn,وه‌راربوون,متزايد,"geshekrun, werarbûn, sheenbûn"
married,jin înay,ژن ئینای,متزوج,zhun eenay
tolerant,lê borî,لێ بۆرى,متسامح,lê boree
equal and fair,dad perwer,داد پەروەر,متساوية وعادلة,dad perwer
dirty,herimî,هه‌رمی,متسخ,têkdan
bossy,"zorkar, çêl, golik",زۆرکار، چێل، گۆلک,متسلط,"zorkar, chêl, goluk"
dominating,"zalkirin, zalbûn, zal",زالکرن، زالبوون، زال,متسلط,"zalkrun, zalbûn, zal"
beggar,parsek,پارسه‌ک,متسول,parsek
beggar,xwazok,خوازۆک,متسول,xwazok
beggar,geda,گه‌دا,متسول,geda
pessimist,reşbîn,رەشبین,متشائم,reshbeen
pessimistic,reşbîn,رەشبین,متشائم,reshbeen
militant,çekdar,چه‌کدار,متشدد,chekdar
manifold,"corawcor, cûr bi cûr",جۆراوجۆر، جوور ب جوور,متشعب,"jorawjor, jûr bu jûr"
manifold,hemecor,هه‌مه‌جۆر,متشعب,parche
convulsing,lerizîn,له‌رزین,متشنج,krtazh
radical,rhdar,رھدار,متطرف,rḧdar
volunteer,xwebexşkirî,خوەبەخشكرى,متطوع,xwebexshkree
tired,te'bî,تەعبى,متعب,"te'bee , westay"
tired,westay,وەستای,متعب,"te'bee , westay"
wearisome,renckêş,ڕه‌نجکێش,متعب,renjkêsh
pleasure,"xoşî , keyf",خۆشی ، کەیف,متعة,"xoshee , keyf"
transitive,têper,تێپەر,متعد,"derbazee , karê têper"
transitive,derbazî,دەربازی,متعد,"derbazee , karê têper"
transitive,karê têper,کارێ تێپەر,متعد,"derbazee , karê têper"
versatile,"pirralî, jêhatî",پڕالی، ژێهاتی,متعدد الجوانب والاستعمالات,"purralee, zhêḧatee"
squiggly,kurt û alandî,کورت و ئالاندی,متعرج,krt û alandee
zigzag,zîgizag,زیگزاگ,متعرج,zeeguzag
fanatic,demargîr,ده‌مارگیر,متعصب,demargeer
thirsty,têhnî,تێهنی,متعطش,têḧnee
deliberate,qesdî,قه‌سدی,متعمد,klund
deliberate,hizir kirin bi kûrî,هزر کرن ب کووری,متعمد,ḧuzur krun bu kûree
arrogant,avsor,چاڤسۆر,متغطرس,avsor
arrogant,xomezin diket,خۆمه‌زن دکه‌ت,متغطرس,xomezun duket
arrogant,difinbilind,دفنبلند,متغطرس,xomezun duket
arrogant,jixwerazî,ژخوه‌رازی,متغطرس,avsor
hopeful,hîvî dar,ھیڤی دار ، ب هیڤی,متفائل,ḧeevee dar
optimistic,geşbîn,گەشبین,متفائل,geshbeen
interactive,"karlêkirindar , bi hev ra",کارلێکرندار ، ب هه‌ڤ ڕا,متفاعل,"karlêkrundar , bu ḧev ra"
miscellaneous,hemecur,ھەمەجور,متفرقات,ḧemejr
superior,payebilind,پایه‌بلند,متفوق,payebulund
superior,payeberiz,پایه‌به‌رز,متفوق,payeberuz
superior,raser,ڕاسه‌ر,متفوق,payeberuz
retired,xanenşînikiriye,خانەنشینكریە,متقاعد,xanensheenukruye
retiree,karbes,کاربه‌س,متقاعد,karbes
fickle,guherbar,گوهه‌ربار,متقلب,dabureen
moody,dem demî,دەم دەمى,متقلب المزاج,dem demee
haughty,difinbilind,دفنبلند,متكبر,chav
irritable bowel syndrome,qulun,قولون,متلازمة القولون العصبي,qulun
veiled,"pûşîkirî, xêlîkirî",پووشیکری، خێلیکری,متلثم,"pûsheekree, xêleekree"
Itching,xurhandin,خورهاندن,متلهف، متشوق,xurḧandun
coherent,bi hevre,ب هه‌ڤره‌,متماسك,bu ḧevre
coherent,hevgritî,هه‌ڤگرتی,متماسك,ḧevgrutee
cohesive,yekbest,یه‌کبه‌ست,متماسك,yekbest
cohesive,yekgrtî,یه‌کگرتی,متماسك,yekgrtee
knit,vedihînt,ڤەدھینت,متماسكة,veduḧeent
insurgent,dijber,دژبه‌ر,متمرد,duzhber
insurgent,serhildêr,سه‌رهلدێر,متمرد,serḧuldêr
diverse,piralî,پرالی,متنوع,ḧesab
diverse,pircûn,پرجوون,متنوع,ḧesab
diverse,cihêreng,جهێره‌نگ,متنوع,ḧesab
negligent,pîte pê neker,پیتە پێ نەكەر,متھاون,peete pê neker
balanced,hevseng,هه‌ڤسه‌نگ,متوازن,dubêzheet
humble,dilnizm,دلنزم,متواضع,dulnuzm
humble,derûnbiçûk,ده‌روونبچووک,متواضع,derûnbuchûk
modest,vebwî,ڤەبوى,متواضع,vebwee
ferocious,qehirî,قه‌هری,متوحش,"ḧar, ḧêrs, ḧêch, qeḧree"
ferocious,"har, hêrs, hêç",هار، هێرس، هێچ,متوحش,"ḧar, ḧêrs, ḧêch, qeḧree"
savage,weḧşî,وەحشى,متوحش,weḧshee
swollen,werimî,وەرمی,متورم,werumee
average,tîkirayî,تیكرایى,متوسط,teekrayee
intermediate,navincî,ناڤنجى,متوسط,navunjee
medium,qayde,قایدە,متوسط,"navunjee , qayde , weset"
medium,navincî,ناڤنجی,متوسط,"navunjee , qayde , weset"
medium,weset,وەسەت,متوسط,"navunjee , qayde , weset"
when,kengî,كەنگى ، دەمێ,متى,kengee
when,"wextê , wekî",وەختێ ، وەکی,متى,"wextê , wekee"
When will the snow melt?,kengî dê befr ḧelît?,کەنگی دێ بەفر حەلیت؟,متى الثلوج تذوب؟,kengee dê befr ḧeleet?
perseverance,bizav,بزاڤ,مثابرة,buzav
example,nimûne,نموونە ، میناك,مثال,numûne
perfect,bêkêmasî,بێکێماسی,مثالي,"kamul, bêkêmasee"
perfect,temam,ته‌مام,مثالي,temam
perfect,kamil,کامل,مثالي,"kamul, bêkêmasee"
literate,rewşenbîr,رەوشەنبیر,مثقف,rewshenbeer
as,herweku,هەروەکو,مثل,ḧerwek
as,wek,وەك,مثل,wek
instance,nmune,نمونە,مثل,nmune
like,divêt,دڤێت,مثل,duvêt
like as,temet,ته‌مه‌ت,مثل,muḧabrat
proverb,metelek,مەتەلەك,مثل,metelek
stepsister,kiça zirbab,کچا زرباب,مثل اختي,kcha zurbab
like a jewel,gewher,گه‌وهه‌ر,مثل جوهرة,gewḧer
triangle,sêguşe,سێگوشە,مثلث,sêgushe
ice cream,dundirme,دوندرمه‌,مثلجات,dundurme
gay,qûnder,قوونده‌ر,مثلي الجنس,qûnder
homosexual,qûnde,قوونده‌,مثلي الجنس,qûnde
homosexual,lotî,لۆتی,مثلي الجنس,lotee
homosexual,nêrbaz,نێرباز,مثلي الجنس,nêrbaz
fruitful,adan,ئادان,مثمر,adan
fruitful,berdar,به‌ردار,مثمر,berdar
lodgement,hewandin,هه‌واندن,مثوى,ḧewandun
exciting,pardan,پاردان,مثير,pardan
sensational,hestiyar,هه‌ستیار,مثير,shareza
impressive,hestiyar,ھەستیار,مثير للإعجاب,ḧestuyar
controversial,bi niqaş,ب نقاش,مثيرة للجدل,bu nuqash
famine,"biris, biriç",برس، برچ,مجاعة,"burus, buruch"
famine,xela,خه‌لا,مجاعة,xela
famine,kulib,کولب,مجاعة,klub
grain field,dexilan,ده‌خلان,مجال الحبوب,dexulan
field of studying,bwarê xandinê,بوارێ خاندنێ,مجال الدراسة,bwarê xandunê
courtesy,xweşkirin,خوەشكرن,مجاملة,xweshkrun
for free,bê beramber,بێ بەرامبەر,مجانا,bê beramber
for free,belaş,بێ بەرامبەر,مجانا,belash
freely,bê beramber,بێ بەرامبەر,مجانا,bê beramber
complimentary,plankirin,پلانکرن,مجاني,plankrun
community,"civat, civak",جڤات، جڤاک,مجتمع,"jvat, jvak"
community,"civak , kumel",جڤاك ، کومەل,مجتمع,"jvak , kmel"
diligent,xîret,خیره‌ت,مجتهد,"zhêḧatee, baldar"
diligent,"jêhatî, baldar",ژێهاتی، بالدار,مجتهد,"zhêḧatee, baldar"
glorify,pesin kirin,پەسن کرن,مجد,pesun krun
glorify,pîroz kirin,پیرۆز کرن,مجد,peeroz krun
glorify,mezin kirin,مەزن کرن,مجد,mezun krun
glory,rumet,رومەت,مجد,rumet
glory,rewneqî,ڕه‌ونه‌قی,مجد,mezunaḧee
glory,serwerî,سەروەری,مجد,serweree
glory,mezinahî,مەزناھی,مجد,mezunaḧee
paddle,sewl diket,سەول دكەت,مجداف,sewl duket
just,bes,به‌س,مجرد,bes
mere,bitinî,بیتنى,مجرد,butunee
merely,her,ھەر,مجرد,ḧer
shovel,bêrik,بێرک,مجرفة,bêruk
shovel,carûd,جاروود,مجرفة,jarûd
shovel,ramal,رامال,مجرفة,ramal
shovel,merrbêr,مه‌ڕبێر,مجرفة,merrbêr
trowel,"merrbêl , merr",مەڕبێل ، مەڕ,مجرفة,"merrbêl , merr"
criminal,tawankar,تاوانکار,مجرم,tawankar
criminal,gunehkar,گونەھکار,مجرم,guneḧkar
dustpan,merk,مەرک,مجرود,merk
stream,cuwaavê,جووائاڤێ,مجرى,jwaavê
tentacle,micis nibat,مجس نبات,مجس نبات,dukêsheet
hair Dryer,fêr,فێر,مجفف شعر,fêr
journal,guvar,گوڤار,مجلة,guvar
magazine,"guvar , embar",گوڤار ، ئەمبار,مجلة,"mujele , guvar , embar"
magazine,micele,مجەلە,مجلة,"mujele , guvar , embar"
folder,peldanik,په‌لدانک,مجلد,peldanuk
folder,fulider,فولدەر,مجلد,"melef , fuluder"
folder,melef,مەلەف,مجلد,"melef , fuluder"
board,text,ته‌خت,مجلس,resh
board,sebure,سەبورە,مجلس,sebure
board (group),deste,ده‌سته‌,مجلس,deste
council,civat,جڤات,مجلس,jvat
parliament,perleman,پەرلەمان,مجلس النواب,perleman
cabinet,kabîne,كابینە,مجلس الوزراء,kabeene
frozen,befir gritî,بەفرگرتی,مجمد,befur grutee
frozen,cemidî,جەمدی,مجمد,jemudee
frozen,qersî,قەرسی,مجمد,qersee
sum,kumkirin,كومكرن,مجموع,kmkrun
total,tev,ته‌ڤ,مجموع,"tevaḧee, tevayee"
total,"tevahî, tevayî",ته‌ڤاهی، ته‌ڤایی,مجموع,"tevaḧee, tevayee"
total,devde,ده‌ڤده‌,مجموع,ḧemû
total,sercem,سەرجەم,مجموع,serjem
total,kamil,کامل,مجموع,ḧemû
total,hemû,هه‌موو,مجموع,ḧemû
collection,berhevkirin,به‌رهه‌ڤکری,مجموعة,berḧevkrun
collection,xirrvekirin,خڕڤه‌کرن,مجموعة,xurrvekrun
group,kumel,كومەل,مجموعة,kmel
ethnic group,koma etnîkî,کۆما ئه‌تنیکی,مجموعة عرقية,nufshee
ethnic group,milet,مله‌ت,مجموعة عرقية,nufshee
array,rêz,ڕێز,مجموعة مصفوفة,rêz
array,rêz kirin,ڕێز کرن,مجموعة مصفوفة,rêz
crazy,bê 'aqil,بێ عاقل,مجنون,bê 'aqul
fool,bê aqil,بێ ئاقل,مجنون,"bê ḧush, bê aql, bê mezhee"
fool,bê mejî,بێ مەژی,مجنون,"bê ḧush, bê aql, bê mezhee"
fool,bê hiş,بێ هش,مجنون,"bê ḧush, bê aql, bê mezhee"
insane,dîn,دین,مجنون,deen
mad,dîn,دین,مجنون,deen
effort,bizav,بزاڤ,مجهود,"buzav , ḧewl"
effort,têkoşîn,تێکۆشین,مجهود,têkosheen
effort,renc,رەنج,مجهود,renj
effort,renc,ڕه‌نج,مجهود,renj
effort,hewl,هه‌ول,مجهود,"buzav , ḧewl"
microscope,hurbînin,ھوربینن,مجھر,ḧurbeenun
favor,xêr,خێر,محاباة,xêr
favor,rezamendî,ڕه‌زامه‌ندی,محاباة,qenjee
favor,qencî,قەنجى,محاباة,qenjee
conversation,axvîn,ئاخڤین,محادثة,"suḧbet, suḧbet, axveen"
conversation,dan û standin,دان و ستاندن,محادثة,dan û standun
conversation,"suḧbet, suhbet",سوحبه‌ت، سوهبه‌ت,محادثة,"suḧbet, suḧbet, axveen"
oyster,sedef,سەدەف,محار,sedef
oyster,şeytanuk,شەیتانوك,محار,sheytanuk
belligerent,êrişbaz,ئێرشباز,محارب,parastun
belligerent,êrîşkar,ئێریشکار,محارب,parastun
belligerent,şerxwaz,شه‌رخواز,محارب,parastun
accountant,ji mêrîyar,ژمێریار,محاسب,zhu mêreeyar
accountant,muḧasb,موحاسب,محاسب,muḧasb
besieged,dorpêç,دۆرپێچ,محاصر,dorpêch
lecture,muḧazere,موحازەرە,محاضرة,muḧazere
lecture,wane,وانە,محاضرة,wane
tuition,"xandin, fêrkirin",خاندن، فێرکرن,محاضرة,"xandun, fêrkrun"
governor,parêzgar,پارێزگار,محافظ,parêzgar
governor,muḧafz,موحافز,محافظ,muḧafz
governor,walî,والی,محافظ,walee
emulate,hevkirî kirin,هه‌ڤکری کرن,محاكاة,ḧevkree krun
emulation,berberî,به‌ربه‌ری,محاكاة,berberee
emulation,"hevrikî, hevberî",هه‌ڤرکی، هه‌ڤبه‌ری,محاكاة,"ḧevrukee, ḧevberee"
prosecute,gilî diket,گلى دكەت,محاكمة,gulee duket
attorney,parêzer,پارێزەر,محام,parêzer
lawyer,"parîzer , muḧamî",پاریزەر ، موحامی,محام,"pareezer , muḧamee"
solicitor,parêzer,پارێزەر,محام,parêzer
attempt,tê koşîn,تێ کۆشین,محاولة,tê kosheen
attempt,lebikîn,له‌بکین,محاولة,lebukeen
attempt,"muḧawele , hewl didet",موحاوەلە ، ھەول ددەت,محاولة,"muḧawele , ḧewl dudet"
attempt,hewl dan,هه‌ول دان,محاولة,ḧewl dan
endeavour,berxwedan,به‌رخوه‌دان,محاولة,berxwedan
endeavour,têkoşîn,تێکۆشین,محاولة,têkosheen
try,bizav kirin,بزاڤ کرن,محاولة,tê kosheen
try,tê koşîn,تێ کۆشین,محاولة,tê kosheen
try,ceribandin,جه‌رباندن,محاولة,jerubandun
try,hewl dan,هه‌ول دان,محاولة,ḧewl dan
neutral,bê layen,بێ لایەن,محايد,bê layen
loving,viyan,ڤیان,محب,vuyan
frustrated,sist bîn,سست بین,محبط,sust been
beloved,xuşitvî,خوشتڤی,محبوب,xushutvee
darling,xuşitvî,خوشتڤى,محبوب,xushutvee
idol,pût,پووت,محبوب الجماهير,xweshutvee
idol,xudayê putî,خودایێ پوتی,محبوب الجماهير,xweshutvee
probable,şiyanî,شیانی,محتمل,shuyanee
prospective,berbijar,بەربژار,محتمل,berbuzhar
content,razî kir,رازى كر,محتوى,razee kr
content,naverok,ناڤه‌رۆک,محتوى,razee kr
contents,naverok,ناڤەرۆك,محتويات,naverok
restricted,sinûrdar,سنووردار,محدد,dever
limited,sinurdar,سنوردار,محدود,sunurdar
plough,cot kirin,جۆت کرن,محراث,kêlan
plough,kêlan,کێلان,محراث,kêlan
plow,cot kirin,جۆت کرن,محراث,kêlan
plow,cotî kirin,جۆتی کرن,محراث,kêlan
plow,kêlan,کێلان,محراث,kêlan
editor,serinivîser,سەرنڤیسەر,محرر,serunuveeser
offerings (for burnt),qurbaniyên sotinê,قوربانیێن سۆتنێ,محرقات,qurbanuyên sotunê
taboo,bestel,به‌سته‌ل,محرم,bestel
taboo,tabû,تابوو,محرم,tabû
taboo,ne hêlay,نە هێلای,محرم,ne ḧêlay
distressed,dilgiran,دلگران,محزن,dulguran
tax collector,bacgir,باجگر,محصل الضرائب,bajgur
crop,berhem,به‌رهه‌م,محصول,berḧem
crop,çinîn,چنین,محصول,chuneen
crop,zad,زاد,محصول,"xarun, zad, eruzaq"
crop,zadçinî,زادچنی,محصول,zadchunee
station,"rawestek , war , deyinît",راوەستەك ، وار ، دەینیت,محطة,"rawestek , war , deyuneet"
gas station,panzîn xane,پانزینخانە,محطة  بیترول,panzeen xane
oil station,panzîn xane,پانزینخانە,محطة  بیترول,panzeen xane
police station,merikezî pulîsa,مەركەزى پولیسا,محطة الشرطة,merukezee puleesa
fire station,bingehê agir vemirandinê,بنگەھێ ئاگر ڤەمراندنێ,محطھ اطفاء الحريق,bungeḧê agur vemurandunê
prohibited,qedẍe,قەدغە,محظور,qedẍe
lucky,"bextiyar, bextewer",به‌ختیار، به‌خته‌وه‌ر,محظوظ,"bextuyar, bextewer"
purse,cizdanika jina,جزدانكا ژنا,محفظة,jzdanuka zhuna
wallet,cizidanik,جزدانک,محفظة,jzudanuk
perilous,tirisinak,ترسناك,محفوف بالمخاطر,turusunak
syringe,sirinc,سرنج,محقنة,surunj
court,dadigeh,دادگەھ,محكمة,dadugeḧ
court,dîwanxane,دیوانخانه‌,محكمة,deewanxane
domestic,xwemalî,خوه‌مالی,محلي,xwemalee
domestic,xêzanî,خێزانى,محلي,xêzanee
local,xumalî,خومالى,محلي,xumalee
local,nefxwîy,نەفخویی,محلي,nefxweey
homemade,xwemalî,خوه‌مالی,محلي الصنع,xwemalee
homemade,malçêkirî,مالچێکری,محلي الصنع,malchêkree
Muhammed,muḧammed,موحاممەد,محمد,muḧammed
hectic,pir mijûle,پر مژووله,محموم,pur muzhûle
adversity,dijwarî,دژواری,محنة,duzhwaree
adversity,"zehimetî, dijwarî",زه‌همه‌تی، دژواری,محنة,"zeḧumetee, duzhwaree"
distress,xembar diket,خەمبار دکەت,محنة,xembar duket
distress,dilgiran bît,دلگران بیت,محنة,dulguran beet
tribulation,"tengavî, rencî",ته‌نگاڤی، ڕه‌نجی,محنة,"tengavee, renjee"
erase,jê birin,ژێ برن,محو,zhê burun
erase,jê dibet,ژێ دبه‌ت,محو,zhê dubet
erase,misaḧ kirin,مساح کرن,محو,zhê dubet
erase,mesḧ kirin,مەسح کرن,محو,wefteez krun
axis,tewer,تەوەر,محور,tewer
transgression,zêdegavî,زێده‌گاڤی,مخالفة,zêdegavee
transgression,serpêçî,سه‌رپێچی,مخالفة,serpêchee
transgression,guneh,گونه‌ھ,مخالفة,guneḧ
transgression,neheqî,نه‌هه‌قی,مخالفة,zêdegavee
bakery,nanpêjî,نانپێژی,مخبز,nanpêzhee
bakery (oven),firin,فرن,مخبز,furun
bakery (raised bread),semonxane,سه‌مۆنخانه‌,مخبز,semonxane
Lab,"taqîgeh, ezimûngeh",تاقیگه‌ھ، ئه‌زموونگه‌ھ,مختبر,"taqeegeḧ, ezumûngeḧ"
Lab,muxteber,موختەبەر,مختبر,muxteber
laboratory,taqîgeh,تاقیگەھ,مختبر,taqeegeḧ
laboratory,muxteber,موختەبەر,مختبر,muxteber
inventer,dahêner,داهێنه‌ر,مخترع,jwaavê
inventor,dahêner,داهێنه‌ر,مخترع,jwaavê
inventor,keşifker,که‌شفکه‌ر,مخترع,jwaavê
mixed,têkel,تێكەل,مختلط,têkel
different,têvel,تێڤه‌ل,مختلف,"jda , jyawaz"
different,cuda,جودا,مختلف,"jda , jyawaz"
different,ciyawaz,جیواز,مختلف,"jda , jyawaz"
different,ferq,فه‌رق,مختلف,jyawazee
various,cuda-cuda,جودا-جودا,مختلف,jda-jda
various,corawcor,جۆراوجۆر,مختلف,jorawjor
various,ciyawaz,جیاواز,مختلف,jyawaz
shameful,eybe,عەیبە,مخجل,eybe
drug,îlac,ئیلاج,مخدر,ḧoshber
drug,ḧişîş,حشیش,مخدر,ḧoshber
drug,hoşber,ھۆشبەر,مخدر,ḧoshber
outlet,kun,كون,مخرج,kn
director movie,derhênerê filman,ده‌رهێنه‌رێ فلمان,مخرج سينمائي,darḧêner
cone,qûçek,قووچەك,مخروط,qûchek
cupboard,dolab,دۆلاب,مخزنة,dolab
allowance,diravdanî,دراڤدانی,مخصص,sunor krun
allowance,muçe,موچه‌,مخصص,sunor krun
mistaken,xelet,خەلەت,مخطئ,xelet
manuscript,desinus,دەسنوس,مخطوطة,desunus
hidden,veşaritî,ڤەشارتی,مخفي,vesharutee
claw,penc,پەنج,مخلب,penj
cat's paw,lepên pisîkekê,له‌پێن پسیکه‌کێ,مخلب القط,lepên puseekekê
paw of cat,lepên pisîkekê,له‌پێن پسیکه‌کێ,مخلب القط,lepên puseekekê
pickle,tirşî diket,ترشى دكەت,مخلل,turshee duket
pickle,sihik,سهک,مخلل,suḧuk
pickles,tirşî,ترشى,مخلل,turshee
scary,tirsnak,ترسناک,مخيف,tursnak
camp,serbazge,سەربازگە,مخيم,serbazge
camp,kemp,کەمپ,مخيم,kemp
refugee camp,serbazge penaber,سەربازگە پەنابەر,مخيم الأجئين,serbazge penaber
prolong,dirêjidiket,درێژدكەت,مد,durêzhuduket
orbit,felek,فەلەك,مدار,felek
orbit,mewda,مەودا,مدار,mewda
defender,berevan,بەرەڤان,مدافع,"berevan , pushuteevan"
defender,pişitîvan,پشتیڤان,مدافع,"berevan , pushuteevan"
praise,"pesin, pesin dan",په‌سن، په‌سن دان,مدح,"pesun, pesun dan"
praise,pesinandin,په‌سناندن,مدح,pesunandun
praise,"sirûd , siruda",سروود ، سرودا,مدح,"surûd , suruda"
praise,hemid,هەمد,مدح,ḧemud
doorway,bersifik,به‌رسفک,مدخل,bersufuk
doorway,navder,ناڤدەر,مدخل,navder
entrance,cihê çuna dijurve,جھێ چونا دژورڤە,مدخل,jḧê chuna duzhurve
chimney,papor,پاپۆر,مدخنة,papor
coach,rahêner,ڕاهێنه‌ر,مدرب,raḧêner
instructor,dersdar,ده‌رسدار,مدرب,dersdar
instructor,rahêner,ڕاهێنه‌ر,مدرب,raḧêner
trainer,rahêner,ڕاهێنه‌ر,مدرب,raḧêner
teacher,fêrkar,فێرکار,مدرس,fêrkar
teacher,mamusta,ماموستا,مدرس,mamusta
train,rahênan kirin,ڕاهێنان کرن,مدرس,raḧênan krun
train (v),rahênan kirin,ڕاهێنان کرن,مدرس,raḧênan krun
tutor,mamostayê taybet,مامۆستایێ تایبه‌ت,مدرس,mamostayê taybet
elementary school,seretayî,سه‌رەتایی,مدرسة ابتدائية,seretayee
private school,qutabixana taybet,قوتابخانا تایبەت,مدرسة خاصة,qutabuxana taybet
tank (car),debabe,ده‌بابه‌,مدرعة,debabe
aware of,hay jê bûn,های ژێ بوون,مدرك ل,ageḧdar
buried,veşart,ڤەشارت,مدفون,veshart
auditor,tîbîner,تیبینەر,مدقق حسابات,teebeener
addict,hogerbûn,هۆگه‌ربوون,مدمن,ḧogerbûn
addicted,mudmin,مودمن,مدمن,mudmun
defiled,herimî,هه‌رمی,مدنس,têkdan
civil,şariste,شارستە,مدني,sharuste
civil,medenî,مه‌ده‌نی,مدني,medenee
civilian,bajêriye,باژێریە,مدني,bazhêruye
civilian,medenî,مه‌ده‌نی,مدني,medenee
director,darhêner,دارھێنەر,مدير,rêveber
director,rêveber,رێڤەبەر,مدير,rêveber
director,mudîr,مودیر,مدير,mudeer
manager,birîkar,بریکار,مدير,"mudeer , rêveber"
manager,berpris,به‌رپرس,مدير,berprus
manager,rêveber,رێڤەبەر,مدير,"mudeer , rêveber"
manager,mudîr,مودیر,مدير,"mudeer , rêveber"
district administrator,qaymqam,قایمقام,مدير المنطقة,qaymqam
district administrator,qaymeqamî,قایمه‌قامی,مدير المنطقة,qaymeqamee
debtor,qerdar,قەردار,مدين,qerdar
city,bajar,باژار,مدينة,bazhar
city,şar,شار,مدينة,shar
metropolis,paytext,پایته‌خت,مدينة,"paytext, serbazhêr"
metropolis,serbajêr,سه‌رباژێر,مدينة,"paytext, serbazhêr"
town,bajar,باژار,مدينة,bazhar
town,bajêr,باژێر,مدينة,bazhêr
town,qeza,قه‌زا,مدينة,qeza
altar,qurbangeh,قوربانگه‌ھ,مذبح,gureegeḧe
massacre,binbrikirin,بنبركرن,مذبحة,bunbrukrun
pitchfork,melhêb,مه‌لهێب,مذراة,melḧêb
masculine,nêr,نێر,مذكر,nêr
memorandum,bîranîn,بیرئانین,مذكرة,beeraneen
warrant,desteserikirdin,دەستەسەركردن,مذكرة,desteserukrdun
guilty,tawanbar,تاوانبار,مذنب,tawanbar
guilty,gunehbar,گونەھبار,مذنب,guneḧbar
sinful,"gunehber , xelet",گونەھبەر ، خەلەت,مذنب,"guneḧber , xelet"
amazed,guhişîn,گوهشین,مذهل,guḧusheen
astonishing,guhişîn,گوهشین,مذهل,guḧusheen
startling,ciniqandin,جنقاندن,مذهل,duturuseent
startling,ciniqîn,جنقین,مذهل,duturuseent
stunning,pir baş,پر باش,مذهل,pur bash
stunning,"dilber, gêj dar",دلبه‌ر، گێژ دار,مذهل,"dulber, gêzh dar"
stunning,gelek ciwan,گه‌له‌ک جوان,مذهل,gelek jwan
announcer,pêşkêş kar,پێشکێش کار,مذيع,pêshkêsh kar
broadcaster,bêjer,بێژەر,مذيع,bêzher
broadcaster,"weşîner, şandiyar",وه‌شینه‌ر، شاندیار,مذيع,"wesheener, shanduyar"
anchor,lenger,له‌نگه‌ر,مذيع الأخبار,"lenger, ḧêsun"
anchor,hêsin,هێسن,مذيع الأخبار,"lenger, ḧêsun"
carport,garaja li malê,گاراژا ل مالێ,مرآب,dêreen
parking garage,gerac,گەراج,مرآب للسيارات,geraj
mirror,awêne,ئاوێنه‌,مرآة,awêne
mirror,qotîk,قۆتیک,مرآة,qoteek
mirror,"neynik, eyne",نه‌ینک، ئه‌ینه‌,مرآة,"neynuk, eyne"
bitter,teḧil,تەحل,مرارة,teḧul
bitterness,tehilî,ته‌هلی,مرارة,teḧulee
bitterness,teḧilatî,تەحلاتی,مرارة,teḧulatee
wormwood,giyaberik,گیابه‌رک,مرارة,guyaberuk
ceremony,aheng,ئاھەنگ,مراسم,aḧeng
ceremony,rêuresim,ڕێوره‌سم,مراسم,rêuresum
ceremony,merasim,مه‌راسم,مراسم,merasum
escort,zêrevan,زێرەڤان,مرافقة,zêrevan
carpool,gel êk çûn,گەل ئێک چوون,مرافقي,gel êk chûn
monitor,şaşe,شاشە,مراقب,"shashe , muneeter"
monitor,munîter,مونیتەر,مراقب,"shashe , muneeter"
surveillance,"çavdêrî, lêpan, pan",چاڤدێری، لێپان، پان,مراقبة,"chavdêree, lêpan, pan"
surveillance,"nubedarî, nobedarî",نوبه‌داری، نۆبه‌داری,مراقبة,"nubedaree, nobedaree"
stalk,bistîk,بستیک,مراقبة بتطفل,jwaavê
teen,sinêle,سنێلە ، مراهق,مراھق,sunêle
teenager,sinêle,سنێلە ، گەنج,مراھق,sunêle
wily,"kone, şatir, ne tebitî",کۆنه‌، شاتر، نه‌ ته‌بتی,مراوغ,"kone, shatur, ne tebutee"
profitable,havlibar,ھاڤلبار,مربح,ḧavlubar
square,çarigoşe,چارگۆشە,مربع,charugoshe
square (public),meydan,مه‌یدان,مربع,meydan
match box,qutîka zlkîn kbrîtê,قوتیكا زلكین كبریتێ,مربع المباراة,quteeka zlkeen kbreetê
matchbox,şixate,شخاته‌,مربع المباراة,shuxate
jam (food),marmelad,مارمه‌لاد,مربى,marmelad
jam (food),mireba,مرەبا,مربى,mureba
time,dem,دەم,مرة,"wext , demee"
time,wext,وەخت,مرة,"wext , demee"
relieved,"mirtaḧ, reḧet",مرتاح، رەحەت,مرتاح,"murtaḧ, reḧet"
rank,ast,ئاست,مرتبة,ast
rank,paye,پایه‌,مرتبة,payenuzm
rank,"ple, rade",پله‌، ڕاده‌,مرتبة,"ple, rade"
rank,derece,ده‌ره‌جه‌,مرتبة,dereje
high-ranking,payeberz,پایه‌به‌رز,مرتبة عالية,navneeshek zhêburun
mercenary,eskerê bikirêgirtî,ئه‌سکه‌رێ بکرێگرتی,مرتزقة,deḧ
lament,şînî diket,شینى دكەت,مرثاة,sheenee duket
lament,lorîn,لۆرین,مرثاة,sheenee duket
lament,nalîn,نالین,مرثاة,naleen
meadow,"deşit, çîmen",دەشت، چیمەن,مرج,"deshut, cheemen"
meadow,"mêrg, çîmen, çayir",مێرگ، چیمه‌ن، چایر,مرج,"mêrg, cheemen, chayur"
coral,"mercan , mircan",مه‌رجان ، مرجان,مرجان,"merjan , murjan"
cheerful,beşûş,بەشووش,مرح,beshûsh
merry,rend,رەند,مرح,rend
lavatory,avdest,ئاڤدەست,مرحاض,avdest
hello,çewanî,چەوانی,مرحبا,chewanee
hi,çewanî,چەوانی,مرحبا,chewanee
hi,slav,سلاڤ,مرحبا,slav
hi,merrḧeba,مەڕحەبا,مرحبا,merrḧeba
hi everyone?,hwîn hemî çewanin?,هوین هەمی چەوانن؟,مرحبا الجميع؟,ḧween ḧemee chewanun?
you are welcome,pênevêt,پێنەڤێت,مرحبا بك,pênevêt
phase,"tewir , qunaẍ",تەور ، قوناغ,مرحلة,"tewur , qunaẍ"
phase,dox,دۆخ,مرحلة,dox
preschool,baxçê zaruka,باخچێ زاروكا,مرحلة ما قبل المدرسة,baxchê zaruka
preschool,rewze,رەوزە,مرحلة ما قبل المدرسة,rewze
pass,"derçû , burîn",دەرچوو ، بورین,مرر,"derchû , bureen"
anchor man,nûçeyan,نووچه‌یان,مرساة رجل,nûcheyan
news anchor,nûçeyan,نووچه‌یان,مرساة رجل,nûcheyan
decree,"ferman, emir",فه‌رمان، ئه‌مر,مرسوم,"ferman, emur"
candidate,berbijar,به‌ربژار,مرشح,berbuzhar
candidate,berbijêr,بەربژێر,مرشح,berbuzhêr
candidate,kandîd,کاندید,مرشح,kandeed
disease,elem,ئه‌له‌م,مرض,êsh
disease,êş,ئێش,مرض,êsh
disease,nexuşî,نەخوشى,مرض,nexushee
infirmity,bêhalî,بێهالی,مرض,"bêḧalee, westuyayee, zeyfee"
infirmity,zeyfî,زه‌ئیفی,مرض,"bêḧalee, westuyayee, zeyfee"
infirmity,westiyayî,وه‌ستیایی,مرض,"bêḧalee, westuyayee, zeyfee"
sickness,elem,ئه‌له‌م,مرض,nusaxee
sickness,êş,ئێش,مرض,nusaxee
sickness,nisaxî,نساخى,مرض,nusaxee
disease of the blood,êşêt xwînê,ئێشێت خوینێ,مرض الدم,êshêt xweenê
alzheimer disease,êşa alzihemerî,ئێشا ئالزهه‌مه‌ری,مرض الزهايمر,êsha alzuḧemeree
Syphilis,"sifilis , zehrî",سفلس ، زه‌هری,مرض الزهري,"sufulus , zeḧree"
diabetes,şukerî,شوکەری,مرض السكري,shukeree
TB,êşa zirav,ئێشا زراڤ,مرض السل,"êsha zurav, zhana zurav"
TB,jana zirav,ژانا زراڤ,مرض السل,"êsha zurav, zhana zurav"
TB,sil,سل,مرض السل,sul
Tuberculosis,"êşa zirav, jana zirav",ئێشا زراڤ، ژانا زراڤ,مرض السل,"êsha zurav, zhana zurav"
Tuberculosis,sil,سل,مرض السل,sul
Gonorrhea,"gunêriya , sîlan",گونێریا ، سیلان,مرض السيلان,"gunêruya , seelan"
Skin Disease,nesaxît çermî,نه‌ساخیت چه‌رمی,مرض جلدي,nesaxeet chermee
Pig worm disease,"tirîçînozs , nexoşiya me'îdey",تریچینۆزس ، نه‌خۆشیا مه‌عیده‌ی,مرض دودة الخنزير,"tureecheenozs , nexoshuya me'eedey"
dementia,dementî,ده‌مه‌نتی,مرض عقلي,dementee
dementia,"dînatî , dînbûn",دیناتی ، دینبوون,مرض عقلي,"deenatee , deenbûn"
mental illness,nesaxîêt mêşkî,نەساخیێت مێشکی,مرض عقلي,nesaxeeêt mêshkee
contagion,vegirî,ڤه‌گری,مرض معد,veguree
contagion,nesaxiya vegir,نه‌ساخیا ڤه‌گر,مرض معد,nesaxuya vegur
wet nurse,dayîn,دایین,مرضعة,dayeen
refreshment,teziyatî,تەزیاتى,مرطبات,tezuyatee
refreshment,dilveker,دلڤه‌كه‌ر,مرطبات,dulveker
horrific,bizdihîn,بزدهین,مرعب,buzduḧeen
horrific,"tirsyar, tirskar",ترسیار، ترسکار,مرعب,"tursyar, turskar"
pasture,çergeh,چەرگەھ,مرعى,"zevee , chul , guya"
pasture,çerwan,چەروان,مرعى,"zevee , chul , guya"
pasture,çîmen,چیمە‌ن,مرعى,"zevee , chul , guya"
pasture,mêrg,مێرگ,مرعى,"zevee , chul , guya"
desired,dilfeker,دلفەكەر,مرغوب,dulfeker
desirable,dilrakêş,دلراکێش,مرغوب فيھ,dulrakêsh
desirable,dilfeker,دلفەكەر,مرغوب فيھ,dulfeker
harbor,bender,بەندەر,مرفأ,"kêm, puchek, chendek"
harbour,bender,بەندەر,مرفأ,"kêm, puchek, chendek"
port,bender,بەندەر,مرفأ,"kêm, puchek, chendek"
broth,afik,ئافك,مرق,afuk
complex,aloz,ئالۆز,مركب,"aloz , kor"
complex,kompleks,کۆمپله‌کس,مركب,"aloz , kor"
compound,pêkhatî,پێکهاتی,مركب,pêkḧatee
compound,lihevxistî,لهه‌ڤخستی,مركب,luḧevxustee
slightly,"aloz , kor",ئالۆز ، کۆر,مركب,"aloz , kor"
spacecraft,ajoteka asmanî,ئاژۆته‌کا ئاسمانی ، کەشتی ئاسمانی,مركبه فضائيه,azhoteka asmanee
center,bingeh,بنگەھ,مركز,bungeḧ
center,senter,سه‌نته‌ر,مركز,senter
center,merkez,مه‌رکه‌ز,مركز,merkez
center,navend,ناڤه‌ند,مركز,navend
day-care center,"zarrokxane, rewze",زاڕۆکخانه‌، ڕه‌وزه‌,مركز الرعاية النهارية,"zarrokxane, rewze"
health center,bingehê saxlemiyê,بنگەهێ ساخلەمیێ,مركز الصحة,bungeḧê saxlemuyê
youth center,mellibendê lawan,مەڵبەندێ لاوان,مركز شباب,mellubendê lawan
elastic,lastîk,لاستیك,مرن,lasteek
flexible,"nerim , nerdîn",نەرم ، نەردین,مرن,"nerum , nerdeen"
salve,merhem,مه‌رهه‌م,مرهم,"sulbun , tore , 'ajzee"
ointment,rûn,ڕوون,مرھم,rûn
ointment,melḧem,مەلحەم,مرھم,melḧem
fan,panik,پانك,مروحة,panuk
passage,derbazikirin,دەربازكرن,مرور,derbazukrun
traffic,mirur,مرور,مرور,murur
traffic,hatin û çûn,هاتن و چوون,مرور,ḧatun û chûn
awful,bi sehim,ب سەھم,مروع,bu seḧum
compromise,tenezil kirin,ته‌نه‌زل کرن,مرونة,tenezul krun
compromise,saziş kirin,سازش کرن,مرونة,sazush krun
elastisity,cîrrî,جیڕی,مرونة,jeerree
flexibility,nerimî,نەرمى,مرونة,nerumee
comfortable,mirîḧ,مریح,مريح,mureeḧ
comfortable,murtaḧ,مورتاح,مريح,murtaḧ
comfortable,hedar,هه‌دار,مريح,ḧedar
relaxing,reḧtkirin,رەحتکرن,مريح,reḧtkrun
Mary,meryem,مەریەم,مريم العذراء,meryem
twice,dûcare,دووجارە,مریتين,dûjare
mood,beşer,بەشەر,مزاج,besher
mood,hest,ھەست,مزاج,ḧest
kidding,suḧbetê kirin,سوحبەتێ کرن,مزاح,suḧbetê krun
kidding,yarî,یاری,مزاح,yaree
auction,zîdekirin,زیدەكرن,مزاد علني,zeedekrun
farmer,cutîyar,جوتییار,مزارع,jteeyar
farmer,"cotkar, cotyar",جۆتکار، جۆتیار,مزارع,"jotkar, jotyar"
farmer,"felaḧ , baxçeyivan",فەلاح ، باخچەیڤان,مزارع,"felaḧ , baxcheyuvan"
psalm,zebûr,زەبوور,مزامير,zebûr
bidding,zêdekirin,زێدەكرن,مزايدة,zêdekrun
congested,qerebaliẍ,قەرەبالغ,مزدحمة,qerebaluẍ
prosperous,ava,ئاڤا,مزدھر,ava
double,cut,جوت,مزدوج,jt
dual,jimara cut,ژمارا جوت,مزدوج,zhumara jt
farm,bustan,بوستان,مزرعة,bustan
farm,bîstan,بیستان,مزرعة,beestan
farm,zevî,زەڤی,مزرعة,zevee
dairy farm,bane,بانه‌,مزرعة البان,bane
dairy farm,şîrxane,شیرخانه‌,مزرعة البان,sheerxane
latch,çil mêr,چل مێر,مزلاج,chul mêr
flute,bilûr,بلوور,مزمار,bulûr
flute,ney,نه‌ی,مزمار,ney
flute (Kurdish),zirina,زرنا,مزمار,zuruna
psalm,siruda pîruz,سرودا پیروز,مزمور,suruda peeruz
vase,"guldanik, vazo",گولدانک، ڤازۆ,مزهرية,"guldanuk, vazo"
provider,dabîniker,دابینکه‌ر,مزود,dabeenuker
provider,samander,ساماندەر,مزود,samander
forged,sexte kirin,سه‌خته‌ کرن,مزور,zhu beer krun
fake,qelp,قه‌لپ,مزورة,zhu beer krun
rigged,hîle kirin,هیله‌ کرن,مزورة,ḧeele krun
combination,têkil,تێکل,مزيج,têkl
jumble,"tevîhev bûn, tevlhev kirin",ته‌ڤیهه‌ڤ بوون، ته‌ڤلهه‌ڤ کرن,مزيج,"teveeḧev bûn, tevlḧev krun"
mix,têkelkirin,تێكەلكرن,مزيج,têkelkrun
mix,têk,تێک,مزيج,"têkl, têk"
mix,têkil,تێکل,مزيج,"têkl, têk"
mixture,têkel ker,تێكەل كەر,مزيج,têkel ker
fake up,sextekarî kirin,سه‌خته‌کاری کرن,مزيف,sextekaree krun
hair dresser,ḧelaq,حەلاق,مزين الشعر,ḧelaq
matter,madide,ماددە,مسألة,madude
responsibility,berpirsiyarî,به‌رپرسیاری,مسؤولية,berpursuyaree
responsibility,mesûliyet,مه‌سوولیه‌ت,مسؤولية,mesûluyet
accountability,berpirsiyarî,به‌رپرسیاری,مسئولية,berpursuyaree
evening,êvar,ئێڤار,مساء,êvar
evening,"maẍreb , 'sir",ماغرەب ، عسر,مساء,"maẍreb , 'sur"
PM,pişitî nîviro,پشتى نیڤرۆ,مساء,pushutee neevuro
competition,"pêşbazî, pêşbirik",پێشبازی، پێشبرک,مسابقة,"pêshbazee, pêshburuk"
competition,hevirkî,هه‌ڤرکی,مسابقة,ḧevurkee
contest,berîkanê,به‌ریکانێ,مسابقة,"pêshbruk, berêkane"
contest,berêkane,به‌رێکانه‌,مسابقة,"pêshbruk, berêkane"
contest,pêşbazî,پێشبازی,مسابقة,pêshbazee
contest,pêşbrik,پێشبرک,مسابقة,"pêshbruk, berêkane"
contest,hevirikî,ھەڤركى ، لەج,مسابقة,ḧevurukee
tournament,yariyên vavarîtinê,یاریێن ڤاڤاریتنێ,مسابقة,yaruyên vavareetunê
surveyor,mesaḧ,مەساح,مساح أراضي,mesaḧ
path,rêk,رێك,مسار,rêk
two lane,cûtsayd,جووتساید,مسارين,nuḧa
two-lane,cotsayid,جۆتساید,مسارين,nuḧa
associate,bi hev xistin,ب هه‌ڤ خستن,مساعد,bu ḧev xustun
associate,pişkdar,پشكدار,مساعد,pushkdar
associate,li hev anîn,ل هه‌ڤ ئانین,مساعد,rêzkrun
auxiliary,alîkar,ئالیکار,مساعد,aleekar
assist,harîkarî kirin,هاریكاری کرن,مساعدة,ḧareekaree krun
assistance,harîkarî,هاریكاری,مساعدة,ḧareekaree
help,harîkarî,هاریكاری,مساعدة,ḧareekaree
help!,heware!,هەوارە!,مساعدة!,ḧeware!
traveler,"rêvingî, welatger",ڕێڤنگی، وه‌لاتگه‌ر,مسافر,"rêvungee, welatger"
equal,wekhev,وه‌کهه‌ڤ,مساو,wekḧev
equal,yeksan,یەكسان,مساو,yeksan
disadvantage,ziyan,زیان,مساوئ,zuyan
equality,wekhev,وه‌کهه‌ڤ,مساواة,"wekḧev , yeksan"
equality,yeksanî,یه‌کسانی,مساواة,"wekḧev , yeksan"
prayer beads,destek tisbeḧa,دەستەك تسبەحا,مسبحة الصلاة,destek tusbeḧa
tenant,pale,پاله‌,مستأجر,pale
tenant,kirêdar,كرێدار,مستأجر,krêdar
investor,berhem hêner,بەرھەم ھێنەر,مستثمر,berḧem ḧêner
investor,weberhêner,وه‌به‌رهێنه‌ر,مستثمر,weberḧêner
deserving,hêjaye,ھێژایە,مستحق,ḧêzhaye
impossible,qedina bît,قەدنا بیت,مستحيل,qeduna beet
impossible,meḧale,مەحالە,مستحيل,meḧale
impossible,nikarit,نکارت,مستحيل,nukarut
adviser,şîret ker,شیرەت كەر,مستشار,sheeret ker
consultant,amojkar,ئامۆژکار,مستشار,amozhkar
hospital,xaste,خاستە,مستشفى,"xaste , nexushxane"
hospital,nexuşxane,نەخوشخانە,مستشفى,"xaste , nexushxane"
maternity hospital,nexuşxana afret û zaruk bûnê,نه‌خوشخانا ئافرەت و زاروك بوونێ,مستشفى الولادة,nexushxana afret û zaruk bûnê
rectangle,lakêşe,لاکێشه‌,مستطيل,nequl krun
pseudo,sexte,سه‌خته‌,مستعار,sexte
expeditious,bilez,بله‌ز,مستعجل,klund
expeditious,lezgîn,له‌زگین,مستعجل,klund
prompt,bîrdînt,بیردئینت,مستعجل,beerdeent
prompt,lezgîn,له‌زگین,مستعجل,lezgeen
future,paşeroj,پاشه‌رۆژ,مستقبل,pasherozh
future,pêşeroj,پێشه‌رۆژ,مستقبل,pêsherozh
stable,stebil,ستەبل,مستقر,stebul
stable,neliv,نه‌لڤ,مستقر,stebul
independent,serbixwe,سەربخوە,مستقل,serbuxwe
independent,serbexo,سەربەخۆ,مستقل,serbexo
explorer,gerrvan,گه‌ڕڤان,مستكشف,gerrvan
explorer,lêgerrvan,لێگه‌ڕڤان,مستكشف,lêgerrvan
recipient,stîndar,ستیندار,مستلم,steendar
recipient,stîner,ستینه‌ر,مستلم,steener
sustained,berdewam,به‌رده‌وام,مستمر,berdewam
marsh,avgêr,ئاڤگێر,مستنقع,avgêr
moor,zung,زونگ,مستنقع,zung
swamp,avzê,ئاڤزێ,مستنقع,avzê
swamp,çirav,چراڤ,مستنقع,churav
swamp,ridav,ڕداڤ,مستنقع,rudav
warehouse,mbar,عمبار,مستودع,mbar
level,ast,ئاست,مستوى,ast
level,wazana,وازانا,مستوى,wazana
substance,madidey,ماددەی,مستوى,madudey
level (story ; floor),tebeq,تەبەق,مستوى (قصة؛ الكلمة),tebeq
living level,astê jiyarê,ئاستێ ژیارێ,مستوى المعيشة,astê zhuyarê
mosque,erkê dravî,مزگەفت,مسجد,erkê dravee
registered,qeydkirî,قه‌یدکری,مسجل,eempuraturuyet
sweep,rêş kirin,ڕێش کرن,مسح,rêsh krun
sweep,malîn,مالین,مسح,rêsh krun
wipe,paqij kirin,پاقژ کرن,مسح,paquzh krun
wipe your nose,"kif kirin , kif ke",کف کرن ، کف کە,مسح أنفك,"kf krun , kf ke"
powder,hîrkirin,ھیرکرن,مسحوق,ḧeerkrun
monster,cinawir,جناور,مسخ,jnawur
monster,dehbe,دەھبە,مسخ,deḧbe
colt,mehîn,مەھین,مسدس,meḧeen
executing,debance,دەبانجە,مسدس,debanje
pistol,demance,دەمانجە,مسدس,demanje
play (for theater),şanugerî,شانوگەری,مسرح,shanugeree
play (for theater),şano,شانۆ,مسرح,shano
theater,şanu,شانو,مسرح,"mesureḧ , shanu"
theater,şanugerî,شانوگەری,مسرح,shanugeree
theater,mesireḧ,مەسرەح,مسرح,"mesureḧ , shanu"
movie theater,sîneme,سینەمە,مسرح فيلم,seeneme
lavish,bêqam xerc diket,بێقام خەرج دكەت,مسرف,bêqam xerce duket
pleased,razî,ڕازى,مسرور,razee
flat,"pan, pehin",پان، په‌هن,مسطحة,"pan, peḧun"
flat,dûz,دووز,مسطحة,dûz
ruler,"ferimandar , seriwerî",فەرماندار ، سەروەری,مسطرة,"ferumandar , seruweree"
hometown,bajarê malê,باژارێ مالێ,مسقط رأس,qoch
abode,cih,جھ,مسكن,beree neevuro
abode,rûniştin,ڕوونشتن,مسكن,beree neevuro
amusing,mjîlker,مژیلکەر,مسل,mzheelker
armed,çekdar,چەكدار,مسلح,chekdar
muslim,musilman,موسلمان,مسلم,musulman
accepted,meqbûl,مەقبوول,مسلم بصحتھ,meqbûl
raw,xav,خاڤ,مسلوخ عنھ الجلد,xav
raw,xavî,خاڤی,مسلوخ عنھ الجلد,xav
raw,ne kelî,نە کەلی,مسلوخ عنھ الجلد,ne kelee
nail,bizimar,بزمار,مسمار,buzumar
nail (finger),nînuk,نینوك,مسمار,neenuk
called,gazîkrî,گازیکری,مسمي,gazeekree
draft,reşinvîs,رەشنڤیس,مسودة,reshunvees
draft,neqiş diket,نەقش دکەت,مسودة,neqush duket
pedestrian,peyader,په‌یاده‌ر,مشاة,puyader
pedestrian,piyader,پیادەر,مشاة,puyader
quarrelsome,şerfiroş,شه‌رفرۆش,مشاجرة,sherduket
participant,beşdar,به‌شدار,مشارك,beshdar
participant,pişkdar,پشکدار,مشارك,pushkdar
involvement,pêdeketin,پێده‌که‌تن,مشاركة,"têketun , pêdeketun"
involvement,têketin,تێکه‌تن,مشاركة,"têketun , pêdeketun"
participate,"pişkdar diket , beşdarî diket",پشکدار دکەت ، بەشداری دکەت,مشاركة,"pushkdar duket , beshdaree duket"
participation,pişkdarî,پشكداری,مشاركة,pushkdaree
embarrassment,şeprizebûn,شه‌پرزه‌بوون,مشاكل مالية,shepruzebûn
embarrassment,şermî,شه‌رمی,مشاكل مالية,shermee
observation,temaşekirin,ته‌ماشه‌کرن,مشاهدة,temashe krun
watching,temaşekirin,ته‌ماشه‌کرن,مشاهدة,temashe krun
suspicious,gumanbar,گومانبار,مشبوھ,gumanbar
suspect,"gumanê dibît , meşbuh",گومانێ دبیت ، مەشبوھ,مشتبھ فيھ,"gumanê dubeet , meshbuḧ"
distracted,aqilavêtî,ئاقلاڤێتی,مشتت الذهن,"dan ser, shepurze krun"
distracted,dînbuwîy,دینبوویی,مشتت الذهن,"shewshee, deenbuweey, aqlavêtee"
distracted,şewşî,شه‌وشی,مشتت الذهن,"shewshee, deenbuweey, aqlavêtee"
distracted,şeprize bûn,شەپرزە بوون,مشتت الذهن,shepruze bûn
buyer,"krrîvan, krriyar",کڕیڤان، کڕیار,مشتر,"krreevan, krruyar"
buyer,mşiterî,مشته‌ری,مشتر,mshuteree
common,asayî,ئاسایی,مشترك,aduye
common,berbelav,به‌ربه‌لاڤ,مشترك,ḧevpushuk
common,adiye,عادیە,مشترك,aduye
common,gişitî,گشتی,مشترك,gushutee
common,hevpişik,ھەڤپشك,مشترك,ḧevpushuk
joint,geh,گەھ,مشترك,geḧ
joint,hevbeş,هه‌ڤبه‌ش,مشترك,ḧevbesh
joint,hevpar,هه‌ڤپار,مشترك,ḧevpar
in common with,hevbeş,هه‌ڤبه‌ش,مشترك مع,ḧevbesh
encouraging,palididit,پالددەت,مشجع,palududut
homeless,derbeder,دەربەدەر,مشرد,derbeder
honorable,birumet,برومەت,مشرف,"berêz , burumet"
honorable,berêz,بەرێز,مشرف,"berêz , burumet"
overseer,çavdêr,چاڤدێر,مشرف,chavdêr
supervisor,serkar,سەرکار,مشرف,"mudeer , serkar"
supervisor,midîr,مدیر,مشرف,"mudeer , serkar"
bright,teysîn,تەیسین,مشرق,teyseen
bright,şewqdar,شه‌وقدار,مشرق,shewqdar
conditional,mercdar,مەرجدار,مشروط,merjdar
project,pirucediket,پروجەدكەت,مشروع,purujeduket
research project,vekulîna derçûnê,ڤەکولینا دەرچوونێ,مشروع البحث,vekleena derchûnê
bill,pisole,پسۆله‌,مشروع قانون,"lusta para , fature"
bill,fature,فاتورە,مشروع قانون,"lusta para , fature"
bill,lista para,لستا پارا,مشروع قانون,"lusta para , fature"
comb,"şe , şeh",شە ، شەھ,مشط,"she , sheḧ"
comb (v),şehkirin,شەهکرن,مشط,sheḧkrun
radiant,teysîn,تەیسین,مشع,teyseen
radiant,tîşkder,تیشكدەر,مشع,teeshkder
radiant,rewneq,ڕه‌ونه‌ق,مشع,teeshkder
busy,bi şul,ب شول,مشغول,bu shul
busy,mijîl,مژیل,مشغول,muzheel
cracked,terk,تەرك,مشقوق,terk
problem,arîşe,ئاریشە,مشكلة,areeshe
problem,mişkîle,مشكیلە,مشكلة,mushkeele
trouble,arîşe,ئاریشە,مشكلة,areeshe
trouble,têkçûn,تێکچوون,مشكلة,têkchûn
minority problem,arîşa kêmayetî,ئاریشا كێمایەتى,مشكلة الأقليات,areesha kêmayetee
paralysed,falincî,فالنجی,مشلول,falunjee
paralytic,şelal,شه‌لال,مشلول,shelal
paralytic,falincî,فالنجی,مشلول,falunjee
sunny,"sayî, tavik",سایى، تاڤک,مشمس,"sayee, tavuk"
apricot,qeysî,قەیسی,مشمش,qeysee
apricot,mjimje,مژمژە,مشمش,mzhumzhe
scene,bergeh,به‌رگه‌ھ,مشھد,bergeḧ
scene,dîmen,دیمه‌ن,مشھد,deemen
scene,meşhed,مەشھەد,مشھد,meshḧed
sight,hestê çavî,ھەستێ چاڤى,مشھد,ḧestê chavee
famous,meşhur,مەشھور,مشھور,meshḧur
famous,navdar,ناڤدار,مشھور,navdar
counsel,şîret,شیرەت,مشورة,sheeret
disorganized,"tewekel , ne lêkday",تەوەکەل ، نە لێکدای,مشوش,"tewekel , ne lêkday"
roast,birajtî,براژتی,مشوي,dubrêzht
roast,biraştin,براشتن,مشوي,dubrêzht
suck,dimêjît,دمێژیت,مص,dumêzheet
dizzy,gêj,گێژ,مصاب بدوار,gêzh
forfeit,winda kirin,وندا کرن,مصادرة,beḧre
forfeit,dorandin,دۆراندن,مصادرة,beḧre
tuition fee,kriya xandinê,کریا خاندنێ,مصاريف,kruya xandunê
lamp,gilup,گلوپ,مصباح,gulup
oil lamp,çira,چرا,مصباح الزيت,chura
flashlight,layit,لایت,مصباح يدوي,layut
root (verb),çawg,چاوگ,مصدر,chawg
source,çavkanî,چاڤکانی,مصدر,chavkanee
source,jêder,ژێدەر,مصدر,zhêder
source,serekanî,سه‌ره‌کانی,مصدر,chavkanee
muse,hizirdiket,ھزردكەت,مصدر وحي,ḧuzurduket
Egypt,misir,مسر,مصر,musur
shutter,destikî pencerî,دەستكى پەنجەرى,مصراع,destukee penjeree
banking,karê banikê,کارێ بانکێ,مصرفي,karê banukê
term,dewire,دەورە,مصطلح,"qunaẍ , dewure"
term,qunaẍ,قوناغ,مصطلح,"qunaẍ , dewure"
artificial,çêkrok,چێکرۆک,مصطنع,"chêkrok , chêkree"
artificial,çêkirî,چێکری,مصطنع,destkree
artificial,destkirî,ده‌ستکری,مصطنع,destkree
artificially,bi destkarî,ب ده‌ستکاری,مصطنع,bu destkaree
artificially,destkarkî,ده‌ستکارکی,مصطنع,destkarkee
elevator,"asansur , asansîr",ئاسانسور ، ئاسانسیر,مصعد,"asansur , asanseer"
elevator,mew'ed,مەوعەد,مصعد,mew'ed
colander,sefuk,سەفوك,مصفاة,sefuk
refinery,parizîngeha,پارزینگەھا,مصفاة,paruzeengeḧa
vaccine,perpûn,په‌رپوون,مصل,perpûn
vaccine,dermanê perpûnê,ده‌رمانێ په‌رپوونێ,مصل,dermanê perpûnê
vaccine,vaksîn,ڤاکسین,مصل,vakseen
designer,dîzayiner,دیزاینەر,مصمم,deezayuner
factory,"sazgeh, karxane",سازگه‌ھ، کارخانه‌,مصنع,"sazgeḧ, karxane"
factory,karigeh,كارگەھ,مصنع,karugeḧ
factory,me'mil,مەعمل,مصنع,me'mul
plant,"diçînt , ruwek",دچینت ، رووەك,مصنع,"ducheent , ruwek"
plant,ruwek,ڕووه‌ک,مصنع,ruwek
workbook,defter,دەفتەر,مصنف,defter
made,kir,كر,مصنوع,kr
photographer,"musawir , wêneger",موساور ، وێنەگەر,مصور,"musawur , wêneger"
affliction,bela,به‌لا,مصيبة,bela
affliction,dilêş,دلێش,مصيبة,dulêsh
affliction,derd,ده‌رد,مصيبة,derd
affliction,rezîlî,ره‌زیلی,مصيبة,rezeelee
misfortune,pêwanî,پێوانى,مصيبة,pêwanee
destiny,çarenivîs,چاره‌نڤیس,مصير,charenuvees
destiny,şans,شانس,مصير,shans
destiny,felek,فه‌له‌ک,مصير,felek
destiny,qeder,قەدەر,مصير,qeder
multiple,fire,فرە,مضاعف,fure
funny,kumêdî,كومێدى,مضحك,kmêdee
funny,keyf,کەیف,مضحك,keyf
pump,tirumpa,ترومپا,مضخة,turumpa
bat,çekçekîle,چەكچەكیلە,مضرب,chekchekeele
bat,xefaş,خەفاش,مضرب,xefash
racket,qîruqîj,قیروقیژ,مضرب تنس,qeeruqeezh
upset,mandîkirin,ماندیکرن,مضطراب,mandeekrun
disordered,sergerdan,سەرگەردان,مضطرب,sergerdan
disorderly,bê rêk û pêk,بێ رێک و پێک,مضطرب,"bê ser û ber , bê rêk û pêk"
disorderly,bê ser û ber,بێ سەر و بەر,مضطرب,"bê ser û ber , bê rêk û pêk"
troubled,têkçûyî,تێکچوویی,مضطرب,purker
chew,benîşit cîtin,بەنیشت جیتن,مضغ,"mêzan , 'elk jeetun , beneeshut jeetun"
chew,cut,جوت,مضغ,jt
chew,elk cîtin,عەلك جیتن,مضغ,"mêzan , 'elk jeetun , beneeshut jeetun"
chew,mêzan,مێزان,مضغ,"mêzan , 'elk jeetun , beneeshut jeetun"
misleading,xapînuk,خاپینوك,مضلل,xapeenuk
host,mêvanxane,مێڤانخانە,مضيف,mêvanxane
steward,brîkar,بریکار,مضيف,"breekar, serkar, kardar"
steward,serkar,سه‌رکار,مضيف,"breekar, serkar, kardar"
steward,kardar,کاردار,مضيف,"breekar, serkar, kardar"
identical,wekiyek,وەكیەك,مطابق,wekyek
airport,firukexane,فروكەخانە,مطار,furukexane
airport,firokgeh,فرۆکگەھ,مطار,furukexane
chase,dwîf dikevit,دویف دكەڤت,مطاردة,dweef dukevut
chase,rahêlan,ڕاهێلان,مطاردة,raḧêlan
chase,nêçîr,نێچیر,مطاردة,nêcheer
chase after,bikeve pêy~,بکەڤە پێی~,مطاردة,bukeve pêy~
chase after,ketin pêy~,کەتن پێی~,مطاردة,ketun pêy~
hunt,nêcîr,نێجیر,مطاردة,nêjeer
hunt,nêçîr kirin,نێچیر کرن,مطاردة,nêcheer krun
pursuit,dîvketin,دیڤكەتن,مطاردة,deevketun
rubber,metat,مەتات,مطاط,metat
elastic Brace,lastîk,لاستیك,مطاطا تستجمع قواھا,lasteek
claim,amaje kirin,ئاماژه‌ کرن,مطالبة,"ḧêz, buzuree"
claim,îda kirin,ئیدا کرن,مطالبة,daxwazduket
claim,daxwaz kirin,داخواز کرن,مطالبة,daxwazduket
kitchen,metibex,مەتبەخ,مطبخ,metubex
mill,aş,ئاش,مطحنة,ash
rain,baran,باران,مطر,baran
singer,stiran bîj,ستران بیژ,مطرب,sturan beezh
hammer,çekîç,چەكیچ,مطرقة,chekeech
restaurant,xwarin geh,خوارنگەھ,مطعم,xwarun geḧ
extinguisher,vemirker,ڤه‌مرکه‌ر,مطفأة,vemurker
utter,beḧis kirin,به‌حس کرن,مطلق كلى كامل,gotun
utter,tev,ته‌ڤ,مطلق كلى كامل,temam
utter,temam,ته‌مام,مطلق كلى كامل,temam
utter,deng kirin,ده‌نگ کرن,مطلق كلى كامل,deng krun
utter,gotin,گۆتن,مطلق كلى كامل,gotun
obedient,guhdar,گوھدار,مطيع,guḧdar
demonstration,"xupîşandan , xupêşandan",خوبیشاندان ، خۆپیشاندان,مظاھرة,"xupeeshandan , xupêshandan"
parachute,paraşut,پاراشوت,مظلة,parashut
umbrella,seywan,سەیوان,مظلة,seywan
oppressed,tengav,تەنگاڤ,مظلوم,tengav
appearance,xuyang,خویانگ,مظھر,xuyang
appearance,diyarbun,دیاربون,مظھر,duyarbun
appearance,dîmen,دیمەن,مظھر,deemen
appearance,ji serve,ژ سه‌رڤه‌,مظھر,shêwe
appearance,serve,سه‌رڤه‌,مظھر,shêwe
appearance,şêwe,شێوه‌,مظھر,shêwe
with,digel,دگەل,مع,dugel
associate with,têkheliya ... diket,تێكهەلیا ... دکەت,مع المنتسبين,têkḧeluya ... duket
tantamount,"temet, hevber",ته‌مه‌ت، هه‌ڤبه‌ر,معادل,"temet, ḧevber"
equation,hevsengî,هه‌ڤسه‌نگی,معادلة,lakeeshe
equation,hevkêşe,هه‌ڤکێشه‌,معادلة,lakeeshe
equation,wekhevî,وه‌کهه‌ڤی,معادلة,lakeeshe
forbid,qedeẍe diket,قەدەغە دكەت,معاذ,qedeẍe duket
dissent,cuda bûn,جودا بوون,معارضة,"numure , bu qedur , bu nurux"
dissent,cudahî,جوداهی,معارضة,"numure , bu qedur , bu nurux"
dissent,veqetîn,ڤه‌قه‌تین,معارضة,"numure , bu qedur , bu nurux"
dissent,qebûl nekirin,قه‌بوول نه‌کرن,معارضة,"numure , bu qedur , bu nurux"
opposition,beramberî,بەرامبەری,معارضة,beramberee
opposition,dijayetî,دژایەتى,معارضة,duzhayetee
opposition,nakokî,ناکۆکی,معارضة,duzhayetee
pension,xanenişînî,خانه‌نشینی,معاش,xanenusheenee
pension,malnişînî,مالنشینی,معاش,malnusheenee
pension,mûçê xanenşînan,مووچێ خانه‌نشینان,معاش,mûchê xanensheenan
contemporary,hemdem,هەمدەم,معاصر,ḧemdem
contemporary,nûjen,ووژەن,معاصر,nûzhen
disabled,seqet,سه‌قه‌ت,معاق,keftee
disabled,kêmendam,کێمه‌ندام,معاق,kêmendam
disabled,guroc,گورۆج,معاق,keftee
disabled,linger,لنگه‌ر,معاق,keftee
handicapped,pekkeftî,په‌ککه‌فتی,معاق,pekkeftee
handicapped,"seqet, linger",سه‌قه‌ت، لنگه‌ر,معاق,"seqet, lunger, kêmendam"
handicapped,kêmendam,کێمه‌ندام,معاق,"seqet, lunger, kêmendam"
punish,ceza kirin,جه‌زا کرن,معاقبة,jeza krun
punish,siza dan,سزا دان,معاقبة,suza dan
sanctioning,sizadan,سزادان,معاقبة,pesend
sanctioning,mieyîde,مه‌ییده‌,معاقبة,pesend
processing,xebitandin,خه‌بتاندن,معالجة,xebutandun
treating,sazandin,سازاندن,معالجة,sazandun
suffering,azarkêşan,ئازارکێشان,معاناة,azarkêshan
suffering,tengavî,تەنگاڤی,معاناة,tengavee
suffering,derd,ده‌رد,معاناة,derd
treaty,peyman name,پەیماننامە,معاھدة,peyman name
preview,pêşdîtin,پێشدیتن,معاينة,"pêshdeetun, pêshzêrevanee"
preview,pêşzêrevanî,پێشزێره‌ڤانی,معاينة,"pêshdeetun, pêshzêrevanee"
usual,asayî,ئاسایی,معتاد,asayee
usual,adî ye,عادی یە,معتاد,adee ye
smug,brîk wbîk,بریك وبیك,معتد بنفسھ,breek wbeek
mild,fînik,فینك,معتدل,feenuk
moderate,sivk diket,سڤك دكەت,معتدل,suvk duket
summer retreat,havîngeh,هاڤینگه‌ھ,معتكف الصيف,ḧaveengeḧ
admire,gelek rêz girtin,گه‌له‌ک ڕێز گرتن,معجب,gelek rêz gurtun
admire,heyran bûn,هه‌یران بوون,معجب,ḧeyran bûn
miracle,derhoze,ده‌رهۆزه‌,معجزة,"ḧunêr, derḧoze"
miracle,ecêbî,عەجێبى,معجزة,ejêbee
miracle,keramet,که‌رامه‌ت,معجزة,"ḧunêr, derḧoze"
miracle,mucîze,موجیزه‌,معجزة,mujeeze
miracle,hinêr,هنێر,معجزة,"ḧunêr, derḧoze"
toothpaste,me'cunê didana,مەعجونێ ددانا,معجون أسنان,me'jnê dudana
sesame paste,"tehîn, teḧîn",ته‌هین، ته‌حین,معجون السمسم,"teḧeen, teḧeen"
contagious,vegir,ڤه‌گر,معد,vegur
equipment,cîhaz,جیھاز,معدات,jeeḧaz
stomach,mayde,مایدە,معدة,mayde
rate,buha,بوھا,معدل,buḧa
rate,"rêje, têkra",رێژه‌، تێکرا,معدل,"rêzhe, têkra"
mortality,nemînî,نه‌مینی,معدل الوفيات,nemeenee
metal,kanza,کانزا,معدن,mêreetal
metal,maden,ماده‌ن,معدن,mêreetal
metal,mêrîtal,مێریتال,معدن,mêreetal
mineral,maden,مادەن,معدن,maden
metallic,kanzayî,کانزایی,معدني,kanee
exhibition,pêşangeha,پێشانگەھا,معرض,pêshangeḧa
fair,dadperwer,دادپه‌روه‌ر,معرض,"adul, dadmend, dadperwer"
fair,dadmend,دادمه‌ند,معرض,"adul, dadmend, dadperwer"
ID,cinsî,جنسی,معرف,jnsee
ID,hewî,هەوی,معرف,ḧewee
acquaintance,aşnayî,ئاشنایی,معرفة,"nuyas, nasee"
acquaintance,nasiyar,ناسیار,معرفة,nasuyar
acquaintance,"niyas, nasî",نیاس، ناسی,معرفة,"nuyas, nasee"
knowledge,dizanîn,دزانین,معرفة,duzaneen
knowledge,zanyarî,زانیاری,معرفة,zanyaree
knowledge,zanîn,زانین,معرفة,duzaneen
literacy,dxwînt û dinivêst,دخوینت و دنڤێست,معرفة القراءة والكتابة,dxweent û dunuvêst
veiny,rehî,ڕه‌هی,معرق,reḧee
battle,"tê koşîn, lebikîn, xebitîn",تێ کۆشین، له‌بکین، خه‌بتین,معركة,"tê kosheen, lebukeen, xebuteen"
battle,şer,شەر,معركة,sher
well-known,bernas,به‌رناس,معروف,berunyas
well-known,navdar,ناڤدار,معروف,navdar
isolated,cudakirî,جوداکری,معزول,jdakree
winepress,mehser,مه‌هسه‌ر,معصرة,meḧser
winepress,wîsle,ویسله‌,معصرة,weesle
wrist,"zend , dest",زه‌ند ، دەست,معصم,"zend , dest"
dilemma,dûdilî,دوودلی,معضلة,shurovekrun
dilemma,dûrriyan,دووڕیان,معضلة,shurovekrun
dilemma,dîlema,دیله‌ما,معضلة,shurovekrun
dilemma,warta,وارتا,معضلة,shurovekrun
coat,qapût,قاپووت,معطف,"qapeet, qapût"
coat,qapît,قاپیت,معطف,"qapeet, qapût"
overcoat,qapît,قاپیت,معطف,qapeet
fur coat,kurk,کورک,معطف فرو,krk
raincoat,çakêtî baranê,چاكێتى بارانێ,معطف واق من المطر,chakêtee baranê
complicated,aloz,ئالۆز,معقد,aloz
intricate,aloz,ئالۆز,معقد,aloz
intricate,tevlihev,ته‌ڤلهه‌ڤ,معقد,tevluḧev
stronghold,"asêgeh, kele",ئاسێگه‌ه، که‌له‌,معقل,"asêgeḧ, kele"
sterile,stewir,سته‌ور,معقم,stewur
sterilizer,paqijker,پاقژکه‌ر,معقم,paquzhker
rational,beraqil,به‌راقل,معقول,gushutee
rational,rasiyonel,ڕاسیۆنه‌ل,معقول,rasuyonel
rational,rêjeyî,ڕێژه‌یی,معقول,rêzheyee
reasonable,beraqil,بەرئاقل,معقول,beraqul
inverse,beruvajî,بەروڤاژى,معكوس,beruvazhee
manger,afirr,ئافڕ,معلف,"ḧafurree , afurr"
manger,hafirrî,هافڕی,معلف,"ḧafurree , afurr"
executing,sêdaredan,سێداره‌دان,معلق,sêdaredan
hanging,darxistin,دارخستن,معلق,darxustun
hanging,daleqandin,داله‌قاندن,معلق,daleqandun
hanging,sêdaredan,سێداره‌دان,معلق,sêdaredan
pendent,şur,شور,معلق,shur
suspended,helawîstî,هه‌لاویستی,معلق,ḧelaweestee
milestone,nîşanek girîng,نیشانه‌ک گرینگ,معلما,nefes
declared,ragehandin,ڕاگەھاندن,معلن,rageḧandun
information,"agahî, agadarî",ئاگاهی، ئاگاداری,معلومات,"agaḧee, agadaree"
information,pêzanîn,پێزانین,معلومات,pêzaneen
information,zanyarî,زانیاری,معلومات,zanyaree
about us,"derbarê me, derbareyi me",دەربارێ مە، دەربارەى مە,معلومات عنا,"derbarê me, derbareyu me"
meaning,raman,رامان,معنى,raman
meaning,mane,مانە,معنى,"mane , wate"
meaning,wate,واته‌,معنى,"mane , wate"
institute,peymanikeh,پەیمانكەھ,معھد,peymanukeḧ
aid,yarimetî der,یارمەتى دەر,معونة,yarumetee der
norm,asa,ئاسا,معيار,asa
norm,rêbaz,رێباز,معيار,rêbaz
standard,"seng , baw , pîvane",سەنگ ، باو ، پیڤانە,معيار,"seng , baw , peevane"
departure,birêketin,برێکه‌تن,مغادرة,karuwanee
departure,derketin,ده‌رکه‌تن,مغادرة,karuwanee
departure,kar wanî,كاروانى,مغادرة,karuwanee
departure,weẍerkirin,وه‌غه‌رکرن,مغادرة,karuwanee
adventure,serigerimî,سەرگەرمى,مغامرة,serugerumee
tempting,palididit,پالددەت,مغر,palududut
fond,dilidare,دلدارە,مغرم,duludare
laundry,balavxanî,بالاڤخانى,مغسلة,balavxanee
laundry,cilşoxane,جلشۆخانه‌,مغسلة,jlshoxane
forgiveness,burîn,بورین,مغفرة,bureen
enclosed,hevpêç,هه‌ڤپێچ,مغلق,duzhee
boiled,dikelît,دكەلیت,مغلي,dukeleet
magnet,mugnatîs,موگناتیس,مغناطيس,mugnatees
surprise,seyre,سەیرە,مفاجأة,seyre
surprise,mifac',مفاجع,مفاجأة,mufaj'
surprise,nişkekêve,نشکەکێڤە,مفاجأة,nushkekêve
key,kilîl,كلیل,مفتاح,kleel
spanner,spane,سپانه‌,مفتاح البراغي,spane
spanner,vekok,ڤه‌کۆک,مفتاح البراغي,vekok
wrench,renc,رەنج,مفتاح الربط,"rence , spanee bucheek"
wrench,spanî biçîk,سپانی بچیك,مفتاح الربط,"rence , spanee bucheek"
inspector,pişkîner,پشکینه‌ر,مفتش,pushkeener
inspector,teftîşkirin,تەفتیشكرن,مفتش,tefteeshkrun
singular,"ket , tak",کەت ،  تاک,مفرد,"ket , tak"
hinge,reze,رەزە,مفصل,reze
detailed,"hiwîr,  bi hiwîrî",هویر،  ب هویری,مفصلة,"ḧuweer,  bu ḧuweeree"
favorite,êyi pêşitir,ێى پێشتر,مفضل,êyu pêshutur
preferable,heviyazbar,ھەڤیازبار,مفضل,ḧevuyazbar
missing,berize,بەرزە,مفقود,beruze
bankrupt,babidest,بابده‌ست,مفلس,babudest
bankrupt,bê pare,بێ پارە,مفلس,bê pare
bankrupt,malketî,مالکه‌تی,مفلس,malketee
comprehensible,fêm kirin,فێم کرن,مفهومة,fêm krun
concept,têgeh,تێگه‌ھ,مفھوم,têgeḧ
concept,mefhûm,مه‌فهووم,مفھوم,mefḧûm
concept,hizir,ھزر,مفھوم,ḧuzur
beneficial,mifadar,مفادار,مفيد,mufadar
useful,bikêr,بکێر,مفيد,"kêrḧatee, bukêr, bumfa"
useful,bimifa,بمفا,مفيد,"kêrḧatee, bukêr, bumfa"
useful,kêrhatî,کێرهاتی,مفيد,"kêrḧatee, bukêr, bumfa"
useful,mifadar,مفادار,مفيد,mufadar
opposite,dijber,دژبه‌ر,مقابل,duzhber
opposite,"dijî êk , pêçewane",دژی ئێك ، پێچەوانە,مقابل,"duzhee êk , pêchewane"
opposite,miqabil,مقابل,مقابل,muqabul
opposite from,meqabile,مەقابلە,مقابل,meqabule
interview,çav pêkeftin,چاڤ پێکەفتن,مقابلة,"chav pêkeftun , lê puruseen"
interview,dîdar,دیدار,مقابلة,"chav pêkeftun , lê puruseen"
interview,lê pirisîn,لێ پرسین,مقابلة,"chav pêkeftun , lê puruseen"
interview,hevpeyivîn,هه‌ڤپه‌یڤین,مقابلة,ḧevpeyuveen
fighter,şervan,شە‌رڤان,مقاتل,shervan
approach,nêrîn,نێرین,مقاربة,neezeek dubut
approach,nêzîk bûn,نێزیک بوون,مقاربة,neezeek dubut
comparing,hevberkirin,هه‌ڤبه‌رکرن,مقارنة,ḧevberkrun
comparison,hevberkirin,هه‌ڤبه‌رکرن,مقارنة,ḧevberee
comparison,hevberî,ھەڤبەری,مقارنة,ḧevberee
county,qeza,قه‌زا,مقاطعة,qeza
county,nahiye,ناهیه‌,مقاطعة,naḧuye
province,eyalet,ئه‌یاله‌ت,مقاطعة,eyalet
province,parêzgeh,پارێزگه‌ھ,مقاطعة,parêzgeḧ
province,wîlayet,ویلایه‌ت,مقاطعة,weelayet
essay,gotar,گۆتار,مقال,gotar
article,amiraz,ئامراز,مقالة,"amuraz , veqetandek"
article,pirtik,پرتک,مقالة,purtuk
article,cur,جور,مقالة,jr
article,veqetandek,ڤە‌قە‌تاندەک,مقالة,"amuraz , veqetandek"
article,meqale,مەقالە,مقالة,meqale
article,"nivîsar, gotar",نڤیسار، گۆتار,مقالة,"nuveesar, gotar"
gambler,qumarçî,قومارچی,مقامر,qumarchee
contractor,qunterçî,قونتەرچى,مقاول,qunterchee
resistance,berxwedan,به‌رخوه‌دان,مقاومة,berxwedan
resistance,berxodan,به‌رخۆدان,مقاومة,berxodan
resistant,bergîr,به‌رگیر,مقاومة,bergeer
barter,berdêl,به‌ردێل,مقايضة,suz dudet
scale,terazû,ته‌رازوو,مقاييس,terazû
scales,teraziyek,ته‌رازیه‌ک,مقاييس,terazuyek
cemetery,gorstan,گۆرستان,مقبرة,gorstan
cemetery,merqed,مەرقەد,مقبرة,merqed
graveyard,gurstan,گورستان,مقبرة,gurstan
handle,destik,دەستک,مقبض,destuk
knob,destikî derigehî,دەستكى دەرگەھى,مقبض الباب,destukee derugeḧee
appetizer,dil veker,دلڤه‌كه‌ر,مقبلات,dul veker
held,girît,گریت,مقبوض,gureet
acceptable,hejî razî bûnê,ھەژى رازیبوونێ,مقبول,ḧezhee razee bûnê
borrower,deyindar,دەیندار,مقترض,deyundar
amount,eded,ئه‌ده‌د,مقدار,chendanee
predestined,li berahiyê dest nîsan kirin,ل بەراهیێ دەست نیسان کرن,مقدر,lu beraḧuyê dest neesan krun
Holy,pîroz,پیرۆز,مقدس,peeroz
sacred,pîroz,پیرۆز,مقدس,peeroz
sacred,mibarek,مباره‌ک,مقدس,mubarek
sacred,miqedes,مقه‌ده‌س,مقدس,muqedes
presenter,pêşkêşker,پێشکێشکەر,مقدم,pêshkêshker
in advance,berwext,به‌روه‌خت,مقدما,berwext
in advance,pêşve,پێشڤه,مقدما,pêshve
in advance,li pêş,ل پێش,مقدما,lu pêsh
introduction,daneniyasîn,دانەنیاسین,مقدمة,"danenuyaseen , nasandun"
introduction,nasandin,ناساندن,مقدمة,"danenuyaseen , nasandun"
preface,bîşekî,بیشەكى,مقدمة,"beeshekee , pêshgotun"
preface,pêşgotin,پێشگۆتن,مقدمة,"beeshekee , pêshgotun"
headquarters,baregeh,باره‌گه‌ھ,مقر,baregeḧ
nasty,serêş,سەرئێش,مقرف,serêsh
legible,xwendibar,خوەندبار,مقروء,xwendubar
disgusting,pelos,په‌لۆس,مقزز,pelos
scissors,meqes,مەقەس,مقص,meqes
distilled,parzinandin,پارزناندن,مقطر,parzunandun
bench,textebend,ته‌خته‌به‌ند,مقعد,"reḧule, kerreweet"
bench,"reḧile, kerrewît",رەحلە، کەڕەویت,مقعد,"reḧule, kerreweet"
unlocked,vekir,ڤەكر,مقفلة,vekr
pan,sênîk,سێنیك,مقلاة,sêneek
pan,qazan,قازان,مقلاة,qazan
eyeball,bîbîka çavî,بیبیكا چاڤى,مقلة العين,beebeeka chavee
quarry,kevir,كەڤر,مقلع,kevur
worrying,xemxwarin,خه‌مخوارن,مقلق,xemxwarun
worrying,şeprizebûn,شه‌پرزه‌بوون,مقلق,shepruzebûn
coffee shop,çayê xane,چایێ خانە,مقهى,chayê xane
rectifier,rastker,ڕاستکه‌ر,مقوم,rastker
rectifier,redresor,ڕه‌دره‌سۆر,مقوم,redresor
gauge,pîvan,پیڤان,مقياس,peevan
gauge,pîver,پیڤه‌ر,مقياس,peever
meter,pîvan,پیڤان,مقياس,peevan
meter,pîver,پیڤه‌ر,مقياس,peever
scale,pîlek,پیلەك,مقياس,peelek
scale,mîzan,میزان,مقياس,peelek
standard,pîver,پیڤه‌ر,مقياس,peever
standard,rade,ڕاده,مقياس,rade
standard,rêzan,ڕێزان,مقياس,rade
economies of scale,abûrê qebaredar,ئابوورێ قەبارەدار,مقياس اقتصادي,abûrê qebaredar
bound,ast,ئاست,مقيد,ast
constrained,qeydkirî,قه‌یدکری,مقيدة,eempuraturuyet
resident,cihê akincîbunê,جھێ ئاكنجیبونێ,مقيم,jḧê aknjeebunê
reward,padaş,پاداش,مكافأة,padash
reward,padaşit,پاداشت,مكافأة,padashut
reward,xelat,خەلات,مكافأة,xelat
call,ba kirin,با کرن,مكالمة,gazee krun
call,bang kirin,بانگ کرن,مكالمة,gazee krun
call,bangewazî kirin,بانگه‌وازی کرن,مكالمة,gazee krun
call,telefon kirin,ته‌له‌فۆن کرن,مكالمة,gazee krun
call,gazî kirin,گازى كرن,مكالمة,gazee krun
call,hewar kirin,هه‌وار کرن,مكالمة,gazee krun
place,cih,جھ,مكان,"jḧe , dever , shun"
place,"dever , şun",دەڤەر ، شون,مكان,"jḧe , dever , shun"
hiding place,cihekî emîn,جھەکی ئەمین,مكان إختباء,jḧekee emeen
hiding place,cihekî veşaritî,جھەکی ڤەشارتی,مكان إختباء,jḧekee vesharutee
place of trading,navend,ناڤەند,مكان التداول,navend
Holy place,pîrozgeh,پیرۆزگەھ,مكان مقدس,peerozgeḧ
the Holy Place,pîrozgeh,پیرۆزگەھ,مكان مقدس,peerozgeḧ
loudspeaker,bilind gu,بلند گو,مكبر الصوت,bulund gu
piston,pestên,پەستێن,مكبس,pestên
Mecca,mekeh,مه‌کەھ,مكة المكرمة,mekeḧ
bureau,komedîn,کۆمەدین,مكتب,komedeen
desk,meq'ed,مەقعەد,مكتب,meq'ed
desk,mêze,مێزه‌,مكتب,mêze
office,dayire,دائیرە,مكتب,dayure
office,dezgeh,دەزگەھ,مكتب,dezgeḧ
office,nivêsîngeh,نڤێسینگەھ,مكتب,nuvêseengeḧ
table,mêz,مێز,مكتب,mêz
residence office,nivîsîngeha akincî bun,نڤیسینگەھا ئاکنجی بون,مكتب الإقامة,nuveeseengeḧa aknjee bun
post Office,berîd,بەرید,مكتب البريد,bereed
post Office,postexane,پۆسته‌خانه‌,مكتب البريد,postexane
post Office,rêveberîya pusteyi gehandin,رێڤەبەرییا پوستەی گە‌ھاندن,مكتب البريد,rêvebereeya pusteyu geḧandun
bookshop,"pertûkxane, mektebe",په‌رتووکخانه‌، مه‌کته‌به‌,مكتبة,"pertûkxane, mektebe"
bookstore,"pertûkxane, mektebe",په‌رتووکخانه‌، مه‌کته‌به‌,مكتبة,"pertûkxane, mektebe"
library,perîtukxane,پەریتوكخانە,مكتبة,pereetukxane
subscriber,abone,ئابۆنه‌,مكتتب,abone
subscriber,"beşdar, xerîdar",به‌شدار، خه‌ریدار,مكتتب,"beshdar, xereedar"
craftiness,delik,دەلك,مكر,deluk
craftiness,fêlbazî,فێلبازی,مكر,deluk
duplicate,duqetî kirin,دوقه‌تی کرن,مكرر,ḧev
duplicate,dûbarekirin,دووباره‌کرن,مكرر,dûbarekrun
dedicated,terixanikirî,تەرخانكرى,مكرسة,teruxanukree
cube,şeş palo,شەش پالۆ,مكعب,"shesh gushe , shesh palo"
cube,şeş guşe,شەش گوشە,مكعب,"shesh gushe , shesh palo"
expensive,giran,گران,مكلفة,guran
broom,gêsk,گێسک,مكنسة,gêsk
broom,melkes,مه‌لکه‌س,مكنسة,melkes
broom and dustpan,gêsk û merk,گێسک و مەرک,مكنسة ومجرود,gêsk û merk
clothes,cil û berig,جل و بەرگ ، پەرک,ملابس,jl û berug
clothes,"cilk , ḧecîkince",جلك ، حەجیکنجە,ملابس,"jlk , ḧejeeknje"
dress,"cil, libas",جل، لباس,ملابس,"jl, lubas"
dress,kiras,کراس,ملابس,kras
garment,qumaş,قوماش,ملابس,qumash
garment,"kiras, cil, libas",کراس، جل، لباس,ملابس,"kras, jl, lubas"
swimsuit,cilkêt melevaniya,جلكێت مەلەڤانیا,ملابس السباحة,jlkêt melevanuya
sleep wear,"xu şeland ,  bêcamekrî",خو شەلاند، بێجامەکری,ملابس النوم,"xu sheland ,  bêjamekree"
your clothes are beautiful,cilkêt te diciwanin,جلکێت تە دجوانن,ملابسك جميلة,jlkêt te dujwanun
navigation,deryagerî,دەریاگەرى,ملاحة,deryageree
note,nîşan diket,نیشان دكەت,ملاحظة,neeshan duket
observation,çavdêrî,چاڤدێری,ملاحظة,zêrevanee
observation,zêrevanî,زێرەڤانى,ملاحظة,zêrevanee
malaria,melariya,مه‌لاریا,ملاريا,melaruya
malaria,melariya,مەلاریا,ملاريا,melaruya
lieutenant,efserê êk stêr,ئەفسەرێ ئێك ستێر,ملازم,efserê êk stêr
tweezers,mîçînk,میچینك,ملاقيط,meecheenk
angel,firrîşte,فڕیشته‌,ملاك,furreeshte
angel,"melek, melayket",مه‌له‌ک، مه‌لایکه‌ت,ملاك,"melek, melayket"
refuge,kelh,کەلھ,ملجأ,kelḧ
salt,xê,خێ,ملح,xê
atheist,xudênenas,خودێنه‌ناس,ملحد,shêwaz
atheist,milhid,ملهد,ملحد,shêwaz
appendix,"rîvîka kure , msiran",ریڤیكا كورە ، مسران,ملحق,"reeveeka kre , msuran"
marked,nîşanikirî,نیشانكرى,ملحوظ,neeshanukree
notable,hejî gutinê ye,ھەژى گوتنێ یە,ملحوظة,ḧezhee gutunê ye
abstract,cuda diket,جودادکەت,ملخص,jda duket
abstract,xwasdar,خواسدار,ملخص,xwasdar
abstract,razber,ڕازبه‌ر,ملخص,razber
summary,puxte,پوخته‌,ملخص,puxte
summary,korîtibîn,کۆریتبین,ملخص,koreetubeen
abstracts,hest kirin,ھەستكرن,ملخصات,ḧest krun
obliged to,mecbur,مەجبور,ملزم الى,mejbur
obligated to,deyindar,دەیندار,ملزمة,deyundar
label,kemçe,كەمچە,ملصق,kemche
playground,meydan,مەیدان,ملعب,meydan
tablespoon,kefçkê xwarinê,که‌فچکێ خوارنێ,ملعقة طعام,kefchkê xwarunê
file,fayl,فایل,ملف,fayl
clothes pin,sinceq,سنجاق,ملقط الغسيل,sunjeq
king,paşa,پاشا,ملك,pasha
king,melîk,مەلیك,ملك,meleek
reign,serdarî,سه‌رداری,ملك,serdaree
reign,serwerî,سه‌روه‌ری,ملك,serweree
reign,hukimdarî,هوکمداری,ملك,ḧukmdaree
reign (v),paşatiyê...kirin,پاشاتیێ...کرن,ملك,pashatuyê...krun
reign (v),serdarî kirin,سه‌رداری کرن,ملك,"serdaree krun , serweree krun"
reign (v),serwerî kirin,سه‌روه‌ری کرن,ملك,"serdaree krun , serweree krun"
whose,yê kê,یێ کێ,ملك من,yê kê
queen,şabanî,شابانی,ملكة,shabanee
queen,şahjin,شاھژن,ملكة,shaḧzhun
queen,qralîçe,قرالیچه,ملكة,qraleeche
queen,melîke,مەلیكە,ملكة,meleeke
miss (get lost),"berza bûn , berze bûîn",بەرزا بوون ، بەرزە بوین,ملكة جمال,"berza bûn , berze bûeen"
kingdom of God,paşayetiya xudê,پاشایەتیا خودێ,ملكوت اللھ,pashayetuya xudê
royal,"qralî, melikî",قرالی، مه‌لکی,ملكي,"qralee, melukee"
royal,"mîrane, paşayî",میرانه‌، پاشایی,ملكي,"meerane, pashayee"
possession,mulkên,مولکێن,ملكية,mulkên
royalty,dilsozî,دلسۆزی,ملكية,dulsozee
royalty,qralîtî,قرالیتی,ملكية,qraleetee
polluted,herimî,هه‌رمی,ملوث,têkdan
contaminated,qirêjkirin,قرێژکرن,ملوثة,qurêzhkrun
saltiness,swîratî,سویراتی,ملوحة,dereje
saltiness,swîrkirin,سویرکرن,ملوحة,dereje
colorful,reng û reng,رەنگ و رەنگ,ملون,"rengeen , reng û reng"
colorful,rengîn,رەنگین,ملون,"rengeen , reng û reng"
"1,000,000,000",milyar,ملیار,مليار,mulyar
milliard,miliyar,ملیار,مليار,muluyar
"1,000,000",milyon,ملیون,مليون,mulyon
million,meliyun,مەلیون,مليون,meluyun
similar,heman,هه‌مان,مماثل,ḧeman
similar,herwek,ھەروەك,مماثل,ḧerwek
similar,wek hev,وەك ھەڤ,مماثل,wek ḧev
exercise,temirîn,تەمرین,ممارسة,temureen
exercise,rahêna,راھێنا,ممارسة,raḧêna
exercise,meşiqkirin,مەشقكرن,ممارسة,meshuqkrun
practice,pratîk,پراتیک,ممارسة,prateek
practice,temaşekirin,ته‌ماشه‌کرن,ممارسة,raḧênan
practice,temirîn,ته‌مرین,ممارسة,temureen
practice,rahênan,ڕاهێنان,ممارسة,raḧênan
practise (v),temirîn,تەمرین,ممارسة,"meshqkrun , temureen"
practise (v),meşiqkirin,مەشقكرن,ممارسة,"meshqkrun , temureen"
procrastination,"grûkirin, paşdeavêtin",گرووکرن، پاشده‌ئاڤێتن,مماطلة,"grûkrun, pashdeavêtun"
excellent,gelek baş,گه‌له‌ک باش,ممتاز,"gelek bash, ḧerebash"
excellent,nayabe,نایابە,ممتاز,nayabe
excellent,herebaş,هه‌ره‌باش,ممتاز,"gelek bash, ḧerebash"
super,"nayabe, gelek mezine",نایابە ، گەلەک مەزنە,ممتاز,"nayabe, gelek mezune"
interesting,"seyir , dil gîrîtin",سەیر ، دل گیریتن,ممتع,"seyur , dul geereetun"
property,saman,سامان,ممتلكات,saman
property,semiyan,سه‌میان,ممتلكات,semyan
property,milk,ملک,ممتلكات,mulk
grateful,spasdar,سپاسدار,ممتن,spasdar
actress,lîstikvana jin,لیستکڤانا ژن,ممثلة,mumesul
eraser,misaḧe,مساحە,ممحاة,musaḧe
aisle,memerît,مەمەریت,ممر,memereet
pathway,rarew,رارەو,ممر,rarew
trail,şop,شۆپ,ممر المشاة,shop
nurse,berdest,به‌رده‌ست,ممرضة,berdest
nurse,dadik,دادک,ممرضة,"ketun , daween"
nurse,dadok,دادۆک,ممرضة,"ketun , daween"
nurse,sistêr,سستێر,ممرضة,sustêr
nurse,mimird,ممرد,ممرضة,mumurd
nurse (v),"mêjandin , tîmar kirin",مێژاندن ، تیمار کرن,ممرضة,"mêzhandun , teemar krun"
nurse (male),mizemd,مزەمد,ممرضة (الذكور),muzemd
mop,malîn,مالین,ممسحة,rêsh krun
possible,berdest,به‌رده‌ست,ممكن,belkee
possible,belkî,بەلكى,ممكن,belkee
possible,pêkan,پێکان,ممكن,belkee
possible,karit,کارت,ممكن,karut
imaginable,xeyal,خه‌یال,ممكن تخيله,xeyal
boring,bêzar,بێزار,ممل,bêzar
boring,"diltengker, aczker",دلته‌نگکه‌ر، ئاجزکه‌ر,ممل,"dultengker, ajzker"
dull,sawîlk,ساویلك,ممل,saweelk
kingdom,paşayetî,پاشایەتی,مملكة,pashayetee
kingdom,memileket,مەملەكەت,مملكة,memuleket
owned,hebî,ھەبى,مملوكة,ḧebee
forbidden,ḧeram,قەدغە,ممنوع,ḧeram
forbidden,qedẍe,قەدغە,ممنوع,qedẍe
no talking,bê axftin,بێ ئاخفتن,ممنوع التكلم,bê axftun
distinctive,bijarker,بژارکه‌ر,مميز,buzharker
distinctive,cudaker,جوداکه‌ر,مميز,jdaker
distinctive,veqetîner,ڤه‌قه‌تینه‌ر,مميز,veqeteener
from,ji,ژ,من,zhu
whoever,ḧeçî,حەچی,من,ḧechee
whoever,kîş,کیش,من,keesh
whom,kî,کی,من,kee
whom,kê,کێ,من,kê
for the sake of,ji pêxemet,ژ پێخه‌مه‌ت,من أجل خاطر,zhu pêxemet
for the sake of,sexmeratî,سه‌خمه‌راتی,من أجل خاطر,sexmeratee
Who told you?,kê gote te?,کێ گۆتە تە؟,من أخبرك؟,kê gote te?
Where are you from?,to xelkê kîrêy?,تۆ خەلكێ كیرێی؟,من أي بلد أنت؟,to xelkê keerêy?
from now on,êdî,ئێدی,من الان فصاعدا,êdee
out of mind,têkçuwî,تێکچووی,من العقل,têkchuwee
certainly,"bêguman, helbet",بێگومان، هه‌لبه‌ت,من المؤكد,"bêguman, ḧelbet"
comforting,rehetkirin,ڕه‌هه‌تکرن,من المريح,keyf xushee
comforting,keyf xuşî,کەیف خوشی,من المريح,keyf xushee
be important,"ḧewce bîn , kêr hatin",حەوجە بین ، کێر ھاتن,من المھم,"ḧewce been , kêr ḧatun"
legally,yasayî,یاسایى,من الناحية القانونية,yasayee
from each other,jêk,ژێك,من بعضهما البعض,zhêk
among,di nav ... da,د ناڤ ... دا,من بين,du nav ... da
among,dinav bera,دناڤبەرا,من بين,dunav bera
spontaneous,bi xwe,ب خوه‌,من تلقاء نفسها,bu xwe
spontaneous,ji xwe ber,ژ خوه‌ به‌ر,من تلقاء نفسها,zhu xwe ber
paternal,dayi babî,داى بابى,من جھة الأب,dayu babee
please,bê zeḧmet,بێ زەحمەت,من فضلك,bê zeḧmet
Who said to you?,kê gote te?,کێ گۆتە تە؟,من قال لك؟,kê gote te?
beside,li tenşit,ل ته‌نشت,من قبل ...,"lu rex, lu tenshut"
beside,"li def, li rex...ve",ل دەف، ل رەخ...ڤە,من قبل ...,"lu def, lu rex...ve"
beside,li rex,ل ڕه‌خ,من قبل ...,"lu rex, lu tenshut"
Who was there?,kî li wêrê bû?,کی ل وێرێ بوو؟,من كان ھناك؟,kee lu wêrê bû?
Who is it?,ew kî ye?,ئەو کی یە؟,من ھذا؟,ew kee ye?
Who is in charge?,kêye mezinê te?,کێە مەزنێ تە؟,من ھو المسؤول؟,kêye mezunê te?
Who cares?,ma çi ye?,ما چ یە؟,من يھتم؟,ma chu ye?
climate,seqa,سەقا,مناخ,seqa
climate,keş,که‌ش,مناخ,seqa
climate,hewa,هه‌وا,مناخ,seqa
tissue,"raçînk, tevînek",ڕاچینک، ته‌ڤینه‌ک,مناديل ورقية,"racheenk, teveenek"
tissue,şane,شانه‌,مناديل ورقية,shane
beacon,îşaret kirin,ئیشاره‌ت کرن,منارة,eesharet krun
beacon,çira,چرا,منارة,chura
candle,çira,چرا,منارة,chura
painter houses,sebibaẍ,سەبباغ,منازل الرسام,sebubaẍ
appropriate,guncan,گونجان,مناسب,"gunjan, musaeed"
appropriate,musaîd,موسائید,مناسب,"gunjan, musaeed"
proper,guncayî,گونجایى,مناسب,gunjayee
suitable,"bikêrhatî , minasb",بكێرھاتى ، مناسب,مناسب,"bukêrḧatee , munasb"
occasion,"minasebe , rêkeftin",مناسەبە ، رێکەفتن,مناسبة,"munasebe , rêkeftun"
occasion,helkeft,ھەلكەفت,مناسبة,ḧelkeft
immunity,mina'e,مناعه‌,مناعة,muna'e
challenger,hevirik,ھەڤرك,منافس,ḧevuruk
competitor,hevirîk,ھەڤریك,منافس,ḧevureek
rival,hevirik,ھەڤرك,منافس,ḧevuruk
hypocrite,dû rî,دوو ری,منافق,dû ree
hypocrite,dûrrwîno,دووڕوینۆ,منافق,dû ree
hypocritical,dûriyatî,دووریاتی,منافق,dûruyatee
Pharisee,fersî,فەرسی,منافق,fersee
discussion,"gengeşe kirin , gftugu",گەنگەشەکرن ، گفتوگو,مناقشة,"gengeshe krun , gftugu"
discussion,"gotûbêj, suhbet",گۆتووبێژ، سوهبه‌ت,مناقشة,"gotûbêzh, suḧbet"
tender,nazik,نازك,مناقصة,nazuk
extrovert,derxwe,ده‌رخوه‌,منبسط,derxwe
extrovert,kesê hizirderveyî,که‌سێ هزرده‌رڤه‌یی,منبسط,kesê ḧuzurderveyee
outcast,hawt,ھاوت,منبوذ,ḧawt
dairy,spiyatî,سپیاتی,منتجات الألبان,spuyatee
dairy,şîremenî,شیرەمەنی,منتجات الألبان,sheeremenee
summer resort,havîngeh,هاڤینگه‌ھ,منتجع صيفي,ḧaveengeḧ
park,baxçê gşitî,باخچێ گشتى,منتزھ,baxchê gshutee
park,çul,چول,منتزھ,chul
park,seyrangeh,سەیرانگەھ,منتزھ,seyrangeḧ
pervasive,belav bûn,به‌لاڤ بوون,منتشرة,"bushuyan, kara, tuwana"
victorious,serikeftî,سەركەفتى,منتصرا,serukeftee
mid,nav,ناڤ,منتصف,nav
midnight,nîv şev,نیڤ شھ‌ڤ,منتصف الليل,neev shev
midday,nîviru,نیڤرو,منتصف النھار,neevuru
shod,"nalkrî, naldar",نالکری، نالدار,منتعل,"nalkree, naldar"
avenger,tolstîn,تۆلستین,منتقم,"toluvekr, tolsteen"
avenger,tolivekir,تۆلڤه‌کر,منتقم,"toluvekr, tolsteen"
done,pêk anîn,پێک ئانین,منجز,pêk aneen
done,timam,تمام,منجز,tumam
done,kirî,کری,منجز,kree
endow,bexş kirin,به‌خش کرن,منح,bexsh krun
give,"dan , bide , didet",دان ، بدە ، ددەت,منح,"dan , bude , dudet"
give (someone) wisdom,dana kirin,دانا کرن,منح (شخص ما) الحكمة,dana krun
grant,araste kirin,ئاراسته‌ کرن,منحة,pêshkêsh duket
grant,pêşkêş kirin,پێشکێش کرن,منحة,pêshkêsh krun
grant,dan,دان,منحة,dan
grant,diyarî kirin,دیاری کرن,منحة,duyaree krun
scholarship,twanasajî,تواناساژی,منحة دراسية,twanasazhee
awarded,layîq bûn,لاییق بوون,منحت,layeeq bûn
hillside,berpal,به‌رپال,منحدر التل,gur
hillside,quntar,قونتار,منحدر التل,gur
oblique,xar,خار,منحرف,xar
pervert,averê bûn,ئاڤه‌رێ بوون,منحرف,averê bûn
pervert,bedkar,به‌دكار,منحرف,bedkar
curved,xar,خار,منحن,xar
curve,çepûçûr,چه‌پووچوور,منحنى,xar
curve,çemiyayî,چه‌میایی,منحنى,xar
nostril,frrinik,فڕنک,منخر,frrunuk
low,nizim,نزم,منخفض,nuzum
amazed,ḧêbetî,حێبەتی,مندھش,ḧêbetee
amazed,mendehuş,مەندەھوش,مندھش,mendeḧush
astonished,ḧêbetî ma,حێبەتى ما,مندھش,ḧêbetee ma
surprised,ḧêbetî ma,حێبەتى ما,مندھش,ḧêbetee ma
handkerchief,destmal,ده‌ستمال,منديل,luser
napkin,"kefîk, paçk, peçete",که‌فیک، پاچک، په‌چه‌ته‌,منديل,"kefeek, pachk, pechete"
ago,"berî, berê",به‌ری، بەرێ,منذ,"beree, berê"
since,ji ber ku,ژ به‌ر کو,منذ,zhu ber k
since,madem,ماده‌م,منذ,madem
long time ago she died,ji mêje ya emirê xudê krî,ژ مێژە یا ئەمرێ خودێ کری,منذ فترة طويلة وفاتھا,zhu mêzhe ya emurê xudê kree
custom house,gumirik,گومرك,منزل مخصص,gumuruk
consonant,pîtên ne bizwên,پیتێن نەبزوێن,منسجم,peetên ne buzwên
Genesis,destpêkirin,دەستپێکرن,منشأ,destpêkrun
facility,asanî,ئاسانی,منشأة,asanee
facility,sanahîtî,ساناهیتی,منشأة,sanaḧeetee
facility,hêsanî,هێسانی,منشأة,ḧêsanee
towel,pêjgîr,پێژگیر,منشفة,pêzhgeer
towel,xawlî,خاولی,منشفة,xawlee
towel,dercaw,ده‌رجاو,منشفة,derjaw
washcloth,"lîfik , xewlîka biçîka",لیفك ، خەولیکا بچیکا,منشفة,"leefuk , xewleeka bucheeka"
paper towel,klîniks,کلینکس,منشفة ورقية,kleenuks
publication,belavkirin,بەلاڤكرن,منشور,belavkrun
platform,şuste berizek,شوستە بەرزەك,منصة,shuste beruzek
launcher,avêjer,ئاڤێژه‌ر,منصة الإطلاق,avêzher
launcher,mencenîq,مه‌نجه‌نیق,منصة الإطلاق,menjeneeq
coffee table,mêze,مێزە,منضدة القهوة,mêze
coherence,pevzeliqîn,په‌ڤزه‌لقین,منطق,"bushuyan, kara, tuwana"
coherence,hevgirtin,هه‌ڤگرتن,منطق,"bushuyan, kara, tuwana"
logic,jîrbêjî,ژیربێژى,منطق,zheerbêzhee
logic,mentiq,مه‌نتق,منطق,mentuq
area,aqar,ئاقار,منطقة,aqar
area,"dever , ruber",دەڤەر ، روبەر,منطقة,"dever , ruber"
district,bajarok,باژارۆک,منطقة,kerut
district,dever,ده‌ڤه‌ر,منطقة,kerut
district,nahiye,ناهیه‌,منطقة,kerut
region,"dever, navçe",ده‌ڤه‌ر، ناڤچه‌,منطقة,"dever, navche"
region,herêm,هه‌رێم,منطقة,ḧerêm
territory,herêm,هەرێم,منطقة,ḧerêm
trade zone,nawçarîzgarikirî,ناوچاریزگاركرى,منطقة تجارة,nawchareezgarukree
logical,mentiqî,مەنتقى,منطقي,mentuqee
extroverted,keyfxweş,که‌یفخوه‌ش,منطلق,keyfxwesh
detergent,tayt,تایت,منظف,tayt
orderly,bi rêkupêkî,ب رێكوپێكی,منظم,bu rêkpêkee
orderly,rêkûpêk,ڕێکووپێک,منظم,bu rêkpêkee
orderly,seruber,سەروبەر,منظم,seruber
organizer,rêk xistiner,رێك خستنەر,منظم,rêk xustuner
organization,rêkxiraw,رێکخراو,منظمة,rêkxuraw
organization,rêkxistin,رێکخستن,منظمة,rêkxustun
amnesty international,lêborîna gşitî ya navineteweyî,لێبۆرینا گشتی یا ناڤنه‌ته‌وه‌یی,منظمة العفو الدولية,lêboreena gshutee ya navuneteweyee
be seen,diyar bîn,دیار بین,منظور,duyar been
block,asteng,ئاسته‌نگ,منع,asteng
block,kumelek,كومەلەك,منع,kmelek
prevention,nehêla,نەھێلا,منع,neḧêla
refreshing,vegeşbûn,ڤه‌گه‌شبوون,منعش,leetuk vedudut
turn,"çerixîn, çerixandin",چه‌رخین، چه‌رخاندن,منعطف,"cheruxeen, cheruxandun"
turn,dewir,ده‌ور,منعطف,dewr
turn,"zivirrîn, zivirrandin",زڤڕین، زڤڕاندن,منعطف,"zuvurreen, zuvurrandun"
conditioner,mukeyf,موكەیف,منعم الشعر,mukeyf
exile,biyanistan,بیانستان,منفى,buyanustan
exile,"xerîbî, xurbet",خه‌ریبی، خوربه‌ت,منفى,"xereebee, xurbet"
exile,derbider kirin,ده‌ربده‌ر کرن,منفى,derbuder krun
exile,raguhastin,ڕاگوهاستن,منفى,raguḧastun
beak,dim,دم,منقار,dum
nib,nikil,نكل,منقار,nukl
Savior,xilaskar,خلاسکار,منقذ,xulaskar
Savior,rizgarker,رزگاركەر,منقذ,ruzgarker
Savior,qurtalker,قورتالكەر,منقذ,qurtalker
ornamented,xemilandin,خەملاندن,منمق,xemulandun
curriculum,qursa xwendinê,قورسا خوه‌ندنێ,منهاج دراسي,qursa xwendunê
them,wan,وان,منھم,wan
impenetrable,têraneçûnbar,تێرانه‌چوونبار,منيع,têranechûnbar
attacking,rahêlan,ڕاهێلان,مهاجمة,alee
desolate,veder,ڤه‌ده‌ر,مهجور,ḧerrufandun
desolate,kavil,کاڤل,مهجور,ḧerrufandun
threatened,gefkrî,گه‌فکری,مهددة,"ḧereshekree, gefkree"
threatened,hereşekrî,هه‌ره‌شه‌کری,مهددة,"ḧereshekree, gefkree"
courteous,sernerm,سه‌رنه‌رم,مهذب,dul nerum
festival,cejin,جەژن,مهرجان,jezhun
vital,"jiyan bexş, jiyan der",ژیان به‌خش، ژیان ده‌ر,مهم للغاية,"zhuyan bexsh, zhuyan der"
vital,heyatî,هه‌یاتی,مهم للغاية,ḧeyatee
whatsoever,hîç,هیچ,مهما يكن,ḧeech
assignment,tayin,تاین,مهمة,eesharet
assignment,tehsîs,ته‌هسیس,مهمة,eesharet
duty,erk,ئه‌رک,مهمة,erk
duty,peyur,پەیور,مهمة,"wezeefe , peyur"
duty,feratî,فه‌راتی,مهمة,"wezeefe , peyur"
duty,wezîfe,وەزیفە,مهمة,"wezeefe , peyur"
mission,erk,ئه‌رک,مهمة,erk
mission,peyam,پەیام,مهمة,peyam
career,destkefit,دەستکەفت,مهنة,destkefut
architect,avahîsaz,ئاڤاهیساز,مهندس معماري,"m'maree , telar sazee"
architect,mîmar,میمار,مهندس معماري,"m'maree , telar sazee"
dominant,zal,زال,مهيمن,zal
skill,zîrekî,زیرەكی,مھارة,"zeerekee , mḧare"
skill,mihare,مھارە,مھارة,"zeerekee , mḧare"
interested,pîtepêker,پیتەپێكەر,مھتم,peetepêker
cradle,landik,لاندك,مھد,landuk
pave,qîr kirin,قیر کرن,مھد,qeer krun
polite,rewşitê ciwan,رەوشتێ جوان,مھذب,rewshutê jwan
clown,lêbuk,لێبوك,مھرج,lêbuk
important,giring,گرنگ,مھم,gurung
important,mohîm,مۆهیم,مھم,moḧeem
significant,giring,گرنگ,مھم,gurung
mission,misyon,مسیۆن,مھمة,eruk
mission,merem,مه‌ره‌م,مھمة,eruk
task,erik,ئەرك,مھمة,eruk
careless,bêxem,بێخەم,مھمل,bêxem
profession,pîşe,پیشە,مھنة,peeshe
engineer,muhendis,موھەندس,مھندس,muḧendus
glorious,berketî,به‌رکه‌تی,مھيب,nayab
magnificent,berkeftî,به‌رکه‌فتی,مھيب,nayab
magnificent,nayab,نایاب,مھيب,nayab
confront,rûbirû bûn,ڕووبروو بوون,مواجهة,rûburû bûn
confrontation,tûşîbûn,تووشیبوون,مواجهة,tûsheebûn
confront,berhingar bûn,به‌رهنگار بوون,مواجھة,berḧungar bûn
confront,pêşhêt,پێشھێت,مواجھة,pêshḧêt
confront,tûşî,تووشی,مواجھة,tûshee
building materials,kelu belên darîtaşî,كەلو بەلێن داریتاشى,مواد بناء,kelu belên dareetashee
water resources,jêderên avê,ژێدەرێن ئاڤێ,موارد المياه,zhêderên avê
parallel,beran berî êk,بەران بەری ئێك,مواز,"yeksan , beran beree êk"
parallel,parsûyî,پارسوویی,مواز,"yeksan , beran beree êk"
parallel,dûberîn,دووبه‌رین,مواز,"yeksan , beran beree êk"
parallel,hevhesû,هه‌ڤهه‌سوو,مواز,"yeksan , beran beree êk"
parallel,yeksan,یەكسان,مواز,"yeksan , beran beree êk"
consolation,serexoşî,سه‌ره‌خۆشی,مواساة,req
inhabitant,xelk,خەلك,مواطن,xelk
native,welatî,وەلاتى,مواطن,welatee
dates,qesp,قەسپ,مواعيد,qesp
approval,mwafqe,موافقه‌,موافقة,met
consent,razîbûn,ڕازیبوون، ڕازی بوون,موافقة,razeebûn
consent,qebûlkirin,قه‌بوولکرن، قه‌بوول کرن,موافقة,qebûlkrun
reliable,"dilsoz, pêbawer",دلسۆز، پێباوه‌ر,موثوق,"dulsoz, pêbawer"
reliable,"sadiq, wefadar",سادق، وه‌فادار,موثوق,"saduq, wefadar"
wave,pêl,پێل,موجة,pêl
wave,mewce,مەوجە,موجة,mewje
waves,pêlên,پێلێن,موجة,pêlên
exist,li jiyanê bûn,ل ژیانێ بوون,موجودة,"ḧebûn , lu zhuyanê bûn"
exist,hebûn,هه‌بوون,موجودة,"ḧebûn , lu zhuyanê bûn"
uniform,cilên îkgirîtî,جلێن ئیكگریتى,موحدة,jlên eekgureetee
resource,jêder,ژێدەر,مورد,zhêder
resource,serçawe,سەرچاوە,مورد,serchawe
resources,jêderên,ژێدەرێن,مورد,zhêderên
banana,muz,موز,موز,muz
distributor,lêkveker,لێكڤەكەر,موزع,tê de
razor,mekîna rîha,مەكینا ریھا,موس الحلاقة,mekeena reeḧa
Moses,mûsa,مووسا,موسى,mûsa
music,awaz,ئاواز,موسيقى,"awaz, sturan"
music,stiran,ستران,موسيقى,"awaz, sturan"
music,muzîk,موزیک,موسيقى,muzeek
musical,muzîk jen,موزیك ژەن,موسيقي,muzeek zhen
musician,"muzîkvan, muzîsiyen",موزیکڤان، موزیسیه‌ن,موسيقي,"muzeekvan, muzeesuyen"
rectangular prism,rû lakêşe terîb,روو لاکێشە تەریب,موشور مستطيل,rû lakêshe tereeb
musical Conductor,maystiru,مایسترو,موصل الموسيقية,maysturu
class (position),paye,پایه‌,موضع,payenuzm
position,paye,پایه‌,موضع,payenuzm
position,post,پۆست,موضع,post
position,khar,خار,موضع,kḧar
subject,babet,بابەت,موضوع,babet
subject,"mijar, rişite",مژار، ڕشته‌,موضوع,"muzhar, rushute"
subject,mewzu',مەوزوع,موضوع,mewzu'
topic,mijar,مژار,موضوع,muzhar
footstep,pêngav,پێنگاڤ,موطئ,pêngav
footstep,şop,شۆپ,موطئ,shop
appointment,tayîn,تایین,موعد,tayeen
appointment,jivan,ژڤان,موعد,"zhuvan , mu'd"
appointment,mu'd,موعد,موعد,"zhuvan , mu'd"
move (computer),rakêşan,راکێشان,موف (كومبيوتر),rakêshan
stove,agirdanik,ئاگردانك,موقد,agurdanuk
location,"cih, erd, şûn",جھ، ئه‌رد، شوون,موقع,"jḧ, erd, shûn"
location,dever,دەڤەر,موقع,dever
site,cih,جھ,موقع,jḧ
website,malperr,مالپه‌ڕ,موقع الكتروني,malperr
website,webseyt,وەبسەیت,موقع الكتروني,webseyt
stand,rawestîn,ڕاوه‌ستین,موقف,"rawesteen, sekneen"
stand,sekinîn,سه‌کنین,موقف,"rawesteen, sekneen"
mull,pûnijîn,پوونژین,مول,tebeeee
mull,fikir kirin,فکر کرن,مول,tebeeee
mull,hizir kirin,هزر کرن,مول,tebeeee
generator,muwelîde,مووەلیدە,مولد كهرباء,muweleede
born,jidayk bû,ژدایك بوو,مولود بالفطرة,zhudayk bû
monologue,yek axvitin,یەك ئاخڤتن,مونولوج,yek axvutun
achievement,destkefit,دەستکەفت,موهلات,destkefut
talent,behre,به‌هره‌,موھبة,beḧre
talent,huner,ھونەر,موھبة,ḧuner
hopeless,bê hîvî,بێ ھیڤی,ميئوس منه,bê ḧeevee
floodwaters,ava tufanê,ئاڤا توفانێ,مياه الفيضانات,ava tufanê
spring water,zê,زێ,مياه النبع,kanee
quiet water,avên mend,ئاڤێن مەند,مياه هادئة,avên mend
quiet water,mend,مەند,مياه هادئة,mend
dead,mirî,مری، حشك,ميت,muree
starved,brisî,برسى,ميت من الجوع,brusee
medal,medalî,مەدالى,ميدالية,medalee
sphere,zemîn,زەمین,ميدان,zemeen
sphere,go,گۆ,ميدان,go
inheritance,kelepor,که‌له‌پۆر,ميراث,"meeratgur, kelepor"
inheritance,mîrat,میرات,ميراث,meerat
inheritance,mîratgir,میراتگر,ميراث,"meeratgur, kelepor"
inheritance,mîras,میراس,ميراث,meeras
discern,sehkirin,سه‌هکرن,ميز,sava
thermometer,pla germê,پلا گه‌رمێ,ميزان الحرارة,pla germê
thermometer,germjmêr,گه‌رمژمێ,ميزان الحرارة,germzhmêr
budget,budice,بودجە,ميزانية,buduje
feature,"sîmayê ser, xislet, karakter",سیمایێ سەر، خسله‌ت، کاراکته‌ر,ميزة,"seemayê ser, xuslet, karakter"
makeup,mkiyac,مكیاج,ميك أب,mkyaj
mechanical,mîkanîkî,میكانیكى,ميكانيكي,meekaneekee
microphone,deng kîş,دەنگ کیش,ميكروفون,deng keesh
lean,lawaz,لاواز,ميل,lawaz
mile,mîl,میل,ميل,meel
slope,evraz,ئه‌ڤراز,ميل,evraz
slope,xwarayî,خوارایی,ميل,xwarayee
slope,quntar,قونتار,ميل,evraz
slope,larî,لاری,ميل,evraz
slope,nişîv,نشیڤ,ميل,fayde
port,bendergeh,به‌نده‌رگه‌ھ,ميناء,bender
kurdish letter 27 (“n” sound),n,ن,ن,n
regret,pêşemanî,پێشەمانی,نأسف,pêshemanee
vice,cêgir,جێگر,نائب,jêgur
vice-,cêgir,جێگر,نائب-,jêgur
sleeping,xew,خەو,نائم,xew
tusk,ac,عاج,ناب,aj
Nathan,nasan,ناسان,ناثان,nasan
pass,serkefit,سەرکەفت,ناجح,"derchû , bureen"
successful,seriketî,سەرکەتی,ناجح,seruketee
Nahum,naḧum,ناحوم,ناحوم,naḧum
waitress,kariker,كاركەر,نادلة,karuker
gym,nadiye,نادیە,نادي رياضي,naduye
ripe,çêbûyî,چێبوویی,ناضج,chêbûyee
ripe,kemilî,که‌ملی,ناضج,kemulee
ripe,"gehiştî, gehayî",گەهشتی، گەهایی,ناضج,"geḧushtee, geḧayee"
skyscraper,Skyscraper,ئاڤاهیێن گەلەک بلند,ناطحة سحاب,Skysjraper
principal,rêvebirê mektebê,ڕێڤه‌برێ مه‌کته‌بێ,ناظر,rêveburê mektebê
principal,midîr,مدیر,ناظر,mudeer
smooth,nerim,نەرم,ناعم,nerum
smooth,"hulî, xar, tîl",هولی، خار، تیل,ناعم,"ḧulee, xar, teel"
soft,nerim,نەرم,ناعم,nerum
impatient,bêhinteng,بێھنتەنگ,نافذ الصبر,bêḧunteng
window,pencer,پەنجەر,نافذة,penjer
window,şaşe,شاشە,نافذة,shashe
fountain,zê,زێ,نافورة,kanee
fountain,kanî,كانى,نافورة,kanee
spring (water),kanî,كانى,نافورة,kanee
minus,salib,سالب,ناقص,salub
minus,"kêm , bin",كێم ، بن,ناقص,"kêm , bun"
nude,tazî,تازى,ناقص,tazee
nude,rwîs,رویس,ناقص,rwees
bulrush,leven,له‌ڤه‌ن,نبات البردي,leven
vegetate,"werar bûn, şîn bûn",وه‌رار بوون، شین بوون,نبت,"werar bûn, sheen bûn"
rejoice,dilşad,دلشاد,نبتهج,dulshad
rejoice,"keyfxoş, dlixoş",که‌یفخۆش ، دلخۆش,نبتهج,"keyfxosh, dluxosh"
neptune,xudayê deryayî li mik rumanan,خودایێ دەریایى ل مك رومانان,نبتون,xudayê deryayee lu muk rumanan
Neptune,nîptun,نیپتون,نبتون,neeptun
pulse,tep tep diket,تەپ تەپ دكەت,نبض,tep tep duket
prophecy,berigutin,بەرگوتن,نبوءة,berugutun
prophet,pêxember,پێخەمبەر,نبي,pêxember
prophet,pêẍember,پێغەمبەر,نبي,pêẍember
wine,şerab,شه‌راب,نبيذ,sherab
wine,ereq,عەرەق,نبيذ,ereq
wine,meyi,مەی,نبيذ,meyu
speak about,beḧisê kirin,به‌حسێ ... کرن,نتحدث عنه,beḧusê krun
nitrogen,naytirucîn,نایتروجین,نتروجين,nayturujeen
stink,bêhinekanexuş,بێھنەكانەخوش,نتن,bêḧunekanexush
outcome,encam,ئەنجام,نتيجة,enjam
result,akam,ئاکام,نتيجة,akam
result,encam,ئه‌نجام,نتيجة,enjamdan
result,encam,ئەنجام,نتيجة,enjam
result,netîce,نه‌تیجه‌,نتيجة,neteeje
disperse,belakirin,به‌لاکرن,نثر,"belakrun , peshkleen , veqeteen"
disperse,peşklîn,پەشکلین,نثر,"belakrun , peshkleen , veqeteen"
disperse,verevîn,ڤه‌ره‌ڤین,نثر,"belakrun , peshkleen , veqeteen"
success,serikeftin,سەرکەفتن,نجاح,serukeftun
carpenter makes a chair,daritaş kurisiyê çêd ket,دارتاش کورسیێ چێد کەت,نجار یصنع الکرسي,darutash krusuyê chêd ket
falling star,stêr rijîn,ستێر ڕژین,نجم ساقط,bûstan
star,stêr,ستێر,نجمة,stêr
copper,sfir,سفر,نحاس,sfur
sculpture,peyker,پەیكەر,نحت,peyker
mourn,xem xwarin,خه‌م خوارن,نحزن,xem xwarun
mourn,xemgîn bûn,خه‌مگین بوون,نحزن,xemgeen bûn
mourn,şînîkirn,شینیکرن,نحزن,sheeneekrn
bee,mêşa hingvînî,مێشا ھنگڤینی,نحلة,mêsha ḧungveenee
we,em,ئەم,نحن,em
toward,ber bi ... ve,به‌ر ب ... ڤه‌,نحو,ber bu ... ve
toward,berev,به‌ره‌ڤ,نحو,berev
inward,linav,لناڤ,نحو الداخل,lunav
skinny,ze'îf,زەعیف,نحيل,ze'eef
scar,nîşana brînê,نیشانا برینێ,ندب,neeshana breenê
seminar,semîner,سه‌مینه‌ر,ندوة,semeener
owe,qerizdar,قەرزدار,ندين,qeruzdar
vow,sond,سۆند,نذر,"sond, nezur"
vow,nezir,نه‌زر,نذر,"sond, nezur"
narcissus,nêrgiz,نێرگز,نرجس,nêrguz
rose of Sharon,hêro,ھێرۆ,نرجس شارون,ḧêro
fray,jêçû bin,ژێچوو بن,نزاع,zhêchû bun
integrity,bêsexte,بێسه‌خته‌,نزاھة,dest paqzhee
integrity,dest paqjî,دەست پاقژى,نزاھة,dest paqzhee
Catch cold,persîva belav,په‌رسیڤا به‌لاڤ,نزلة برد,perseeva belav
descent,nizimî,نزمى,نزول,nuzumee
downward,"ber bi jêr ve, jêr ve",به‌ر ب ژێر ڤه‌، ژێر ڤه‌,نزولا,"ber bu zhêr ve, zhêr ve"
bleeding,xwîn jê d'êt,خوین ژێ دعێت,نزيف,xween zhê d'êt
Vaginal bleeding,xwîna quzî,خوینا قوزی,نزيف مهبلي,xweena quzee
impartial,bêalî,بێئالی,نزيه,bêalee
impartial,bêteref,بێته‌ره‌ف,نزيه,bêteref
impartial,notir,نۆتر,نزيه,notur
women,"jink , kelek jin",ژنک ، كەلەك ژن,نساء,"zhunk , kelek zhun"
impute,terxan kirin,ته‌رخان کرن,نسب,ḧerrshandun
proportion,rêje,رێژە,نسبة,rêzhe
ratio,rêje,رێژە,نسبة,rêzhe
percentage,rêjeyasedî,رێژەیاسەدى,نسبة مئوية,rêzheyasedee
relative,pêwendîyê,پێوه‌ندییێ,نسبيا,"xuzum, pêwendeeyê"
relative,xizm,خزم,نسبيا,xuzm
relative,mirov,مرۆڤ,نسبيا,murov
copy (computer),nisix,نسخ,نسخ (كمبيوتر),nusux
copy,kupî kirin,كوپى كرن,نسخة,kpee krun
eagle,eylo,ئه‌یلۆ,نسر,eylo
forgetfulness,jibîrkirin,ژبیرکرن,نسيان,zhubeerkrun
forgetfulness,feramoşîtî,فه‌رامۆشیتی,نسيان,feramosheetee
forgot,ji bîrikir,ژبیركر,نسيت,zhu beerukr
textile,pate,پاتە,نسيج,pate
activity,çalakî,چالاكى,نشاط,"chalakee , neshat"
activity,xebat,خه‌بات,نشاط,"chalakee , neshat"
pickpocket,berîkbir,بەریكبر,نشال,bereekbur
deploy,cêgîrkirin,جێگیرکرن,نشر,jêgeerkrun
deploy,damezrandin,دامه‌زراندن,نشر,damezrandun
deploy,danan,دانان,نشر,danan
deployment,cêgîrî,جێگیری,نشر,jêgeeree
distribute,parvekirin,پارڤه‌کرن,نشر,parvekrun
distribute,dabeşkirin,دابەشكرن,نشر,dabeshkrun
issued,hatine derkirin,هاتنه‌ ده‌رکرن,نشر,ḧatune derkrun
publish,çap kirin,چاپ کرن,نشر,chap krun
publish,dan bihîstin,دان بهیستن,نشر,dan buḧeestun
publish,weşandin,وه‌شاندن,نشر,weshandun
distribute!,bela‌v ke,بەلا‌ڤ کە,نشر!,bela‌v ke
bulletin,"weşîn, belavok",وه‌شین، به‌لاڤۆک,نشرة,"wesheen, belavok"
active,çeleng,چەلەنگ,نشط,"cheleng , zever"
active,zever,زەڤەر,نشط,"cheleng , zever"
roll up,pêçan,پێچان,نشمر,pêchan
trance,tirans,ترانس,نشوة,"rueedan , ḧadeetḧe"
rapture,dilkişînî,دلکشینی,نشوة الطرب,"rueedan , ḧadeetḧe"
prism,awêze,ئاوێزە,نشور زجاجي,awêze
anthem,"îlahî, lawij",ئیلاهی، لاوژ,نشيد وطني,"eelaḧee, lawuzh"
energetic,"çeleng, çalak",چه‌له‌نگ، چالاک,نشيط,"cheleng, chalak"
energetic,hêzdar,هێزدار,نشيط,ḧêzdar
text,deqê,دەقێ، تەکست,نص,deqê
tips,bexşîş,بەخشیش,نصائح,bexsheesh
set up,"rakirin , rake",راکرن ، راکە,نصب,"rakrun , rake"
memorial,bîranîn,بیرئانین ، بیرەوەریا,نصب تذكاري,beeraneen
advise,şîret kirin,شیرەت کرن,نصح,sheeret krun
a half,nîv,نیڤ,نصف,neev
half,nîv,نیڤ,نصف,neev
one-half,nîv,نیڤ,نصف,neev
semester,kuris,کورس,نصف السنة,krus
pint,yek payint,یەك پاینت,نصف لتر,yek payunt
per capita GNI,dahatê take kesî,داھاتێ تاکە کەسی,نصيب الفرد من الدخل القومي الإجمالي,daḧatê take kesee
youthfulness,cḧêlatî,جحێلاتی,نضارة,jḧêlatee
mature,baliq,بالق,نضج,baluq
mature,pêgehiştî,پێگه‌هشتی,نضج,pêgeḧushtee
mature,gehişitî,گەھشتی,نضج,geḧushutee
maturity,gehişitin,گەھشتن,نضج,geḧushutun
pronounce,dibêjt,دبێژت,نطق,dubêzht
eyeglass,berçavik,به‌رچاڤک,نظارة,berchavuk
eyeglass,menzere,مه‌نزه‌ره‌,نظارة,menzere
eyeglasses,berçavik,به‌رچاڤک,نظارة طبية,berchavuk
system,sîstem,سیسته‌م,نظام,seestem
system,nîzam,نیزام,نظام,neezam
sound system,amîrên dengî,ئامیرێن دەنگی,نظام الصوت,ameerên dengee
consider,ḧesabikirin,حەسابکرن,نظر,ḧesabukrun
consider,hejmartin,هەژمارتن,نظر,ḧezhmartun
consider,hizirkir,ھزركر,نظر,ḧuzurkr
look,nêrîn,نێرین,نظرة,nêreen
overview,"pêdaçûn, pêdahatin",پێداچوون، پێداهاتن,نظرة عامة,"pêdachûn, pêdaḧatun"
theoretical,tiyurî,تیوری,نظري,tuyuree
theory,"bîrdoz, bîrduz",بیردۆز، بیردوز,نظرية,"beerdoz, beerduz"
theory,teorî,ته‌ئۆری,نظرية,teoree
conspiracy theory,teoriya plangerî,ته‌ئۆریا پلانگه‌ری,نظرية المؤامرة,teoruya plangeree
clean,paqij,پاقژ,نظيف,paquzh
clean,"malîn, maliştin",مالین، مالشتن,نظيف,"maleen, malushtun"
spotless,bêpinî,بێپنی,نظيف,bêpunee
clean (things),ḧelal,حەلال,نظيفة (الأشياء),ḧelal
clean (buildings),tafîlkirin,تافیلکرن,نظيفة (مباني),tafeelkrun
ostrich,hêştirme,هێشترمه‌,نعامة,ḧêshturme
believe,bawer kir,باوەركر,نعتقد,bawer kr
drowsy,çavlixew,چاڤلخه‌و,نعسان,xeber dan
sleepy,tîrixh û nh bwî,تیرخھ و نھ بوى,نعسان,teeruxḧ û nḧ bwee
caw,çîl,چیل,نعق,cheel
yes,belê,بەلێ,نعم,belê
grace,diluvanî,دلوڤانی,نعمة,duluvanee
grace,rehim,ڕه‌هم,نعمة,reḧum
grace,kerem,که‌ره‌م,نعمة,kerem
Blessing of God,bereketa xudê,بەرەكەتا خودێ,نعمة الله,bereketa xudê
mint,pîng,پینگ,نعناع,peeng
peppermint,pîng,پینگ,نعناع,peeng
tune,awaz,ئاواز,نغم,leḧn
tone,awaz,ئاواز,نغمة,leḧn
duplicity,fêlibazî,فێلبازی,نفاق,fêlubazee
hypocrisy,rûmetî,ڕویمه‌تی,نفاق,zheeraḧuya destkree
perform,bicihînan,بجھئینان,نفذ,bujḧeenan
breathe,bêhin kêşan,بێهن کێشان,نفس,bêḧun kêshan
yourself,tebixu,تەبخو,نفسك,tebuxu
same as before,herwekî xo ye,هەروەکی خۆ یە,نفسه كما كان من قبل,ḧerwekee xo ye
himself,wî bixu,وى بخو,نفسھ,wee buxu
itself,ewbixu,ئەوبخو,نفسھ,ewbuxu
same,nefsî,نەفسى,نفسھ,"nefsee , wek yek"
same,heman,هەمان,نفسھ,ḧeman
same,wek yek,وەک یەک,نفسھ,"nefsee , wek yek"
herself,wê bixu,وێ بخو,نفسھا,wê buxu
oil,duhin,دوهن,نفط,duḧun
oil,rûn,روون,نفط,rûn
oil,zeyt,زەیت,نفط,zeyt
oil,neft,نەفت,نفط,neft
oil (diesel),gaz oîl,گاز وایل,نفط,gaz oeel
oil (gasoline normal),panzîn a'dî,پانزین عادی,نفط,panzeen a'dee
oil (gasoline premium),panzîn mihesin,پانزین محسن,نفط,panzeen muḧesun
oil (gasoline),panzîn,پانزین,نفط,panzeen
oil (kerosene),gaz spî,گاز سپی,نفط,gaz spee
blister,paqelq,پاقەلق ، پەق,نفطة,paqelq
tunnel,tunêl,تونێل,نفق,tunêl
tunnel,nifiq,نفق,نفق,nufuq
expense,xerc,خه‌رج,نفقة,xerj
expense,serf,سه‌رف,نفقة,serf
expense,mesref,مه‌سره‌ف,نفقة,mesref
banish,derêxistin,ده‌رێخستن,نفى من غير محاكمة,derêxustun
banish,terra û berra,ته‌ڕا و به‌ڕا,نفى من غير محاكمة,derêxustun
banish,terra berra,ته‌ڕا به‌ڕا,نفى من غير محاكمة,derêxustun
deportation,"sirgûn, sirgûm",سرگوون، سرگووم,نفي,"surgûn, surgûm"
negative,"negatîf, menfî",نه‌گاتیف، مه‌نفی,نفي,"ne‌rê, neyeenee, negateef, menfee"
negative,"ne‌rê, neyînî",نە‌رێ، نه‌یینی,نفي,"ne‌rê, neyeenee, negateef, menfee"
negative,nêgetîv,نێگەتیڤ,نفي,nêgeteev
negative (math),naqis,ناقس,نفي,naqus
negative (photo),cam,جام,نفي,jam
purity,bijînî,بژینى,نقاء,buzheenee
purity,dilpakî,دلپاكی,نقاء,dulpakee
labour union,sendîka,سه‌ندیکا,نقابة العمال,sendeeka
points,xalan,خالان,نقاط,"xal , shanuk , merem"
stretcher,darbest,داربه‌ست,نقالة,kemer
cash,îkiser,ئیكسەر,نقد,eekser
criticism,rexinesazî,ڕەخنەسازی,نقد,rexunesazee
appreciate,berçaf werdigirît,بەرچاف وەردگریت,نقدر,berchaf werdugureet
carve,darkûrkirin,دارکوورکرن,نقش,darkûrkrun
inscription,nivîsîn,نڤیسین,نقش,nuveeseen
inscription,nexiş,نەخش,نقش,nexush
lack,jê kîm dibit,ژێ كیم دبیت,نقص,zhê keem dubut
lack,kêm hebûn,کێم هه‌بوون,نقص,kêm ḧebûn
decrease,kêmatî,كێماتى,نقصان,kêmatee
dot,"xal , xal diket",خال ، خال دکەت,نقطة,"xal , xal duket"
dot,"niqte, nuqte",نقته‌، نوقته‌,نقطة,"nuqte, nuqte"
point,xal,خال,نقطة,"xal , shanuk , merem"
point,"şanik , merem",شانك ، مەرەم,نقطة,"xal , shanuk , merem"
point,"nuqte, nîşan, îşaret",نوقته‌، نیشان، ئیشاره‌ت,نقطة,"nuqte, neeshan, eesharet"
checkpoint,zalgeh,زالگه‌هـ,نقطة تفتيش,zalgeḧ
checkpoint,seytere,سه‌یته‌ره‌,نقطة تفتيش,seytere
critical point,xalka berteng,خالکا به‌رته‌نگ,نقطة حرجة,xalka berteng
communicate,peywendî diket,پەیوەندی دکەت,نقل,peywendee duket
transfer,"veguhêzîn, veguhaz",ڤه‌گوهێزین، ڤه‌گوهاز,نقل,"veguḧêzeen, veguḧaz"
move (house),mala xo brin,مالا خۆ برن,نقل (منزل),mala xo brun
money,pare,پارە,نقود,pare
money,dirav,دراڤ,نقود,durav
pure,pak,پاک,نقي,pak
pure,xwerû,خوه‌روو,نقي,"buzhween, buzhûn"
pure,zelal,زەلال,نقي,zelal
pure,safî,سافی,نقي,"buzhween, buzhûn"
captain,"qayd, kabîtin",قاید، كابیتن,نقيب,"qayd, kabeetun"
catastrophe,afet,ئافه‌ت,نكبة,"kêm, puchek, chendek"
joke,pêkenîn,پێكەنین,نكتة,pêkeneen
joke,tirrane,تڕانه‌,نكتة,pêkeneen
joke,timaş kirin,تماش کرن,نكتة,pêkeneen
joke,tinazî,تنازی,نكتة,pêkeneen
joke,temaşe,ته‌ماشه‌,نكتة,pêkeneen
joke,qerf,قه‌رف,نكتة,pêkeneen
joke,galte,گالته‌,نكتة,pêkeneen
joke,laqirdî,لاقردی,نكتة,pêkeneen
joke,henek,هه‌نه‌ک,نكتة,pêkeneen
joke,yarî,یاری,نكتة,pêkeneen
sulk,silbûn,سلبوون,نكد,sulbûn
flavor,tam,تام,نكھة,tam
be united,"dan êk , bide êk",دان ئێك ، بدە ئێك,نكون متحدين,"dan êk , bude êk"
grew,welê hat,وەلێ ھات,نمت,welê ḧat
tiger,pling,پلنگ,نمر,plung
freckle,pinî,پنی,نمش,navxu
pattern,nimûne,نموونه‌,نمط,numune
pattern,"nexiş, mînak",نه‌خش، میناک,نمط,"nexush, nmûne, meenak"
solemn,cidî,جدی,نمطي,jdee
solemn,jidil,ژدل,نمطي,zhudul
ant,mêrî,مێری,نملة,mêree
model,mudîl,مودیل,نموذج,mudeel
Parental Consent Form,razîbuna deyik û baba,رازیبونا دەیك و بابا,نموذج موافقة الوالدين,razeebuna deyuk û baba
typical,berçav,بەرچاڤ,نموذجي,berchav
gossip,piş gutin ẍşî ẍeybet kirin,پش گوتن غشى غەیبەت کرن,نميمة,push gutun ẍshee ẍeybet krun
await,çaverê kirin,چاڤه‌رێ کرن,ننتظر,chaverê krun
forget,ji bîr kirin,ژ بیر کرن,ننسى,zhu beer krun
look back,berê xu didit paş,بەرێ خو ددەت پاش,ننظر إلى الوراء,berê xu dudut pash
final,"dawî, talî, dûmahî",داوی، تالی، دووماهی,نهائي,"dawee, talee, dûmaḧee"
finish,bidumahî hat,بدوماھى ھات,نھاية,budumaḧee ḧat
termination,derêxistin,دەرئێخستن,نھاية,derêxustun
plunder,talan kirin,تالان کرن,نھب,talan krun
plunder,"talan, talanî",تالان، تالانی,نھب,"talan, talanee"
plunder,kelepûrt,که‌له‌پوورت,نھب,"talan, talanee"
plunder,kelepwîrt,که‌له‌پویرت,نھب,"talan, talanee"
river,çem,چەم,نھر,chem
river,xabîr,خابیر,نھر,xabeer
river,riwîbar,رویبار,نھر,ruweebar
kernel,puxte,پوخته‌,نواة,puxte
kernel,kakil,کاکل,نواة,kakl
kernel,hinav,هناڤ,نواة,ḧunav
intent,mebest,مه‌به‌ست,نوايا,nuyaz
intent,merem,مه‌ره‌م,نوايا,nuyaz
frenzy,turreyî,توڕەیى,نوبة,turreyee
heart attack,celta dilî,جە‌لتا دلی,نوبة قلبية,jelta dulee
Nobel,nobil,نۆبل,نوبل,nobul
Noah,Nûh,نوح,نوح,shulqandun
Noah,Nûh,نووح,نوح,shulqandun
gull,teyirê masiya,تەیرێ ماسیا,نورس,teyurê masuya
mew,miyew miyew diket,میەو میەو دكەت,نورس,muyew muyew duket
recommend,pesend diket,پەسەند دكەت,نوصي,pesend duket
recommend,pêşiniyar kirin,پێشنیار کرن,نوصي,pesend duket
kind (n),tuxim,توخم,نوع,tuxum
kind (n),cur,جور,نوع,jr
sort,cur,جور,نوع,jr
sleep,xew,خەو,نوم,xew
sleep,razan,ڕازان,نوم,nufustun
sleep,nifistin,نفستن,نوم,nufustun
sleep,nivistin,نڤستن,نوم,xew
nuclear,atomî,ئاتۆمی,نووي,navukee
nuclear,navukî,ناڤوكى,نووي,navukee
intention,inyet,ئنیه‌ت,نية,unyet
intention,merem,مه‌ره‌م,نية,nuyaz
intention,niyaz,نیاز,نية,nuyaz
intention,niyet,نیه‌ت,نية,nuyet
yoke,nîr,نیر,نير,neer
April,meha 4 ê,مه‌ها ٤ ئێ,نيسان,"ḧeyuva char, meḧa 4 ê"
April,nîsan,نیسان,نيسان,neesan
April,heyiva çar,ھەیڤا چار,نيسان,"ḧeyuva char, meḧa 4 ê"
Nineveh,"nînwî, mîsil",نينوى، میسل,نينوى,"neenwee, meesul"
migrated,koçber,کۆچبه‌ر,هاجر,kochber
harry,talan kirin,تالان کرن,هاري,talan krun
abyss,çalla bê bin,چاڵا بێ بن,هاوية,challa bê bun
abyss,kendal,که‌ندال,هاوية,kendal
falling,dawerîn,داوه‌رین,هبوط,dawereen
falling,ketin,که‌تن,هبوط,ketun
slumber,xew,خه‌و,هجع,derekee
slumber,nivistin,نڤستن,هجع,derekee
slumber,niqrosk,نقرۆسک,هجع,derekee
offence football,ws‌th,وس‌ط,هجوم كرة القدم,ws‌tḧ
gifts (talent),behreyên,بەهرەیێن,هدايا (موهبة),beḧreyên
hem,asê kirin,ئاسێ کرن,هدب,baweseer
object,armanc,ئارمانج,هدف,armanj
aim,niyaz,نیاز,هدف، تصويب,nuyaz
demolish,kavil bûn,کاڤل بوون,هدم,ḧerrufandun
demolishing,herrifandin,هه‌ڕفاندن,هدم,ḧerrufandun
destroy,kavil bûn,کاڤل بوون,هدم,ḧerrufandun
truce,agirbesî,ئاگربه‌سی,هدنة,guranukaree
gift (talent),behre,به‌هره‌,هدية (موهبة),beḧre
present (gift),diyarî,دیاری,هدية الحالية),duyaree
present (gift),"hediye, xelat",هەدیە، خەلات,هدية الحالية),"ḧeduye, xelat"
roar,şiliq,شلق,هدير,ḧêchee
roar,hirjîn,هرژین,هدير,ḧêchee
this and that,filan û bêvan,فلان و بێڤان,هذا و ذاك,nav
this and that,filan yan bêvan,فلان یان بێڤان,هذا و ذاك,nav
ESC,jiderketin,ژدەرکەتن,هرب (الكمبيوتر),zhuderketun
hysterically,"bi hîsterî, bi harî",ب هیسته‌ری، ب هاری,هستيري,"bu ḧeesteree, bu ḧaree"
hysteria,"nerehetî , hîsterî",نه‌ره‌هه‌تی ، هیسته‌ری,هستيريا,"nereḧetee , ḧeesteree"
fragile,şikêbar,شکێبار,هش,shukêbar
fragile,nazik,نازک,هش,nazuk
soft,nazik,نازک,هش,nazuk
plateau,"ban, banî",بان، بانی,هضبة,"ban, banee"
plateau,zozan,زۆزان,هضبة,zozan
plateau,qonaxa sekinî,قۆناخا سه‌کنی,هضبة,burreen
precipitation,barîn,بارین,هطول,bareen
lapse,"ketin , dawîn",که‌تن ، داوین,هفوة,"ketun , daween"
did you buy car?,te tirumbêl krî?,تە ترومبێل کری؟,هل أشتریت سیارة,te turumbêl kree?
really,ji dil,ژ دل,هل حقا,zhu dul
may I take your photo?,bila ez rsmê te bigirm,بلا ئەز رسمێ تە بگرم,هل لي أن التقط صورتك,bula ez rsmê te bugurm
Do you me a favor?,qencîê li min dikeî?,قەنجیێ ل من دکەی؟,هل لي بمعروف ؟,qenjeeê lu mun dukeee?
panic,ketin panîkê,که‌تن پانیکێ,هلع,ketun paneekê
congratulate,prozbahî kirin,پرۆزباهی کرن,هنأ,prozbaḧee krun
congratulate,pîroz kirin,پیرۆز کرن,هنأ,peeroz krun
obsess,raselitîn,ڕاسه‌لتین,هوس,qulqulandun
obsess,qilqilandin,قلقلاندن,هوس,qulqulandun
gear,gêr,گێر,هيأ,shesh
Human Rights Commission,desteya mafê mirovî,دەستەیا مافێ مرۆڤی,هيئة حقوق الانسان,desteya mafê murovee
commotion,diltengî,دلته‌نگی,هياج,"dumeeneet , man"
kurdish letter 28 (“h” sound),h,ھ,ھ,ḧ
these,evan,ئەڤان,ھؤلاء,evan
these,van,ڤان,ھؤلاء,van
rough,dilreq,دلرەق,ھائج,dulreq
rough,req,رەق,ھائج,req
rough,zivir,زڤر,ھائج,zuvur
enormous,mezin,مەزن,ھائل,mezun
phone,telefon,ته‌له‌فۆن,ھاتف,telefon
phone,telfun diket,تەلفون دكەت,ھاتف,telfun duket
immigrate,kuçberekan,کوچبەرەکان,ھاجر,kchberekan
immigrate,mişext dibit,مشەخت دبیت,ھاجر,mushext dubut
margin,perawêz,پەراوێز,ھامش,perawêz
margin,kevî,که‌ڤی,ھامش,kevee
marginal,perawêzî,پەراوێزى,ھامشي,perawêzee
mortar,hawn,ھاون,ھاون,ḧawn
gift of God,dîyarîya xodê,دیاریا خودێ,ھبة اللھ,deeyareeya xodê
landing,hatinexwar,ھاتنەخوار,ھبوط,ḧatunexwar
cheer,şadî,شادى,ھتاف,shadee
immigration,mişext bûn,مشەخت بوون,ھجرة,mushext bûn
migration,koç,کۆچ,ھجرة,koch
migration,mişextibûn,مشەختبوون,ھجرة,mushextubûn
attack,êriş kirin,ئێرش کرن,ھجوم,êrush krun
attack,hêrş kirin,ھێرش کرن,ھجوم,ḧêrsh krun
threaten,tehdît kirin,ته‌هدیت کرن,ھدد,teḧdeet krun
threaten,gef lê kirin,گه‌ف لێ کرن,ھدد,gef lê krun
aim,arimanc,ئارمانج,ھدف,arumanj
goal,arimanc,ئارمانج,ھدف,arumanj
goal,hedev,ھەدەڤ,ھدف,ḧedev
destroy,"pwîç kirin,  pûç kirin",پویچ کرن،  پووچ کرن,ھدم,"pweech krun,  pûch krun"
destroy,xirab kirin,خراب کرن,ھدم,xurabukr
destroy,hilweşandin,هلوه‌شاندن,ھدم,ḧeldwesheeneet
destroy,wêran kirin,وێران کرن,ھدم,wêran krun
calm,"aram, tena, asûde, hêmin",ئارام، ته‌نا، ئاسووده‌، هێمن,ھدوء,"aram, tena, asûde, ḧêmun"
quiet,bêdeng,بێده‌نگ,ھدوء,reḧet
quiet,reḧet,رەحەت,ھدوء,reḧet
quiet,kêmdeng,کێمده‌نگ,ھدوء,reḧet
quietness,bê dengî,بێ دەنگى,ھدوء,bê dengee
gift,xelat,خەلات,ھدية,xelat
gift,dîyarî,دیاری,ھدية,deeyaree
gift,hedîye,ھەدیە,ھدية,ḧedeeye
gift of new year,dîyarîya serê salê,دیاریا سەرێ سالێ,ھدية من العام الجديد,deeyareeya serê salê
this,eve,ئەڤە,ھذا,eve
That is right,belê raste,بەلێ راستە,ھذا صحيح,belê raste
This is not my business,eve ne şolê mine,ئەڤە نە شۆلێ منە,ھذا ليس من شأني,eve ne sholê mune
That is the reason,"eve egere , eger eveye",ئەڤە ئەگەرە ، ئەگەر ئەڤەیە,ھذا ھو السبب,"eve egere , eger eveye"
this is why,lewma,لەوما,ھذا ھو السبب,lewma
This is your job,eve karê te‌ ye,ئە‌ڤە کارێ تە‌ یە‌,ھذا ھو عملك,eve karê te‌ ye
escape,"rev, revîn",ڕه‌ڤ، ڕه‌ڤین,ھرب,"rev, reveen"
escape,filitîn,فلتین,ھرب,fuluteen
flee,"revîn , direvît",رەڤین ، درەڤیت,ھرب,"reveen , dureveet"
pyramid,harem,ھەرەم,ھرم,ḧarem
kitten,pişîk,پشیك,ھريرة,pusheek
rocking,hejhejuk,ھەژھەژوك,ھزاز,ḧezhḧezhuk
shake,daqutandin,داقوتاندن,ھزة,ḧezhandun
shake,dakutan,داکوتان,ھزة,ḧezhandun
shake,dilerizî,دلە‌رزی,ھزة,duleruzee
shake,vehejandin,ڤه‌هه‌ژاندن,ھزة,kef
shake,hejandin,ھەژاندن,ھزة,ḧezhandun
defeat,bazdan,بازدان,ھزيمة,"dushkêneet , bazdan"
defeat,têk birin,تێک برن,ھزيمة,"dushkêneet , bazdan"
defeat,têk şikandin,تێک شکاندن,ھزيمة,"dushkêneet , bazdan"
defeat,mexlûb kirin,مه‌خلووب کرن,ھزيمة,"dushkêneet , bazdan"
digest,dihêrît,دھێریت,ھضم,duḧêreet
so,da,دا,ھكذا,"da , vêja"
so,vêca,ڤێجا,ھكذا,"da , vêja"
soon,"zîî , zu",زیی ، زو,ھكذا,"zeeee , zu"
soon,nêzîk,نێزیك,ھكذا,nêzeek
Are you pregnant?,tu biḧalî?,تو بحالى؟,ھل أنت حامل؟,tu buḧalee?
Are you doing well?(female),tu ya başî?,تۆ یا باشی؟,ھل أنت على ما يرام؟ (أنثى),tu ya bashee?
Are you doing well?(plural),hîn yêt başin?,ھین یێث باشن؟,ھل أنت على ما يرام؟ (الجمع),ḧeen yêt bashun?
Are you married? (female),te şî kirîye?,تە شی كرییە؟,ھل أنت متزوج؟ (أنثى),te shee kreeye?
Are you married? (male),te jin înaye?,تە ژن ئینایە؟,ھل أنت متزوج؟ (الذكور),te zhun eenaye?
Are you busy?,tu yê mijîlî?,تو یێ مژئیلی,ھل أنت مشغول؟,tu yê muzheelee?
Are you sleepy?,xewa te tet,خەوا تە تەت,ھل انت نائم؟,xewa te tet
Do you like sports?,tu ḧej werizş dkey?,تو حەژ وەرزش دکەی؟,ھل تحب الرياضة؟,tu ḧezh weruzsh dkey?
Do you like reading,tu ḧej xwandinê dkey?,تو حەژ خواندنێ دکەی؟,ھل تحب القراءة,tu ḧezh xwandunê dkey?
Do you like football?,tu ḧej tepapêyi dkey?,تو حەژ تەپاپێی دکەی؟,ھل تحب كرة القدم؟,tu ḧezh tepapêyu dkey?
Can you call me?,dê şêyi têlefona min bikey?,دێ شێی تێلەفۆنا من بکەی؟,ھل تستطيع الاتصال بي؟,dê shêyu têlefona mun bukey?
Do you continue?,tu yê berdewamî?,تو یێ بەردەوامی؟,ھل تستمر؟,tu yê berdewamee?
did you feel that?,hajê hebû,ھاژێ ھەبوو,ھل تشعر بذلك؟,ḧazhê ḧebû
Do you know English?,tu Îngilîzyê dizanî?,تۆ ئینگلیزیێ دزانی؟,ھل تعرف اللغة الإنجليزية؟,tu eenguleezyê duzanee?
Do you understand?,tu têdigehî?,تو تێدگەھی؟,ھل تفھم؟,tu têdugeḧee?
Have you been to Turkey?,tu çi cara çuye turkiya?,تو چ جارا چویە تورکیا؟,ھل زرت تركيا؟,tu chu jara chuye turkya?
Will you marry me?,dê ş bimin key?,دێ ش بمن کەی؟,ھل ستتزوجني؟,dê sh bumun key?
Will you help me?,dê şêyi harîkariya min key?,دێ شێی ھاریكاریا من كەی؟,ھل ستساعدني؟,dê shêyu ḧareekaruya mun key?
Do you have any children?,te biçîk hene?,تە بچویك ھەنە؟,ھل لديك أطفال؟,te bucheek ḧene?
Do you have any children?,te 'eyal heye?,تە عەیال ھەیە؟,ھل لديك أطفال؟,te 'eyal ḧeye?
Do you have drive license?,te muleta hajotinê heye?,تە مولەتا ھاژۆتنێ ھەیە؟,ھل لديك رخصة محرك؟,te muleta ḧazhotunê ḧeye?
Are you doing well?,tu yê başî?,تۆ یێ باشی؟,ھل ما يرام؟,tu yê bashee?
jelly,marabe,مارابە,ھلام,marabe
jelly,marmelad,مارمه‌لاد,ھلام,marmelad
their,yawan,یاوان,ھم,yawan
undisciplined,har,ھار,ھمجي,ḧar
whisper,pispis,پسپس,ھمس,puspus
whisper (v),pispis kirin,پسپس کرن,ھمس,puspus krun
here,vêrê,ڤێرێ,ھنا,vêrê
there,wêderê,وێده‌رێ,ھناك,wêrê
there,wêrê,وێرێ,ھناك,wêrê
Indian,hindî,ھندى,ھندي,ḧundee
Indian,hîndî,ھیندی,ھندي,ḧeendee
hungary,hengariya,ھەنگاریا,ھنغاريا,ḧengaruya
he,ew,ئەو,ھو,ew
it,ew,ئەو,ھو,ew
air,ba,با,ھواء,ba
air,hawaî,ھەوای,ھواء,ḧawaee
antenna,ḧesas,حەساس,ھوائي,ḧesas
hobby,"hezkar, hobî",هه‌زکار، هۆبی,ھواية,"ḧezkar, ḧobee"
hobby,"hywaye , arezu",ھیوایە ، ئارەزو,ھواية,"ḧywaye , arezu"
Holland,holende,‌ھۆلەندە,ھولندا,ḧolende
Netherlands,hollenda,ھۆڵەندا,ھولندا,ḧollenda
identity,nasiname,ناسنامە,ھوية,nasuname
she,ew,ئەو,ھي,ew
skeleton,kulox,کولۆخ,ھيكل عظمي,"klox , ḧesteekê seree"
skeleton,hestîkê serî,ھەستیکێ سەری,ھيكل عظمي,"klox , ḧesteekê seree"
and,u,و,و,u
kurdish letter 30 (“u” or “w” sound),"u, w",ئو,و,"u, w"
kurdish letter 30 (“u” or “w” sound),"u, w",و,و,"u, w"
I know a little Kurdish,ez pîçek Kurdyê dizanim,ئەز پیچەك كوردیێ دزانم,وأنا أعلم كردي قليلا,ez peechek krdyê duzanum
otherwise,çinku hingî,چنکو هنگی,وإلا,chunk ḧungee
otherwise,hekene,ھەكەنە,وإلا,ḧekene
otherwise,wekî din,وه‌کی دن,وإلا,ḧekene
hail,"tezire, gijik, teyrok",ته‌زره‌، گژک، ته‌یرۆک,وابل,"tezure, gzhk, teyrok"
hail,"gijiluk, zîpik",گژلوک، زیپک,وابل,"gzhluk, zeepuk"
confident,ewledar,ئه‌وله‌دار,واثق,ewledar
confident,pişitirast,پشتراست,واثق,pushuturast
guard duty,nubedarî,نوبه‌داری,واجب الحراسة,nubedaree
1,êk,١ ، ئێك,واحد,êk
one,êk,ئێك,واحد,êk
41,çil u êk,٤١ ، چل و ئێك,واحد وأربعون,chul u êk
91,not u êk,٩١ ، نوت و ئێك,واحد وتسعون,not u êk
31,sîh u êk,٣١ ، سیھ و ئێك,واحد وثلاثون,seeḧ u êk
81,heştê u êk,٨١ ، ھەشتێ و ئێك,واحد وثمانون,ḧeshtê u êk
51,pêncî u êk,٥١ ، پێنجی و ئێك,واحد وخمسون,pênjee u êk
71,ḧeftê u êk,٧١ ، حەفتێ و ئێك,واحد وسبعون,ḧeftê u êk
61,şêst u êk,٦١ ، شێست و ئێك,واحد وستون,shêst u êk
21,bîst u êk,٢١ ، بیست و ئێك,واحد وعشرون,beest u êk
broad,beḧnatî,بەحناتى,واسع,beḧnatee
wide,berfreh,بەرفرەھ,واسع,"berfreḧ , peḧun"
wide,pehin,پەهن,واسع,"berfreḧ , peḧun"
wide,freh,فرەھ,واسع,freḧ
widespread,belav,بەلاڤ,واسع الانتشار,belav
imaginative,aşop kirin,ئاشۆپ کرن,واسع الخيال,ashop krun
Washington George,corc waşîngten,جۆرج واشینگتەن,واشنطن جورج,jorce washeengten
apparent,xuya,خویا,واضح,pe‌eeda beet
clear,berçav,به‌رچاڤ,واضح,berchav
clear,zelal,زه‌لال,واضح,zelal
clear,ron,ڕۆن,واضح,ron
clear,"safî , sahî , aşkra",سافی ، ساهی ، ئاشکرا,واضح,"safee , saḧee , ashkra"
clear,geş,گه‌ش,واضح,gesh
conspicuous,berbiçav,به‌ربچاڤ,واضح,"bazhêrê mazun , wellat"
conspicuous,diyar,دیار,واضح,"bazhêrê mazun , wellat"
manifest,eşkera diket,ئەشكەرا دكەت,واضح,eshkera duket
obvious,aşkira,ئاشكرا,واضح,ashkra
obvious,zelal,زه‌لال,واضح,ashkra
conscious,hayi jê hebûn,های ژێ هەبوون,واع,ḧayu zhê ḧebûn
conscious,haydar,هایدار,واع,ḧaydar
conscious,hişyar,هشیار,واع,ḧushyar
preacher,amujgar,ئاموژگار,واعظ,amuzhgar
preacher,amojgar,ئامۆژگار,واعظ,amuzhgar
preacher,şîretkar,شیره‌تکار,واعظ,"sheeretkar, mûchkar"
preacher,mûçkar,مووچکار,واعظ,"sheeretkar, mûchkar"
lot,gelek,گه‌له‌ک,وافر,mushe
lot,mişe,مشه‌,وافر,mushe
plentiful,pir,پر,وافر,pur
plentiful,mişe,مشه‌,وافر,mushe
sunscreen,"duhinê tavê, milḧemê ḧetavê",دوهنێ تاڤێ، ملحەمێ حەتاڤێ,واقية من الشمس,"duḧunê tavê, mulḧemê ḧetavê"
land will be wet,erd dê terrbît,عەرد دێ تەڕبیت,والأرض تكون رطبة,erd dê terrbeet
epidemic,epîdemî,ئه‌پیده‌می,وباء,epeedemee
Pandemic,Pandemî,پانده‌می,وباء,Pandemee
Pandemic,nexweşî li ser hemû cîhanê,نه‌خوه‌شی ل سه‌ر هه‌موو جیهانێ,وباء,nexweshee lu ser ḧemû jeeḧanê
pest,derdên vegir,دەردێن ڤەگر,وباء,derdên vegur
pestilence,derdên vegir,دەردێن ڤەگر,وباء,derdên vegur
used,hîbun,ھیبون,وتستخدم,ḧeebun
documentary,dikiyumênterî,دكیومێنتەری,وثائقي,dukyumênteree
cramp,teşenuç,تەشەنوچ,وثاق,teshenuch
dart,"rim, tîra perkrî",ڕم، تیرا په‌رکری,وثبة,"rum, teera perkree"
and then,ul,ول,وثم,ul
idolatry,pitiperstî,پتپەرستی,وثنیة,putuperstee
document,"baweriname , belge",باوەرنامە ، بەلگە,وثيقة,"baweruname , belge"
meals,demên xwarinê,دەمێن خوارنێ,وجبات,demên xwarunê
meal,danekî xarinî,دانەكى خارنى,وجبة,danekee xarunee
snack,asirî,ئاسری,وجبة خفيفة,ḧêshta
snack,xwarina sivik,خوارنا سڤک,وجبة خفيفة,ḧêshta
found,deyinan dan,دەینان دان,وجدت,deyunan dan
found,dît,دیت,وجدت,deet
toothache,êyşanadidanî,ئێیشاناددانى,وجع أسنان,êyshanadudanee
earache,êşa guh,ئێشا گوھ,وجع الأذن,êsha guḧ
monkey wrench,skul spane,سکول سپانه‌,وجع القرد,skl spane
monkey wrench,vekok,ڤه‌کۆک,وجع القرد,vekok
Stomach ache,zik êşan,زک ئێشان,وجع بطن,zuk êshan
countenance,dîndar,دیندار,وجه,deendar
countenance,dêm,دێم,وجه,dêm
face (a problem),tûşî,تووشی,وجه (مشكلة),tûshee
face to face,"rû bi rû, rûbirû",ڕوو ب ڕوو، ڕووبروو,وجها لوجه,"rû bu rû, rûburû"
opposing viewpoint,dijiyetî,دژیەتى,وجهة نظر معارضة,duzhuyetee
countenance,mirûz,مرووز,وجھ,"seruchav , navchav"
face,dêm,دێم,وجھ,"seruchav , navchav"
face,rû,ڕوو,وجھ,"seruchav , navchav"
face,seruçav,سەروچاڤ,وجھ,"seruchav , navchav"
face,avçav,ناڤچاڤ,وجھ,"seruchav , navchav"
viewpoint,rey,رەی,وجھة نظر,rey
existence,hebûn,هه‌بوون,وجود,ḧevḧebûn
graft,petirumekirin,په‌ترومه‌کرن,وحد,freḧ
graft,pêvekirin,پێڤه‌کرن,وحد,freḧ
unit,yeke,یه‌که‌,وحدة,sendeeka
unit,yekîne,یه‌کینه‌,وحدة,sendeeka
console,serexoşiyê lê kirin,سه‌ره‌خۆشیێ لێ کرن,وحدة التحكم,req
alone,bi tinê,ب تنێ,وحده,bu tunê
beast,dirinde,درنده‌,وحش,durunde
beast,lawir,لاور,وحش,lawur
brutal,dirinde,درندە,وحشي,durunde
wild,çolî,چۆلی,وحشي,cholee
wild,xorrstî,خۆڕستی,وحشي,durunde
wild,dirinde,درندە,وحشي,durunde
wild,"kûvî, kîvî",کووڤی، کیڤی,وحشي,"kûvee, keevee"
brutality,dirindayetî,درندایەتی,وحشية,durundayetee
single,bi tinê,ب تنێ,وحيد,bu tunê
single,zigurd,زگورد,وحيد,zugurd
lonely,bi tinê,ب تنێ,وحيدا,bu tunê
lonely,bêkes,بێكەس,وحيدا,bêkes
prickle,kun diket,كون دكەت,وخز,kn duket
prick,kun diket,كون دكەت,وخزة,kn duket
farewell,xatirate,خاتراتە,وداع,xaturate
farewell,xatirxwestin,خاترخوه‌ستن,وداع,xaturxwestun
bye,bixatirate,بخاتراتە,وداعا,buxaturate
goodbye,bixatra te,بخاتر اتە,وداعا,buxatra te
goodbye (plural host),bixêr biçin,بخێر بچن,وداعا (المضيف الجمع),buxêr buchun
goodbye (singular host),bixêr biçî,بخێر بچی,وداعا (المضيف المفرد),buxêr buchee
goodbye (plural guest),bixatra hewe,بخاترا ھەوە,وداعا (ضيف الجمع),buxatra ḧewe
goodbye (singular guest),bixatra te,بخاترا تە,وداعا (ضيف المفرد),buxatra te
entrust,brêvebrin,برێڤه‌برن,ودع,brêvebrun
entrust,spartin,سپارتن,ودع,"spartun, spardun"
entrust,spardin,سپاردن,ودع,"spartun, spardun"
friendly,"qenc, çê, çak, camêr",قه‌نج، چێ، چاک، جامێر,ودود,"qenj, chê, chak, jamêr"
sympathetic,"dilxwaz, pêrehiskir",دلخواز، پێره‌هسکر,ودي,"dulxwaz, pêreḧuskr"
meek,"derûnbiçûk, serinerm",ده‌روونبچووک، سه‌رنه‌رم,وديع,"derûnbuchûk, serunerm"
meek,"hejar, stûxwar",هه‌ژار، ستووخوار,وديع,"ḧezhar, stûxwar"
inherit,mîrat,میرات,وراثة,"meerat, meerat dubeet"
inherit,mîrat dibît,میرات دبیت,وراثة,"meerat, meerat dubeet"
genetic,drokî,درۆکی,وراثي,"zukmakee, drokee, nuzhadee"
genetic,zikmakî,زکماکی,وراثي,"zukmakee, drokee, nuzhadee"
genetic,nijadî,نژادی,وراثي,"zukmakee, drokee, nuzhadee"
genetical,"zikmakî, dîrokî, nijadî",زکماکی، دیرۆکی، نژادی,وراثي,"zukmakee, deerokee, nuzhadee"
inborn,zikmakî,زکماکی,وراثي,zukmakee
pink,"pîvazî , cumbedî",پیڤازی ، جومبە‌دی,وردي,"peevazee , jmbedee"
implicate,tûş kirin,تووش کرن,ورط,tûsh krun
implicate,nîşan kirin,نیشان کرن,ورط,neeshan krun
leaf,"belg, belçim",به‌لگ، به‌لچم,ورق,"belg, pel, belchum"
leaf,belk,بەلك,ورق,belk
leaf,pel,په‌ل,ورق,"belg, pel, belchum"
wallpaper,kaẍezê diywarî,کاغەزێ دیواری,ورق الجدران,kaẍezê duywaree
papyrus,leven,له‌ڤه‌ن,ورق بردي,leven
paper,"kaẍez , perr",کاغەز ، پەڕ,ورقة,"kaẍez , perr"
paper,wereqe,وەرەقە,ورقة,wereqe
sheet,çarçef,چارچەف,ورقة,charchef
sheet,laper,لاپەر,ورقة,laper
bay leaf,pelê define,په‌لێ ده‌فنه‌,ورقة الغار,duzhwar
hip,ran,ران,ورك,ran
hip,kemax,کەماخ,ورك,kemax
tumor,werimandin,وەرماندن,ورم,werumandun
heir,mîratgir,میراتگر,وريث,meeratgur
heir,mîrasgir,میراسگر,وريث,meerasgur
heir,werîs,وەریس,وريث,werees
vein,demar,دەمار,وريد,demar
ministry,wezaret,وەزارەت,وزارة,wezaret
Ministry of Education,wezareta perwerdê,وه‌زاره‌تا په‌روه‌ردێ,وزارة التربية والتعليم,wezareta perwerdê
Ministry of Interior,wezareta navxwe,وه‌زاره‌تا ناڤخوه‌,وزارة الداخلية,wezareta navxwe
Ministry of Agriculture,wezareta çandinê,وەزارەتا چاندنێ,وزارة الزراعة,wezareta chandunê
Ministry of Health,wezareta saxlemîê,وه‌زاره‌تا ساخله‌میێ,وزارة الصحة,wezareta saxlemeeê
Ministry of Electricity,wezareta karebê,وه‌زاره‌تا كاره‌بێ,وزارة الكهرباء,wezareta karebê
Ministry of  Finance,wezareta darayî,وه‌زاره‌تا دارایی,وزارة المالية,wezareta darayee
loins,"dimîne, damen",دمینه‌، دامه‌ن,وزرة,"dumeene, damen"
hand out,belave kirin,بەلاڤە کرن,وزع,belave krun
weigh,wezin,وه‌زن,وزن,"kêshan , bukêshe"
minister,şaliyar,شالیار,وزير,shaluyar
minister,wezîr,وەزیر,وزير,wezeer
defence minister,wezîra berevanî,وه‌زیرا به‌ره‌ڤانی,وزير الدفاع,wezeera berevanee
defense minister,wezîra berevanî,وه‌زیرا به‌ره‌ڤانی,وزير الدفاع,wezeera berevanee
media,awayên ragehandinê,ئاوایێن ڕاگه‌هاندنێ,وسائل الإعلام,awayên rageḧandunê
media,rojinamevanî,رۆژنامەڤانى,وسائل الإعلام,rozhunamevanee
cushion,palidanik,پالدانك,وسادة,paludanuk
pad,pêç diket,پێچ دكەت,وسادة,pêch duket
pillow,balîfik,بالیفك,وسادة,baleefuk
central,navendî,ناڤه‌ندی,وسط,navendee
middle,nav,ناڤ,وسط,nav
middle,nîfek,نیفەك,وسط,neefek
midst,navda,ناڤدا,وسط,navda
broker,delal,دەلال,وسيط,delal
mediator,navberkar,ناڤبه‌رکار,وسيط,"navgeen, navberkar, navbêzh"
mediator,navbêj,ناڤبێژ,وسيط,"navgeen, navberkar, navbêzh"
mediator,navgîn,ناڤگین,وسيط,"navgeen, navberkar, navbêzh"
middleman,kustek,كوستەك,وسيط,kstek
handsome,law,لاو,وسيم,law
tattoo,deq,ده‌ق,وشم,deq
tattoo,deqandin,ده‌قاندن,وشم,deqandun
describe,rave kirin,ڕاڤه‌ کرن,وصف,"wesf , rave duket"
describe,salox dan,سالۆخ دان,وصف,"wesf , rave duket"
describe,sêwirandin,سێوراندن,وصف,"wesf , rave duket"
describe,wesf,وەسف,وصف,"wesf , rave duket"
description,run kirin,رونکرن,وصف,run krun
description,saloxdan,سالۆخدان,وصف,wesf
description,wesf,وەسف,وصف,wesf
prescribe,derimaninfêst,دەرماننفێست,وصف,derumanunfêst
prescription,pisole,پسۆله‌,وصفة طبية,"lusta para , fature"
prescription,"raçêt, 'edese",راچێت، عەدەسە,وصفة طبية,"rachêt, 'edese"
prescription (for eye),edese,عەدەسە,وصفة طبية (العيون),edese
stain,pinî,پنی,وصمة,punee
access,cihê têra çun,جھێ تێرا چونێ,وصول,"geḧushtun , jḧê têra chun"
access,gehiştin,گەھشتن,وصول,"geḧushtun , jḧê têra chun"
guardian,perwerdeker,په‌روه‌رده‌که‌ر,وصي,nubedaree
guardian,nubedarî,نوبه‌داری,وصي,nubedaree
lay,danîn,دانین,وضع,"daneen , ḧêduket"
lay,hêdiket,ھێدكەت,وضع,"daneen , ḧêduket"
posture,rawestiker,راوەستكەر,وضع,rawestuker
put,dideyinît,ددەینیت ، دەینان,وضع,dudeyuneet
put (something) in order,periwerda~kirin,پەروەردا~کرن,وضع (شيء) من أجل,peruwerda~krun
finalize,berpê kirin,به‌رپێ کرن,وضع الصيغة النهائية,berpê krun
put a cast on a broken bone,cipis kirin,جپس کرن,وضع جبيرة على كسر العظام,jpus krun
upright,rast,راست,وضع عمودي,rast
laid,razand,ڕازاند,وضعت,lu gel razan
put under water and bring up,jar av kirin,ژار ئاڤ کرن,وضعت تحت الماء وإحضار,zhar av krun
put on,"diket berixu , bike ber xo , lê dan",دكەت بەرخو ، بکە بەر خۆ ، لێ دان,وضعت على,"duket beruxu , buke ber xo , lê dan"
put away,deyne cihê wî,دەینە جهێ وی,وضعھ جانبا,deyne jḧê wee
put away,rakirin,راکرن,وضعھ جانبا,rakrun
put away,lêk dan,لێك دان,وضعھ جانبا,lêk dan
put into practice,kar pê kirin,کار پێ کرن,وضعھ موضع التنفيذ,kar pê krun
clarity,zelalbûn,زه‌لالبوون,وضوح,zelalee
clarity,zelaltî,زه‌لالتی,وضوح,zelalee
clearness,"pakbûn, sahîtî",پاکبوون، ساهیتی,وضوح,"pakbûn, saḧeetee"
clearness,diyarbûn,دیاربوون,وضوح,duyarbûn
homeland,niştiman,نشتمان,وطن,nushtuman
homeland,war,وار,وطن,nushtuman
homeland,weten,وه‌ته‌ن,وطن,welat
homeland,welat,وه‌لات,وطن,nushtuman
national,miletî,مله‌تی,وطني,nefxweey
national,neteweyî,نه‌ته‌وه‌یی,وطني,nefxweey
national,wetenî,وه‌ته‌نی,وطني,netewetee
function,erk,ئەرك,وظيفة,erk
function,xebat,خە‌بات,وظيفة,xebat
function,kar,كار,وظيفة,kar
job,"şul , kar",شول ، کار,وظيفة,"shul , kar"
financing function,erkê paredarkirinê,ئەرکێ پارەدارکرنێ,وظيفة التمويل,erkê paredarkrunê
money function,erkê dravî,ئەرکێ دراڤی,وظيفة المال,erkê dravee
pot,qurîk,قوریك,وعاء,"qoree, qureek"
pot,qorî,قۆری,وعاء,"qoree, qureek"
stewpot,qazan,قازان,وعاء,qazan
pot (tea),çaydanik,چایدانک,وعاء (الشاي),chaydanuk
promise,suz,سوز,وعد,suz
promise,soz,سۆز,وعد,soz
promise,soz dan,سۆز دان,وعد,soz dan
preach,amojgarî kirin,ئامۆژگاری کرن,وعظ,muzgeenee gazee krun
preach,mizgînî ragehandin,مزگینی راگەهاندن,وعظ,muzgeenee rageḧandun
preach,mizgînî gazî kirin,مزگینی گازی کرن,وعظ,muzgeenee gazee krun
preach,mizgînî gehandin,مزگینی گەهاندن,وعظ,muzgeenee geḧandun
chiefly,brengekî serekî,برەنگەكى سەرەكى,وعلى رأسھا,brengekee serekee
delegation,şand,شاند,وفد,shand
abundance,deramet,ده‌رامه‌ت,وفرة,deramet
plenty,deramet,ده‌رامه‌ت,وفرة,deramet
plenty,zeḧfî,زەحفى,وفرة,zeḧfee
meanwhile,di wî demî da,د وى دەمى دا,وفي الوقت نفسھ,du wee demee da
preventive,parêzî,پارێزى,وقائي,parêzee
leisure,valatî,ڤالاتى,وقت الفراغ,valatee
shameless,bêşerim,بێشەرم,وقح,bêsherum
The road was frozen,"rêk ya cemsî(qersî , cmd) ya",رێك یا جەمسی(قەرسی ، جمد) یا,وقد جمدت الطريق,"rêk ya jemsee(qersee , jmd) ya"
halt,rawestîn,ڕاوه‌ستین,وقف,rawesteen
halt,sekinîn,سه‌کنین,وقف,sekneen
stood,rawsta,راوستا,وقف,rawsta
ceasefire,agirbest,ئاگربه‌ست,وقف إطلاق النار,guranukaree
fuel,ardû,ئاردوو,وقود,ardû
fuel,"sutemenî, sotemenî",سوته‌مه‌نی، سۆته‌مه‌نی,وقود,"sutemenee, sotemenee"
fuel,şewatek,شه‌واته‌ک,وقود,shewatek
fuel,mazot,مازۆت,وقود,mazot
agency,wekalet,وەكالەت,وكالة,wekalet
agent,cîgir,جیگر,وكيل,jeegur
agent,nimînende,نمینه‌نده‌,وكيل,numeenende
agent,nûner,نوونه‌ر,وكيل,nûner
agent,wekîl,وه‌کیل,وكيل,wekeel
representative,temsîlkar,ته‌مسیلکار,وكيل,temseelkar
representative,nûner,نوونه‌ر,وكيل,nûner
representative,wekîl,وه‌کیلر,وكيل,wekeel
nor,ne,نە,ولا,ne
loyal,dil soz,دلسۆز,ولاء,dul soz
loyalty,dil sozî,دلسۆزی,ولاء,dul sozee
prefecture,miḧafeze,محافەزە,ولاية,muḧafeze
so what?,ê vêca?,ئێ ڤێجا؟,وماذا في ذلك؟,xar
so what?,vêca çî ye?,ڤێجا چی یە؟,وماذا في ذلك؟,vêja chee ye?
so what?,ma çî ye?,ما چی یە؟,وماذا في ذلك؟,ma chee ye?
nevertheless,li gel hindê,ل گەل ھندێ,ومع ذلك,lu gel ḧundê
It is your responsibility,eve ber prisîyar te‌ ye,ئە‌ڤە بە‌رپرسیار تە‌ یە,ومن مسؤوليتكم.,eve ber pruseeyar te‌ ye
lump,kulik,کولک,ون,kluk
That is mine (woman),ya mine,یا منه‌,وهذا هو منجم (النساء),ya mune
That is mine (man),yê mine,یێ منه‌,وهذا هو منجم (رجل),yê mune
gentile,biyanî,بیانی,وه‌لات,"buyanee , gelê buyanee"
gentile,gawir,گاور,وه‌لات,"netewe , gawr , mulet"
gentile,gelê biyanî,گەلێ بیانی,وه‌لات,"buyanee , gelê buyanee"
gentile,milet,ملەت,وه‌لات,"netewe , gawr , mulet"
gentile,netewe,نەتەوە,وه‌لات,"netewe , gawr , mulet"
and so on,filan,فلان,وهلم جرا,nav
This will help avoid infection,eve‌ dê te parêzît dijî ilthaba,ئەڤە‌ دێ تە پارێزیت دژی ئلتھابا,وھذا يساعد على تجنب الإصابة,eve‌ dê te parêzeet duzhee ultḧaba
thus,lewma,لەوما,وھكذا,lewma
thus,"husa , her wesa",ھوسا ، ھەر وەسا,وھكذا,"ḧusa , ḧer wesa"
kurdish letter 32 (“oo” sound),û,وو,وو,û
father in law,"xezîr, xesîr",خەزیر، خەسیر,ووالد بالتبنى,"xezeer, xeseer"
disregarding,bêpûtekirin,بێپووته‌کرن,ويؤدي تجاهل,"guḧnedan, bêpûtekrun, chavgurtun"
disregarding,çavgirtin,چاڤگرتن,ويؤدي تجاهل,"guḧnedan, bêpûtekrun, chavgurtun"
disregarding,guhnedan,گوهنه‌دان,ويؤدي تجاهل,"guḧnedan, bêpûtekrun, chavgurtun"
ware,kelûpel,که‌لووپه‌ل,وير,kelûpel
woe,xulîsery,خولیسه‌ری,ويل,"weyu , wayu lee"
woe,"weyi , wayi lî",وەی ، وای لی,ويل,"weyu , wayu lee"
kurdish letter 31 (“o” sound),o,ئۆ,ۆ,o
kurdish letter 31 (“o” sound),o,ۆ,ۆ,o
kurdish letter 33 (“y” or “i:” sound),"î, y",ئی,ي,"ee, y"
kurdish letter 33 (“y” or “i:” sound),"î, y",ی,ي,"ee, y"
despair,tiris wnh xuşî,ترس ونھ خوشى,يأس,turus wnḧ xushee
unfortunate,"rebenî , bê şanis",رەبەنی ، بێ شانس,يؤسف لھ,"rebenee , bê shanus"
Oh my goodness,maşalla,ماشاللا,يا إلهي,mashalla
lifeguard,sebibaḧ,سەبباح,يا حارس الشاطئ,sebubaḧ
what a surprise!,eve çend ya seyribu!,ئەڤە چەند یا سەیربو!,يا لها من مفاجأة!,eve chend ya seyrubu!
desperate,ez bê zar bûm,ئەز بێ زار بووم,يائس,ez bê zar bûm
crusty,dilgiran,دلگران,يابس,dilgiran
ruby,yaqute,یاقوتە,ياقوت,yaqute
sapphire,yaqutê şîn,یاقوتێ شین,ياقوت أزرق,yaqutê sheen
jacinth,yaqutê mor,یاقوتێ مۆر,ياقوتة,yaqutê mor
mellow,nazik,نازك,يانع,nazuk
bless you (after sneeze),têr bijî,تێر بژی,يبارك لك (بعد العطس),têr buzhee
drift away,jê varê bûn,ژێ ڤارێ بوون,يبتعد,zhê varê bûn
seem,xwiya bûn,خویا بوون,يبدو,qeesare
seem,diyar bûn,دیار بوون,يبدو,qeesare
look like,şibîn,شبین,يبدو مثل,shubeen
liberal,serbest,سەربەست,يبرالي,serbest
cement,çîmento,چیمه‌نتۆ,يبني,cheemento
sell,difiruşit,دفروشت,يبيع,dufurushut
reflect,"fikrîn , hizirîn",فکرین ، هزرین,يتأمل,"fukreen , ḧuzureen"
supply,tişita didetê,تشتا ددەتێ,يتبرع,"zexeere , tushuta dudetê"
supply,danê,دانێ,يتبرع,"danê, guḧandunê"
supply,zexîre,زەخیرە,يتبرع,"zexeere , tushuta dudetê"
supply,gihandinê,گهاندنێ,يتبرع,"danê, guḧandunê"
move,livandin,لڤاندن,يتحرك,luvandun
move,livîn,لڤین,يتحرك,luveen
come true,"bicih bihêt, bicih bêt",بجھ بهێت، بجھ بێت,يتحقق,"bujḧ buḧêt, bujḧ bêt"
bear,hiriç,ھرچ,يتحمل,ḧuruch
hang out,helawîstin,ھەلاویستن,يتسكع,ḧelaweestun
be distracted,"şewşî, dînbuwîy, aqlavêtî",شه‌وشی، دینبوویی، ئاقلاڤێتی,يتشتت انتباهه,"shewshee, deenbuweey, aqlavêtee"
escalate,sûwarbûn,سوواربوون,يتصعد,pênce
implication,"tûşkirin , tûşbûn",تووشکرن ، تووشبوون,يتضمن,"tûshkrun , tûshbûn"
implication,nîşankirin,نیشانکرن,يتضمن,neeshankrun
starve,brisî dibît,برسى دبیت,يتضور جوعا,brusee dubeet
pretended,diyar kirî,دیار كرى,يتظاهر,duyar kree
proficient,jêhatî,ژێھاتى,يتقن,zhêḧatee
articulate,aşkere kirin,ئاشکه‌ره‌ کرن,يتكلم بوضوح,mezun
articulate,îfade kirin,ئیفاده‌ کرن,يتكلم بوضوح,mezun
articulate,beyan kirin,به‌یان کرن,يتكلم بوضوح,mezun
articulate,derbiran,ده‌ربران,يتكلم بوضوح,mezun
articulate,derbirin,ده‌ربرن,يتكلم بوضوح,mezun
recite,neqil kirin,نەقل كرن,يتلو,nequl krun
wrap up,alandin,ئالاندن,يتم إحتوائھ,berug buket
wrap up,berig biket,بەرگ بکەت,يتم إحتوائھ,berug buket
wrap up,kifin kirin,کفن کرن,يتم إحتوائھ,berug buket
wrap up,kefen kirin,که‌فه‌ن کرن,يتم إحتوائھ,berug buket
be self controlled,liser hişên xo bîn,لسەر ھشێن خۆ بین,يتم التحكم في النفس,luser ḧushên xo been
be destroyed,"pwîç bûn,  pûç bûn",پویچ بوون،  پووچ بوون,يتم تدميرها,"pweech bûn,  pûch bûn"
orphan,"berdiywar, bêbav, bêkes",به‌ردیوار، بێباڤ، بێکه‌س,يتيم,"berduywar, bêbav, bêkes"
orphan,êtîm û sêwî,سێوی,يتيم,êteem û sêwee
must,pêdivî (ye),پێدڤی (یه‌),يجب,"pêduvee (ye), pêweest (e k)"
must,pêwîst (e ku),پێویست (ئه‌ کو),يجب,"pêduvee (ye), pêweest (e k)"
must,"lazim, divê ku",لازم، دڤێ کو,يجب,"lazum, duvê k"
should,"lazim, divêt",لازم ،  دڤێت,يجب,"lazum, duvêt"
force to leave,der êxistin,دەر ئێخستن,يجب أن أترك.,der êxustun
must be,lazim,لازم,يجب أن يكون,lazum
be confused,aloz bûn,ئالۆز بوون,يجب الخلط,aloz bûn
be confused,mişeweş kirin,مشەوەش کرن,يجب الخلط,mushewesh krun
gather,vêdan,ڤێدان,يجتمع,jveen
meet,"dîtin , bibîne",دیتن ، ببینە,يجتمع,"deetun , bubeene"
run ; I run,"bezîn ; ez bezim , ezê ẍardanê kem",بەزین ؛ ئەز بەزم ، ئەزێ غاردانێ کەم,يجري ؛ أركض,"bezeen ; ez bezum , ezê ẍardanê kem"
dehydrate,hişk kirin,هشک کرن,يجف,derḧeq
collect,vêdan,ڤێدان,يجمع,jveen
besiege,dorpêç kirin,دۆرپێچ کرن,يحاصر,dorpêch krun
retain,berdewam kirin,به‌رده‌وام کرن,يحتفظ,savar
contain,"hilgirtin , pêkhat",هلگرتن ، پێکھات,يحتوي على,"ḧulgurtun , pêkḧat"
happen,"rude det , peydabûn",رودە دەت ، پەیدابوون,يحدث,"rude det , peydabûn"
happen is same to you,neqşe li te jî,نەقشە ل تە ژی,يحدث ھو نفس لك,neqshe lu te zhee
take an oath,sînd xwarin,سیند خوارن,يحلف اليمين,seend xwarun
protect,parastin,پاراستن,يحمي,parastun
prevent,pêşî lê girtin,پێشی لێ گرتن,يحول دون,pêshee lê gurtun
prevent,rê lê girtin,ڕێ لێ گرتن,يحول دون,rê lê gurtun
hover,frîn yan (l ser) geran,فرین یان (ل سه‌ر) گه‌ران,يحوم,freen yan (l ser) geran
transmit,birêkirin,برێکرن,يحيل,burêkrun
transmit,şandin,شاندن,يحيل,shandun
transmit,guhêztin,گوهێزتن,يحيل,guḧêztun
transmit,hinartin,هنارتن,يحيل,ḧunartun
yacht,belem,بەلەم,يخت,belem
opt,bijartin,بژارتن,يختار، يقرر,buzhartun
be put to shame,serim kirin,سەرم کرن,يخزى,serum krun
yield,ber hemî di înît,بەرھەمى دئینیت,يخضع أو يستسلم,ber ḧemee du eeneet
Misses,xanim,خانم,يخطئ,xanum
delve,kolîn,کۆلین,يخوض,koleen
delve,"lêkolîn, vekolîn",لێکۆلین، ڤه‌کۆلین,يخوض,"lêkoleen, vekoleen"
disappoint,bêhêvî kirin,بێهێڤی کرن,يخيب,bê ḧeevee duket
disappoint,dilsar kirin,دلسار کرن,يخيب,bê ḧeevee duket
hand,dest,دەست,يد,dest
hand,"lep, kef, çeç",له‌پ، که‌ف، چه‌چ,يد,"lep, kef, chech"
signify,amaje kirin,ئاماژه‌ کرن,يدل,"ḧêz, buzuree"
trample,binpê kirin,بنپێ کرن,يدوس,"derece , paye"
trample,pê lê kirin,پێ لێ کرن,يدوس,"derece , paye"
look after,çavdêrî kirin,چاڤدێری کرن,يراعي,chav dêree duket
look after,xemî jî xut,خەمى ژى خوت,يراعي,xemee zhee xut
attach,bi ser ve kirin,ب سه‌ر ڤه‌ کرن,يربط,pêve krun
attach,pêve kirin,پێڤه‌ کرن,يربط,pêve krun
attach,zeliqandin,زه‌لقاندن,يربط,pêve krun
tie up,bestin,به‌ستن,يربط,bestun
tie up,qeyd,قه‌ید,يربط,"chemeen, chemandun"
rise,bilind dibît,بلند دبیت,يرتفع,bulund dubeet
pitiable,perîşan,په‌ریشان,يرثى لها,pereeshan
turn from,varê bûn,ڤارێ بوون,يرجع من,varê bûn
kindly,bi qencî,ب قه‌نجی,يرجى,bu qenjee
kindly,ji qenciya xwe,ژ قه‌نجیا خوه‌,يرجى,zhu qenjya xwe
please listen to me,bê zeḧmet guhê xo bide min,بێ زەحمەت گوھێ خۆ بدە من,يرجى الاستماع لي,bê zeḧmet guḧê xo bude mun
please sit down,keremke rîne xwar,کەرەمکە رینە خوار,يرجى الجلوس,keremke reene xwar
respond,bersiv dan,به‌رسڤ دان,يرد,berukar
attach!,pêveke,پێڤەکە,يرفق!,pêveke
disturb,aciz kirin,ئاجز کرن,يزعج,wel duket
disturb,nerehet kirin,نه‌ره‌هه‌ت کرن,يزعج,wel duket
disturb,wel diket,وەل دکەت,يزعج,wel duket
misunderstood,xelet têgehişit,خەلەت تێگەھشت,يساء فهمه,xelet têgeḧushut
Barber uses Scissors and comb,sertiraş mqes û şeyi bi kardînît,سەرتراش مقەس و شەی ب کاردئینیت,يستخدم مقص الحلاق ومشط,serturash mqes û sheyu bu kardeeneet
relax,bêhina xo berdan,بێهنا خۆ به‌ردان,يستريح,bêḧuna xo berdan
relax,reḧit dibît,رەحت دبیت,يستريح,reḧut dubeet
resting,paldan,پالدان,يستريح,paldan
receiving,pêşwazîkirin,پێشوازیکرن,يستلم,pêshwazeekrun
figuring out,biserhelbûn,بسه‌رهه‌لبوون,يستنتج,ḧerrshandun
accommodate,hewandin,هه‌واندن,يستوعب,ẍshash
I'm pleased to meet you,keyfamin hat min tu dîtî,کەیفامن ھات من تو دیتی,يسعدني أن ألتقي بكم,keyfamun ḧat mun tu deetee
Jesus,îsa,عیسا,يسوع,eesa
Jesus,yesu',یسوع,يسوع,yesu'
Christ,zeytkrî,زەیتكری,يسوع المسيح,meseeḧ
Christ,mesîḧ,مەسیح,يسوع المسيح,meseeḧ
jasper,berê yeşp,به‌رێ یه‌شپ,يشب,berê yeshp
feel,pê hesîn,پێ هه‌سین,يشعر,ḧest pê krun
feel,hest kirin,هه‌ست پێ کرن,يشعر,ḧest krun
feel,hesîn,هه‌سین,يشعر,ḧest pê krun
feel,hest pê kirin,ھەستكرن,يشعر,ḧest pê krun
notice,hesîn,هه‌سین,يشعر,ḧest pê krun
be embarrassed,şerim kirin,شەرم کرن,يشعر بالحرج,sherum krun
undergrate,kêmkirin,کێمکرن,يشكر,kêmkirin
hang up,telefon girîtin,تەلەفۆن گریتن,يشنق,telefon gureetun
confiscate,destdanîn,ده‌ستدانین,يصادر,aborsuyon
confiscate,ji destgirtin,ژده‌ستگرتن,يصادر,aborsuyon
pour,birêjît,برێژیت,يصب,"burêzheet , reekrun"
pour,tê kirin,تێ کرن,يصب,"burêzheet , reekrun"
pour,rîkirin,ریکرن,يصب,"burêzheet , reekrun"
pour,rijandin,ڕژاندن,يصب,ruzhandun
crash,gurîn,گورین,يصطدم _ تصادم,gureen
arrive,gehişit,گەھشت,يصل,geḧushut
up rise,ser hilidanê diket,سەر ھلدانێ دکەت,يصل اریتفاع,ser ḧuludanê duket
fix,tamîr kirin,تامیر کرن,يصلح,tameer krun
fix,çêkirin,چێکرن,يصلح,chêkrun
fix,dirist kirin,درست کرن,يصلح,durust krun
repair,sexbêrîkirin,سەخبێریکرن,يصلح,sexbêreekrun
fit for you,ji te dihêt,ژ تە دھێت,يصلح لك,zhu te duḧêt
make a circle,gruvir bike,گروڤر بکە,يصنع دائرة,gruvur buke
bring to an end,bi serî kirin,ب سه‌ری کرن,يضع حدا,
weaken,xavbûn,خاڤبوون,يضعف,xayun
go astray,berella bun,به‌ره‌ڵا بون,يضل,berella bun
go astray,ji rêya rast derkeftin,ژ ڕێیا ڕاست ده‌رکه‌فتن,يضل,zhu rêya rast derkeftun
shines,dibrisqt,دبرسقت,يضيء,dubrusqt
expel,derêxistin,ده‌رێخستن,يطرد,derêxustun
quench,tefandin,ته‌فاندن,يطفئ,"temurandun, tefandun"
quench,temirandin,ته‌مراندن,يطفئ,"temurandun, tefandun"
quench,vemirandin,ڤه‌مراندن,يطفئ,"temurandun, tefandun"
floating,ser av kevtin,سەر ئاڤ کەڤتن,يطفو على السطح,ser av kevtun
emerge,pengizîn,په‌نگزین,يظهر,penguzeen
emerge,derkeftin,ده‌رکه‌فتن,يظهر,derkeftun
rely,pişit pêbestin,پشت پێبه‌ستن,يعتمد,zhêḧatun
rely on,piştgerm bûn,پشتگه‌رم بوون,يعتمد على,tepe
amend,rastvekirin,ڕاستڤه‌کرن,يعدل,rastvekrun
jeopardize,xeter,خه‌ته‌ر,يعرض للخطر,xeter
be known as,berinyas b~bîn,بەرنیاس ب~بین,يعرف باسم,berunyas b~been
squeeze,şidandin,شداند,يعصر,shudandun
defy,qeb kirin,قه‌ب کرن,يعصي,qeb krun
defy,li ber xwe bidin,ل به‌ر خوه‌ بدن,يعصي,lu ber xwe budun
Jacob,ye'qub,یەعقوب,يعقوب,ye'qub
reverse,eksî,ئه‌کسی,يعكس,eksee
reverse,berevajî,به‌ره‌ڤاژی,يعكس,berevazhee
reverse,ters,ته‌رس,يعكس,ters
reverse,qulibî,قولبی,يعكس,qulubee
reverse,wergerrandî,وه‌رگه‌ڕاندی,يعكس,wergerrandee
imply,nîşan diket,نیشان دكەت,يعني,neeshan duket
live (on TV),zîndî,زیندی,يعيش (في التلفزيون),zeendee
live long (for children),xudê bê hêlît,خودێ بێ ھێلیت,يعيش طويلا (للأطفال),xudê bê ḧêleet
drown,di avê de xendiqandin,د ئاڤێ ده‌ خه‌ندقاندن,يغرق,du avê de xenduqandun
conquer,îşxal kirin,ئیشخال کرن,يغزو,"dagur krun, eeshxal krun"
conquer,dagir kirin,داگر کرن,يغزو,"dagur krun, eeshxal krun"
conquer,dagîrkirin,داگیرکرن,يغزو,dageerkrun
get angry,turre bîn,توڕە بین,يغضب,turre been
be forgiven,hêne burîn,هێنه‌ بورین,يغفر له,ḧêne bureen
close down,daxistin,داخستن,يغلق,daxustun
dive,noq kirin,نۆق کرن,يغوص,muḧ lefan
check up,feḧis kirin,فەحس کرن,يفحص,feḧus krun
give way (traffic),pêşahiya hatin û çûnê bide,پێشاھیا ھاتن و چوونێ بدە,يفسح الطريق (المرور),pêshaḧuya ḧatun û chûnê bude
resist,berhingarî kirin,به‌رهنگاری کرن,يقاوم,berḧungaree krun
chop,hîr kirin,ھیر کرن,يقطع,ḧeer krun
pumpkin,kulind,کولند,يقطين,klund
vigilance,bêdarî,بێداری,يقظة,bêdaree
vigilance,haş,هاش,يقظة,ḧash
vigilance,hişyarî,هشیاری,يقظة,ḧushyaree
Farmers cultivate the land,cûtiyar zeviyê dikêlît,جووتیار زەڤیێ دکێلیت,يقوم المزارعون بزراعة الأرض,jûtuyar zevuyê dukêleet
reside,akincî bûn,ئاکنجی بوون,يقيم,aknjee bûn
acquire,bi dest xistin,ب ده‌ست خستن,يكتسب,bu dest xustun
acquire,peyda kirin,په‌یدا کرن,يكتسب,peyda krun
toil,zehmet kar kirin,زه‌همه‌ت کار کرن,يكدح,zeḧmet kar krun
toil,zor şol kirin,زۆر شۆل کرن,يكدح,zor shol krun
be,dibît,دبیت,يكون,dubeet
be frightened,behitî bûn,به‌هتی بوون,يكون خائفا,beḧutee bûn
be frightened,"tirrisan , tirisan",تڕسان ، ترسان,يكون خائفا,"turrusan , turusan"
be stuck,asê bûn,ئاسێ بوون,يكون عالقا,asê bûn
be in labor,janêt~ hatin,ژانێت~ ھاتن,يكون في العمل,zhanêt~ ḧatun
be able to,"şiyan, bişê, dişît",شیان، بشێ، دشیت,يكون قادرا على,"shuyan, bushê, dusheet"
be enough,"liber~ketin , têra kirin",لبەر~کەتن ، تێرا کرن,يكون كافيا,"luber~ketun , têra krun"
be tired,westan,وەستان,يكون متعبا,westan
be diligent,dilgermbûn,دلگه‌رمبوون,يكون مجتهدا,dulgermbûn
be downcast,têk çûn,تێك چوون,يكون مسبل,têk chûn
be bound to,were girêdan,وه‌ره‌ گرێدان,يكون ملزم ل,were gurêdan
be victorious,bi ser ketin,ب سەر کەتن,يكون منتصرا,bu ser ketun
be obvious,diyar bîn,دیار بین,يكون واضحا,duyar been
pick up,vêdan,ڤێدان,يلتقط,jveen
cast,avêtin,ئاڤێتن,يلقي,avêtun
cast,"cibis , tîma karî",جبس ، تیما كاری,يلقي,"jbus , teema karee"
cast out,derêxistin,دەرئێخستن,يلقي بھا,derêxustun
shoeshine,boyaxçî,بۆیاخچی,يلمع الأحذية,boyaxchee
pass by,radiburît,رادبوریت,يمر بجانب,radubureet
joking,suḧbetê kirin,سوحبەتێ کرن,يمزح,suḧbetê krun
wipe away,vemalîn,ڤه‌مالین,يمسح,vemaleen
can I put there?,ez dêşêm danme wêrê,ئەز دێشێم دانمە وێرێ,يمكن أن أضع ھناك؟,ez dêshêm danme wêrê
be trusted,di dest pak bîn,د دەست پاك بین,يمكن الوثوق بھا,du dest pak been
be justified,xukmî vebrin,خوکمی ڤەبرن,يمكن تبريرھ,xukmee vebrun
Can you put there?,tu şêyi daniye wêrê,تو شێی دانیە وێرێ,يمكنك وضع ھناك؟,tu shêyu danuye wêrê
Can I try on?,erê dê şêm bicerbînim?,ئەرێ دێ شێم بجەربینم؟,يمكنني محاولة على؟,erê dê shêm bujerbeenum?
filling up,dagirtin,داگرتن,يملأ,dagurtun
die,dimirît,دمریت,يموت,dumureet
die,mirin,مرن,يموت,murun
die,wexer kirin,وه‌خه‌ر کرن,يموت,wexer krun
perish,"dibrihînt , ji nav çûn",دبرھینت ، ژ ناڤ چوون,يموت,"dubruḧeent , zhu nav chûn"
differentiate,cihê kirin,جهێ کرن,يميز,deer krun
differentiate,ji hev cihê kirin,ژ هه‌ڤ جهێ کرن,يميز,deer krun
differentiate,vavêr kirin,ڤاڤێر کرن,يميز,deer krun
oath,"swînd , sînd",سویند ، سیند,يمين,"sweend , seend"
oath,nezir,نه‌زر,يمين,nezur
January,"hêva êk, kanînadê, meha 1ê",ھەیڤا ئێك، کانینا دوێ، مه‌ها ۱ئێ,يناير,"ḧêva êk, kaneenadê, meḧa 1ê"
emit,"berdan , belav kirin",به‌ردان ، به‌لاڤ کرن,ينبعث,"berdan , belav krun"
criticise,riswa kirin,ڕسوا کرن,ينتقد,"shermezar krun, meḧkûm krun"
criticise,rexne kirin,ڕه‌خنه‌ کرن,ينتقد,"shermezar krun, meḧkûm krun"
criticize,rexne kirin,ڕه‌خنه‌ کرن,ينتقد,"shermezar krun, meḧkûm krun"
belong to,taybete girîdaye b,تایبەتە گریدایە ب,ينتمي الي,taybete gureedaye b
violate,bin pê kirin,بن پێ کرن,ينتهك,grtuyan
accomplish,encam dan,ئه‌نجام دان,ينجز,enjamdan
accomplish,bi dest xistin,ب ده‌ست خستن,ينجز,enjamdan
stoop,çemandin,چه‌ماندن,ينحدر,ḧesab
bend down,çemandin,چه‌ماندن,ينحني,daqûl krun
stooping,çemand,چه‌ماند,ينحني,ḧesab
surge,zêde kirin,زێده‌ کرن,يندفع يقوة,shulqandun
surge,şilqandin,شلقاندن,يندفع يقوة,shulqandun
surge,şilqîn,شلقین,يندفع يقوة,shulqeen
reflect,"şewq vedan , deng vedan",شه‌وق ڤه‌دان ، ده‌نگ ڤه‌دان,ينعكس الضوء شيئا,"shewq vedan , deng vedan"
blow up,peqîn,په‌قین,ينفجر,peqeen
deny oneself,êdî nekirin,ئێدی نه‌کرن,ينكر نفسه,"xo mandel krun, êdee nekrun"
deny oneself,xo mandel kirin,خۆ مانده‌ل کرن,ينكر نفسه,"xo mandel krun, êdee nekrun"
nodded,serê xwe hejand,سەرێ خوە ھەژاند,يهز رأسه,serê xwe ḧezhand
Joseph,yusiv,یوسڤ,يوسف,yusuv
reimburse,ziyan vegerandin,زیان ڤه‌گه‌راندن,يوفي,qerebûkrun
reimburse,qerebûkirin,قه‌ره‌بووکرن,يوفي,qerebûkrun
day,roj,رۆژ,يوم,rozh
Wednesday,çarşembê,چارشەمبێ,يوم الأربعاء,charshembê
Father' Day,"roja bab, 'îd li ab",ڕۆژا باب، عید ل ئاب,يوم الاب,"rozha bab, 'eed lu ab"
Day of Redemption,roja rizgariyê,رۆژا رزگاریێ,يوم الاسترداد,rozha ruzgaruyê
Day of Preparation,roja berhevbûnê,رۆژا بەرهەڤبوونێ,يوم التحضير,rozha berḧevbûnê
Tuesday,sêşembê,سێشەمبێ,يوم الثلاثاء,sêshembê
Friday,înî,ئینی,يوم الجمعة,eenee
Friday,cum'e,جومعە,يوم الجمعة,jm'e
Friday,xudbe,خودبە,يوم الجمعة,xudbe
Thursday,pencşembê,پێنجشەمبێ,يوم الخميس,penjshembê
Day of the Lord,roja xudanî,رۆژا خودانی,يوم الرب,rozha xudanee
Saturday,şembê,شەمبێ,يوم الس بیت,shembê
Sabbath,roja şembî,رۆژا شەمبی,يوم السبت,rozha shembee
New Year's Day,sersal,سه‌رسال,يوم السنة الجديدة,sersal
New Year's Day,serê salê,سه‌رێ سالێ,يوم السنة الجديدة,serê salê
day of kurdstan's flag,roja alayê kurdistanê,رۆژا ئالایێ کوردستانێ,يوم العلم في كوردستان,rozha alayê krdustanê
day by day getting worst,roj bo rojê xirabitire,رۆژ بۆ رۆژێ خرابترە,يوما بعد يوم يزداد أسوأ,rozh bo rozhê xurabuture
daily,rujane,ڕوژانە,يوميا,ruzhane
daily,her ruj,ھەر روژ,يوميا,ḧer ruzh
Can I take it?,dê şêm bixu bibem?,دێ شێم بخو ببەم؟,یمکنني أن أعتبڕ,dê shêm buxu bubem?
kurdish letter 34 (“e:” sound),ê,ئێ,ێ,ê
kurdish letter 34 (“e:” sound),ê,ێ,ێ,ê
endeavor,tê koşîn,تێ کۆشین,,sherr krun
