Verb,Tense,Person,English,Kurdish (Latin),Kurdish (Arabic)
Accept,Past,I,I accepted,min  qebîl kir,من قەبیل كر
Accept,Past,You,You accepted,te  qebîl kir,تە قەبیل كر
Accept,Past,He/She,He/She accepted,ewî/ewê  qebîl kir,ئەوی/ئەوێ قەبیل كر
Accept,Past,We,We accepted,me  qebîl kir,مە قەبیل كر
Accept,Past,You (pl.),You accepted,hewe  qebîl kir,ھەوە قەبیل كر
Accept,Past,They,They accepted,ewan  qebîl kir,ئەوان قەبیل كر
Accept,Present,I,I accept,ez  qebîl di kem,ئەز قەبیل د كەم
Accept,Present,You,You accept,tu  qebîl di key,تو قەبیل د كەی
Accept,Present,He/She,He/She accepts,ew  qebîl di ket,ئەو قەبیل د كەت
Accept,Present,We,We accept,em  qebîl di keyn,ئەم قەبیل د كەین
Accept,Present,You (pl.),You accept,hîn  qebîl di ken,ھین قەبیل د كەن
Accept,Present,They,They accept,ew  qebîl di ken,ئەو قەبیل د كەن
Accept,Future,I,I will accept,ez dê  qebîl kem,ئەز دێ قەبیل كەم
Accept,Future,You,You will accept,tu dê  qebîl key,تو دێ قەبیل كەی
Accept,Future,He/She,He/She will accept,ew dê  qebîl ket,ئەو دێ قەبیل كەت
Accept,Future,We,We will accept,em dê  qebîl keyn,ئەم دێ قەبیل كەین
Accept,Future,You (pl.),You will accept,hîn dê  qebîl ken,ھین دێ قەبیل كەن
Accept,Future,They,They will accept,ew dê  qebîl ken,ئەو دێ قەبیل كەن
Accuse,Past,I,I accused, ez 'itîham kirim,ئەز ئتیھام كرم
Accuse,Past,You,You accused, tu 'itîham kirî,تو ئتیھام كری
Accuse,Past,He/She,He/She accused, ew 'itîham kir,ئەو ئتیھام كر
Accuse,Past,We,We accused, em 'itîham kirîn,ئەم ئتیھام كرین
Accuse,Past,You (pl.),You accused, hîn 'itîham kirin,ھین ئتیھام كرن
Accuse,Past,They,They accused, ew 'itîham kirin,ئەو ئتیھام كرن
Accuse,Present,I,I accuse,ez  'itîham di kem,ئەز ئتیھام د كەم
Accuse,Present,You,You accuse,tu  'itîham di key,تو ئتیھام د كەی
Accuse,Present,He/She,He/She accuses,ew  'itîham di ket,ئەو ئتیھام د كەت
Accuse,Present,We,We accuse,em  'itîham di keyn,ئەم ئتیھام د كەین
Accuse,Present,You (pl.),You accuse,hîn  'itîham di ken,ھین ئتیھام د كەن
Accuse,Present,They,They accuse,ew  'itîham di ken,ئەو ئتیھام د كەن
Accuse,Future,I,I will accuse,ez dê  'itîham kem,ئەز دێ ئتیھام كەم
Accuse,Future,You,You will accuse,tu dê  'itîham key,تو دێ ئتیھام كەی
Accuse,Future,He/She,He/She will accuse,ew dê  'itîham ket,ئەو دێ ئتیھام كەت
Accuse,Future,We,We will accuse,em dê  'itîham keyn,ئەم دێ ئتیھام كەین
Accuse,Future,You (pl.),You will accuse,hîn dê  'itîham ken,ھین دێ ئتیھام كەن
Accuse,Future,They,They will accuse,ew dê  'itîham ken,ئەو دێ ئتیھام كەن
Achieve,Past,I,I achieved,min  dest xo ve îna,من دەست خو ڤە ئینا
Achieve,Past,You,You achieved,te  dest xo ve îna,تە دەست خو ڤە ئینا
Achieve,Past,He/She,He/She achieved,ewî/ewê  dest xo ve îna,ئەوی/ئەوێ دەست خو ڤە ئینا
Achieve,Past,We,We achieved,me  dest xo ve îna,مە دەست خو ڤە ئینا
Achieve,Past,You (pl.),You achieved,hewe  dest xo ve îna,ھەوە دەست خو ڤە ئینا
Achieve,Past,They,They achieved,ewan  dest xo ve îna,ئەوان دەست خو ڤە ئینا
Achieve,Present,I,I achieve,ez  dest xo ve di înim,ئەز دەست خو ڤە د ئینم
Achieve,Present,You,You achieve,tu  dest xo ve di înî,تو دەست خو ڤە د ئینی
Achieve,Present,He/She,He/She achieves,ew  dest xo ve di înit,ئەو دەست خو ڤە د ئینیت
Achieve,Present,We,We achieve,em  dest xo ve di înîn,ئەم دەست خو ڤە د ئینین
Achieve,Present,You (pl.),You achieve,hîn  dest xo ve di înin,ھین دەست خو ڤە د ئینن
Achieve,Present,They,They achieve,ew  dest xo ve di înin,ئەو دەست خو ڤە د ئینن
Achieve,Future,I,I will achieve,ez dê  dest xo ve înim,ئەز دێ دەست خو ڤە ئینم
Achieve,Future,You,You will achieve,tu dê  dest xo ve înî,تو دێ دەست خو ڤە ئینی
Achieve,Future,He/She,He/She will achieve,ew dê  dest xo ve înit,ئەو دێ دەست خو ڤە ئینیت
Achieve,Future,We,We will achieve,em dê  dest xo ve înîn,ئەم دێ دەست خو ڤە ئینین
Achieve,Future,You (pl.),You will achieve,hîn dê  dest xo ve înin,ھین دێ دەست خو ڤە ئینن
Achieve,Future,They,They will achieve,ew dê  dest xo ve înin,ئەو دێ دەست خو ڤە ئینن
Add,Past,I,I added,min  kum kir,من كوم كر
Add,Past,You,You added,te  kum kir,تە كوم كر
Add,Past,He/She,He/She added,ewî/ewê  kum kir,ئەوی/ئەوێ كوم كر
Add,Past,We,We added,me  kum kir,مە كوم كر
Add,Past,You (pl.),You added,hewe  kum kir,ھەوە كوم كر
Add,Past,They,They added,ewan  kum kir,ئەوان كوم كر
Add,Present,I,I add,ez  kum di kem,ئەز كوم د كەم
Add,Present,You,You add,tu  kum di key,تو كوم د كەی
Add,Present,He/She,He/She adds,ew  kum di ket,ئەو كوم د كەت
Add,Present,We,We add,em  kum di keyn,ئەم كوم د كەین
Add,Present,You (pl.),You add,hîn  kum di ken,ھین كوم د كەن
Add,Present,They,They add,ew  kum di ken,ئەو كوم د كەن
Add,Future,I,I will add,ez dê  kum kem,ئەز دێ كوم كەم
Add,Future,You,You will add,tu dê  kum key,تو دێ كوم كەی
Add,Future,He/She,He/She will add,ew dê  kum ket,ئەو دێ كوم كەت
Add,Future,We,We will add,em dê  kum keyn,ئەم دێ كوم كەین
Add,Future,You (pl.),You will add,hîn dê  kum ken,ھین دێ كوم كەن
Add,Future,They,They will add,ew dê  kum ken,ئەو دێ كوم كەن
Advance,Past,I,I advanced,ez terşiḧ bum,ئەز تەرشح بوم
Advance,Past,You,You advanced,tu terşiḧ buî,تو تەرشح بوی
Advance,Past,He/She,He/She advanced,ew terşiḧ bu,ئەو تەرشح بو
Advance,Past,We,We advanced,em terşiḧ buîn,ئەم تەرشح بوین
Advance,Past,You (pl.),You advanced,hîn terşiḧ bun,ھین تەرشح بون
Advance,Past,They,They advanced,ew terşiḧ bun,ئەو تەرشح بون
Advance,Present,I,I advance,ez terşiḧ di bim,ئەز تەرشح د بم
Advance,Present,You,You advance,tu terşiḧ di bî,تو تەرشح د بی
Advance,Present,He/She,He/She advances,ew terşiḧ di bit,ئەو تەرشح د بیت
Advance,Present,We,We advance,em terşiḧ di bîn,ئەم تەرشح د بین
Advance,Present,You (pl.),You advance,hîn terşiḧ di bin,ھین تەرشح د بن
Advance,Present,They,They advance,ew terşiḧ di bin,ئەو تەرشح د بن
Advance,Future,I,I will advance,ez dê terşiḧ bim,ئەز دێ تەرشح بم
Advance,Future,You,You will advance,tu dê terşiḧ bî,تو دێ تەرشح بی
Advance,Future,He/She,He/She will advance,ew dê terşiḧ bit,ئەو دێ تەرشح بیت
Advance,Future,We,We will advance,em dê terşiḧ bîn,ئەم دێ تەرشح بین
Advance,Future,You (pl.),You will advance,hîn dê terşiḧ bin,ھین دێ تەرشح بن
Advance,Future,They,They will advance,ew dê terşiḧ bin,ئەو دێ تەرشح بن
Advise,Past,I,I advised, ez nesîḧet kirim,ئەز نەسیحەت كرم
Advise,Past,You,You advised, tu nesîḧet kirî,تو نەسیحەت كری
Advise,Past,He/She,He/She advised, ew nesîḧet kir,ئەو نەسیحەت كر
Advise,Past,We,We advised, em nesîḧet kirîn,ئەم نەسیحەت كرین
Advise,Past,You (pl.),You advised, hîn nesîḧet kirin,ھین نەسیحەت كرن
Advise,Past,They,They advised, ew nesîḧet kirin,ئەو نەسیحەت كرن
Advise,Present,I,I advise,ez  nesîḧet di kem,ئەز نەسیحەت د كەم
Advise,Present,You,You advise,tu  nesîḧet di key,تو نەسیحەت د كەی
Advise,Present,He/She,He/She advises,ew  nesîḧet di ket,ئەو نەسیحەت د كەت
Advise,Present,We,We advise,em  nesîḧet di keyn,ئەم نەسیحەت د كەین
Advise,Present,You (pl.),You advise,hîn  nesîḧet di ken,ھین نەسیحەت د كەن
Advise,Present,They,They advise,ew  nesîḧet di ken,ئەو نەسیحەت د كەن
Advise,Future,I,I will advise,ez dê  nesîḧet kem,ئەز دێ نەسیحەت كەم
Advise,Future,You,You will advise,tu dê  nesîḧet key,تو دێ نەسیحەت كەی
Advise,Future,He/She,He/She will advise,ew dê  nesîḧet ket,ئەو دێ نەسیحەت كەت
Advise,Future,We,We will advise,em dê  nesîḧet keyn,ئەم دێ نەسیحەت كەین
Advise,Future,You (pl.),You will advise,hîn dê  nesîḧet ken,ھین دێ نەسیحەت كەن
Advise,Future,They,They will advise,ew dê  nesîḧet ken,ئەو دێ نەسیحەت كەن
Alarm,Past,I,I alarmed,min înthar da ,من ئینتھار دا
Alarm,Past,You,You alarmed,te înthar da ,تە ئینتھار دا
Alarm,Past,He/She,He/She alarmed,ewî/ewê înthar da ,ئەوی/ئەوێ ئینتھار دا
Alarm,Past,We,We alarmed,me înthar da ,مە ئینتھار دا
Alarm,Past,You (pl.),You alarmed,hewe înthar da ,ھەوە ئینتھار دا
Alarm,Past,They,They alarmed,ewan înthar da ,ئەوان ئینتھار دا
Alarm,Present,I,I alarm,ez înthar di dem(e OW),ئەز ئینتھار د دەم
Alarm,Present,You,You alarm,tu înthar di dey(e OW),تو ئینتھار د دەی
Alarm,Present,He/She,He/She alarms,ew înthar di det(e OW),ئەو ئینتھار د دەت
Alarm,Present,We,We alarm,em înthar di deyn(e OW),ئەم ئینتھار د دەین
Alarm,Present,You (pl.),You alarm,hîn înthar di den(e OW),ھین ئینتھار د دەن
Alarm,Present,They,They alarm,ew înthar di den(e OW),ئەو ئینتھار د دەن
Alarm,Future,I,I will alarm,ez dê înthar dem(e OW),ئەز دێ ئینتھار دەم
Alarm,Future,You,You will alarm,tu dê înthar dey(e OW),تو دێ ئینتھار دەی
Alarm,Future,He/She,He/She will alarm,ew dê înthar det(e OW),ئەو دێ ئینتھار دەت
Alarm,Future,We,We will alarm,em dê înthar deyn(e OW),ئەم دێ ئینتھار دەین
Alarm,Future,You (pl.),You will alarm,hîn dê înthar den(e OW),ھین دێ ئینتھار دەن
Alarm,Future,They,They will alarm,ew dê înthar den(e OW),ئەو دێ ئینتھار دەن
Allow,Past,I,I allowed, ez hêlam,ئەز ھێلام
Allow,Past,You,You allowed, tu hêlay,تو ھێلای
Allow,Past,He/She,He/She allowed, ew hêla,ئەو ھێلا
Allow,Past,We,We allowed, em helayn,ئەم ھەلاین
Allow,Past,You (pl.),You allowed, hîn hêlan,ھین ھێلان
Allow,Past,They,They allowed, ew hêlan,ئەو ھێلان
Allow,Present,I,I allow,ez  di hêlim,ئەز د ھێلم
Allow,Present,You,You allow,tu  di hêlî,تو د ھێلی
Allow,Present,He/She,He/She allows,ew  di hêlit,ئەو د ھێلیت
Allow,Present,We,We allow,em  di hêlîn,ئەم د ھێلین
Allow,Present,You (pl.),You allow,hîn  di hêlin,ھین د ھێلن
Allow,Present,They,They allow,ew  di hêlin,ئەو د ھێلن
Allow,Future,I,I will allow,ez dê  hêlim,ئەز دێ ھێلم
Allow,Future,You,You will allow,tu dê  hêlî,تو دێ ھێلی
Allow,Future,He/She,He/She will allow,ew dê  hêlit,ئەو دێ ھێلیت
Allow,Future,We,We will allow,em dê  hêlîn,ئەم دێ ھێلین
Allow,Future,You (pl.),You will allow,hîn dê  hêlin,ھین دێ ھێلن
Allow,Future,They,They will allow,ew dê  hêlin,ئەو دێ ھێلن
Annoy,Past,I,I annoyed,min 'îz'acê  kir,من ئیزعاجێ كر
Annoy,Past,You,You annoyed,te 'îz'acê  kir,تە ئیزعاجێ كر
Annoy,Past,He/She,He/She annoyed,ewî/ewê 'îz'acê  kir,ئەوی/ئەوێ ئیزعاجێ كر
Annoy,Past,We,We annoyed,me 'îz'acê  kir,مە ئیزعاجێ كر
Annoy,Past,You (pl.),You annoyed,hewe 'îz'acê  kir,ھەوە ئیزعاجێ كر
Annoy,Past,They,They annoyed,ewan 'îz'acê  kir,ئەوان ئیزعاجێ كر
Annoy,Present,I,I annoy,ez 'îz'acê  di kem,ئەز ئیزعاجێ د كەم
Annoy,Present,You,You annoy,tu 'îz'acê  di key,تو ئیزعاجێ د كەی
Annoy,Present,He/She,He/She annoys,ew 'îz'acê  di ket,ئەو ئیزعاجێ د كەت
Annoy,Present,We,We annoy,em 'îz'acê  di keyn,ئەم ئیزعاجێ د كەین
Annoy,Present,You (pl.),You annoy,hîn 'îz'acê  di ken,ھین ئیزعاجێ د كەن
Annoy,Present,They,They annoy,ew 'îz'acê  di ken,ئەو ئیزعاجێ د كەن
Annoy,Future,I,I will annoy,ez dê 'îz'acê  kem,ئەز دێ ئیزعاجێ كەم
Annoy,Future,You,You will annoy,tu dê 'îz'acê  key,تو دێ ئیزعاجێ كەی
Annoy,Future,He/She,He/She will annoy,ew dê 'îz'acê  ket,ئەو دێ ئیزعاجێ كەت
Annoy,Future,We,We will annoy,em dê 'îz'acê  keyn,ئەم دێ ئیزعاجێ كەین
Annoy,Future,You (pl.),You will annoy,hîn dê 'îz'acê  ken,ھین دێ ئیزعاجێ كەن
Annoy,Future,They,They will annoy,ew dê 'îz'acê  ken,ئەو دێ ئیزعاجێ كەن
Answer,Past,I,I answered,min caba  da,من جابا دا
Answer,Past,You,You answered,te caba  da,تە جابا دا
Answer,Past,He/She,He/She answered,ewî/ewê caba  da,ئەوی/ئەوێ جابا دا
Answer,Past,We,We answered,me caba  da,مە جابا دا
Answer,Past,You (pl.),You answered,hewe caba  da,ھەوە جابا دا
Answer,Past,They,They answered,ewan caba  da,ئەوان جابا دا
Answer,Present,I,I answer,ez caba di dem(e OW),ئەز جابا د دەم
Answer,Present,You,You answer,tu caba di dey(e OW),تو جابا د دەی
Answer,Present,He/She,He/She answers,ew caba di det(e OW),ئەو جابا د دەت
Answer,Present,We,We answer,em caba di deyn(e OW),ئەم جابا د دەین
Answer,Present,You (pl.),You answer,hîn caba di den(e OW),ھین جابا د دەن
Answer,Present,They,They answer,ew caba di den(e OW),ئەو جابا د دەن
Answer,Future,I,I will answer,ez dê caba dem(e OW),ئەز دێ جابا دەم
Answer,Future,You,You will answer,tu dê caba dey(e OW),تو دێ جابا دەی
Answer,Future,He/She,He/She will answer,ew dê caba det(e OW),ئەو دێ جابا دەت
Answer,Future,We,We will answer,em dê caba deyn(e OW),ئەم دێ جابا دەین
Answer,Future,You (pl.),You will answer,hîn dê caba den(e OW),ھین دێ جابا دەن
Answer,Future,They,They will answer,ew dê caba den(e OW),ئەو دێ جابا دەن
Apply,Past,I,I applied,min teqdîm kir,من تەقدیم كر
Apply,Past,You,You applied,te teqdîm kir,تە تەقدیم كر
Apply,Past,He/She,He/She applied,ewî/ewê teqdîm kir,ئەوی/ئەوێ تەقدیم كر
Apply,Past,We,We applied,me teqdîm kir,مە تەقدیم كر
Apply,Past,You (pl.),You applied,hewe teqdîm kir,ھەوە تەقدیم كر
Apply,Past,They,They applied,ewan teqdîm kir,ئەوان تەقدیم كر
Apply,Present,I,I apply,ez teqdîm di kem,ئەز تەقدیم د كەم
Apply,Present,You,You apply,tu teqdîm di key,تو تەقدیم د كەی
Apply,Present,He/She,He/She applies,ew teqdîm di ket,ئەو تەقدیم د كەت
Apply,Present,We,We apply,em teqdîm di keyn,ئەم تەقدیم د كەین
Apply,Present,You (pl.),You apply,hîn teqdîm di ken,ھین تەقدیم د كەن
Apply,Present,They,They apply,ew teqdîm di ken,ئەو تەقدیم د كەن
Apply,Future,I,I will apply,ez dê teqdîm kem,ئەز دێ تەقدیم كەم
Apply,Future,You,You will apply,tu dê teqdîm key,تو دێ تەقدیم كەی
Apply,Future,He/She,He/She will apply,ew dê teqdîm ket,ئەو دێ تەقدیم كەت
Apply,Future,We,We will apply,em dê teqdîm keyn,ئەم دێ تەقدیم كەین
Apply,Future,You (pl.),You will apply,hîn dê teqdîm ken,ھین دێ تەقدیم كەن
Apply,Future,They,They will apply,ew dê teqdîm ken,ئەو دێ تەقدیم كەن
Apply Changes,Past,I,I applied changes,min cêbacê kirin,من جێباجێ كرن
Apply Changes,Past,You,You applied changes,te cêbacê kirin,تە جێباجێ كرن
Apply Changes,Past,He/She,He/She applied changes,ewî/ewê cêbacê kirin,ئەوی/ئەوێ جێباجێ كرن
Apply Changes,Past,We,We applied changes,me cêbacê kirin,مە جێباجێ كرن
Apply Changes,Past,You (pl.),You applied changes,hewe cêbacê kirin,ھەوە جێباجێ كرن
Apply Changes,Past,They,They applied changes,ewan cêbacê kirin,ئەوان جێباجێ كرن
Apply Changes,Present,I,I apply changes,ez cêbacê di kem,ئەز جێباجێ د كەم
Apply Changes,Present,You,You apply changes,tu cêbacê di key,تو جێباجێ د كەی
Apply Changes,Present,He/She,He/She applies changes,ew cêbacê di ket,ئەو جێباجێ د كەت
Apply Changes,Present,We,We apply changes,em cêbacê di keyn,ئەم جێباجێ د كەین
Apply Changes,Present,You (pl.),You apply changes,hîn cêbacê di ken,ھین جێباجێ د كەن
Apply Changes,Present,They,They apply changes,ew cêbacê di ken,ئەو جێباجێ د كەن
Apply Changes,Future,I,I will apply changes,ez dê cêbacê kem,ئەز دێ جێباجێ كەم
Apply Changes,Future,You,You will apply changes,tu dê cêbacê key,تو دێ جێباجێ كەی
Apply Changes,Future,He/She,He/She will apply changes,ew dê cêbacê ket,ئەو دێ جێباجێ كەت
Apply Changes,Future,We,We will apply changes,em dê cêbacê keyn,ئەم دێ جێباجێ كەین
Apply Changes,Future,You (pl.),You will apply changes,hîn dê cêbacê ken,ھین دێ جێباجێ كەن
Apply Changes,Future,They,They will apply changes,ew dê cêbacê ken,ئەو دێ جێباجێ كەن
Approve,Past,I,I approved,min mwafeqe (li ser OW) kir,من موافەقە كر
Approve,Past,You,You approved,te mwafeqe (li ser OW) kir,تە موافەقە كر
Approve,Past,He/She,He/She approved,ewî/ewê mwafeqe (li ser OW) kir,ئەوی/ئەوێ موافەقە كر
Approve,Past,We,We approved,me mwafeqe (li ser OW) kir,مە موافەقە كر
Approve,Past,You (pl.),You approved,hewe mwafeqe (li ser OW) kir,ھەوە موافەقە كر
Approve,Past,They,They approved,ewan mwafeqe (li ser OW) kir,ئەوان موافەقە كر
Approve,Present,I,I approve,ez mwafeqê (li ser OW) di kem,ئەز موافەقێ د كەم
Approve,Present,You,You approve,tu mwafeqê (li ser OW) di key,تو موافەقێ د كەی
Approve,Present,He/She,He/She approves,ew mwafeqê (li ser OW) di ket,ئەو موافەقێ د كەت
Approve,Present,We,We approve,em mwafeqê (li ser OW) di keyn,ئەم موافەقێ د كەین
Approve,Present,You (pl.),You approve,hîn mwafeqê (li ser OW) di ken,ھین موافەقێ د كەن
Approve,Present,They,They approve,ew mwafeqê (li ser OW) di ken,ئەو موافەقێ د كەن
Approve,Future,I,I will approve,ez dê mwafeqê (li ser OW) kem,ئەز دێ موافەقێ كەم
Approve,Future,You,You will approve,tu dê mwafeqê (li ser OW) key,تو دێ موافەقێ كەی
Approve,Future,He/She,He/She will approve,ew dê mwafeqê (li ser OW) ket,ئەو دێ موافەقێ كەت
Approve,Future,We,We will approve,em dê mwafeqê (li ser OW) keyn,ئەم دێ موافەقێ كەین
Approve,Future,You (pl.),You will approve,hîn dê mwafeqê (li ser OW) ken,ھین دێ موافەقێ كەن
Approve,Future,They,They will approve,ew dê mwafeqê (li ser OW) ken,ئەو دێ موافەقێ كەن
Argue,Past,I,I argued,min şerî kir,من شەری كر
Argue,Past,You,You argued,te şerî kir,تە شەری كر
Argue,Past,He/She,He/She argued,ewî/ewê şerî kir,ئەوی/ئەوێ شەری كر
Argue,Past,We,We argued,me şerî kir,مە شەری كر
Argue,Past,You (pl.),You argued,hewe şerî kir,ھەوە شەری كر
Argue,Past,They,They argued,ewan şerî kir,ئەوان شەری كر
Argue,Present,I,I argue,ez şerî di kem,ئەز شەری د كەم
Argue,Present,You,You argue,tu şerî di key,تو شەری د كەی
Argue,Present,He/She,He/She argues,ew şerî di ket,ئەو شەری د كەت
Argue,Present,We,We argue,em şerî di keyn,ئەم شەری د كەین
Argue,Present,You (pl.),You argue,hîn şerî di ken,ھین شەری د كەن
Argue,Present,They,They argue,ew şerî di ken,ئەو شەری د كەن
Argue,Future,I,I will argue,ez dê şerî kem,ئەز دێ شەری كەم
Argue,Future,You,You will argue,tu dê şerî key,تو دێ شەری كەی
Argue,Future,He/She,He/She will argue,ew dê şerî ket,ئەو دێ شەری كەت
Argue,Future,We,We will argue,em dê şerî keyn,ئەم دێ شەری كەین
Argue,Future,You (pl.),You will argue,hîn dê şerî ken,ھین دێ شەری كەن
Argue,Future,They,They will argue,ew dê şerî ken,ئەو دێ شەری كەن
Arrest,Past,I,I arrested, ez girtim,ئەز گرتم
Arrest,Past,You,You arrested, tu girtî,تو گرتی
Arrest,Past,He/She,He/She arrested, ew girt,ئەو گرت
Arrest,Past,We,We arrested, em girtîn,ئەم گرتین
Arrest,Past,You (pl.),You arrested, hîn girtin,ھین گرتن
Arrest,Past,They,They arrested, ew girtin,ئەو گرتن
Arrest,Present,I,I arrest,ez  di girim,ئەز د گرم
Arrest,Present,You,You arrest,tu  di girî,تو د گری
Arrest,Present,He/She,He/She arrests,ew  di girit,ئەو د گریت
Arrest,Present,We,We arrest,em  di girîn,ئەم د گرین
Arrest,Present,You (pl.),You arrest,hîn  di girin,ھین د گرن
Arrest,Present,They,They arrest,ew  di girin,ئەو د گرن
Arrest,Future,I,I will arrest,ez dê  girim,ئەز دێ گرم
Arrest,Future,You,You will arrest,tu dê  girî,تو دێ گری
Arrest,Future,He/She,He/She will arrest,ew dê  girit,ئەو دێ گریت
Arrest,Future,We,We will arrest,em dê  girîn,ئەم دێ گرین
Arrest,Future,You (pl.),You will arrest,hîn dê  girin,ھین دێ گرن
Arrest,Future,They,They will arrest,ew dê  girin,ئەو دێ گرن
Arrive,Past,I,I arrived,ez gehiştim,ئەز گەھشتم
Arrive,Past,You,You arrived,tu gehiştî,تو گەھشتی
Arrive,Past,He/She,He/She arrived,ew gehişt,ئەو گەھشت
Arrive,Past,We,We arrived,em gehiştîn,ئەم گەھشتین
Arrive,Past,You (pl.),You arrived,hîn gehiştin,ھین گەھشتن
Arrive,Past,They,They arrived,ew gehiştin,ئەو گەھشتن
Arrive,Present,I,I arrive,ez di gehim,ئەز د گەھم
Arrive,Present,You,You arrive,tu di gehî,تو د گەھی
Arrive,Present,He/She,He/She arrives,ew di gehit,ئەو د گەھیت
Arrive,Present,We,We arrive,em di gehîn,ئەم د گەھین
Arrive,Present,You (pl.),You arrive,hîn di gehin,ھین د گەھن
Arrive,Present,They,They arrive,ew di gehin,ئەو د گەھن
Arrive,Future,I,I will arrive,ez dê gehim,ئەز دێ گەھم
Arrive,Future,You,You will arrive,tu dê gehî,تو دێ گەھی
Arrive,Future,He/She,He/She will arrive,ew dê gehit,ئەو دێ گەھیت
Arrive,Future,We,We will arrive,em dê gehîn,ئەم دێ گەھین
Arrive,Future,You (pl.),You will arrive,hîn dê gehin,ھین دێ گەھن
Arrive,Future,They,They will arrive,ew dê gehin,ئەو دێ گەھن
Ask,Past,I,I asked,min pisîyar  kir,من پسییار كر
Ask,Past,You,You asked,te pisîyar  kir,تە پسییار كر
Ask,Past,He/She,He/She asked,ewî/ewê pisîyar  kir,ئەوی/ئەوێ پسییار كر
Ask,Past,We,We asked,me pisîyar  kir,مە پسییار كر
Ask,Past,You (pl.),You asked,hewe pisîyar  kir,ھەوە پسییار كر
Ask,Past,They,They asked,ewan pisîyar  kir,ئەوان پسییار كر
Ask,Present,I,I ask,ez pisîyar  di kem,ئەز پسییار د كەم
Ask,Present,You,You ask,tu pisîyar  di key,تو پسییار د كەی
Ask,Present,He/She,He/She asks,ew pisîyar  di ket,ئەو پسییار د كەت
Ask,Present,We,We ask,em pisîyar  di keyn,ئەم پسییار د كەین
Ask,Present,You (pl.),You ask,hîn pisîyar  di ken,ھین پسییار د كەن
Ask,Present,They,They ask,ew pisîyar  di ken,ئەو پسییار د كەن
Ask,Future,I,I will ask,ez dê pisîyar  kem,ئەز دێ پسییار كەم
Ask,Future,You,You will ask,tu dê pisîyar  key,تو دێ پسییار كەی
Ask,Future,He/She,He/She will ask,ew dê pisîyar  ket,ئەو دێ پسییار كەت
Ask,Future,We,We will ask,em dê pisîyar  keyn,ئەم دێ پسییار كەین
Ask,Future,You (pl.),You will ask,hîn dê pisîyar  ken,ھین دێ پسییار كەن
Ask,Future,They,They will ask,ew dê pisîyar  ken,ئەو دێ پسییار كەن
Assassinate,Past,I,I assassinated, ez i''tyal kirim,ئەز ئغتیال كرم
Assassinate,Past,You,You assassinated, tu i''tyal kirî,تو ئغتیال كری
Assassinate,Past,He/She,He/She assassinated, ew i''tyal kir,ئەو ئغتیال كر
Assassinate,Past,We,We assassinated, em i''tyal kirîn,ئەم ئغتیال كرین
Assassinate,Past,You (pl.),You assassinated, hîn i''tyal kirin,ھین ئغتیال كرن
Assassinate,Past,They,They assassinated, ew i''tyal kirin,ئەو ئغتیال كرن
Assassinate,Present,I,I assassinate,ez  i''tyal di kem,ئەز ئغتیال د كەم
Assassinate,Present,You,You assassinate,tu  i''tyal di key,تو ئغتیال د كەی
Assassinate,Present,He/She,He/She assassinates,ew  i''tyal di ket,ئەو ئغتیال د كەت
Assassinate,Present,We,We assassinate,em  i''tyal di keyn,ئەم ئغتیال د كەین
Assassinate,Present,You (pl.),You assassinate,hîn  i''tyal di ken,ھین ئغتیال د كەن
Assassinate,Present,They,They assassinate,ew  i''tyal di ken,ئەو ئغتیال د كەن
Assassinate,Future,I,I will assassinate,ez dê  i''tyal kem,ئەز دێ ئغتیال كەم
Assassinate,Future,You,You will assassinate,tu dê  i''tyal key,تو دێ ئغتیال كەی
Assassinate,Future,He/She,He/She will assassinate,ew dê  i''tyal ket,ئەو دێ ئغتیال كەت
Assassinate,Future,We,We will assassinate,em dê  i''tyal keyn,ئەم دێ ئغتیال كەین
Assassinate,Future,You (pl.),You will assassinate,hîn dê  i''tyal ken,ھین دێ ئغتیال كەن
Assassinate,Future,They,They will assassinate,ew dê  i''tyal ken,ئەو دێ ئغتیال كەن
Assist,Past,I,I assisted,min golek soni' kir,من گولەك سونع كر
Assist,Past,You,You assisted,te golek soni' kir,تە گولەك سونع كر
Assist,Past,He/She,He/She assisted,ewî/ewê golek soni' kir,ئەوی/ئەوێ گولەك سونع كر
Assist,Past,We,We assisted,me golek soni' kir,مە گولەك سونع كر
Assist,Past,You (pl.),You assisted,hewe golek soni' kir,ھەوە گولەك سونع كر
Assist,Past,They,They assisted,ewan golek soni' kir,ئەوان گولەك سونع كر
Assist,Present,I,I assist,ez golekê soni' di kem,ئەز گولەكێ سونع د كەم
Assist,Present,You,You assist,tu golekê soni' di key,تو گولەكێ سونع د كەی
Assist,Present,He/She,He/She assists,ew golekê soni' di ket,ئەو گولەكێ سونع د كەت
Assist,Present,We,We assist,em golekê soni' di keyn,ئەم گولەكێ سونع د كەین
Assist,Present,You (pl.),You assist,hîn golekê soni' di ken,ھین گولەكێ سونع د كەن
Assist,Present,They,They assist,ew golekê soni' di ken,ئەو گولەكێ سونع د كەن
Assist,Future,I,I will assist,ez dê golekê soni' kem,ئەز دێ گولەكێ سونع كەم
Assist,Future,You,You will assist,tu dê golekê soni' key,تو دێ گولەكێ سونع كەی
Assist,Future,He/She,He/She will assist,ew dê golekê soni' ket,ئەو دێ گولەكێ سونع كەت
Assist,Future,We,We will assist,em dê golekê soni' keyn,ئەم دێ گولەكێ سونع كەین
Assist,Future,You (pl.),You will assist,hîn dê golekê soni' ken,ھین دێ گولەكێ سونع كەن
Assist,Future,They,They will assist,ew dê golekê soni' ken,ئەو دێ گولەكێ سونع كەن
Assist,Past,I,I assisted,min golek çê kir,من گولەك چێ كر
Assist,Past,You,You assisted,te golek çê kir,تە گولەك چێ كر
Assist,Past,He/She,He/She assisted,ewî/ewê golek çê kir,ئەوی/ئەوێ گولەك چێ كر
Assist,Past,We,We assisted,me golek çê kir,مە گولەك چێ كر
Assist,Past,You (pl.),You assisted,hewe golek çê kir,ھەوە گولەك چێ كر
Assist,Past,They,They assisted,ewan golek çê kir,ئەوان گولەك چێ كر
Assist,Present,I,I assist,ez golekê çê di kem,ئەز گولەكێ چێ د كەم
Assist,Present,You,You assist,tu golekê çê di key,تو گولەكێ چێ د كەی
Assist,Present,He/She,He/She assists,ew golekê çê di ket,ئەو گولەكێ چێ د كەت
Assist,Present,We,We assist,em golekê çê di keyn,ئەم گولەكێ چێ د كەین
Assist,Present,You (pl.),You assist,hîn golekê çê di ken,ھین گولەكێ چێ د كەن
Assist,Present,They,They assist,ew golekê çê di ken,ئەو گولەكێ چێ د كەن
Assist,Future,I,I will assist,ez dê golekê çê kem,ئەز دێ گولەكێ چێ كەم
Assist,Future,You,You will assist,tu dê golekê çê key,تو دێ گولەكێ چێ كەی
Assist,Future,He/She,He/She will assist,ew dê golekê çê ket,ئەو دێ گولەكێ چێ كەت
Assist,Future,We,We will assist,em dê golekê çê keyn,ئەم دێ گولەكێ چێ كەین
Assist,Future,You (pl.),You will assist,hîn dê golekê çê ken,ھین دێ گولەكێ چێ كەن
Assist,Future,They,They will assist,ew dê golekê çê ken,ئەو دێ گولەكێ چێ كەن
Attack,Past,I,I attacked,min hicum kire ,من ھجوم كرە
Attack,Past,You,You attacked,min hicum kire ,من ھجوم كرە
Attack,Past,He/She,He/She attacked,min hicum kire ,من ھجوم كرە
Attack,Past,We,We attacked,min hicum kire ,من ھجوم كرە
Attack,Past,You (pl.),You attacked,min hicum kire ,من ھجوم كرە
Attack,Past,They,They attacked,min hicum kire ,من ھجوم كرە
Attack,Present,I,I attack,ez hicum di keme ,ئەز ھجوم د كەمە
Attack,Present,You,You attack,tu hicum di keye ,تو ھجوم د كەیە
Attack,Present,He/She,He/She attacks,ew hicum di kete ,ئەو ھجوم د كەتە
Attack,Present,We,We attack,em hicum di keyne ,ئەم ھجوم د كەینە
Attack,Present,You (pl.),You attack,hîn hicum di kene ,ھین ھجوم د كەنە
Attack,Present,They,They attack,ew hicum di kene ,ئەو ھجوم د كەنە
Attack,Future,I,I will attack,ez dê hicum keme ,ئەز دێ ھجوم كەمە
Attack,Future,You,You will attack,tu dê hicum keye ,تو دێ ھجوم كەیە
Attack,Future,He/She,He/She will attack,ew dê hicum kete ,ئەو دێ ھجوم كەتە
Attack,Future,We,We will attack,em dê hicum keyne ,ئەم دێ ھجوم كەینە
Attack,Future,You (pl.),You will attack,hîn dê hicum kene ,ھین دێ ھجوم كەنە
Attack,Future,They,They will attack,ew dê hicum kene ,ئەو دێ ھجوم كەنە
Authorize,Past,I,I authorized,min mwafeqe (li ser OW) kir,من موافەقە كر
Authorize,Past,You,You authorized,te mwafeqe (li ser OW) kir,تە موافەقە كر
Authorize,Past,He/She,He/She authorized,ewî/ewê mwafeqe (li ser OW) kir,ئەوی/ئەوێ موافەقە كر
Authorize,Past,We,We authorized,me mwafeqe (li ser OW) kir,مە موافەقە كر
Authorize,Past,You (pl.),You authorized,hewe mwafeqe (li ser OW) kir,ھەوە موافەقە كر
Authorize,Past,They,They authorized,ewan mwafeqe (li ser OW) kir,ئەوان موافەقە كر
Authorize,Present,I,I authorize,ez mwafeqê (li ser OW) di kem,ئەز موافەقێ د كەم
Authorize,Present,You,You authorize,tu mwafeqê (li ser OW) di key,تو موافەقێ د كەی
Authorize,Present,He/She,He/She authorizes,ew mwafeqê (li ser OW) di ket,ئەو موافەقێ د كەت
Authorize,Present,We,We authorize,em mwafeqê (li ser OW) di keyn,ئەم موافەقێ د كەین
Authorize,Present,You (pl.),You authorize,hîn mwafeqê (li ser OW) di ken,ھین موافەقێ د كەن
Authorize,Present,They,They authorize,ew mwafeqê (li ser OW) di ken,ئەو موافەقێ د كەن
Authorize,Future,I,I will authorize,ez dê mwafeqê (li ser OW) kem,ئەز دێ موافەقێ كەم
Authorize,Future,You,You will authorize,tu dê mwafeqê (li ser OW) key,تو دێ موافەقێ كەی
Authorize,Future,He/She,He/She will authorize,ew dê mwafeqê (li ser OW) ket,ئەو دێ موافەقێ كەت
Authorize,Future,We,We will authorize,em dê mwafeqê (li ser OW) keyn,ئەم دێ موافەقێ كەین
Authorize,Future,You (pl.),You will authorize,hîn dê mwafeqê (li ser OW) ken,ھین دێ موافەقێ كەن
Authorize,Future,They,They will authorize,ew dê mwafeqê (li ser OW) ken,ئەو دێ موافەقێ كەن
Avenge,Past,I,I avenged,min tolêt  ve kirin,من تولێت ڤە كرن
Avenge,Past,You,You avenged,te tolêt  ve kirin,تە تولێت ڤە كرن
Avenge,Past,He/She,He/She avenged,ewî/ewê tolêt  ve kirin,ئەوی/ئەوێ تولێت ڤە كرن
Avenge,Past,We,We avenged,me tolêt  ve kirin,مە تولێت ڤە كرن
Avenge,Past,You (pl.),You avenged,hewe tolêt  ve kirin,ھەوە تولێت ڤە كرن
Avenge,Past,They,They avenged,ewan tolêt  ve kirin,ئەوان تولێت ڤە كرن
Avenge,Present,I,I avenge,ez tolêt  ve di kem,ئەز تولێت ڤە د كەم
Avenge,Present,You,You avenge,tu tolêt  ve di key,تو تولێت ڤە د كەی
Avenge,Present,He/She,He/She avenges,ew tolêt  ve di ket,ئەو تولێت ڤە د كەت
Avenge,Present,We,We avenge,em tolêt  ve di keyn,ئەم تولێت ڤە د كەین
Avenge,Present,You (pl.),You avenge,hîn tolêt  ve di ken,ھین تولێت ڤە د كەن
Avenge,Present,They,They avenge,ew tolêt  ve di ken,ئەو تولێت ڤە د كەن
Avenge,Future,I,I will avenge,ez dê tolêt  ve kem,ئەز دێ تولێت ڤە كەم
Avenge,Future,You,You will avenge,tu dê tolêt  ve key,تو دێ تولێت ڤە كەی
Avenge,Future,He/She,He/She will avenge,ew dê tolêt  ve ket,ئەو دێ تولێت ڤە كەت
Avenge,Future,We,We will avenge,em dê tolêt  ve keyn,ئەم دێ تولێت ڤە كەین
Avenge,Future,You (pl.),You will avenge,hîn dê tolêt  ve ken,ھین دێ تولێت ڤە كەن
Avenge,Future,They,They will avenge,ew dê tolêt  ve ken,ئەو دێ تولێت ڤە كەن
Be,Past,I,I was,ez ( ) bûm,ئەز () بووم
Be,Past,You,You were,tu ( ) bûî,تو () بووی
Be,Past,He/She,He/She was,ew ( ) bû,ئەو () بوو
Be,Past,We,We were,em ( ) bûîn,ئەم () بووین
Be,Past,You (pl.),You were,hîn ( ) bûn,هین ( ) بوون
Be,Past,They,They were,ew ( ) bûn,ئه‌و ( ) بوون
Be,Present,I,I am,ez ( ) m/me,ئەز () م/مە
Be,Present,You,You are,tu ( ) î,تو () ی
Be,Present,He/She,He/She is,ew ( ) e/ye,ئەو () ە/یە
Be,Present,We,We are,em ( ) în/îne,ئەم () ین/ینە
Be,Present,You (pl.),You are,hîn ( ) n/ne,هین ( ) ن/نه‌
Be,Present,They,They are,ew ( ) n/ne,ئه‌و ( ) ن/نه‌
Be,Future,I,I will be,ez dê ( ) bim,ئەز دێ () بم
Be,Future,You,You will be,tu dê ( ) bî,تو دێ () بی
Be,Future,He/She,He/She will be,ew dê  ( ) bît,ئەو دێ () بیت
Be,Future,We,We will be,em dê ( ) bîn,ئەم دێ () بین
Be,Future,You (pl.),You will be,hîn dê ( ) bin,هین دێ ( ) بن
Be,Future,They,They will be,ew dê  ( ) bin,ئه‌و دێ  ( ) بن
Be Able To,Past,I,I could,ez di şîyam,ئەز د شییام
Be Able To,Past,You,You could,tu di şîyay,تو د شییای
Be Able To,Past,He/She,He/She could,ew di şîya,ئەو د شییا
Be Able To,Past,We,We could,em di şîyayîn,ئەم د شییایین
Be Able To,Past,You (pl.),You could,hîn di şîyan,ھین د شییان
Be Able To,Past,They,They could,ew di şîyan,ئەو د شییان
Be Able To,Present,I,I can,ez di şêm,ئەز د شێم
Be Able To,Present,You,You can,tu di şê,تو د شێ
Be Able To,Present,He/She,He/She can,ew di şêt,ئەو د شێت
Be Able To,Present,We,We can,em di şên,ئەم د شێن
Be Able To,Present,You (pl.),You can,hîn di şên,ھین د شێن
Be Able To,Present,They,They can,ew di şên,ئەو د شێن
Be Able To,Future,I,I will be able to,ez dê şêm,ئەز دێ شێم
Be Able To,Future,You,You will be able to,tu dê şê,تو دێ شێ
Be Able To,Future,He/She,He/She will be able to,ew dê şêt,ئەو دێ شێت
Be Able To,Future,We,We will be able to,em dê şên,ئەم دێ شێن
Be Able To,Future,You (pl.),You will be able to,hîn dê şên,ھین دێ شێن
Be Able To,Future,They,They will be able to,ew dê şên,ئەو دێ شێن
be joyful,Past,I,I was joyful,ez dilgeşî bum,ئەز دلگەشی بوم
be joyful,Past,You,You were joyful,te dilgeşî bwî,تە دلگەشی بوی
be joyful,Past,He/She,He/She was joyful,ew dilgeşî bu,ئەو دلگەشی بو
be joyful,Past,We,We were joyful,me dilgeşîbwîn,مە دلگەشیبوین
be joyful,Past,You (pl.),You were joyful,hewe  dilgeşîbun,ھەوە  دلگەشیبون
be joyful,Past,They,They were joyful,ewan dilgeşîbun,ئەوان دلگەشیبون
be joyful,Present,I,I am joyful,ez dilgeşîm,ئەز دلگەشیم
be joyful,Present,You,You are joyful,tu dilgeşîy,تو دلگەشیی
be joyful,Present,He/She,He/She is joyful,ew dilgeşiye,ئەو دلگەشیە
be joyful,Present,We,We are joyful,em dilgeşîbîn,ئەم دلگەشیبین
be joyful,Present,You (pl.),You are joyful,hîn dilgeşîn,ھین دلگەشین
be joyful,Present,They,They are joyful,ew dilgeşîn,ئەو دلگەشین
be joyful,Future,I,I will be joyful,ez dê dilgeşîm,ئەز دێ دلگەشیم
be joyful,Future,You,You will be joyful,tu dê dilgeşîy,تو دێ دلگەشیی
be joyful,Future,He/She,He/She will be joyful,ew dê dilgeşîbît,ئەو دێ دلگەشیبیت
be joyful,Future,We,We will be joyful,em dê dilgeşîbîn,ئەم دێ دلگەشیبین
be joyful,Future,You (pl.),You will be joyful,hîn dê dilgeşîbin,ھین دێ دلگەشیبن
be joyful,Future,They,They will be joyful,ew dê dilgeşîbin,ئەو دێ دلگەشیبن
Beat,Past,I,I beat, ez qotam,ئەز قوتام
Beat,Past,You,You beat, tu qotaî,تو قوتای
Beat,Past,He/She,He/She beat, ew qota,ئەو قوتا
Beat,Past,We,We beat, em qotaîn,ئەم قوتاین
Beat,Past,You (pl.),You beat, hîn qotan,ھین قوتان
Beat,Past,They,They beat, ew qotan,ئەو قوتان
Beat,Present,I,I beat,ez  di qotim,ئەز د قوتم
Beat,Present,You,You beat,tu  di qotî,تو د قوتی
Beat,Present,He/She,He/She beats,ew  di qotit,ئەو د قوتیت
Beat,Present,We,We beat,em  di qotîn,ئەم د قوتین
Beat,Present,You (pl.),You beat,hîn  di qotin,ھین د قوتن
Beat,Present,They,They beat,ew  di qotin,ئەو د قوتن
Beat,Future,I,I will beat,ez dê  qotim,ئەز دێ قوتم
Beat,Future,You,You will beat,tu dê  qotî,تو دێ قوتی
Beat,Future,He/She,He/She will beat,ew dê  qotit,ئەو دێ قوتیت
Beat,Future,We,We will beat,em dê  qotîn,ئەم دێ قوتین
Beat,Future,You (pl.),You will beat,hîn dê  qotin,ھین دێ قوتن
Beat,Future,They,They will beat,ew dê  qotin,ئەو دێ قوتن
Beat Someone,Past,I,I beat,min ji  bir,من ژ بر
Beat Someone,Past,You,You beat,te ji  bir,تە ژ بر
Beat Someone,Past,He/She,He/She beat,ewî/ewê ji  bir,ئەوی/ئەوێ ژ بر
Beat Someone,Past,We,We beat,me ji  bir,مە ژ بر
Beat Someone,Past,You (pl.),You beat,hewe ji  bir,ھەوە ژ بر
Beat Someone,Past,They,They beat,ewan ji  bir,ئەوان ژ بر
Beat Someone,Present,I,I beat,ez ji  di bim,ئەز ژ د بم
Beat Someone,Present,You,You beat,tu ji  di bî,تو ژ د بی
Beat Someone,Present,He/She,He/She beats,ew ji  di bit,ئەو ژ د بیت
Beat Someone,Present,We,We beat,em ji  di bîn,ئەم ژ د بین
Beat Someone,Present,You (pl.),You beat,hîn ji  di bin,ھین ژ د بن
Beat Someone,Present,They,They beat,ew ji  di bin,ئەو ژ د بن
Beat Someone,Future,I,I will beat,ez dê ji  bim,ئەز دێ ژ بم
Beat Someone,Future,You,You will beat,tu dê ji  bî,تو دێ ژ بی
Beat Someone,Future,He/She,He/She will beat,ew dê ji  bit,ئەو دێ ژ بیت
Beat Someone,Future,We,We will beat,em dê ji  bîn,ئەم دێ ژ بین
Beat Someone,Future,You (pl.),You will beat,hîn dê ji  bin,ھین دێ ژ بن
Beat Someone,Future,They,They will beat,ew dê ji  bin,ئەو دێ ژ بن
Believe,Past,I,I believed,min bawerîya xo bi  îna,من باوەرییا خو ب ئینا
Believe,Past,You,You believed,te bawerîya xo bi  îna,تە باوەرییا خو ب ئینا
Believe,Past,He/She,He/She believed,ewî/ewê bawerîya xo bi  îna,ئەوی/ئەوێ باوەرییا خو ب ئینا
Believe,Past,We,We believed,me bawerîya xo bi  îna,مە باوەرییا خو ب ئینا
Believe,Past,You (pl.),You believed,hewe bawerîya xo bi  îna,ھەوە باوەرییا خو ب ئینا
Believe,Past,They,They believed,ewan bawerîya xo bi  îna,ئەوان باوەرییا خو ب ئینا
Believe,Present,I,I believe,ez bawerîya xo bi  di înim,ئەز باوەرییا خو ب د ئینم
Believe,Present,You,You believe,tu bawerîya xo bi  di înî,تو باوەرییا خو ب د ئینی
Believe,Present,He/She,He/She believes,ew bawerîya xo bi  di înit,ئەو باوەرییا خو ب د ئینیت
Believe,Present,We,We believe,em bawerîya xo bi  di înîn,ئەم باوەرییا خو ب د ئینین
Believe,Present,You (pl.),You believe,hîn bawerîya xo bi  di înin,ھین باوەرییا خو ب د ئینن
Believe,Present,They,They believe,ew bawerîya xo bi  di înin,ئەو باوەرییا خو ب د ئینن
Believe,Future,I,I will believe,ez dê bawerîya xo bi  înim,ئەز دێ باوەرییا خو ب ئینم
Believe,Future,You,You will believe,tu dê bawerîya xo bi  înî,تو دێ باوەرییا خو ب ئینی
Believe,Future,He/She,He/She will believe,ew dê  bawerîya xo bi  înit,ئەو دێ  باوەرییا خو ب ئینیت
Believe,Future,We,We will believe,em dê bawerîya xo bi  înîn,ئەم دێ باوەرییا خو ب ئینین
Believe,Future,You (pl.),You will believe,hîn dê bawerîya xo bi  înin,ھین دێ باوەرییا خو ب ئینن
Believe,Future,They,They will believe,ew dê bawerîya xo bi  înin,ئەو دێ باوەرییا خو ب ئینن
Benefit,Past,I,I benefitted,&lt;Not Used&gt;,نە
Benefit,Past,You,You benefitted,&lt;Not Used&gt;,نە
Benefit,Past,He/She,He/She benefitted, faydê  kir,فایدێ كر
Benefit,Past,We,We benefitted,&lt;Not Used&gt;,نە
Benefit,Past,You (pl.),You benefitted,&lt;Not Used&gt;,نە
Benefit,Past,They,They benefitted,&lt;Not Used&gt;,نە
Benefit,Present,I,I benefit,&lt;Not Used&gt;,نە
Benefit,Present,You,You benefit,&lt;Not Used&gt;,نە
Benefit,Present,He/She,He/She benefits, faydê  di ket,فایدێ د كەت
Benefit,Present,We,We benefit,&lt;Not Used&gt;,نە
Benefit,Present,You (pl.),You benefit,&lt;Not Used&gt;,نە
Benefit,Present,They,They benefit,&lt;Not Used&gt;,نە
Benefit,Future,I,I will benefit,&lt;Not Used&gt;,نە
Benefit,Future,You,You will benefit,&lt;Not Used&gt;,نە
Benefit,Future,He/She,He/She will benefit, dê faydê  ket,دێ فایدێ كەت
Benefit,Future,We,We will benefit,&lt;Not Used&gt;,نە
Benefit,Future,You (pl.),You will benefit,&lt;Not Used&gt;,نە
Benefit,Future,They,They will benefit,&lt;Not Used&gt;,نە
Bet,Past,I,I bet,min qomar kir,من قومار كر
Bet,Past,You,You bet,te qomar kir,تە قومار كر
Bet,Past,He/She,He/She bet,ewî/ewê qomar kir,ئەوی/ئەوێ قومار كر
Bet,Past,We,We bet,me qomar kir,مە قومار كر
Bet,Past,You (pl.),You bet,hewe qomar kir,ھەوە قومار كر
Bet,Past,They,They bet,ewan qomar kir,ئەوان قومار كر
Bet,Present,I,I bet,ez qomarê di kem,ئەز قومارێ د كەم
Bet,Present,You,You bet,tu qomarê di key,تو قومارێ د كەی
Bet,Present,He/She,He/She bets,ew qomarê di ket,ئەو قومارێ د كەت
Bet,Present,We,We bet,em qomarê di keyn,ئەم قومارێ د كەین
Bet,Present,You (pl.),You bet,hîn qomarê di ken,ھین قومارێ د كەن
Bet,Present,They,They bet,ew qomarê di ken,ئەو قومارێ د كەن
Bet,Future,I,I will bet,ez dê qomarê kem,ئەز دێ قومارێ كەم
Bet,Future,You,You will bet,tu dê qomarê key,تو دێ قومارێ كەی
Bet,Future,He/She,He/She will bet,ew dê qomarê ket,ئەو دێ قومارێ كەت
Bet,Future,We,We will bet,em dê qomarê keyn,ئەم دێ قومارێ كەین
Bet,Future,You (pl.),You will bet,hîn dê qomarê ken,ھین دێ قومارێ كەن
Bet,Future,They,They will bet,ew dê qomarê ken,ئەو دێ قومارێ كەن
Betray,Past,I,I betrayed,min xîyanetê li  kir,من خییانەتێ ل كر
Betray,Past,You,You betrayed,te xîyanetê li  kir,تە خییانەتێ ل كر
Betray,Past,He/She,He/She betrayed,ewî/ewê xîyanetê li  kir,ئەوی/ئەوێ خییانەتێ ل كر
Betray,Past,We,We betrayed,me xîyanetê li  kir,مە خییانەتێ ل كر
Betray,Past,You (pl.),You betrayed,hewe xîyanetê li  kir,ھەوە خییانەتێ ل كر
Betray,Past,They,They betrayed,ewan xîyanetê li  kir,ئەوان خییانەتێ ل كر
Betray,Present,I,I betray,ez xîyanetê li  di kem,ئەز خییانەتێ ل د كەم
Betray,Present,You,You betray,tu xîyanetê li  di key,تو خییانەتێ ل د كەی
Betray,Present,He/She,He/She betrays,ew xîyanetê li  di ket,ئەو خییانەتێ ل د كەت
Betray,Present,We,We betray,em xîyanetê li  di keyn,ئەم خییانەتێ ل د كەین
Betray,Present,You (pl.),You betray,hîn xîyanetê li  di ken,ھین خییانەتێ ل د كەن
Betray,Present,They,They betray,ew xîyanetê li  di ken,ئەو خییانەتێ ل د كەن
Betray,Future,I,I will betray,ez dê xîyanetê li  kem,ئەز دێ خییانەتێ ل كەم
Betray,Future,You,You will betray,tu dê xîyanetê li  key,تو دێ خییانەتێ ل كەی
Betray,Future,He/She,He/She will betray,ew dê xîyanetê li  ket,ئەو دێ خییانەتێ ل كەت
Betray,Future,We,We will betray,em dê xîyanetê li  keyn,ئەم دێ خییانەتێ ل كەین
Betray,Future,You (pl.),You will betray,hîn dê xîyanetê li  ken,ھین دێ خییانەتێ ل كەن
Betray,Future,They,They will betray,ew dê xîyanetê li  ken,ئەو دێ خییانەتێ ل كەن
Bite,Past,I,I bit,min qoçek li  da,من قوچەك ل دا
Bite,Past,You,You bit,te qoçek li  da,تە قوچەك ل دا
Bite,Past,He/She,He/She bit,ewî/ewê qoçek li  da,ئەوی/ئەوێ قوچەك ل دا
Bite,Past,We,We bit,me qoçek li  da,مە قوچەك ل دا
Bite,Past,You (pl.),You bit,hewe qoçek li  da,ھەوە قوچەك ل دا
Bite,Past,They,They bit,ewan qoçek li  da,ئەوان قوچەك ل دا
Bite,Present,I,I bite,ez leqekê li  di dem,ئەز لەقەكێ ل د دەم
Bite,Present,You,You bite,tu leqekê li  di dê,تو لەقەكێ ل د دێ
Bite,Present,He/She,He/She bites,ew leqekê li  di det,ئەو لەقەكێ ل د دەت
Bite,Present,We,We bite,em leqekê li  di deyn,ئەم لەقەكێ ل د دەین
Bite,Present,You (pl.),You bite,hîn leqekê li  di den,ھین لەقەكێ ل د دەن
Bite,Present,They,They bite,ew leqekê li  di den,ئەو لەقەكێ ل د دەن
Bite,Future,I,I will bite,ez dê leqekê li  dem,ئەز دێ لەقەكێ ل دەم
Bite,Future,You,You will bite,tu dê leqekê li  dê,تو دێ لەقەكێ ل دێ
Bite,Future,He/She,He/She will bite,ew dê leqekê li  det,ئەو دێ لەقەكێ ل دەت
Bite,Future,We,We will bite,em dê leqekê li  deyn,ئەم دێ لەقەكێ ل دەین
Bite,Future,You (pl.),You will bite,hîn dê leqekê li  den,ھین دێ لەقەكێ ل دەن
Bite,Future,They,They will bite,ew dê leqekê li  den,ئەو دێ لەقەكێ ل دەن
Bite,Past,I,I bit,min leqek dana ,من لەقەك دانا
Bite,Past,You,You bit,te leqek dana ,تە لەقەك دانا
Bite,Past,He/She,He/She bit,ewî/ewê leqek dana ,ئەوی/ئەوێ لەقەك دانا
Bite,Past,We,We bit,me leqek dana ,مە لەقەك دانا
Bite,Past,You (pl.),You bit,hewe leqek dana ,ھەوە لەقەك دانا
Bite,Past,They,They bit,ewan leqek dana ,ئەوان لەقەك دانا
Bite,Present,I,I bite,ez leqekê di danme ,ئەز لەقەكێ د دانمە
Bite,Present,You,You bite,tu leqekê di danye ,تو لەقەكێ د دانیە
Bite,Present,He/She,He/She bites,ew leqekê di dante ,ئەو لەقەكێ د دانتە
Bite,Present,We,We bite,em leqekê di danîne ,ئەم لەقەكێ د دانینە
Bite,Present,You (pl.),You bite,hîn leqekê di danne ,ھین لەقەكێ د داننە
Bite,Present,They,They bite,ew leqekê di danne ,ئەو لەقەكێ د داننە
Bite,Future,I,I will bite,ez dê leqekê danme ,ئەز دێ لەقەكێ دانمە
Bite,Future,You,You will bite,tu dê leqekê danye ,تو دێ لەقەكێ دانیە
Bite,Future,He/She,He/She will bite,ew dê leqekê dante ,ئەو دێ لەقەكێ دانتە
Bite,Future,We,We will bite,em dê leqekê danîne ,ئەم دێ لەقەكێ دانینە
Bite,Future,You (pl.),You will bite,hîn dê leqekê danne ,ھین دێ لەقەكێ داننە
Bite,Future,They,They will bite,ew dê leqekê danne ,ئەو دێ لەقەكێ داننە
Blaspheme,Past,I,I blasphemed,min kufrî kirin,من كوفری كرن
Blaspheme,Past,You,You blasphemed,te kufrî kirin,تە كوفری كرن
Blaspheme,Past,He/She,He/She blasphemed,ewî/ewê kufrî kirin,ئەوی/ئەوێ كوفری كرن
Blaspheme,Past,We,We blasphemed,me kufrî kirin,مە كوفری كرن
Blaspheme,Past,You (pl.),You blasphemed,hewe kufrî kirin,ھەوە كوفری كرن
Blaspheme,Past,They,They blasphemed,ewan kufrî kirin,ئەوان كوفری كرن
Blaspheme,Present,I,I blaspheme,ez kufrîya di kem,ئەز كوفرییا د كەم
Blaspheme,Present,You,You blaspheme,tu kufrîya di key,تو كوفرییا د كەی
Blaspheme,Present,He/She,He/She blasphemes,ew kufrîya di ket,ئەو كوفرییا د كەت
Blaspheme,Present,We,We blaspheme,em kufrîya di keyn,ئەم كوفرییا د كەین
Blaspheme,Present,You (pl.),You blaspheme,hîn kufrîya di ken,ھین كوفرییا د كەن
Blaspheme,Present,They,They blaspheme,ew kufrîya di ken,ئەو كوفرییا د كەن
Blaspheme,Future,I,I will blaspheme,ez dê kufrîya kem,ئەز دێ كوفرییا كەم
Blaspheme,Future,You,You will blaspheme,tu dê kufrîya key,تو دێ كوفرییا كەی
Blaspheme,Future,He/She,He/She will blaspheme,ew dê kufrîya ket,ئەو دێ كوفرییا كەت
Blaspheme,Future,We,We will blaspheme,em dê kufrîya keyn,ئەم دێ كوفرییا كەین
Blaspheme,Future,You (pl.),You will blaspheme,hîn dê kufrîya ken,ھین دێ كوفرییا كەن
Blaspheme,Future,They,They will blaspheme,ew dê kufrîya ken,ئەو دێ كوفرییا كەن
Bleed,Past,I,I bled,&lt;Not Used&gt;,نە
Bleed,Past,You,You bled,&lt;Not Used&gt;,نە
Bleed,Past,He/She,He/She bled,xwîn ji  hat,خوین ژ ھات
Bleed,Past,We,We bled,&lt;Not Used&gt;,نە
Bleed,Past,You (pl.),You bled,&lt;Not Used&gt;,نە
Bleed,Past,They,They bled,&lt;Not Used&gt;,نە
Bleed,Present,I,I bleed,&lt;Not Used&gt;,نە
Bleed,Present,You,You bleed,&lt;Not Used&gt;,نە
Bleed,Present,He/She,He/She bleeds,xwîn ji  di hêt,خوین ژ د ھێت
Bleed,Present,We,We bleed,&lt;Not Used&gt;,نە
Bleed,Present,You (pl.),You bleed,&lt;Not Used&gt;,نە
Bleed,Present,They,They bleed,&lt;Not Used&gt;,نە
Bleed,Future,I,I will bleed,&lt;Not Used&gt;,نە
Bleed,Future,You,You will bleed,&lt;Not Used&gt;,نە
Bleed,Future,He/She,He/She will bleed,xwîn dê ji  hêt,خوین دێ ژ ھێت
Bleed,Future,We,We will bleed,&lt;Not Used&gt;,نە
Bleed,Future,You (pl.),You will bleed,&lt;Not Used&gt;,نە
Bleed,Future,They,They will bleed,&lt;Not Used&gt;,نە
Bless,Past,I,I blessed, ez pîroz kirim,ئەز پیروز كرم
Bless,Past,You,You blessed, tu pîroz kirî,تو پیروز كری
Bless,Past,He/She,He/She blessed, ew pîroz kir,ئەو پیروز كر
Bless,Past,We,We blessed, em pîroz kirîn,ئەم پیروز كرین
Bless,Past,You (pl.),You blessed, hîn pîroz kirin,ھین پیروز كرن
Bless,Past,They,They blessed, ew pîroz kirin,ئەو پیروز كرن
Bless,Present,I,I bless,ez  pîroz di kem,ئەز پیروز د كەم
Bless,Present,You,You bless,tu  pîroz di key,تو پیروز د كەی
Bless,Present,He/She,He/She blesses,ew  pîroz di ket,ئەو پیروز د كەت
Bless,Present,We,We bless,em  pîroz di keyn,ئەم پیروز د كەین
Bless,Present,You (pl.),You bless,hîn  pîroz di ken,ھین پیروز د كەن
Bless,Present,They,They bless,ew  pîroz di ken,ئەو پیروز د كەن
Bless,Future,I,I will bless,ez dê  pîroz kem,ئەز دێ پیروز كەم
Bless,Future,You,You will bless,tu dê  pîroz key,تو دێ پیروز كەی
Bless,Future,He/She,He/She will bless,ew dê  pîroz ket,ئەو دێ پیروز كەت
Bless,Future,We,We will bless,em dê  pîroz keyn,ئەم دێ پیروز كەین
Bless,Future,You (pl.),You will bless,hîn dê  pîroz ken,ھین دێ پیروز كەن
Bless,Future,They,They will bless,ew dê  pîroz ken,ئەو دێ پیروز كەن
Block,Past,I,I blocked,min xo da ber ,من خو دا بەر
Block,Past,You,You blocked,te xo da ber ,تە خو دا بەر
Block,Past,He/She,He/She blocked,ewî/ewê xo da ber ,ئەوی/ئەوێ خو دا بەر
Block,Past,We,We blocked,me xo da ber ,مە خو دا بەر
Block,Past,You (pl.),You blocked,hewe xo da ber ,ھەوە خو دا بەر
Block,Past,They,They blocked,ewan xo da ber ,ئەوان خو دا بەر
Block,Present,I,I block,ez xo di deme ber ,ئەز خو د دەمە بەر
Block,Present,You,You block,tu xo di deye ber ,تو خو د دەیە بەر
Block,Present,He/She,He/She blocks,ew xo di dete ber ,ئەو خو د دەتە بەر
Block,Present,We,We block,em xo di deyne ber ,ئەم خو د دەینە بەر
Block,Present,You (pl.),You block,hîn xo di dene ber ,ھین خو د دەنە بەر
Block,Present,They,They block,ew xo di dene ber ,ئەو خو د دەنە بەر
Block,Future,I,I will block,ez dê xo deme ber ,ئەز دێ خو دەمە بەر
Block,Future,You,You will block,tu dê xo deye ber ,تو دێ خو دەیە بەر
Block,Future,He/She,He/She will block,ew dê xo dete ber ,ئەو دێ خو دەتە بەر
Block,Future,We,We will block,em dê xo deyne ber ,ئەم دێ خو دەینە بەر
Block,Future,You (pl.),You will block,hîn dê xo dene ber ,ھین دێ خو دەنە بەر
Block,Future,They,They will block,ew dê xo dene ber ,ئەو دێ خو دەنە بەر
Blow,Past,I,I blew,min pif kir,من پف كر
Blow,Past,You,You blew,te pif kir,تە پف كر
Blow,Past,He/She,He/She blew,ewî/ewê pif kir,ئەوی/ئەوێ پف كر
Blow,Past,We,We blew,me pif kir,مە پف كر
Blow,Past,You (pl.),You blew,hewe pif kir,ھەوە پف كر
Blow,Past,They,They blew,ewan pif kir,ئەوان پف كر
Blow,Present,I,I blow,ez pif di kem,ئەز پف د كەم
Blow,Present,You,You blow,tu pif di key,تو پف د كەی
Blow,Present,He/She,He/She blows,ew pif di ket,ئەو پف د كەت
Blow,Present,We,We blow,em pif di keyn,ئەم پف د كەین
Blow,Present,You (pl.),You blow,hîn pif di ken,ھین پف د كەن
Blow,Present,They,They blow,ew pif di ken,ئەو پف د كەن
Blow,Future,I,I will blow,ez dê pif kem,ئەز دێ پف كەم
Blow,Future,You,You will blow,tu dê pif key,تو دێ پف كەی
Blow,Future,He/She,He/She will blow,ew dê pif ket,ئەو دێ پف كەت
Blow,Future,We,We will blow,em dê pif keyn,ئەم دێ پف كەین
Blow,Future,You (pl.),You will blow,hîn dê pif ken,ھین دێ پف كەن
Blow,Future,They,They will blow,ew dê pif ken,ئەو دێ پف كەن
Blow A Whistle,Past,I,I blew a whistle,min safîre lê da,من سافیرە لێ دا
Blow A Whistle,Past,You,You blew a whistle,te safîre lê da,تە سافیرە لێ دا
Blow A Whistle,Past,He/She,He/She blew a whistle,ewî/ewê safîre lê da,ئەوی/ئەوێ سافیرە لێ دا
Blow A Whistle,Past,We,We blew a whistle,me safîre lê da,مە سافیرە لێ دا
Blow A Whistle,Past,You (pl.),You blew a whistle,hewe safîre lê da,ھەوە سافیرە لێ دا
Blow A Whistle,Past,They,They blew a whistle,ewan safîre lê da,ئەوان سافیرە لێ دا
Blow A Whistle,Present,I,I blow a whistle,ez safîrê lê di dem,ئەز سافیرێ لێ د دەم
Blow A Whistle,Present,You,You blow a whistle,tu safîrê lê di dê,تو سافیرێ لێ د دێ
Blow A Whistle,Present,He/She,He/She blows a whistle,ew safîrê lê di det,ئەو سافیرێ لێ د دەت
Blow A Whistle,Present,We,We blow a whistle,em safîrê lê di deyn,ئەم سافیرێ لێ د دەین
Blow A Whistle,Present,You (pl.),You blow a whistle,hîn safîrê lê di den,ھین سافیرێ لێ د دەن
Blow A Whistle,Present,They,They blow a whistle,ew safîrê lê di den,ئەو سافیرێ لێ د دەن
Blow A Whistle,Future,I,I will blow a whistle,ez dê safîrê lê dem,ئەز دێ سافیرێ لێ دەم
Blow A Whistle,Future,You,You will blow a whistle,tu dê safîrê lê dê,تو دێ سافیرێ لێ دێ
Blow A Whistle,Future,He/She,He/She will blow a whistle,ew dê safîrê lê det,ئەو دێ سافیرێ لێ دەت
Blow A Whistle,Future,We,We will blow a whistle,em dê safîrê lê deyn,ئەم دێ سافیرێ لێ دەین
Blow A Whistle,Future,You (pl.),You will blow a whistle,hîn dê safîrê lê den,ھین دێ سافیرێ لێ دەن
Blow A Whistle,Future,They,They will blow a whistle,ew dê safîrê lê den,ئەو دێ سافیرێ لێ دەن
Blow Up,Past,I,I blew up,ez peqîm,ئەز پەقیم
Blow Up,Past,You,You blew up,tu peqî,تو پەقی
Blow Up,Past,He/She,He/She blew up,ew peqî,ئەو پەقی
Blow Up,Past,We,We blew up,em peqîn,ئەم پەقین
Blow Up,Past,You (pl.),You blew up,hîn peqîn,ھین پەقین
Blow Up,Past,They,They blew up,ew peqîn,ئەو پەقین
Blow Up,Present,I,I blow up,ez di peqim,ئەز د پەقم
Blow Up,Present,You,You blow up,tu di peqî,تو د پەقی
Blow Up,Present,He/She,He/She blows up,ew di peqit,ئەو د پەقیت
Blow Up,Present,We,We blow up,em di peqîn,ئەم د پەقین
Blow Up,Present,You (pl.),You blow up,hîn di peqin,ھین د پەقن
Blow Up,Present,They,They blow up,ew di peqin,ئەو د پەقن
Blow Up,Future,I,I will blow up,ez dê peqim,ئەز دێ پەقم
Blow Up,Future,You,You will blow up,tu dê peqî,تو دێ پەقی
Blow Up,Future,He/She,He/She will blow up,ew dê peqit,ئەو دێ پەقیت
Blow Up,Future,We,We will blow up,em dê peqîn,ئەم دێ پەقین
Blow Up,Future,You (pl.),You will blow up,hîn dê peqin,ھین دێ پەقن
Blow Up,Future,They,They will blow up,ew dê peqin,ئەو دێ پەقن
Blow Up Something,Past,I,I blew up, ez peqandim,ئەز پەقاندم
Blow Up Something,Past,You,You blew up, tu peqandî,تو پەقاندی
Blow Up Something,Past,He/She,He/She blew up, ew peqand,ئەو پەقاند
Blow Up Something,Past,We,We blew up, em peqandîn,ئەم پەقاندین
Blow Up Something,Past,You (pl.),You blew up, hîn peqandin,ھین پەقاندن
Blow Up Something,Past,They,They blew up, ew peqandin,ئەو پەقاندن
Blow Up Something,Present,I,I blow up,ez  di peqînim,ئەز د پەقینم
Blow Up Something,Present,You,You blow up,tu  di peqînî,تو د پەقینی
Blow Up Something,Present,He/She,He/She blows up,ew  di peqînit,ئەو د پەقینیت
Blow Up Something,Present,We,We blow up,em  di peqînîn,ئەم د پەقینین
Blow Up Something,Present,You (pl.),You blow up,hîn  di peqînin,ھین د پەقینن
Blow Up Something,Present,They,They blow up,ew  di peqînin,ئەو د پەقینن
Blow Up Something,Future,I,I will blow up,ez dê  peqînim,ئەز دێ پەقینم
Blow Up Something,Future,You,You will blow up,tu dê  peqînî,تو دێ پەقینی
Blow Up Something,Future,He/She,He/She will blow up,ew dê  peqînit,ئەو دێ پەقینیت
Blow Up Something,Future,We,We will blow up,em dê  peqînîn,ئەم دێ پەقینین
Blow Up Something,Future,You (pl.),You will blow up,hîn dê  peqînin,ھین دێ پەقینن
Blow Up Something,Future,They,They will blow up,ew dê  peqînin,ئەو دێ پەقینن
Blow Up Something,Past,I,I blew up,min  piv da,من پڤ دا
Blow Up Something,Past,You,You blew up,te  piv da,تە پڤ دا
Blow Up Something,Past,He/She,He/She blew up,ewî/ewê  piv da,ئەوی/ئەوێ پڤ دا
Blow Up Something,Past,We,We blew up,me  piv da,مە پڤ دا
Blow Up Something,Past,You (pl.),You blew up,hewe  piv da,ھەوە پڤ دا
Blow Up Something,Past,They,They blew up,ewan  piv da,ئەوان پڤ دا
Blow Up Something,Present,I,I blow up,ez  piv di dem,ئەز پڤ د دەم
Blow Up Something,Present,You,You blow up,tu  piv di dey,تو پڤ د دەی
Blow Up Something,Present,He/She,He/She blows up,ew  piv di det,ئەو پڤ د دەت
Blow Up Something,Present,We,We blow up,em  piv di deyn,ئەم پڤ د دەین
Blow Up Something,Present,You (pl.),You blow up,hîn  piv di den,ھین پڤ د دەن
Blow Up Something,Present,They,They blow up,ew  piv di den,ئەو پڤ د دەن
Blow Up Something,Future,I,I will blow up,ez dê  piv dem,ئەز دێ پڤ دەم
Blow Up Something,Future,You,You will blow up,tu dê  piv dey,تو دێ پڤ دەی
Blow Up Something,Future,He/She,He/She will blow up,ew dê  piv det,ئەو دێ پڤ دەت
Blow Up Something,Future,We,We will blow up,em dê  piv deyn,ئەم دێ پڤ دەین
Blow Up Something,Future,You (pl.),You will blow up,hîn dê  piv den,ھین دێ پڤ دەن
Blow Up Something,Future,They,They will blow up,ew dê  piv den,ئەو دێ پڤ دەن
Board,Past,I,I boarded,ez (li OW) sîyar bum,ئەز سییار بوم
Board,Past,You,You boarded,tu (li OW) sîyar buî,تو سییار بوی
Board,Past,He/She,He/She boarded,ew (li OW) sîyar bu,ئەو سییار بو
Board,Past,We,We boarded,em (li OW) sîyar buîn,ئەم سییار بوین
Board,Past,You (pl.),You boarded,hîn (li OW) sîyar bun,ھین سییار بون
Board,Past,They,They boarded,ew (li OW) sîyar bun,ئەو سییار بون
Board,Present,I,I board,ez (li OW) sîyar di bim,ئەز سییار د بم
Board,Present,You,You board,tu (li OW) sîyar di bî,تو سییار د بی
Board,Present,He/She,He/She boards,ew (li OW) sîyar di bit,ئەو سییار د بیت
Board,Present,We,We board,em (li OW) sîyar di bîn,ئەم سییار د بین
Board,Present,You (pl.),You board,hîn (li OW) sîyar di bin,ھین سییار د بن
Board,Present,They,They board,ew (li OW) sîyar di bin,ئەو سییار د بن
Board,Future,I,I will board,ez dê (li OW) sîyar bim,ئەز دێ سییار بم
Board,Future,You,You will board,tu dê (li OW) sîyar bî,تو دێ سییار بی
Board,Future,He/She,He/She will board,ew dê (li OW) sîyar bit,ئەو دێ سییار بیت
Board,Future,We,We will board,em dê (li OW) sîyar bîn,ئەم دێ سییار بین
Board,Future,You (pl.),You will board,hîn dê (li OW) sîyar bin,ھین دێ سییار بن
Board,Future,They,They will board,ew dê (li OW) sîyar bin,ئەو دێ سییار بن
Boil,Past,I,I boiled,ez kelîm,ئەز كەلیم
Boil,Past,You,You boiled,tu kelî,تو كەلی
Boil,Past,He/She,He/She boiled,ew kelî,ئەو كەلی
Boil,Past,We,We boiled,em kelîn,ئەم كەلین
Boil,Past,You (pl.),You boiled,hîn kelîn,ھین كەلین
Boil,Past,They,They boiled,ew kelîn,ئەو كەلین
Boil,Present,I,I boil,ez di kelim,ئەز د كەلم
Boil,Present,You,You boil,tu di kelî,تو د كەلی
Boil,Present,He/She,He/She boils,ew di kelit,ئەو د كەلیت
Boil,Present,We,We boil,em di kelîn,ئەم د كەلین
Boil,Present,You (pl.),You boil,hîn di kelin,ھین د كەلن
Boil,Present,They,They boil,ew di kelin,ئەو د كەلن
Boil,Future,I,I will boil,ez dê kelim,ئەز دێ كەلم
Boil,Future,You,You will boil,tu dê kelî,تو دێ كەلی
Boil,Future,He/She,He/She will boil,ew dê kelit,ئەو دێ كەلیت
Boil,Future,We,We will boil,em dê kelîn,ئەم دێ كەلین
Boil,Future,You (pl.),You will boil,hîn dê kelin,ھین دێ كەلن
Boil,Future,They,They will boil,ew dê kelin,ئەو دێ كەلن
Boil Something,Past,I,I boiled,min  keland,من كەلاند
Boil Something,Past,You,You boiled,te  keland,تە كەلاند
Boil Something,Past,He/She,He/She boiled,ewî/ewê  keland,ئەوی/ئەوێ كەلاند
Boil Something,Past,We,We boiled,me  keland,مە كەلاند
Boil Something,Past,You (pl.),You boiled,hewe  keland,ھەوە كەلاند
Boil Something,Past,They,They boiled,ewan  keland,ئەوان كەلاند
Boil Something,Present,I,I boil,ez  di kelînim,ئەز د كەلینم
Boil Something,Present,You,You boil,tu  di kelînî,تو د كەلینی
Boil Something,Present,He/She,He/She boils,ew  di kelînit,ئەو د كەلینیت
Boil Something,Present,We,We boil,em  di kelînîn,ئەم د كەلینین
Boil Something,Present,You (pl.),You boil,hîn  di kelînin,ھین د كەلینن
Boil Something,Present,They,They boil,ew  di kelînin,ئەو د كەلینن
Boil Something,Future,I,I will boil,ez dê  kelînim,ئەز دێ كەلینم
Boil Something,Future,You,You will boil,tu dê  kelînî,تو دێ كەلینی
Boil Something,Future,He/She,He/She will boil,ew dê  kelînit,ئەو دێ كەلینیت
Boil Something,Future,We,We will boil,em dê  kelînîn,ئەم دێ كەلینین
Boil Something,Future,You (pl.),You will boil,hîn dê  kelînin,ھین دێ كەلینن
Boil Something,Future,They,They will boil,ew dê  kelînin,ئەو دێ كەلینن
Bombard,Past,I,I bombarded,min qesif kir,من قەسف كر
Bombard,Past,You,You bombarded,te qesif kir,تە قەسف كر
Bombard,Past,He/She,He/She bombarded,ewî/ewê qesif kir,ئەوی/ئەوێ قەسف كر
Bombard,Past,We,We bombarded,me qesif kir,مە قەسف كر
Bombard,Past,You (pl.),You bombarded,hewe qesif kir,ھەوە قەسف كر
Bombard,Past,They,They bombarded,ewan qesif kir,ئەوان قەسف كر
Bombard,Present,I,I bombard,ez qesif di kem,ئەز قەسف د كەم
Bombard,Present,You,You bombard,tu qesif di key,تو قەسف د كەی
Bombard,Present,He/She,He/She bombards,ew qesif di ket,ئەو قەسف د كەت
Bombard,Present,We,We bombard,em qesif di keyn,ئەم قەسف د كەین
Bombard,Present,You (pl.),You bombard,hîn qesif di ken,ھین قەسف د كەن
Bombard,Present,They,They bombard,ew qesif di ken,ئەو قەسف د كەن
Bombard,Future,I,I will bombard,ez dê qesif kem,ئەز دێ قەسف كەم
Bombard,Future,You,You will bombard,tu dê qesif key,تو دێ قەسف كەی
Bombard,Future,He/She,He/She will bombard,ew dê qesif ket,ئەو دێ قەسف كەت
Bombard,Future,We,We will bombard,em dê qesif keyn,ئەم دێ قەسف كەین
Bombard,Future,You (pl.),You will bombard,hîn dê qesif ken,ھین دێ قەسف كەن
Bombard,Future,They,They will bombard,ew dê qesif ken,ئەو دێ قەسف كەن
Book,Past,I,I booked,min ḧiciz kir,من حجز كر
Book,Past,You,You booked,te ḧiciz kir,تە حجز كر
Book,Past,He/She,He/She booked,ewî/ewê ḧiciz kir,ئەوی/ئەوێ حجز كر
Book,Past,We,We booked,me ḧiciz kir,مە حجز كر
Book,Past,You (pl.),You booked,hewe ḧiciz kir,ھەوە حجز كر
Book,Past,They,They booked,ewan ḧiciz kir,ئەوان حجز كر
Book,Present,I,I book,ez ḧiciz di kem,ئەز حجز د كەم
Book,Present,You,You book,tu ḧiciz di key,تو حجز د كەی
Book,Present,He/She,He/She books,ew ḧiciz di ket,ئەو حجز د كەت
Book,Present,We,We book,em ḧiciz di keyn,ئەم حجز د كەین
Book,Present,You (pl.),You book,hîn ḧiciz di ken,ھین حجز د كەن
Book,Present,They,They book,ew ḧiciz di ken,ئەو حجز د كەن
Book,Future,I,I will book,ez dê ḧiciz kem,ئەز دێ حجز كەم
Book,Future,You,You will book,tu dê ḧiciz key,تو دێ حجز كەی
Book,Future,He/She,He/She will book,ew dê ḧiciz ket,ئەو دێ حجز كەت
Book,Future,We,We will book,em dê ḧiciz keyn,ئەم دێ حجز كەین
Book,Future,You (pl.),You will book,hîn dê ḧiciz ken,ھین دێ حجز كەن
Book,Future,They,They will book,ew dê ḧiciz ken,ئەو دێ حجز كەن
Bow,Past,I,I bowed,min xo çemand,من خو چەماند
Bow,Past,You,You bowed,te xo çemand,تە خو چەماند
Bow,Past,He/She,He/She bowed,wî/wê xo çemand,وی/وێ خو چەماند
Bow,Past,We,We bowed,me xo çemand,مە خو چەماند
Bow,Past,You (pl.),You bowed,we xo çemand,وە خو چەماند
Bow,Past,They,They bowed,wan xo çemand,وان خو چەماند
Bow,Present,I,I bow,ez xo di çemînim,ئەز خو د چەمینم
Bow,Present,You,You bow,tu xo di çemînî,تو خو د چەمینی
Bow,Present,He/She,He/She bows,ew xo di çemînit,ئەو خو د چەمینیت
Bow,Present,We,We bow,em xo di çemînîn,ئەم خو د چەمینین
Bow,Present,You (pl.),You bow,hîn xo di çemînin,ھین خو د چەمینن
Bow,Present,They,They bow,ew xo di çemînin,ئەو خو د چەمینن
Bow,Future,I,I will bow,ez dê xo çemînim,ئەز دێ خو چەمینم
Bow,Future,You,You will bow,tu dê xo çemînî,تو دێ خو چەمینی
Bow,Future,He/She,He/She will bow,ew dê xo çemînit,ئەو دێ خو چەمینیت
Bow,Future,We,We will bow,em dê xo çemînîn,ئەم دێ خو چەمینین
Bow,Future,You (pl.),You will bow,hîn dê xo çemînin,ھین دێ خو چەمینن
Bow,Future,They,They will bow,ew dê xo çemînin,ئەو دێ خو چەمینن
Brag,Past,I,I bragged,min metḧe (bi OW) kirin,من مەتحە كرن
Brag,Past,You,You bragged,te metḧe (bi OW) kirin,تە مەتحە كرن
Brag,Past,He/She,He/She bragged,ewî/ewê metḧe (bi OW) kirin,ئەوی/ئەوێ مەتحە كرن
Brag,Past,We,We bragged,me metḧe (bi OW) kirin,مە مەتحە كرن
Brag,Past,You (pl.),You bragged,hewe metḧe (bi OW) kirin,ھەوە مەتحە كرن
Brag,Past,They,They bragged,ewan metḧe (bi OW) kirin,ئەوان مەتحە كرن
Brag,Present,I,I brag,ez metḧe (bi OW) di kem,ئەز مەتحە د كەم
Brag,Present,You,You brag,tu metḧe (bi OW) di key,تو مەتحە د كەی
Brag,Present,He/She,He/She brags,ew metḧe (bi OW) di ket,ئەو مەتحە د كەت
Brag,Present,We,We brag,em metḧe (bi OW) di keyn,ئەم مەتحە د كەین
Brag,Present,You (pl.),You brag,hîn metḧe (bi OW) di ken,ھین مەتحە د كەن
Brag,Present,They,They brag,ew metḧe (bi OW) di ken,ئەو مەتحە د كەن
Brag,Future,I,I will brag,ez dê metḧe (bi OW) kem,ئەز دێ مەتحە كەم
Brag,Future,You,You will brag,tu dê metḧe (bi OW) key,تو دێ مەتحە كەی
Brag,Future,He/She,He/She will brag,ew dê metḧe (bi OW) ket,ئەو دێ مەتحە كەت
Brag,Future,We,We will brag,em dê metḧe (bi OW) keyn,ئەم دێ مەتحە كەین
Brag,Future,You (pl.),You will brag,hîn dê metḧe (bi OW) ken,ھین دێ مەتحە كەن
Brag,Future,They,They will brag,ew dê metḧe (bi OW) ken,ئەو دێ مەتحە كەن
Break,Past,I,&lt;Not Used&gt;,&lt;Not Used&gt;,نە
Break,Past,You,&lt;Not Used&gt;,&lt;Not Used&gt;,نە
Break,Past,He/She,He/She broke,ewî/ewê şkest,ئەوی/ئەوێ شكەست
Break,Past,We,&lt;Not Used&gt;,&lt;Not Used&gt;,نە
Break,Past,You (pl.),&lt;Not Used&gt;,&lt;Not Used&gt;,نە
Break,Past,They,&lt;Not Used&gt;,ewan şkest,ئەوان شكەست
Break,Present,I,&lt;Not Used&gt;,&lt;Not Used&gt;,نە
Break,Present,You,&lt;Not Used&gt;,&lt;Not Used&gt;,نە
Break,Present,He/She,He/She breaks,ew di şkêt,ئەو د شكێت
Break,Present,We,&lt;Not Used&gt;,&lt;Not Used&gt;,نە
Break,Present,You (pl.),&lt;Not Used&gt;,&lt;Not Used&gt;,نە
Break,Present,They,They break,ew di şkên,ئەو د شكێن
Break,Future,I,&lt;Not Used&gt;,&lt;Not Used&gt;,نە
Break,Future,You,&lt;Not Used&gt;,&lt;Not Used&gt;,نە
Break,Future,He/She,He/She will break,ew dê şkêt,ئەو دێ شكێت
Break,Future,We,&lt;Not Used&gt;,&lt;Not Used&gt;,نە
Break,Future,You (pl.),&lt;Not Used&gt;,&lt;Not Used&gt;,نە
Break,Future,They,They will break,ew dê şkên,ئەو دێ شكێن
Break Something,Past,I,I broke,min  şkand,من شلاند
Break Something,Past,You,You broke,te  şkand,تە شلاند
Break Something,Past,He/She,He/She broke,ewî/ewê  şkand,ئەوی/ئەوێ شلاند
Break Something,Past,We,We broke,me  şkand,مە شلاند
Break Something,Past,You (pl.),You broke,hewe  şkand,ھەوە شلاند
Break Something,Past,They,They broke,ewan  şkand,ئەوان شلاند
Break Something,Present,I,I break,ez  di şkênim,ئەز د شكێنم
Break Something,Present,You,You break,tu  di şkênî,تو د شكێنی
Break Something,Present,He/She,He/She breaks,ew  di şkênit,ئەو د شكێنیت
Break Something,Present,We,We break,em  di şkênîn,ئەم د شكێنین
Break Something,Present,You (pl.),You break,hîn  di şkênin,ھین د شكێنن
Break Something,Present,They,They break,ew  di şkênin,ئەو د شكێنن
Break Something,Future,I,I will break,ez dê  şkênim,ئەز دێ شكێنم
Break Something,Future,You,You will break,tu dê  şkênî,تو دێ شكێنی
Break Something,Future,He/She,He/She will break,ew dê  şkênit,ئەو دێ شكێنیت
Break Something,Future,We,We will break,em dê  şkênîn,ئەم دێ شكێنین
Break Something,Future,You (pl.),You will break,hîn dê  şkênin,ھین دێ شكێنن
Break Something,Future,They,They will break,ew dê  şkênin,ئەو دێ شكێنن
Breathe,Past,I,I breathed,min bêhna xo keyşa,من بێھنا خو كەیشا
Breathe,Past,You,You breathed,te bêhna xo keyşa,تە بێھنا خو كەیشا
Breathe,Past,He/She,He/She breathed,ewî/ewê bêhna xo keyşa,ئەوی/ئەوێ بێھنا خو كەیشا
Breathe,Past,We,We breathed,me bêhna xo keyşa,مە بێھنا خو كەیشا
Breathe,Past,You (pl.),You breathed,hewe bêhna xo keyşa,ھەوە بێھنا خو كەیشا
Breathe,Past,They,They breathed,ewan bêhna xo keyşa,ئەوان بێھنا خو كەیشا
Breathe,Present,I,I breathe,ez bêhna xo di keşim,ئەز بێھنا خو د كەشم
Breathe,Present,You,You breathe,tu bêhna xo di keşî,تو بێھنا خو د كەشی
Breathe,Present,He/She,He/She breathes,ew bêhna xo di keşit,ئەو بێھنا خو د كەشیت
Breathe,Present,We,We breathe,em bêhna xo di keşîn,ئەم بێھنا خو د كەشین
Breathe,Present,You (pl.),You breathe,hîn bêhna xo di keşin,ھین بێھنا خو د كەشن
Breathe,Present,They,They breathe,ew bêhna xo di keşin,ئەو بێھنا خو د كەشن
Breathe,Future,I,I will breathe,ez dê bêhna xo keşim,ئەز دێ بێھنا خو كەشم
Breathe,Future,You,You will breathe,tu dê bêhna xo keşî,تو دێ بێھنا خو كەشی
Breathe,Future,He/She,He/She will breathe,ew dê bêhna xo keşit,ئەو دێ بێھنا خو كەشیت
Breathe,Future,We,We will breathe,em dê bêhna xo keşîn,ئەم دێ بێھنا خو كەشین
Breathe,Future,You (pl.),You will breathe,hîn dê bêhna xo keşin,ھین دێ بێھنا خو كەشن
Breathe,Future,They,They will breathe,ew dê bêhna xo keşin,ئەو دێ بێھنا خو كەشن
Bring,Past,I,I brought, ez înam,ئەز ئینام
Bring,Past,You,You brought, tu înaî,تو ئینای
Bring,Past,He/She,He/She brought, ew îna,ئەو ئینا
Bring,Past,We,We brought, em înaîn,ئەم ئیناین
Bring,Past,You (pl.),You brought, hîn înan,ھین ئینان
Bring,Past,They,They brought, ew înan,ئەو ئینان
Bring,Present,I,I bring,ez  di înim,ئەز د ئینم
Bring,Present,You,You bring,tu  di înî,تو د ئینی
Bring,Present,He/She,He/She brings,ew  di înit,ئەو د ئینیت
Bring,Present,We,We bring,em  di înîn,ئەم د ئینین
Bring,Present,You (pl.),You bring,hîn  di înin,ھین د ئینن
Bring,Present,They,They bring,ew  di înin,ئەو د ئینن
Bring,Future,I,I will bring,ez dê  înim,ئەز دێ ئینم
Bring,Future,You,You will bring,tu dê  înî,تو دێ ئینی
Bring,Future,He/She,He/She will bring,ew dê  înit,ئەو دێ ئینیت
Bring,Future,We,We will bring,em dê  înîn,ئەم دێ ئینین
Bring,Future,You (pl.),You will bring,hîn dê  înin,ھین دێ ئینن
Bring,Future,They,They will bring,ew dê  înin,ئەو دێ ئینن
Brush Teeth,Past,I,I brushed teeth,min didanêt xo şişt,من ددانێت خو ششت
Brush Teeth,Past,You,You brushed teeth,te didanêt xo şişt,تە ددانێت خو ششت
Brush Teeth,Past,He/She,He/She brushed teeth,ewî/ewê didanêt xo şişt,ئەوی/ئەوێ ددانێت خو ششت
Brush Teeth,Past,We,We brushed teeth,me didanêt xo şişt,مە ددانێت خو ششت
Brush Teeth,Past,You (pl.),You brushed teeth,hewe didanêt xo şişt,ھەوە ددانێت خو ششت
Brush Teeth,Past,They,They brushed teeth,ewan didanêt xo şişt,ئەوان ددانێت خو ششت
Brush Teeth,Present,I,I brush teeth,ez didanêt xo di şum,ئەز ددانێت خو د شوم
Brush Teeth,Present,You,You brush teeth,tu didanêt xo di şuî,تو ددانێت خو د شوی
Brush Teeth,Present,He/She,He/She brushes teeth,ew didanêt xo di şut,ئەو ددانێت خو د شوت
Brush Teeth,Present,We,We brush teeth,em didanêt xo di şuîn,ئەم ددانێت خو د شوین
Brush Teeth,Present,You (pl.),You brush teeth,hîn didanêt xo di şun,ھین ددانێت خو د شون
Brush Teeth,Present,They,They brush teeth,ew didanêt xo di şun,ئەو ددانێت خو د شون
Brush Teeth,Future,I,I will brush teeth,ez dê didanêt xo şum,ئەز دێ ددانێت خو شوم
Brush Teeth,Future,You,You will brush teeth,tu dê didanêt xo şuî,تو دێ ددانێت خو شوی
Brush Teeth,Future,He/She,He/She will brush teeth,ew dê didanêt xo şut,ئەو دێ ددانێت خو شوت
Brush Teeth,Future,We,We will brush teeth,em dê didanêt xo şuîn,ئەم دێ ددانێت خو شوین
Brush Teeth,Future,You (pl.),You will brush teeth,hîn dê didanêt xo şun,ھین دێ ددانێت خو شون
Brush Teeth,Future,They,They will brush teeth,ew dê didanêt xo şun,ئەو دێ ددانێت خو شون
Build,Past,I,I built,min  ava kir,من ئاڤا كر
Build,Past,You,You built,te  ava kir,تە ئاڤا كر
Build,Past,He/She,He/She built,ewî/ewê  ava kir,ئەوی/ئەوێ ئاڤا كر
Build,Past,We,We built,me  ava kir,مە ئاڤا كر
Build,Past,You (pl.),You built,hewe  ava kir,ھەوە ئاڤا كر
Build,Past,They,They built,ewan  ava kir,ئەوان ئاڤا كر
Build,Present,I,I build,ez  ava di kem,ئەز ئاڤا د كەم
Build,Present,You,You build,tu  ava di key,تو ئاڤا د كەی
Build,Present,He/She,He/She builds,ew  ava di ket,ئەو ئاڤا د كەت
Build,Present,We,We build,em  ava di keyn,ئەم ئاڤا د كەین
Build,Present,You (pl.),You build,hîn  ava di ken,ھین ئاڤا د كەن
Build,Present,They,They build,ew  ava di ken,ئەو ئاڤا د كەن
Build,Future,I,I will build,ez dê  ava kem,ئەز دێ ئاڤا كەم
Build,Future,You,You will build,tu dê  ava key,تو دێ ئاڤا كەی
Build,Future,He/She,He/She will build,ew dê  ava ket,ئەو دێ ئاڤا كەت
Build,Future,We,We will build,em dê  ava keyn,ئەم دێ ئاڤا كەین
Build,Future,You (pl.),You will build,hîn dê  ava ken,ھین دێ ئاڤا كەن
Build,Future,They,They will build,ew dê ava  ken,ئەو دێ ئاڤا كەن
Burn,Past,I,I burned, ez sotim,ئەز سوتم
Burn,Past,You,You burned, tu sotî,تو سوتی
Burn,Past,He/She,He/She burned, ew sot,ئەو سوت
Burn,Past,We,We burned, em sotîn,ئەم سوتین
Burn,Past,You (pl.),You burned, hîn sotin,ھین سوتن
Burn,Past,They,They burned, ew sotin,ئەو سوتن
Burn,Present,I,I burn,ez  di sujim,ئەز د سوژم
Burn,Present,You,You burn,tu  di sujî,تو د سوژی
Burn,Present,He/She,He/She burns,ew  di sujit,ئەو د سوژیت
Burn,Present,We,We burn,em  di sujîn,ئەم د سوژین
Burn,Present,You (pl.),You burn,hîn  di sujin,ھین د سوژن
Burn,Present,They,They burn,ew  di sujin,ئەو د سوژن
Burn,Future,I,I will burn,ez dê  sujim,ئەز دێ سوژم
Burn,Future,You,You will burn,tu dê  sujî,تو دێ سوژی
Burn,Future,He/She,He/She will burn,ew dê  sujit,ئەو دێ سوژیت
Burn,Future,We,We will burn,em dê  sujîn,ئەم دێ سوژین
Burn,Future,You (pl.),You will burn,hîn dê  sujin,ھین دێ سوژن
Burn,Future,They,They will burn,ew dê  sujin,ئەو دێ سوژن
Buy,Past,I,I bought,min  kirî,من كری
Buy,Past,You,You bought,te  kirî,تە كری
Buy,Past,He/She,He/She bought,ewî/ewê  kirî,ئەوی/ئەوێ كری
Buy,Past,We,We bought,me  kirî,مە كری
Buy,Past,You (pl.),You bought,hewe  kirî,ھەوە كری
Buy,Past,They,They bought,ewan  kirî,ئەوان كری
Buy,Present,I,I buy,ez  di kirim,ئەز د كرم
Buy,Present,You,You buy,tu  di kirî,تو د كری
Buy,Present,He/She,He/She buys,ew  di kirit,ئەو د كریت
Buy,Present,We,We buy,em  di kirîn,ئەم د كرین
Buy,Present,You (pl.),You buy,hîn  di kirin,ھین د كرن
Buy,Present,They,They buy,ew  di kirin,ئەو د كرن
Buy,Future,I,I will buy,ez dê  kirim,ئەز دێ كرم
Buy,Future,You,You will buy,tu dê  kirî,تو دێ كری
Buy,Future,He/She,He/She will buy,ew dê  kirit,ئەو دێ كریت
Buy,Future,We,We will buy,em dê  kirîn,ئەم دێ كرین
Buy,Future,You (pl.),You will buy,hîn dê  kirin,ھین دێ كرن
Buy,Future,They,They will buy,ew dê  kirin,ئەو دێ كرن
Call Out,Past,I,I called out,min gazî  kir,من گازی كر
Call Out,Past,You,You called out,te gazî  kir,تە گازی كر
Call Out,Past,He/She,He/She called out,ewî/ewê gazî  kir,ئەوی/ئەوێ گازی كر
Call Out,Past,We,We called out,me gazî  kir,مە گازی كر
Call Out,Past,You (pl.),You called out,hewe gazî  kir,ھەوە گازی كر
Call Out,Past,They,They called out,ewan gazî  kir,ئەوان گازی كر
Call Out,Present,I,I call out,ez gazî  di kem,ئەز گازی د كەم
Call Out,Present,You,You call out,tu gazî  di key,تو گازی د كەی
Call Out,Present,He/She,He/She calls out,ew gazî  di ket,ئەو گازی د كەت
Call Out,Present,We,We call out,em gazî  di keyn,ئەم گازی د كەین
Call Out,Present,You (pl.),You call out,hîn gazî  di ken,ھین گازی د كەن
Call Out,Present,They,They call out,ew gazî  di ken,ئەو گازی د كەن
Call Out,Future,I,I will call out,ez dê gazî  kem,ئەز دێ گازی كەم
Call Out,Future,You,You will call out,tu dê gazî  key,تو دێ گازی كەی
Call Out,Future,He/She,He/She will call out,ew dê gazî  ket,ئەو دێ گازی كەت
Call Out,Future,We,We will call out,em dê gazî  keyn,ئەم دێ گازی كەین
Call Out,Future,You (pl.),You will call out,hîn dê gazî  ken,ھین دێ گازی كەن
Call Out,Future,They,They will call out,ew dê gazî  ken,ئەو دێ گازی كەن
Cancel,Past,I,I canceled,min  le''o kir,من لەغو كر
Cancel,Past,You,You canceled,te  le''o kir,تە لەغو كر
Cancel,Past,He/She,He/She canceled,ewî/ewê  le''o kir,ئەوی/ئەوێ لەغو كر
Cancel,Past,We,We canceled,me  le''o kir,مە لەغو كر
Cancel,Past,You (pl.),You canceled,hewe  le''o kir,ھەوە لەغو كر
Cancel,Past,They,They canceled,ewan  le''o kir,ئەوان لەغو كر
Cancel,Present,I,I cancel,ez  le''o di kem,ئەز لەغو د كەم
Cancel,Present,You,You cancel,tu  le''o di key,تو لەغو د كەی
Cancel,Present,He/She,He/She cancels,ew  le''o di ket,ئەو لەغو د كەت
Cancel,Present,We,We cancel,em  le''o di keyn,ئەم لەغو د كەین
Cancel,Present,You (pl.),You cancel,hîn  le''o di ken,ھین لەغو د كەن
Cancel,Present,They,They cancel,ew  le''o di ken,ئەو لەغو د كەن
Cancel,Future,I,I will cancel,ez dê  le''o kem,ئەز دێ لەغو كەم
Cancel,Future,You,You will cancel,tu dê  le''o key,تو دێ لەغو كەی
Cancel,Future,He/She,He/She will cancel,ew dê  le''o ket,ئەو دێ لەغو كەت
Cancel,Future,We,We will cancel,em dê  le''o keyn,ئەم دێ لەغو كەین
Cancel,Future,You (pl.),You will cancel,hîn dê  le''o ken,ھین دێ لەغو كەن
Cancel,Future,They,They will cancel,ew dê  le''o ken,ئەو دێ لەغو كەن
Catch,Past,I,I caught, ez girtim,ئەز گرتم
Catch,Past,You,You caught, tu girtî,تو گرتی
Catch,Past,He/She,He/She caught, ew girt,ئەو گرت
Catch,Past,We,We caught, em girtîn,ئەم گرتین
Catch,Past,You (pl.),You caught, hîn girtin,ھین گرتن
Catch,Past,They,They caught, ew girtin,ئەو گرتن
Catch,Present,I,I catch,ez  di girim,ئەز د گرم
Catch,Present,You,You catch,tu  di girî,تو د گری
Catch,Present,He/She,He/She catches,ew  di girit,ئەو د گریت
Catch,Present,We,We catch,em  di girîn,ئەم د گرین
Catch,Present,You (pl.),You catch,hîn  di girin,ھین د گرن
Catch,Present,They,They catch,ew  di girin,ئەو د گرن
Catch,Future,I,I will catch,ez dê  girim,ئەز دێ گرم
Catch,Future,You,You will catch,tu dê  girî,تو دێ گری
Catch,Future,He/She,He/She will catch,ew dê  girit,ئەو دێ گریت
Catch,Future,We,We will catch,em dê  girîn,ئەم دێ گرین
Catch,Future,You (pl.),You will catch,hîn dê  girin,ھین دێ گرن
Catch,Future,They,They will catch,ew dê  girin,ئەو دێ گرن
Catch Something Hunting,Past,I,I caught something hunting,min  li nêçîrê girt,من ل نێچیرێ گرت
Catch Something Hunting,Past,You,You caught something hunting,te  li nêçîrê girt,تە ل نێچیرێ گرت
Catch Something Hunting,Past,He/She,He/She caught something hunting,ewî/ewê  li nêçîrê girt,ئەوی/ئەوێ ل نێچیرێ گرت
Catch Something Hunting,Past,We,We caught something hunting,me  li nêçîrê girt,مە ل نێچیرێ گرت
Catch Something Hunting,Past,You (pl.),You caught something hunting,hewe  li nêçîrê girt,ھەوە ل نێچیرێ گرت
Catch Something Hunting,Past,They,They caught something hunting,ewan  li nêçîrê girt,ئەوان ل نێچیرێ گرت
Catch Something Hunting,Present,I,I catch something hunting,ez  li nêçîrê di girim,ئەز ل نێچیرێ د گرم
Catch Something Hunting,Present,You,You catch something hunting,tu  li nêçîrê di girî,تو ل نێچیرێ د گری
Catch Something Hunting,Present,He/She,He/She catches something hunting,ew  li nêçîrê di girit,ئەو ل نێچیرێ د گریت
Catch Something Hunting,Present,We,We catch something hunting,em  li nêçîrê di girîn,ئەم ل نێچیرێ د گرین
Catch Something Hunting,Present,You (pl.),You catch something hunting,hîn  li nêçîrê di girin,ھین ل نێچیرێ د گرن
Catch Something Hunting,Present,They,They catch something hunting,ew  li nêçîrê di girin,ئەو ل نێچیرێ د گرن
Catch Something Hunting,Future,I,I will catch something hunting,ez dê  li nêçîrê girim,ئەز دێ ل نێچیرێ گرم
Catch Something Hunting,Future,You,You will catch something hunting,tu dê  li nêçîrê girî,تو دێ ل نێچیرێ گری
Catch Something Hunting,Future,He/She,He/She will catch something hunting,ew dê  li nêçîrê girit,ئەو دێ ل نێچیرێ گریت
Catch Something Hunting,Future,We,We will catch something hunting,em dê  li nêçîrê girîn,ئەم دێ ل نێچیرێ گرین
Catch Something Hunting,Future,You (pl.),You will catch something hunting,hîn dê  li nêçîrê girin,ھین دێ ل نێچیرێ گرن
Catch Something Hunting,Future,They,They will catch something hunting,ew dê  li nêçîrê girin,ئەو دێ ل نێچیرێ گرن
Change,Past,I,I changed, ez guhartim,ئەز گوھارتم
Change,Past,You,You changed, tu guhartî,تو گوھارتی
Change,Past,He/She,He/She changed, ew guhart,ئەو گوھارت
Change,Past,We,We changed, em guhartîn,ئەم گوھارتین
Change,Past,You (pl.),You changed, hîn guhartin,ھین گوھارتن
Change,Past,They,They changed, ew guhartin,ئەو گوھارتن
Change,Present,I,I change,ez  di guhorim,ئەز د گوھورم
Change,Present,You,You change,tu  di guhorî,تو د گوھوری
Change,Present,He/She,He/She changes,ew  di guhorit,ئەو د گوھوریت
Change,Present,We,We change,em  di guhorîn,ئەم د گوھورین
Change,Present,You (pl.),You change,hîn  di guhorin,ھین د گوھورن
Change,Present,They,They change,ew  di guhorin,ئەو د گوھورن
Change,Future,I,I will change,ez dê  guhorim,ئەز دێ گوھورم
Change,Future,You,You will change,tu dê  guhorî,تو دێ گوھوری
Change,Future,He/She,He/She will change,ew dê  guhorit,ئەو دێ گوھوریت
Change,Future,We,We will change,em dê  guhorîn,ئەم دێ گوھورین
Change,Future,You (pl.),You will change,hîn dê  guhorin,ھین دێ گوھورن
Change,Future,They,They will change,ew dê  guhorin,ئەو دێ گوھورن
Change,Past,I,I changed, ez bedil kirim,ئەز بەدل كرم
Change,Past,You,You changed, tu bedil kirî,تو بەدل كری
Change,Past,He/She,He/She changed, ew bedil kir,ئەو بەدل كر
Change,Past,We,We changed, em bedil kirîn,ئەم بەدل كرین
Change,Past,You (pl.),You changed, hîn bedil kirin,ھین بەدل كرن
Change,Past,They,They changed, ew bedil kirin,ئەو بەدل كرن
Change,Present,I,I change,ez  bedil di kem,ئەز بەدل د كەم
Change,Present,You,You change,tu  bedil di key,تو بەدل د كەی
Change,Present,He/She,He/She changes,ew  bedil di ket,ئەو بەدل د كەت
Change,Present,We,We change,em  bedil di keyn,ئەم بەدل د كەین
Change,Present,You (pl.),You change,hîn  bedil di ken,ھین بەدل د كەن
Change,Present,They,They change,ew  bedil di ken,ئەو بەدل د كەن
Change,Future,I,I will change,ez dê  bedil kem,ئەز دێ بەدل كەم
Change,Future,You,You will change,tu dê  bedil key,تو دێ بەدل كەی
Change,Future,He/She,He/She will change,ew dê  bedil ket,ئەو دێ بەدل كەت
Change,Future,We,We will change,em dê  bedil keyn,ئەم دێ بەدل كەین
Change,Future,You (pl.),You will change,hîn dê  bedil ken,ھین دێ بەدل كەن
Change,Future,They,They will change,ew dê  bedil ken,ئەو دێ بەدل كەن
Cheat,Past,I,I cheated,min ''iş kir,من غش كر
Cheat,Past,You,You cheated,te ''iş kir,تە غش كر
Cheat,Past,He/She,He/She cheated,ewî/ewê ''iş kir,ئەوی/ئەوێ غش كر
Cheat,Past,We,We cheated,me ''iş kir,مە غش كر
Cheat,Past,You (pl.),You cheated,hewe ''iş kir,ھەوە غش كر
Cheat,Past,They,They cheated,ewan ''iş kir,ئەوان غش كر
Cheat,Present,I,I cheat,ez ''iş di kem,ئەز غش د كەم
Cheat,Present,You,You cheat,tu ''iş di key,تو غش د كەی
Cheat,Present,He/She,He/She cheats,ew ''iş di ket,ئەو غش د كەت
Cheat,Present,We,We cheat,em ''iş di keyn,ئەم غش د كەین
Cheat,Present,You (pl.),You cheat,hîn ''iş di ken,ھین غش د كەن
Cheat,Present,They,They cheat,ew ''iş di ken,ئەو غش د كەن
Cheat,Future,I,I will cheat,ez dê ''iş kem,ئەز دێ غش كەم
Cheat,Future,You,You will cheat,tu dê ''iş key,تو دێ غش كەی
Cheat,Future,He/She,He/She will cheat,ew dê ''iş ket,ئەو دێ غش كەت
Cheat,Future,We,We will cheat,em dê ''iş keyn,ئەم دێ غش كەین
Cheat,Future,You (pl.),You will cheat,hîn dê ''iş ken,ھین دێ غش كەن
Cheat,Future,They,They will cheat,ew dê ''iş ken,ئەو دێ غش كەن
Cheat,Past,I,I cheated,min ḧîl kirin,من حیل كرن
Cheat,Past,You,You cheated,te ḧîl kirin,تە حیل كرن
Cheat,Past,He/She,He/She cheated,ewî/ewê ḧîl kirin,ئەوی/ئەوێ حیل كرن
Cheat,Past,We,We cheated,me ḧîl kirin,مە حیل كرن
Cheat,Past,You (pl.),You cheated,hewe ḧîl kirin,ھەوە حیل كرن
Cheat,Past,They,They cheated,ewan ḧîl kirin,ئەوان حیل كرن
Cheat,Present,I,I cheat,ez ḧîla di kem,ئەز حیلا د كەم
Cheat,Present,You,You cheat,tu ḧîla di key,تو حیلا د كەی
Cheat,Present,He/She,He/She cheats,ew ḧîla di ket,ئەو حیلا د كەت
Cheat,Present,We,We cheat,em ḧîla di keyn,ئەم حیلا د كەین
Cheat,Present,You (pl.),You cheat,hîn ḧîla di ken,ھین حیلا د كەن
Cheat,Present,They,They cheat,ew ḧîla di ken,ئەو حیلا د كەن
Cheat,Future,I,I will cheat,ez dê ḧîla kem,ئەز دێ حیلا كەم
Cheat,Future,You,You will cheat,tu dê ḧîla key,تو دێ حیلا كەی
Cheat,Future,He/She,He/She will cheat,ew dê ḧîla ket,ئەو دێ حیلا كەت
Cheat,Future,We,We will cheat,em dê ḧîla keyn,ئەم دێ حیلا كەین
Cheat,Future,You (pl.),You will cheat,hîn dê ḧîla ken,ھین دێ حیلا كەن
Cheat,Future,They,They will cheat,ew dê ḧîla ken,ئەو دێ حیلا كەن
Chit-chat,Past,I,I chit-chatted,min siḧbet kir,من سحبەت كر
Chit-chat,Past,You,You chit-chatted,te siḧbet kir,تە سحبەت كر
Chit-chat,Past,He/She,He/She chit-chatted,ewî/ewê siḧbet kir,ئەوی/ئەوێ سحبەت كر
Chit-chat,Past,We,We chit-chatted,me siḧbet kir,مە سحبەت كر
Chit-chat,Past,You (pl.),You chit-chatted,hewe siḧbet kir,ھەوە سحبەت كر
Chit-chat,Past,They,They chit-chatted,ewan siḧbet kir,ئەوان سحبەت كر
Chit-chat,Present,I,I chit-chat,ez siḧbetê di kem,ئەز سحبەتێ د كەم
Chit-chat,Present,You,You chit-chat,tu siḧbetê di key,تو سحبەتێ د كەی
Chit-chat,Present,He/She,He/She chit-chats,ew siḧbetê di ket,ئەو سحبەتێ د كەت
Chit-chat,Present,We,We chit-chat,em siḧbetê di keyn,ئەم سحبەتێ د كەین
Chit-chat,Present,You (pl.),You chit-chat,hîn siḧbetê di ken,ھین سحبەتێ د كەن
Chit-chat,Present,They,They chit-chat,ew siḧbetê di ken,ئەو سحبەتێ د كەن
Chit-chat,Future,I,I will chit-chat,ez dê siḧbetê kem,ئەز دێ سحبەتێ كەم
Chit-chat,Future,You,You will chit-chat,tu dê siḧbetê key,تو دێ سحبەتێ كەی
Chit-chat,Future,He/She,He/She will chit-chat,ew dê siḧbetê ket,ئەو دێ سحبەتێ كەت
Chit-chat,Future,We,We will chit-chat,em dê siḧbetê keyn,ئەم دێ سحبەتێ كەین
Chit-chat,Future,You (pl.),You will chit-chat,hîn dê siḧbetê ken,ھین دێ سحبەتێ كەن
Chit-chat,Future,They,They will chit-chat,ew dê siḧbetê ken,ئەو دێ سحبەتێ كەن
Choose,Past,I,I chose,min  jê girt,من ژێ گرت
Choose,Past,You,You chose,te  jê girt,تە ژێ گرت
Choose,Past,He/She,He/She chose,ewî/ewê  jê girt,ئەوی/ئەوێ ژێ گرت
Choose,Past,We,We chose,me  jê girt,مە ژێ گرت
Choose,Past,You (pl.),You chose,hewe  jê girt,ھەوە ژێ گرت
Choose,Past,They,They chose,ewan  jê girt,ئەوان ژێ گرت
Choose,Present,I,I choose,ez  jê di girim,ئەز ژێ د گرم
Choose,Present,You,You choose,tu  jê di girî,تو ژێ د گری
Choose,Present,He/She,He/She chooses,ew  jê di girit,ئەو ژێ د گریت
Choose,Present,We,We choose,em  jê di girîn,ئەم ژێ د گرین
Choose,Present,You (pl.),You choose,hîn  jê di girin,ھین ژێ د گرن
Choose,Present,They,They choose,ew  jê di girin,ئەو ژێ د گرن
Choose,Future,I,I will choose,ez dê  jê girim,ئەز دێ ژێ گرم
Choose,Future,You,You will choose,tu dê  jê girî,تو دێ ژێ گری
Choose,Future,He/She,He/She will choose,ew dê  jê girit,ئەو دێ ژێ گریت
Choose,Future,We,We will choose,em dê  jê girîn,ئەم دێ ژێ گرین
Choose,Future,You (pl.),You will choose,hîn dê  jê girin,ھین دێ ژێ گرن
Choose,Future,They,They will choose,ew dê  jê girin,ئەو دێ ژێ گرن
Chop,Past,I,I chopped,min  şeq kir,من شەق كر
Chop,Past,You,You chopped,te  şeq kir,تە شەق كر
Chop,Past,He/She,He/She chopped,ewî/ewê  şeq kir,ئەوی/ئەوێ شەق كر
Chop,Past,We,We chopped,me  şeq kir,مە شەق كر
Chop,Past,You (pl.),You chopped,hewe  şeq kir,ھەوە شەق كر
Chop,Past,They,They chopped,ewan  şeq kir,ئەوان شەق كر
Chop,Present,I,I chop,ez  şeq di kem,ئەز شەق د كەم
Chop,Present,You,You chop,tu  şeq di key,تو شەق د كەی
Chop,Present,He/She,He/She chops,ew  şeq di ket,ئەو شەق د كەت
Chop,Present,We,We chop,em  şeq di keyn,ئەم شەق د كەین
Chop,Present,You (pl.),You chop,hîn  şeq di ken,ھین شەق د كەن
Chop,Present,They,They chop,ew  şeq di ken,ئەو شەق د كەن
Chop,Future,I,I will chop,ez dê  şeq kem,ئەز دێ شەق كەم
Chop,Future,You,You will chop,tu dê  şeq key,تو دێ شەق كەی
Chop,Future,He/She,He/She will chop,ew dê  şeq ket,ئەو دێ شەق كەت
Chop,Future,We,We will chop,em dê  şeq keyn,ئەم دێ شەق كەین
Chop,Future,You (pl.),You will chop,hîn dê  şeq ken,ھین دێ شەق كەن
Chop,Future,They,They will chop,ew dê  şeq ken,ئەو دێ شەق كەن
Circle Around Something,Past,I,I circled around,ez li dur  zivirîm,ئەز ل دور زڤریم
Circle Around Something,Past,You,You circled around,tu li dur  zivirî,تو ل دور زڤری
Circle Around Something,Past,He/She,He/She circled around,ew li dur  zivirî,ئەو ل دور زڤری
Circle Around Something,Past,We,We circled around,em li dur  zivirîn,ئەم ل دور زڤرین
Circle Around Something,Past,You (pl.),You circled around,hîn li dur  zivirîn,ھین ل دور زڤرین
Circle Around Something,Past,They,They circled around,ew li dur  zivirîn,ئەو ل دور زڤرین
Circle Around Something,Present,I,I circle around,ez li dur  di zivirim,ئەز ل دور د زڤرم
Circle Around Something,Present,You,You circle around,tu li dur  di zivirî,تو ل دور د زڤری
Circle Around Something,Present,He/She,He/She circles around,ew li dur  di zivirit,ئەو ل دور د زڤریت
Circle Around Something,Present,We,We circle around,em li dur  di zivirîn,ئەم ل دور د زڤرین
Circle Around Something,Present,You (pl.),You circle around,hîn li dur  di zivirin,ھین ل دور د زڤرن
Circle Around Something,Present,They,They circle around,ew li dur  di zivirin,ئەو ل دور د زڤرن
Circle Around Something,Future,I,I will circle around,ez dê li dur  zivirim,ئەز دێ ل دور زڤرم
Circle Around Something,Future,You,You will circle around,tu dê li dur  zivirî,تو دێ ل دور زڤری
Circle Around Something,Future,He/She,He/She will circle around,ew dê li dur  zivirit,ئەو دێ ل دور زڤریت
Circle Around Something,Future,We,We will circle around,em dê li dur  zivirîn,ئەم دێ ل دور زڤرین
Circle Around Something,Future,You (pl.),You will circle around,hîn dê li dur  zivirini,ھین دێ ل دور زڤرن
Circle Around Something,Future,They,They will circle around,ew dê li dur  zivirin,ئەو دێ ل دور زڤرن
Circumcise,Past,I,I circumcised, ez sinet kirim,ئەز سنەت كرم
Circumcise,Past,You,You circumcised, tu sinet kirî,تو سنەت كری
Circumcise,Past,He/She,He/She circumcised, ew sinet kir,ئەو سنەت كر
Circumcise,Past,We,We circumcised, em sinet kirîn,ئەم سنەت كرین
Circumcise,Past,You (pl.),You circumcised, hîn sinet kirin,ھین سنەت كرن
Circumcise,Past,They,They circumcised, ew sinet kirin,ئەو سنەت كرن
Circumcise,Present,I,I circumcise,ez  sinet di kem,ئەز سنەت د كەم
Circumcise,Present,You,You circumcise,tu  sinet di key,تو سنەت د كەی
Circumcise,Present,He/She,He/She circumcises,ew  sinet di ket,ئەو سنەت د كەت
Circumcise,Present,We,We circumcise,em  sinet di keyn,ئەم سنەت د كەین
Circumcise,Present,You (pl.),You circumcise,hîn  sinet di ken,ھین سنەت د كەن
Circumcise,Present,They,They circumcise,ew  sinet di ken,ئەو سنەت د كەن
Circumcise,Future,I,I will circumcise,ez dê  sinet kem,ئەز دێ سنەت كەم
Circumcise,Future,You,You will circumcise,tu dê  sinet key,تو دێ سنەت كەی
Circumcise,Future,He/She,He/She will circumcise,ew dê  sinet ket,ئەو دێ سنەت كەت
Circumcise,Future,We,We will circumcise,em dê  sinet keyn,ئەم دێ سنەت كەین
Circumcise,Future,You (pl.),You will circumcise,hîn dê  sinet ken,ھین دێ سنەت كەن
Circumcise,Future,They,They will circumcise,ew dê  sinet ken,ئەو دێ سنەت كەن
Claw,Past,I,I clawed,min pencek li  da,من پەنجەك ل دا
Claw,Past,You,You clawed,te pencek li  da,تە پەنجەك ل دا
Claw,Past,He/She,He/She clawed,ewî/ewê pencek li  da,ئەوی/ئەوێ پەنجەك ل دا
Claw,Past,We,We clawed,me pencek li  da,مە پەنجەك ل دا
Claw,Past,You (pl.),You clawed,hewe pencek li  da,ھەوە پەنجەك ل دا
Claw,Past,They,They clawed,ewan pencek li  da,ئەوان پەنجەك ل دا
Claw,Present,I,I claw,ez pencekê li  di dem,ئەز پەنجەكێ ل د دەم
Claw,Present,You,You claw,tu pencekê li  di dey,تو پەنجەكێ ل د دەی
Claw,Present,He/She,He/She claws,ew pencekê li  di det,ئەو پەنجەكێ ل د دەت
Claw,Present,We,We claw,em pencekê li  di deyn,ئەم پەنجەكێ ل د دەین
Claw,Present,You (pl.),You claw,hîn pencekê li  di den,ھین پەنجەكێ ل د دەن
Claw,Present,They,They claw,ew pencekê li  di den,ئەو پەنجەكێ ل د دەن
Claw,Future,I,I will claw,ez dê pencekê li  dem,ئەز دێ پەنجەكێ ل دەم
Claw,Future,You,You will claw,tu dê pencekê li  dey,تو دێ پەنجەكێ ل دەی
Claw,Future,He/She,He/She will claw,ew dê pencekê li  det,ئەو دێ پەنجەكێ ل دەت
Claw,Future,We,We will claw,em dê pencekê li  deyn,ئەم دێ پەنجەكێ ل دەین
Claw,Future,You (pl.),You will claw,hîn dê pencekê li  den,ھین دێ پەنجەكێ ل دەن
Claw,Future,They,They will claw,ew dê pencekê li  den,ئەو دێ پەنجەكێ ل دەن
Clean,Past,I,I cleaned, ez paqij kirim,ئەز پاقژ كرم
Clean,Past,You,You cleaned, tu paqij kirî,تو پاقژ كری
Clean,Past,He/She,He/She cleaned, ew paqij kir,ئەو پاقژ كر
Clean,Past,We,We cleaned, em paqij kirîn,ئەم پاقژ كرین
Clean,Past,You (pl.),You cleaned, hîn paqij kirin,ھین پاقژ كرن
Clean,Past,They,They cleaned, ew paqiz kirin,ئەو پاقز كرن
Clean,Present,I,I clean,ez  paqij di kem,ئەز پاقژ د كەم
Clean,Present,You,You clean,tu  paqij di key,تو پاقژ د كەی
Clean,Present,He/She,He/She cleans,ew  paqij di ket,ئەو پاقژ د كەت
Clean,Present,We,We clean,em  paqij di keyn,ئەم پاقژ د كەین
Clean,Present,You (pl.),You clean,hîn  paqij di ken,ھین پاقژ د كەن
Clean,Present,They,They clean,ew  paqij di ken,ئەو پاقژ د كەن
Clean,Future,I,I will clean,ez dê  paqij kem,ئەز دێ پاقژ كەم
Clean,Future,You,You will clean,tu dê  paqij key,تو دێ پاقژ كەی
Clean,Future,He/She,He/She will clean,ew dê  paqij ket,ئەو دێ پاقژ كەت
Clean,Future,We,We will clean,em dê  paqij keyn,ئەم دێ پاقژ كەین
Clean,Future,You (pl.),You will clean,hîn dê  paqij ken,ھین دێ پاقژ كەن
Clean,Future,They,They will clean,ew dê  paqij ken,ئەو دێ پاقژ كەن
Climb,Past,I,I climbed,ez ser  ketim,ئەز سەر كەتم
Climb,Past,You,You climbed,tu ser  ketî,تو سەر كەتی
Climb,Past,He/She,He/She climbed,ew ser  ket,ئەو سەر كەت
Climb,Past,We,We climbed,em ser  ketîn,ئەم سەر كەتین
Climb,Past,You (pl.),You climbed,hîn ser  ketin,ھین سەر كەتن
Climb,Past,They,They climbed,ew ser  ketin,ئەو سەر كەتن
Climb,Present,I,I climb,ez ser  di kevim,ئەز سەر د كەڤم
Climb,Present,You,You climb,tu ser  di kevî,تو سەر د كەڤی
Climb,Present,He/She,He/She climbs,ew ser  di kevit,ئەو سەر د كەڤیت
Climb,Present,We,We climb,em ser  di kevîn,ئەم سەر د كەڤین
Climb,Present,You (pl.),You climb,hîn ser  di kevin,ھین سەر د كەڤن
Climb,Present,They,They climb,ew ser  di kevin,ئەو سەر د كەڤن
Climb,Future,I,I will climb,ez dê ser  kevim,ئەز دێ سەر كەڤم
Climb,Future,You,You will climb,tu dê ser  kevî,تو دێ سەر كەڤی
Climb,Future,He/She,He/She will climb,ew dê ser  kevit,ئەو دێ سەر كەڤیت
Climb,Future,We,We will climb,em dê ser  kevîn,ئەم دێ سەر كەڤین
Climb,Future,You (pl.),You will climb,hîn dê ser  kevin,ھین دێ سەر كەڤن
Climb,Future,They,They will climb,ew dê ser  kevin,ئەو دێ سەر كەڤن
Close,Past,I,I closed,min  girt,من گرت
Close,Past,You,You closed,te  girt,تە گرت
Close,Past,He/She,He/She closed,ewî/ewê  girt,ئەوی/ئەوێ گرت
Close,Past,We,We closed,me  girt,مە گرت
Close,Past,You (pl.),You closed,hewe  girt,ھەوە گرت
Close,Past,They,They closed,ewan  girt,ئەوان گرت
Close,Present,I,I close,ez  di girim,ئەز د گرم
Close,Present,You,You close,tu  di girî,تو د گری
Close,Present,He/She,He/She closes,ew  di girit,ئەو د گریت
Close,Present,We,We close,em  di girîn,ئەم د گرین
Close,Present,You (pl.),You close,hîn  di girin,ھین د گرن
Close,Present,They,They close,ew  di girin,ئەو د گرن
Close,Future,I,I will close,ez dê  girim,ئەز دێ گرم
Close,Future,You,You will close,tu dê  girî,تو دێ گری
Close,Future,He/She,He/She will close,ew dê  girit,ئەو دێ گریت
Close,Future,We,We will close,em dê  girîn,ئەم دێ گرین
Close,Future,You (pl.),You will close,hîn dê  girin,ھین دێ گرن
Close,Future,They,They will close,ew dê  girin,ئەو دێ گرن
Collect Something,Past,I,I collected, ez kum kirim,ئەز كوم كرم
Collect Something,Past,You,You collected, tu kum kirî,تو كوم كری
Collect Something,Past,He/She,He/She collected, ew kir,ئەو كر
Collect Something,Past,We,We collected, em kum kirîn,ئەم كوم كرین
Collect Something,Past,You (pl.),You collected, hîn kum kirin,ھین كوم كرن
Collect Something,Past,They,They collected, ew kum kirin,ئەو كوم كرن
Collect Something,Present,I,I collect,ez  kum di kem,ئەز كوم د كەم
Collect Something,Present,You,You collect,tu  kum di key,تو كوم د كەی
Collect Something,Present,He/She,He/She collects,ew  kum di ket,ئەو كوم د كەت
Collect Something,Present,We,We collect,em  kum di keyn,ئەم كوم د كەین
Collect Something,Present,You (pl.),You collect,hîn  kum di ken,ھین كوم د كەن
Collect Something,Present,They,They collect,ew  kum di ken,ئەو كوم د كەن
Collect Something,Future,I,I will collect,ez dê  kum kem,ئەز دێ كوم كەم
Collect Something,Future,You,You will collect,tu dê  kum key,تو دێ كوم كەی
Collect Something,Future,He/She,He/She will collect,ew dê  kum ket,ئەو دێ كوم كەت
Collect Something,Future,We,We will collect,em dê  kum keyn,ئەم دێ كوم كەین
Collect Something,Future,You (pl.),You will collect,hîn dê  kum ken,ھین دێ كوم كەن
Collect Something,Future,They,They will collect,ew dê  kum ken,ئەو دێ كوم كەن
Color,Past,I,I colored,min  reng kir,من رەنگ كر
Color,Past,You,You colored,te  reng kir,تە رەنگ كر
Color,Past,He/She,He/She colored,ewî/ewê  reng kir,ئەوی/ئەوێ رەنگ كر
Color,Past,We,We colored,me  reng kir,مە رەنگ كر
Color,Past,You (pl.),You colored,hewe  reng kir,ھەوە رەنگ كر
Color,Past,They,They colored,ewan  reng kir,ئەوان رەنگ كر
Color,Present,I,I color,ez  reng di kem,ئەز رەنگ د كەم
Color,Present,You,You color,tu  reng di key,تو رەنگ د كەی
Color,Present,He/She,He/She colors,ew  reng di ket,ئەو رەنگ د كەت
Color,Present,We,We color,em  reng di keyn,ئەم رەنگ د كەین
Color,Present,You (pl.),You color,hîn  reng di ken,ھین رەنگ د كەن
Color,Present,They,They color,ew  reng di ken,ئەو رەنگ د كەن
Color,Future,I,I will color,ez dê  reng kem,ئەز دێ رەنگ كەم
Color,Future,You,You will color,tu dê  reng key,تو دێ رەنگ كەی
Color,Future,He/She,He/She will color,ew dê  reng ket,ئەو دێ رەنگ كەت
Color,Future,We,We will color,em dê  reng keyn,ئەم دێ رەنگ كەین
Color,Future,You (pl.),You will color,hîn dê  reng ken,ھین دێ رەنگ كەن
Color,Future,They,They will color,ew dê  reng ken,ئەو دێ رەنگ كەن
Come,Past,I,I came,ez hatim,ئەز ھاتم
Come,Past,You,You came,tu hatî,تو ھاتی
Come,Past,He/She,He/She came,ew hat,ئەو ھات
Come,Past,We,We came,em hatîn,ئەم ھاتین
Come,Past,You (pl.),You came,hîn hatin,ھین ھاتن
Come,Past,They,They came,ew hatin,ئەو ھاتن
Come,Present,I,I come,ez di hêm,ئەز د ھێم
Come,Present,You,You come,tu di hêy,تو د ھێی
Come,Present,He/She,He/She comes,ew di hêt,ئەو د ھێت
Come,Present,We,We come,em di hên,ئەم د ھێن
Come,Present,You (pl.),You come,hîn di hên,ھین د ھێن
Come,Present,They,They come,ew di hên,ئەو د ھێن
Come,Future,I,I will come,ez dê hêm,ئەز دێ ھێم
Come,Future,You,You will come,tu dê hêy,تو دێ ھێی
Come,Future,He/She,He/She will come,ew dê hêt,ئەو دێ ھێت
Come,Future,We,We will come,em dê hên,ئەم دێ ھێن
Come,Future,You (pl.),You will come,hîn dê hên,ھین دێ ھێن
Come,Future,They,They will come,ew dê hên,ئەو دێ ھێن
Comfort,Past,I,I comforted, ez mortaḧ kirim,ئەز مورتاح كرم
Comfort,Past,You,You comforted, tu mortaḧ kirî,تو مورتاح كری
Comfort,Past,He/She,He/She comforted, ew mortaḧ kir,ئەو مورتاح كر
Comfort,Past,We,We comforted, em mortaḧ kirîn,ئەم مورتاح كرین
Comfort,Past,You (pl.),You comforted, hîn mortaḧ kirin,ھین مورتاح كرن
Comfort,Past,They,They comforted, ew mortaḧ kirin,ئەو مورتاح كرن
Comfort,Present,I,I comfort,ez  mortaḧ di kem,ئەز مورتاح د كەم
Comfort,Present,You,You comfort,tu  mortaḧ di key,تو مورتاح د كەی
Comfort,Present,He/She,He/She comforts,ew  mortaḧ di ket,ئەو مورتاح د كەت
Comfort,Present,We,We comfort,em  mortaḧ di keyn,ئەم مورتاح د كەین
Comfort,Present,You (pl.),You comfort,hîn  mortaḧ di ken,ھین مورتاح د كەن
Comfort,Present,They,They comfort,ew  mortaḧ di ken,ئەو مورتاح د كەن
Comfort,Future,I,I will comfort,ez dê  mortaḧ kem,ئەز دێ مورتاح كەم
Comfort,Future,You,You will comfort,tu dê  mortaḧ key,تو دێ مورتاح كەی
Comfort,Future,He/She,He/She will comfort,ew dê  mortaḧ ket,ئەو دێ مورتاح كەت
Comfort,Future,We,We will comfort,em dê  mortaḧ keyn,ئەم دێ مورتاح كەین
Comfort,Future,You (pl.),You will comfort,hîn dê  mortaḧ ken,ھین دێ مورتاح كەن
Comfort,Future,They,They will comfort,ew dê  mortaḧ ken,ئەو دێ مورتاح كەن
Command,Past,I,I commanded,min emr (li OW) kir,من ئەمر كر
Command,Past,You,You commanded,te emr (li OW) kir,تە ئەمر كر
Command,Past,He/She,He/She commanded,ewî/ewê emr (li OW) kir,ئەوی/ئەوێ ئەمر كر
Command,Past,We,We commanded,me emr (li OW) kir,مە ئەمر كر
Command,Past,You (pl.),You commanded,hewe emr (li OW) kir,ھەوە ئەمر كر
Command,Past,They,They commanded,ewan emr (li OW) kir,ئەوان ئەمر كر
Command,Present,I,I command,ez emrî (li OW) di kem,ئەز ئەمری د كەم
Command,Present,You,You command,tu emrî (li OW) di key,تو ئەمری د كەی
Command,Present,He/She,He/She commands,ew emrî (li OW) di ket,ئەو ئەمری د كەت
Command,Present,We,We command,em emrî (li OW) di keyn,ئەم ئەمری د كەین
Command,Present,You (pl.),You command,hîn emrî (li OW) di ken,ھین ئەمری د كەن
Command,Present,They,They command,ew emrî (li OW) di ken,ئەو ئەمری د كەن
Command,Future,I,I will command,ez dê emrî (li OW) kem,ئەز دێ ئەمری كەم
Command,Future,You,You will command,tu dê emrî (li OW) key,تو دێ ئەمری كەی
Command,Future,He/She,He/She will command,ew dê emrî (li OW) ket,ئەو دێ ئەمری كەت
Command,Future,We,We will command,em dê emrî (li OW) key n,ئەم دێ ئەمری كەی ن
Command,Future,You (pl.),You will command,hîn dê emrî (li OW) ken,ھین دێ ئەمری كەن
Command,Future,They,They will command,ew dê emrî (li OW) ken,ئەو دێ ئەمری كەن
Communicate,Past,I,I communicated,min itîsal di gel  kir,من ئتیسال د گەل كر
Communicate,Past,You,You communicated,te itîsal di gel  kir,تە ئتیسال د گەل كر
Communicate,Past,He/She,He/She communicated,ewî/ewê itîsal di gel  kir,ئەوی/ئەوێ ئتیسال د گەل كر
Communicate,Past,We,We communicated,me itîsal di gel  kir,مە ئتیسال د گەل كر
Communicate,Past,You (pl.),You communicated,hewe itîsal di gel  kir,ھەوە ئتیسال د گەل كر
Communicate,Past,They,They communicated,ewan itîsal di gel  kir,ئەوان ئتیسال د گەل كر
Communicate,Present,I,I communicate,ez itîsalê di gel  di kem,ئەز ئتیسالێ د گەل د كەم
Communicate,Present,You,You communicate,tu itîsalê di gel  di key,تو ئتیسالێ د گەل د كەی
Communicate,Present,He/She,He/She communicates,ew itîsalê di gel  di ket,ئەو ئتیسالێ د گەل د كەت
Communicate,Present,We,We communicate,em itîsalê di gel  di keyn,ئەم ئتیسالێ د گەل د كەین
Communicate,Present,You (pl.),You communicate,hîn itîsalê di gel  di ken,ھین ئتیسالێ د گەل د كەن
Communicate,Present,They,They communicate,ew itîsalê di gel  di ken,ئەو ئتیسالێ د گەل د كەن
Communicate,Future,I,I will communicate,ez dê itîsalê di gel  kem,ئەز دێ ئتیسالێ د گەل كەم
Communicate,Future,You,You will communicate,tu dê itîsalê di gel  key,تو دێ ئتیسالێ د گەل كەی
Communicate,Future,He/She,He/She will communicate,ew dê itîsalê di gel  ket,ئەو دێ ئتیسالێ د گەل كەت
Communicate,Future,We,We will communicate,em dê itîsalê di gel  keyn,ئەم دێ ئتیسالێ د گەل كەین
Communicate,Future,You (pl.),You will communicate,hîn dê itîsalê di gel  ken,ھین دێ ئتیسالێ د گەل كەن
Communicate,Future,They,They will communicate,ew dê itîsalê di gel  ken,ئەو دێ ئتیسالێ د گەل كەن
Conduct,Past,I,I conducted,min  birêve bir,من برێڤە بر
Conduct,Past,You,You conducted,te  birêve bir,تە برێڤە بر
Conduct,Past,He/She,He/She conducted,ewî/ewê  birêve bir,ئەوی/ئەوێ برێڤە بر
Conduct,Past,We,We conducted,me  birêve bir,مە برێڤە بر
Conduct,Past,You (pl.),You conducted,hewe  birêve bir,ھەوە برێڤە بر
Conduct,Past,They,They conducted,ewan  birêve bir,ئەوان برێڤە بر
Conduct,Present,I,I conduct,ez birêve di bem,ئەز برێڤە د بەم
Conduct,Present,You,You conduct,tu birêve di bê,تو برێڤە د بێ
Conduct,Present,He/She,He/She conducts,ew birêve di bet,ئەو برێڤە د بەت
Conduct,Present,We,We conduct,em di bên,ئەم د بێن
Conduct,Present,You (pl.),You conduct,hîn birêve di ben,ھین برێڤە د بەن
Conduct,Present,They,They conduct,ew birêve di ben,ئەو برێڤە د بەن
Conduct,Future,I,I will conduct,ez dê birêve bem,ئەز دێ برێڤە بەم
Conduct,Future,You,You will conduct,tu dê birêve bê,تو دێ برێڤە بێ
Conduct,Future,He/She,He/She will conduct,ew dê birêve bet,ئەو دێ برێڤە بەت
Conduct,Future,We,We will conduct,em dê birêve bên,ئەم دێ برێڤە بێن
Conduct,Future,You (pl.),You will conduct,hîn dê birêve ben,ھین دێ برێڤە بەن
Conduct,Future,They,They will conduct,ew dê birêve ben,ئەو دێ برێڤە بەن
Confess,Past,I,I confessed,min 'i'tîraf kir,من ئعتیراف كر
Confess,Past,You,You confessed,te 'i'tîraf kir,تە ئعتیراف كر
Confess,Past,He/She,He/She confessed,ewî/ewê 'i'tîraf kir,ئەوی/ئەوێ ئعتیراف كر
Confess,Past,We,We confessed,me 'i'tîraf kir,مە ئعتیراف كر
Confess,Past,You (pl.),You confessed,hewe 'i'tîraf kir,ھەوە ئعتیراف كر
Confess,Past,They,They confessed,ewan 'i'tîraf kir,ئەوان ئعتیراف كر
Confess,Present,I,I confess,ez 'i'tîrafê di kem,ئەز ئعتیرافێ د كەم
Confess,Present,You,You confess,tu 'i'tîrafê di key,تو ئعتیرافێ د كەی
Confess,Present,He/She,He/She confesses,ew 'i'tîrafê di ket,ئەو ئعتیرافێ د كەت
Confess,Present,We,We confess,em 'i'tîrafê di keyn,ئەم ئعتیرافێ د كەین
Confess,Present,You (pl.),You confess,hîn 'i'tîrafê di ken,ھین ئعتیرافێ د كەن
Confess,Present,They,They confess,ew 'i'tîrafê di ken,ئەو ئعتیرافێ د كەن
Confess,Future,I,I will confess,ez dê 'i'tîrafê kem,ئەز دێ ئعتیرافێ كەم
Confess,Future,You,You will confess,tu dê 'i'tîrafê key,تو دێ ئعتیرافێ كەی
Confess,Future,He/She,He/She will confess,ew dê 'i'tîrafê ket,ئەو دێ ئعتیرافێ كەت
Confess,Future,We,We will confess,em dê 'i'tîrafê keyn,ئەم دێ ئعتیرافێ كەین
Confess,Future,You (pl.),You will confess,hîn dê 'i'tîrafê ken,ھین دێ ئعتیرافێ كەن
Confess,Future,They,They will confess,ew dê 'i'tîrafê ken,ئەو دێ ئعتیرافێ كەن
Confuse,Past,I,I confused, ez xerbitandim,ئەز خەربتاندم
Confuse,Past,You,You confused, tu xerbitandî,تو خەربتاندی
Confuse,Past,He/She,He/She confused, ew xerbitand,ئەو خەربتاند
Confuse,Past,We,We confused, em xerbitandîn,ئەم خەربتاندین
Confuse,Past,You (pl.),You confused, hîn xerbitandin,ھین خەربتاندن
Confuse,Past,They,They confused, ew xerbitandin,ئەو خەربتاندن
Confuse,Present,I,I confuse,ez  di xerbitînim,ئەز د خەربتینم
Confuse,Present,You,You confuse,tu  di xerbitînî,تو د خەربتینی
Confuse,Present,He/She,He/She confuses,ew  di xerbitînit,ئەو د خەربتینیت
Confuse,Present,We,We confuse,em  di xerbitînîn,ئەم د خەربتینین
Confuse,Present,You (pl.),You confuse,hîn  di xerbitînin,ھین د خەربتینن
Confuse,Present,They,They confuse,ew  di xerbitînin,ئەو د خەربتینن
Confuse,Future,I,I will confuse,ez dê  xerbitînim,ئەز دێ خەربتینم
Confuse,Future,You,You will confuse,tu dê  xerbitînî,تو دێ خەربتینی
Confuse,Future,He/She,He/She will confuse,ew dê  xerbitînit,ئەو دێ خەربتینیت
Confuse,Future,We,We will confuse,em dê  xerbitînîn,ئەم دێ خەربتینین
Confuse,Future,You (pl.),You will confuse,hîn dê  xerbitînin,ھین دێ خەربتینن
Confuse,Future,They,They will confuse,ew dê  xerbitînin,ئەو دێ خەربتینن
Connect,Past,I,I connected,min  bi  ve girê dan,من ب ڤە گرێ دان
Connect,Past,You,You connected,te  bi  ve girê dan,تە ب ڤە گرێ دان
Connect,Past,He/She,He/She connected,ewî/ewê  bi  ve girê dan,ئەوی/ئەوێ ب ڤە گرێ دان
Connect,Past,We,We connected,me  bi  ve girê dan,مە ب ڤە گرێ دان
Connect,Past,You (pl.),You connected,hewe  bi  ve girê dan,ھەوە ب ڤە گرێ دان
Connect,Past,They,They connected,ewan  bi  ve girê dan,ئەوان ب ڤە گرێ دان
Connect,Present,I,I connect,ez  bi  ve girê di dem,ئەز ب ڤە گرێ د دەم
Connect,Present,You,You connect,tu  bi  ve girê di dey,تو ب ڤە گرێ د دەی
Connect,Present,He/She,He/She connects,ew  bi  ve girê di det,ئەو ب ڤە گرێ د دەت
Connect,Present,We,We connect,em  bi  ve girê di deyn,ئەم ب ڤە گرێ د دەین
Connect,Present,You (pl.),You connect,hîn  bi  ve girê di den,ھین ب ڤە گرێ د دەن
Connect,Present,They,They connect,ew  bi  ve girê di den,ئەو ب ڤە گرێ د دەن
Connect,Future,I,I will connect,ez dê  bi  ve girê dem,ئەز دێ ب ڤە گرێ دەم
Connect,Future,You,You will connect,tu dê  bi  ve girê dey,تو دێ ب ڤە گرێ دەی
Connect,Future,He/She,He/She will connect,ew dê  bi  ve girê det,ئەو دێ ب ڤە گرێ دەت
Connect,Future,We,We will connect,em dê  bi  ve girê deyn,ئەم دێ ب ڤە گرێ دەین
Connect,Future,You (pl.),You will connect,hîn dê  bi  ve girê den,ھین دێ ب ڤە گرێ دەن
Connect,Future,They,They will connect,ew dê  bi  ve girê den,ئەو دێ ب ڤە گرێ دەن
Conquer,Past,I,I conquered,min  iḧtîlal kir,من ئحتیلال كر
Conquer,Past,You,You conquered,te  iḧtîlal kir,تە ئحتیلال كر
Conquer,Past,He/She,He/She conquered,ewî/ewê  iḧtîlal kir,ئەوی/ئەوێ ئحتیلال كر
Conquer,Past,We,We conquered,me  iḧtîlal kir,مە ئحتیلال كر
Conquer,Past,You (pl.),You conquered,hewe  iḧtîlal kir,ھەوە ئحتیلال كر
Conquer,Past,They,They conquered,ewan  iḧtîlal kir,ئەوان ئحتیلال كر
Conquer,Present,I,I conquer,ez  iḧtîlal di kem,ئەز ئحتیلال د كەم
Conquer,Present,You,You conquer,tu  iḧtîlal di key,تو ئحتیلال د كەی
Conquer,Present,He/She,He/She conquers,ew  iḧtîlal di ket,ئەو ئحتیلال د كەت
Conquer,Present,We,We conquer,em  iḧtîlal di keyn,ئەم ئحتیلال د كەین
Conquer,Present,You (pl.),You conquer,hîn  iḧtîlal di ken,ھین ئحتیلال د كەن
Conquer,Present,They,They conquer,ew  iḧtîlal di ken,ئەو ئحتیلال د كەن
Conquer,Future,I,I will conquer,ez dê  iḧtîlal kem,ئەز دێ ئحتیلال كەم
Conquer,Future,You,You will conquer,tu dê  iḧtîlal key,تو دێ ئحتیلال كەی
Conquer,Future,He/She,He/She will conquer,ew dê  iḧtîlal ket,ئەو دێ ئحتیلال كەت
Conquer,Future,We,We will conquer,em dê  iḧtîlal keyn,ئەم دێ ئحتیلال كەین
Conquer,Future,You (pl.),You will conquer,hîn dê  iḧtîlal ken,ھین دێ ئحتیلال كەن
Conquer,Future,They,They will conquer,ew dê  iḧtîlal ken,ئەو دێ ئحتیلال كەن
Consider As,Past,I,I considered as, ez ji  ḧisab kirim,ئەز ژ حساب كرم
Consider As,Past,You,You considered as, tu ji  ḧisab kirî,تو ژ حساب كری
Consider As,Past,He/She,He/She considered as, ew ji  ḧisab kir,ئەو ژ حساب كر
Consider As,Past,We,We considered as, em ji  ḧisab kirîn,ئەم ژ حساب كرین
Consider As,Past,You (pl.),You considered as, hîn ji  ḧisab kirin,ھین ژ حساب كرن
Consider As,Past,They,They considered as, ew ji  ḧisab kirin,ئەو ژ حساب كرن
Consider As,Present,I,I consider as,ez  ji  ḧisab di kem,ئەز ژ حساب د كەم
Consider As,Present,You,You consider as,tu  ji  ḧisab di key,تو ژ حساب د كەی
Consider As,Present,He/She,He/She considers as,ew  ji  ḧisab di ket,ئەو ژ حساب د كەت
Consider As,Present,We,We consider as,em  ji  ḧisab di keyn,ئەم ژ حساب د كەین
Consider As,Present,You (pl.),You consider as,hîn  ji  ḧisab di ken,ھین ژ حساب د كەن
Consider As,Present,They,They consider as,ew  ji  ḧisab di ken,ئەو ژ حساب د كەن
Consider As,Future,I,I will consider as,ez dê  ji  ḧisab kem,ئەز دێ ژ حساب كەم
Consider As,Future,You,You will consider as,tu dê  ji  ḧisab key,تو دێ ژ حساب كەی
Consider As,Future,He/She,He/She will consider as,ew dê  ji  ḧisab ket,ئەو دێ ژ حساب كەت
Consider As,Future,We,We will consider as,em dê  ji  ḧisab keyn,ئەم دێ ژ حساب كەین
Consider As,Future,You (pl.),You will consider as,hîn dê  ji  ḧisab ken,ھین دێ ژ حساب كەن
Consider As,Future,They,They will consider as,ew dê  ji  ḧisab ken,ئەو دێ ژ حساب كەن
Continue,Past,I,I continued,ez berdewam bum,ئەز بەردەوام بوم
Continue,Past,You,You continued,tu berdewam buî,تو بەردەوام بوی
Continue,Past,He/She,He/She continued,ew berdewam bu,ئەو بەردەوام بو
Continue,Past,We,We continued,em berdewam buîn,ئەم بەردەوام بوین
Continue,Past,You (pl.),You continued,hîn berdewam bun,ھین بەردەوام بون
Continue,Past,They,They continued,ew berdewam bun,ئەو بەردەوام بون
Continue,Present,I,I continue,ez berdewamim,ئەز بەردەوامم
Continue,Present,You,You continue,tu berdewamî,تو بەردەوامی
Continue,Present,He/She,He/She continues,ew berdewame,ئەو بەردەوامە
Continue,Present,We,We continue,em berdewamîn,ئەم بەردەوامین
Continue,Present,You (pl.),You continue,hîn berdewamin,ھین بەردەوامن
Continue,Present,They,They continue,ew berdewamin,ئەو بەردەوامن
Continue,Future,I,I will continue,ez dê berdewam bim,ئەز دێ بەردەوام بم
Continue,Future,You,You will continue,tu dê berdewam bî,تو دێ بەردەوام بی
Continue,Future,He/She,He/She will continue,ew dê berdewam bit,ئەو دێ بەردەوام بیت
Continue,Future,We,We will continue,em dê berdewam bîn,ئەم دێ بەردەوام بین
Continue,Future,You (pl.),You will continue,hîn dê berdewam bin,ھین دێ بەردەوام بن
Continue,Future,They,They will continue,ew dê berdewam bin,ئەو دێ بەردەوام بن
Control,Past,I,I controlled,min  kontrol kir,من كونترول كر
Control,Past,You,You controlled,te  kontrol kir,تە كونترول كر
Control,Past,He/She,He/She controlled,ewî/ewê  kontrol kir,ئەوی/ئەوێ كونترول كر
Control,Past,We,We controlled,me  kontrol kir,مە كونترول كر
Control,Past,You (pl.),You controlled,hewe  kontrol kir,ھەوە كونترول كر
Control,Past,They,They controlled,ewan  kontrol kir,ئەوان كونترول كر
Control,Present,I,I control,ez  kontrol di kem,ئەز كونترول د كەم
Control,Present,You,You control,tu  kontrol di key,تو كونترول د كەی
Control,Present,He/She,He/She controls,ew  kontrol di ket,ئەو كونترول د كەت
Control,Present,We,We control,em  kontrol di keyn,ئەم كونترول د كەین
Control,Present,You (pl.),You control,hîn  kontrol di ken,ھین كونترول د كەن
Control,Present,They,They control,ew  kontrol di ken,ئەو كونترول د كەن
Control,Future,I,I will control,ez dê  kontrol kem,ئەز دێ كونترول كەم
Control,Future,You,You will control,tu dê  kontrol key,تو دێ كونترول كەی
Control,Future,He/She,He/She will control,ew dê  kontrol ket,ئەو دێ كونترول كەت
Control,Future,We,We will control,em dê  kontrol keyn,ئەم دێ كونترول كەین
Control,Future,You (pl.),You will control,hîn dê  kontrol ken,ھین دێ كونترول كەن
Control,Future,They,They will control,ew dê  kontrol ken,ئەو دێ كونترول كەن
Control Something,Past,I,I controlled,min seytere li ser  di kir,من سەیتەرە ل سەر د كر
Control Something,Past,You,You controlled,te seytere li ser  di kir,تە سەیتەرە ل سەر د كر
Control Something,Past,He/She,He/She controlled,ewî/ewê seytere li ser  di kir,ئەوی/ئەوێ سەیتەرە ل سەر د كر
Control Something,Past,We,We controlled,me seytere li ser  di kir,مە سەیتەرە ل سەر د كر
Control Something,Past,You (pl.),You controlled,hewe seytere li ser  di kir,ھەوە سەیتەرە ل سەر د كر
Control Something,Past,They,They controlled,ewan seytere li ser  di kir,ئەوان سەیتەرە ل سەر د كر
Control Something,Present,I,I control,ez seyterê li ser  di kem,ئەز سەیتەرێ ل سەر د كەم
Control Something,Present,You,You control,tu seyterê li ser  di key,تو سەیتەرێ ل سەر د كەی
Control Something,Present,He/She,He/She controls,ew seyterê li ser  di ket,ئەو سەیتەرێ ل سەر د كەت
Control Something,Present,We,We control,em seyterê li ser  di keyn,ئەم سەیتەرێ ل سەر د كەین
Control Something,Present,You (pl.),You control,hîn seyterê li ser  di ken,ھین سەیتەرێ ل سەر د كەن
Control Something,Present,They,They control,ew seyterê li ser  di ken,ئەو سەیتەرێ ل سەر د كەن
Control Something,Future,I,I will control,ez dê seyterê li ser  kem,ئەز دێ سەیتەرێ ل سەر كەم
Control Something,Future,You,You will control,tu dê seyterê li ser  key,تو دێ سەیتەرێ ل سەر كەی
Control Something,Future,He/She,He/She will control,ew dê seyterê li ser  ket,ئەو دێ سەیتەرێ ل سەر كەت
Control Something,Future,We,We will control,em dê seyterê li ser  keyn,ئەم دێ سەیتەرێ ل سەر كەین
Control Something,Future,You (pl.),You will control,hîn dê seyterê li ser  ken,ھین دێ سەیتەرێ ل سەر كەن
Control Something,Future,They,They will control,ew dê seyterê li ser  ken,ئەو دێ سەیتەرێ ل سەر كەن
Convert,Past,I,I converted,min teḧwîl kir,من تەحویل كر
Convert,Past,You,You converted,te teḧwîl kir,تە تەحویل كر
Convert,Past,He/She,He/She converted,ewî/ewê teḧwîl kir,ئەوی/ئەوێ تەحویل كر
Convert,Past,We,We converted,me teḧwîl kir,مە تەحویل كر
Convert,Past,You (pl.),You converted,hewe teḧwîl kir,ھەوە تەحویل كر
Convert,Past,They,They converted,ewan teḧwîl kir,ئەوان تەحویل كر
Convert,Present,I,I convert,ez teḧwîl di kem,ئەز تەحویل د كەم
Convert,Present,You,You convert,tu teḧwîl di key,تو تەحویل د كەی
Convert,Present,He/She,He/She converts,ew teḧwîl di ket,ئەو تەحویل د كەت
Convert,Present,We,We convert,em teḧwîl di keyn,ئەم تەحویل د كەین
Convert,Present,You (pl.),You convert,hîn teḧwîl di ken,ھین تەحویل د كەن
Convert,Present,They,They convert,ew teḧwîl di ken,ئەو تەحویل د كەن
Convert,Future,I,I will convert,ez dê teḧwîl kem,ئەز دێ تەحویل كەم
Convert,Future,You,You will convert,tu dê teḧwîl key,تو دێ تەحویل كەی
Convert,Future,He/She,He/She will convert,ew dê teḧwîl ket,ئەو دێ تەحویل كەت
Convert,Future,We,We will convert,em dê teḧwîl keyn,ئەم دێ تەحویل كەین
Convert,Future,You (pl.),You will convert,hîn dê teḧwîl ken,ھین دێ تەحویل كەن
Convert,Future,They,They will convert,ew dê teḧwîl ken,ئەو دێ تەحویل كەن
Convict,Past,I,I convicted, ez qani' kirim,ئەز قانع كرم
Convict,Past,You,You convicted, tu qani' kirî,تو قانع كری
Convict,Past,He/She,He/She convicted, ew qani' kir,ئەو قانع كر
Convict,Past,We,We convicted, em qani' kirîn,ئەم قانع كرین
Convict,Past,You (pl.),You convicted, hîn qani' kirin,ھین قانع كرن
Convict,Past,They,They convicted, ew qani' kirin,ئەو قانع كرن
Convict,Present,I,I convict,ez  qani' di kem,ئەز قانع د كەم
Convict,Present,You,You convict,tu  qani' di key,تو قانع د كەی
Convict,Present,He/She,He/She convicts,ew  qani' di ket,ئەو قانع د كەت
Convict,Present,We,We convict,em  qani' di keyn,ئەم قانع د كەین
Convict,Present,You (pl.),You convict,hîn  qani' di ken,ھین قانع د كەن
Convict,Present,They,They convict,ew  qani' di ken,ئەو قانع د كەن
Convict,Future,I,I will convict,ez dê  qani' kem,ئەز دێ قانع كەم
Convict,Future,You,You will convict,tu dê  qani' key,تو دێ قانع كەی
Convict,Future,He/She,He/She will convict,ew dê  qani' ket,ئەو دێ قانع كەت
Convict,Future,We,We will convict,em dê  qani' keyn,ئەم دێ قانع كەین
Convict,Future,You (pl.),You will convict,hîn dê  qani' ken,ھین دێ قانع كەن
Convict,Future,They,They will convict,ew dê  qani' ken,ئەو دێ قانع كەن
Convince,Past,I,I convinced, ez qani' kirim,ئەز قانع كرم
Convince,Past,You,You convinced, tu qani' kirî,تو قانع كری
Convince,Past,He/She,He/She convinced, ew qani' kir,ئەو قانع كر
Convince,Past,We,We convinced, em qani' kirîn,ئەم قانع كرین
Convince,Past,You (pl.),You convinced, hîn qani' kirin,ھین قانع كرن
Convince,Past,They,They convinced, ew qani' kirin,ئەو قانع كرن
Convince,Present,I,I convince,ez  qani' di kem,ئەز قانع د كەم
Convince,Present,You,You convince,tu  qani' di key,تو قانع د كەی
Convince,Present,He/She,He/She convinces,ew  qani' di ket,ئەو قانع د كەت
Convince,Present,We,We convince,em  qani' di keyn,ئەم قانع د كەین
Convince,Present,You (pl.),You convince,hîn  qani' di ken,ھین قانع د كەن
Convince,Present,They,They convince,ew  qani' di ken,ئەو قانع د كەن
Convince,Future,I,I will convince,ez dê  qani' kem,ئەز دێ قانع كەم
Convince,Future,You,You will convince,tu dê  qani' key,تو دێ قانع كەی
Convince,Future,He/She,He/She will convince,ew dê  qani' ket,ئەو دێ قانع كەت
Convince,Future,We,We will convince,em dê  qani' keyn,ئەم دێ قانع كەین
Convince,Future,You (pl.),You will convince,hîn dê  qani' ken,ھین دێ قانع كەن
Convince,Future,They,They will convince,ew dê  qani' ken,ئەو دێ قانع كەن
Correct,Past,I,I corrected,min  te'dîl kir,من تەعدیل كر
Correct,Past,You,You corrected,te  te'dîl kir,تە تەعدیل كر
Correct,Past,He/She,He/She corrected,ewî/ewê  te'dîl kir,ئەوی/ئەوێ تەعدیل كر
Correct,Past,We,We corrected,me  te'dîl kir,مە تەعدیل كر
Correct,Past,You (pl.),You corrected,hewe  te'dîl kir,ھەوە تەعدیل كر
Correct,Past,They,They corrected,ewan  te'dîl kir,ئەوان تەعدیل كر
Correct,Present,I,I correct,ez  te'dîl di kem,ئەز تەعدیل د كەم
Correct,Present,You,You correct,tu  te'dîl di key,تو تەعدیل د كەی
Correct,Present,He/She,He/She corrects,ew  te'dîl di ket,ئەو تەعدیل د كەت
Correct,Present,We,We correct,em  te'dîl di keyn,ئەم تەعدیل د كەین
Correct,Present,You (pl.),You correct,hîn  te'dîl di ken,ھین تەعدیل د كەن
Correct,Present,They,They correct,ew  te'dîl di ken,ئەو تەعدیل د كەن
Correct,Future,I,I will correct,ez dê  te'dîl kem,ئەز دێ تەعدیل كەم
Correct,Future,You,You will correct,tu dê  te'dîl key,تو دێ تەعدیل كەی
Correct,Future,He/She,He/She will correct,ew dê  te'dîl ket,ئەو دێ تەعدیل كەت
Correct,Future,We,We will correct,em dê  te'dîl keyn,ئەم دێ تەعدیل كەین
Correct,Future,You (pl.),You will correct,hîn dê  te'dîl ken,ھین دێ تەعدیل كەن
Correct,Future,They,They will correct,ew dê  te'dîl ken,ئەو دێ تەعدیل كەن
Cough,Past,I,I coughed,min koxî,من كوخی
Cough,Past,You,You coughed,te koxî,تە كوخی
Cough,Past,He/She,He/She coughed,ewî/ewê koxî,ئەوی/ئەوێ كوخی
Cough,Past,We,We coughed,me koxî,مە كوخی
Cough,Past,You (pl.),You coughed,hewe koxî,ھەوە كوخی
Cough,Past,They,They coughed,ewan koxî,ئەوان كوخی
Cough,Present,I,I cough,ez di koxim,ئەز د كوخم
Cough,Present,You,You cough,tu di koxî,تو د كوخی
Cough,Present,He/She,He/She coughs,ew di koxit,ئەو د كوخیت
Cough,Present,We,We cough,em di koxîn,ئەم د كوخین
Cough,Present,You (pl.),You cough,hîn di koxin,ھین د كوخن
Cough,Present,They,They cough,ew di koxin,ئەو د كوخن
Cough,Future,I,I will cough,ez dê koxim,ئەز دێ كوخم
Cough,Future,You,You will cough,tu dê koxî,تو دێ كوخی
Cough,Future,He/She,He/She will cough,ew dê koxit,ئەو دێ كوخیت
Cough,Future,We,We will cough,em dê koxîn,ئەم دێ كوخین
Cough,Future,You (pl.),You will cough,hîn dê koxin,ھین دێ كوخن
Cough,Future,They,They will cough,ew dê koxin,ئەو دێ كوخن
Count,Past,I,I counted,min  hijmartin,من ھژمارتن
Count,Past,You,You counted,te  hijmartin,تە ھژمارتن
Count,Past,He/She,He/She counted,ewî/ewê  hijmartin,ئەوی/ئەوێ ھژمارتن
Count,Past,We,We counted,me  hijmartin,مە ھژمارتن
Count,Past,You (pl.),You counted,hewe  hijmartin,ھەوە ھژمارتن
Count,Past,They,They counted,ewan  hijmartin,ئەوان ھژمارتن
Count,Present,I,I count,ez  di hijmêrim,ئەز د ھژمێرم
Count,Present,You,You count,tu  di hijmêrî,تو د ھژمێری
Count,Present,He/She,He/She counts,ew  di hijmêrit,ئەو د ھژمێریت
Count,Present,We,We count,em  di hijmêrîn,ئەم د ھژمێرین
Count,Present,You (pl.),You count,hîn  di hijmêrin,ھین د ھژمێرن
Count,Present,They,They count,ew  di hijmêrin,ئەو د ھژمێرن
Count,Future,I,I will count,ez dê  hijmêrim,ئەز دێ ھژمێرم
Count,Future,You,You will count,tu dê  hijmêrî,تو دێ ھژمێری
Count,Future,He/She,He/She will count,ew dê  hijmêrit,ئەو دێ ھژمێریت
Count,Future,We,We will count,em dê  hijmêrîn,ئەم دێ ھژمێرین
Count,Future,You (pl.),You will count,hîn dê  hijmêrin,ھین دێ ھژمێرن
Count,Future,They,They will count,ew dê  hijmêrin,ئەو دێ ھژمێرن
Crawl,Past,I,I crawled,ez ser desta çum,ئەز سەر دەستا چوم
Crawl,Past,You,You crawled,tu ser desta çuî,تو سەر دەستا چوی
Crawl,Past,He/She,He/She crawled,ew ser desta çu,ئەو سەر دەستا چو
Crawl,Past,We,We crawled,em ser desta çuîn,ئەم سەر دەستا چوین
Crawl,Past,You (pl.),You crawled,hîn ser desta çun,ھین سەر دەستا چون
Crawl,Past,They,They crawled,ew ser desta çun,ئەو سەر دەستا چون
Crawl,Present,I,I crawl,ez ser desta di çim,ئەز سەر دەستا د چم
Crawl,Present,You,You crawl,tu ser desta di çî,تو سەر دەستا د چی
Crawl,Present,He/She,He/She crawls,ew ser desta di çit,ئەو سەر دەستا د چیت
Crawl,Present,We,We crawl,em ser desta di çîn,ئەم سەر دەستا د چین
Crawl,Present,You (pl.),You crawl,hîn ser desta di çin,ھین سەر دەستا د چن
Crawl,Present,They,They crawl,ew ser desta di çin,ئەو سەر دەستا د چن
Crawl,Future,I,I will crawl,ez dê ser desta çim,ئەز دێ سەر دەستا چم
Crawl,Future,You,You will crawl,tu dê ser desta çî,تو دێ سەر دەستا چی
Crawl,Future,He/She,He/She will crawl,ew dê ser desta çit,ئەو دێ سەر دەستا چیت
Crawl,Future,We,We will crawl,em dê ser desta çîn,ئەم دێ سەر دەستا چین
Crawl,Future,You (pl.),You will crawl,hîn dê ser desta çin,ھین دێ سەر دەستا چن
Crawl,Future,They,They will crawl,ew dê ser desta çin,ئەو دێ سەر دەستا چن
Create,Past,I,I created,min  çê kir,من چێ كر
Create,Past,You,You created,te   çê kir,تە  چێ كر
Create,Past,He/She,He/She created,ewî/ewê  çê kir,ئەوی/ئەوێ چێ كر
Create,Past,We,We created,me  çê kir,مە چێ كر
Create,Past,You (pl.),You created,hewe  çê kir,ھەوە چێ كر
Create,Past,They,They created,ewan  çê kir,ئەوان چێ كر
Create,Present,I,I create,ez  çê di kem,ئەز چێ د كەم
Create,Present,You,You create,tu  çê di key,تو چێ د كەی
Create,Present,He/She,He/She creates,ew  çê di ket,ئەو چێ د كەت
Create,Present,We,We create,em  çê di keyn,ئەم چێ د كەین
Create,Present,You (pl.),You create,hîn  çê di ken,ھین چێ د كەن
Create,Present,They,They create,ew  çê di ken,ئەو چێ د كەن
Create,Future,I,I will create,ez dê  çê kem,ئەز دێ چێ كەم
Create,Future,You,You will create,tu dê  çê key,تو دێ چێ كەی
Create,Future,He/She,He/She will create,ew dê  çê ket,ئەو دێ چێ كەت
Create,Future,We,We will create,em dê  çê keyn,ئەم دێ چێ كەین
Create,Future,You (pl.),You will create,hîn dê  çê ken,ھین دێ چێ كەن
Create,Future,They,They will create,ew dê  çê ken,ئەو دێ چێ كەن
Create,Past,I,I created,Xodê ez afrandim,ودێ ئەز ئافراندم
Create,Past,You,You created,Xodê tu afrandî,ودێ تو ئافراندی
Create,Past,He/She,He/She created,Xodê ew afrandit,ودێ ئەو ئافراندیت
Create,Past,We,We created,Xodê em afrandîn,ودێ ئەم ئافراندین
Create,Past,You (pl.),You created,Xodê hîn afrandin,ودێ ھین ئافراندن
Create,Past,They,They created,Xodê ew afrandin,ودێ ئەو ئافراندن
Create,Present,I,I create,&lt;Not Used&gt;,نە
Create,Present,You,You create,&lt;Not Used&gt;,نە
Create,Present,He/She,He/She creates,Xodê  di afrînit,ودێ د ئافرینیت
Create,Present,We,We create,&lt;Not Used&gt;,نە
Create,Present,You (pl.),You create,&lt;Not Used&gt;,نە
Create,Present,They,They create,&lt;Not Used&gt;,نە
Create,Future,I,I will create,&lt;Not Used&gt;,نە
Create,Future,You,You will create,&lt;Not Used&gt;,نە
Create,Future,He/She,He/She will create,Xodê dê  afrînit,ودێ دێ ئافرینیت
Create,Future,We,We will create,&lt;Not Used&gt;,نە
Create,Future,You (pl.),You will create,&lt;Not Used&gt;,نە
Create,Future,They,They will create,&lt;Not Used&gt;,نە
Cross,Past,I,I crossed,ez ji  borîm,ئەز ژ بوریم
Cross,Past,You,You crossed,tu ji  borî,تو ژ بوری
Cross,Past,He/She,He/She crossed,ew ji  borî,ئەو ژ بوری
Cross,Past,We,We crossed,em ji  borîn,ئەم ژ بورین
Cross,Past,You (pl.),You crossed,hîn ji  borîn,ھین ژ بورین
Cross,Past,They,They crossed,ew ji  borîn,ئەو ژ بورین
Cross,Present,I,I cross,ez ji  di borim,ئەز ژ د بورم
Cross,Present,You,You cross,tu ji  di borî,تو ژ د بوری
Cross,Present,He/She,He/She crosses,ew ji  di borit,ئەو ژ د بوریت
Cross,Present,We,We cross,em ji  di borîn,ئەم ژ د بورین
Cross,Present,You (pl.),You cross,hîn ji  di borin,ھین ژ د بورن
Cross,Present,They,They cross,ew ji  di borin,ئەو ژ د بورن
Cross,Future,I,I will cross,ez dê ji  borim,ئەز دێ ژ بورم
Cross,Future,You,You will cross,tu dê ji  borî,تو دێ ژ بوری
Cross,Future,He/She,He/She will cross,ew dê ji  borit,ئەو دێ ژ بوریت
Cross,Future,We,We will cross,em dê ji  borîn,ئەم دێ ژ بورین
Cross,Future,You (pl.),You will cross,hîn dê ji  borin,ھین دێ ژ بورن
Cross,Future,They,They will cross,ew dê ji  borin,ئەو دێ ژ بورن
Crucify,Past,I,I crucified, ez xaç dam,ئەز خاچ دام
Crucify,Past,You,You crucified, tu xaç day,تو خاچ دای
Crucify,Past,He/She,He/She crucified, ew xaç da,ئەو خاچ دا
Crucify,Past,We,We crucified, em xaç dayn,ئەم خاچ داین
Crucify,Past,You (pl.),You crucified, hîn xaç dan,ھین خاچ دان
Crucify,Past,They,They crucified, ew xaç dan,ئەو خاچ دان
Crucify,Present,I,I crucify,ez  xaç di dem,ئەز خاچ د دەم
Crucify,Present,You,You crucify,tu  xaç di dey,تو خاچ د دەی
Crucify,Present,He/She,He/She crucifies,ew  xaç di det,ئەو خاچ د دەت
Crucify,Present,We,We crucify,em  xaç di deyn,ئەم خاچ د دەین
Crucify,Present,You (pl.),You crucify,hîn  xaç di den,ھین خاچ د دەن
Crucify,Present,They,They crucify,ew  xaç di den,ئەو خاچ د دەن
Crucify,Future,I,I will crucify,ez dê  xaç dem,ئەز دێ خاچ دەم
Crucify,Future,You,You will crucify,tu dê  xaç dey,تو دێ خاچ دەی
Crucify,Future,He/She,He/She will crucify,ew dê  xaç det,ئەو دێ خاچ دەت
Crucify,Future,We,We will crucify,em dê  xaç deyn,ئەم دێ خاچ دەین
Crucify,Future,You (pl.),You will crucify,hîn dê  xaç den,ھین دێ خاچ دەن
Crucify,Future,They,They will crucify,ew dê  xaç den,ئەو دێ خاچ دەن
Crush,Past,I,I crushed, ez herişandim,ئەز ھەرشاندم
Crush,Past,You,You crushed, tu herişandî,تو ھەرشاندی
Crush,Past,He/She,He/She crushed, ew herişand,ئەو ھەرشاند
Crush,Past,We,We crushed, em herişandîn,ئەم ھەرشاندین
Crush,Past,You (pl.),You crushed, hîn herişandin,ھین ھەرشاندن
Crush,Past,They,They crushed, ew herişandin,ئەو ھەرشاندن
Crush,Present,I,I crush,ez  di herişînim,ئەز د ھەرشینم
Crush,Present,You,You crush,tu  di herişînî,تو د ھەرشینی
Crush,Present,He/She,He/She crushes,ew  di herişînit,ئەو د ھەرشینیت
Crush,Present,We,We crush,em  di herişînîn,ئەم د ھەرشینین
Crush,Present,You (pl.),You crush,hîn  di herişînin,ھین د ھەرشینن
Crush,Present,They,They crush,ew  di herişînin,ئەو د ھەرشینن
Crush,Future,I,I will crush,ez dê  herişînim,ئەز دێ ھەرشینم
Crush,Future,You,You will crush,tu dê  herişînî,تو دێ ھەرشینی
Crush,Future,He/She,He/She will crush,ew dê  herişînit,ئەو دێ ھەرشینیت
Crush,Future,We,We will crush,em dê  herişînîn,ئەم دێ ھەرشینین
Crush,Future,You (pl.),You will crush,hîn dê  herişînin,ھین دێ ھەرشینن
Crush,Future,They,They will crush,ew dê  herişînin,ئەو دێ ھەرشینن
Cry,Past,I,I cried,min kire girî,من كرە گری
Cry,Past,You,You cried,te kire girî,تە كرە گری
Cry,Past,He/She,He/She cried,ewî/ewê kire girî,ئەوی/ئەوێ كرە گری
Cry,Past,We,We cried,me kire girî,مە كرە گری
Cry,Past,You (pl.),You cried,hewe kire girî,ھەوە كرە گری
Cry,Past,They,They cried,ewan kire girî,ئەوان كرە گری
Cry,Present,I,I cry,ez di keme girî,ئەز د كەمە گری
Cry,Present,You,You cry,tu di keyye girî,تو د كەییە گری
Cry,Present,He/She,He/She cries,ew di kete girî,ئەو د كەتە گری
Cry,Present,We,We cry,em di keyne girî,ئەم د كەینە گری
Cry,Present,You (pl.),You cry,hîn di kene girî,ھین د كەنە گری
Cry,Present,They,They cry,ew di kene girî,ئەو د كەنە گری
Cry,Future,I,I will cry,ez dê keme girî,ئەز دێ كەمە گری
Cry,Future,You,You will cry,tu dê keyye girî,تو دێ كەییە گری
Cry,Future,He/She,He/She will cry,ew dê kete girî,ئەو دێ كەتە گری
Cry,Future,We,We will cry,em dê keyne girî,ئەم دێ كەینە گری
Cry,Future,You (pl.),You will cry,hîn dê kene girî,ھین دێ كەنە گری
Cry,Future,They,They will cry,ew dê kene girî,ئەو دێ كەنە گری
Curse,Past,I,I cursed,min le'net li  barandin,من لەعنەت ل باراندن
Curse,Past,You,You cursed,te le'net li  barandin,تە لەعنەت ل باراندن
Curse,Past,He/She,He/She cursed,ewî/ewê le'net li  barandin,ئەوی/ئەوێ لەعنەت ل باراندن
Curse,Past,We,We cursed,me le'net li  barandin,مە لەعنەت ل باراندن
Curse,Past,You (pl.),You cursed,hewe le'net li  barandin,ھەوە لەعنەت ل باراندن
Curse,Past,They,They cursed,ewan le'net li  barandin,ئەوان لەعنەت ل باراندن
Curse,Present,I,I curse,ez le'neta li  di barînim,ئەز لەعنەتا ل د بارینم
Curse,Present,You,You curse,tu le'neta li  di barînî,تو لەعنەتا ل د بارینی
Curse,Present,He/She,He/She curses,ew le'neta li  di barînit,ئەو لەعنەتا ل د بارینیت
Curse,Present,We,We curse,em le'neta li  di barînîn,ئەم لەعنەتا ل د بارینین
Curse,Present,You (pl.),You curse,hîn le'neta li  di barînin,ھین لەعنەتا ل د بارینن
Curse,Present,They,They curse,ew le'neta li  di barînin,ئەو لەعنەتا ل د بارینن
Curse,Future,I,I will curse,ez dê le'neta li  barînim,ئەز دێ لەعنەتا ل بارینم
Curse,Future,You,You will curse,tu dê le'neta li  barînî,تو دێ لەعنەتا ل بارینی
Curse,Future,He/She,He/She will curse,ew dê le'neta li  barînit,ئەو دێ لەعنەتا ل بارینیت
Curse,Future,We,We will curse,em dê le'neta li  barînîn,ئەم دێ لەعنەتا ل بارینین
Curse,Future,You (pl.),You will curse,hîn dê le'neta li  barînin,ھین دێ لەعنەتا ل بارینن
Curse,Future,They,They will curse,ew dê le'neta li  barînin,ئەو دێ لەعنەتا ل بارینن
Cut,Past,I,I cut,min  brî,من بری
Cut,Past,You,You cut,te  brî,تە بری
Cut,Past,He/She,He/She cut,ewî/ewê  brî,ئەوی/ئەوێ بری
Cut,Past,We,We cut,me  brî,مە بری
Cut,Past,You (pl.),You cut,hewe  brî,ھەوە بری
Cut,Past,They,They cut,ewan  brî,ئەوان بری
Cut,Present,I,I cut,ez  di brim,ئەز د برم
Cut,Present,You,You cut,tu  di brî,تو د بری
Cut,Present,He/She,He/She cuts,ew  di brit,ئەو د بریت
Cut,Present,We,We cut,em  di brîn,ئەم د برین
Cut,Present,You (pl.),You cut,hîn  di brin,ھین د برن
Cut,Present,They,They cut,ew  di brin,ئەو د برن
Cut,Future,I,I will cut,ez dê  brim,ئەز دێ برم
Cut,Future,You,You will cut,tu dê  brî,تو دێ بری
Cut,Future,He/She,He/She will cut,ew dê  brit,ئەو دێ بریت
Cut,Future,We,We will cut,em dê  brîn,ئەم دێ برین
Cut,Future,You (pl.),You will cut,hîn dê  brin,ھین دێ برن
Cut,Future,They,They will cut,ew dê  brin,ئەو دێ برن
Cut,Past,I,I cut, ez qetandim,ئەز قەتاندم
Cut,Past,You,You cut, tu qetandî,تو قەتاندی
Cut,Past,He/She,He/She cut, ew qetand,ئەو قەتاند
Cut,Past,We,We cut, em qetandîn,ئەم قەتاندین
Cut,Past,You (pl.),You cut, hîn qetandin,ھین قەتاندن
Cut,Past,They,They cut, ew qetandin,ئەو قەتاندن
Cut,Present,I,I cut,ez  di qetînim,ئەز د قەتینم
Cut,Present,You,You cut,tu  di qetînî,تو د قەتینی
Cut,Present,He/She,He/She cuts,ew  di qetînit,ئەو د قەتینیت
Cut,Present,We,We cut,em  di qetînîn,ئەم د قەتینین
Cut,Present,You (pl.),You cut,hîn  di qetînin,ھین د قەتینن
Cut,Present,They,They cut,ew  di qetînin,ئەو د قەتینن
Cut,Future,I,I will cut,ez dê  qetînim,ئەز دێ قەتینم
Cut,Future,You,You will cut,tu dê  qetînî,تو دێ قەتینی
Cut,Future,He/She,He/She will cut,ew dê  qetînit,ئەو دێ قەتینیت
Cut,Future,We,We will cut,em dê  qetînîn,ئەم دێ قەتینین
Cut,Future,You (pl.),You will cut,hîn dê  qetînin,ھین دێ قەتینن
Cut,Future,They,They will cut,ew dê  qetînin,ئەو دێ قەتینن
Damage,Past,I,I damaged,min  xirab kir,من خراب كر
Damage,Past,You,You damaged,te  xirab kir,تە خراب كر
Damage,Past,He/She,He/She damaged,ewî/ewê  xirab kir,ئەوی/ئەوێ خراب كر
Damage,Past,We,We damaged,me  xirab kir,مە خراب كر
Damage,Past,You (pl.),You damaged,hewe  xirab kir,ھەوە خراب كر
Damage,Past,They,They damaged,ewan  xirab kir,ئەوان خراب كر
Damage,Present,I,I damage,ez  xirab di kem,ئەز خراب د كەم
Damage,Present,You,You damage,tu  xirab di key,تو خراب د كەی
Damage,Present,He/She,He/She damages,ew  xirab di ket,ئەو خراب د كەت
Damage,Present,We,We damage,em  xirab di keyn,ئەم خراب د كەین
Damage,Present,You (pl.),You damage,hîn  xirab di ken,ھین خراب د كەن
Damage,Present,They,They damage,ew  xirab di ken,ئەو خراب د كەن
Damage,Future,I,I will damage,ez dê  xirab kem,ئەز دێ خراب كەم
Damage,Future,You,You will damage,tu dê  xirab key,تو دێ خراب كەی
Damage,Future,He/She,He/She will damage,ew dê  xirab ket,ئەو دێ خراب كەت
Damage,Future,We,We will damage,em dê  xirab keyn,ئەم دێ خراب كەین
Damage,Future,You (pl.),You will damage,hîn dê  xirab ken,ھین دێ خراب كەن
Damage,Future,They,They will damage,ew dê  xirab ken,ئەو دێ خراب كەن
Dance,Past,I,I danced,min dehwat kir,من دەھوات كر
Dance,Past,You,You danced,te dehwat kir,تە دەھوات كر
Dance,Past,He/She,He/She danced,ewî/ewê dehwat kir,ئەوی/ئەوێ دەھوات كر
Dance,Past,We,We danced,me dehwat kir,مە دەھوات كر
Dance,Past,You (pl.),You danced,hewe dehwat kir,ھەوە دەھوات كر
Dance,Past,They,They danced,ewan dehwat kir,ئەوان دەھوات كر
Dance,Present,I,I dance,ez dehwat di kem,ئەز دەھوات د كەم
Dance,Present,You,You dance,tu dehwat di key,تو دەھوات د كەی
Dance,Present,He/She,He/She dances,ew dehwat di ket,ئەو دەھوات د كەت
Dance,Present,We,We dance,em dehwat di keyn,ئەم دەھوات د كەین
Dance,Present,You (pl.),You dance,hîn dehwat di ken,ھین دەھوات د كەن
Dance,Present,They,They dance,ew dehwat di ken,ئەو دەھوات د كەن
Dance,Future,I,I will dance,ez dê dehwat kem,ئەز دێ دەھوات كەم
Dance,Future,You,You will dance,tu dê dehwat key,تو دێ دەھوات كەی
Dance,Future,He/She,He/She will dance,ew dê dehwat ket,ئەو دێ دەھوات كەت
Dance,Future,We,We will dance,em dê dehwat keyn,ئەم دێ دەھوات كەین
Dance,Future,You (pl.),You will dance,hîn dê dehwat ken,ھین دێ دەھوات كەن
Dance,Future,They,They will dance,ew dê dehwat ken,ئەو دێ دەھوات كەن
Dance,Past,I,I danced,ez reqisîm,ئەز رەقسیم
Dance,Past,You,You danced,tu reqisî,تو رەقسی
Dance,Past,He/She,He/She danced,ew reqisî,ئەو رەقسی
Dance,Past,We,We danced,em reqisîn,ئەم رەقسین
Dance,Past,You (pl.),You danced,hîn reqisîn,ھین رەقسین
Dance,Past,They,They danced,ew reqisîn,ئەو رەقسین
Dance,Present,I,I dance,ez di reqisim,ئەز د رەقسم
Dance,Present,You,You dance,tu di reqisî,تو د رەقسی
Dance,Present,He/She,He/She dances,ew di reqisit,ئەو د رەقسیت
Dance,Present,We,We dance,em di reqisîn,ئەم د رەقسین
Dance,Present,You (pl.),You dance,hîn di reqisin,ھین د رەقسن
Dance,Present,They,They dance,ew di reqisin,ئەو د رەقسن
Dance,Future,I,I will dance,ez dê reqisim,ئەز دێ رەقسم
Dance,Future,You,You will dance,tu dê reqisî,تو دێ رەقسی
Dance,Future,He/She,He/She will dance,ew dê reqisit,ئەو دێ رەقسیت
Dance,Future,We,We will dance,em dê reqisîn,ئەم دێ رەقسین
Dance,Future,You (pl.),You will dance,hîn dê reqisin,ھین دێ رەقسن
Dance,Future,They,They will dance,ew dê reqisin,ئەو دێ رەقسن
Deceive,Past,I,I deceived, ez di ser da birim,ئەز د سەر دا برم
Deceive,Past,You,You deceived, tu di ser da birî,تو د سەر دا بری
Deceive,Past,He/She,He/She deceived, ew di ser da bir,ئەو د سەر دا بر
Deceive,Past,We,We deceived, em di ser da birîn,ئەم د سەر دا برین
Deceive,Past,You (pl.),You deceived, hîn di ser da birin,ھین د سەر دا برن
Deceive,Past,They,They deceived, ew di ser da birin,ئەو د سەر دا برن
Deceive,Present,I,I deceive,ez  di ser da di bem,ئەز د سەر دا د بەم
Deceive,Present,You,You deceive,tu  di ser da di bê,تو د سەر دا د بێ
Deceive,Present,He/She,He/She deceives,ew  di ser da di bet,ئەو د سەر دا د بەت
Deceive,Present,We,We deceive,em  di ser da di bên,ئەم د سەر دا د بێن
Deceive,Present,You (pl.),You deceive,hîn  di ser da di ben,ھین د سەر دا د بەن
Deceive,Present,They,They deceive,ew  di ser da di ben,ئەو د سەر دا د بەن
Deceive,Future,I,I will deceive,ez dê  di ser da bem,ئەز دێ د سەر دا بەم
Deceive,Future,You,You will deceive,tu dê  di ser da bê,تو دێ د سەر دا بێ
Deceive,Future,He/She,He/She will deceive,ew dê  di ser da bet,ئەو دێ د سەر دا بەت
Deceive,Future,We,We will deceive,em dê  di ser da bên,ئەم دێ د سەر دا بێن
Deceive,Future,You (pl.),You will deceive,hîn dê  di ser da ben,ھین دێ د سەر دا بەن
Deceive,Future,They,They will deceive,ew dê  di ser da ben,ئەو دێ د سەر دا بەن
Decide,Past,I,I decided,min brîyar da,من برییار دا
Decide,Past,You,You decided,te brîyar da,تە برییار دا
Decide,Past,He/She,He/She decided,ewî/ewê brîyar da,ئەوی/ئەوێ برییار دا
Decide,Past,We,We decided,me brîyar da,مە برییار دا
Decide,Past,You (pl.),You decided,hewe brîyar da,ھەوە برییار دا
Decide,Past,They,They decided,ewan brîyar da,ئەوان برییار دا
Decide,Present,I,I decide,ez brîyar di dem,ئەز برییار د دەم
Decide,Present,You,You decide,tu brîyar di dey,تو برییار د دەی
Decide,Present,He/She,He/She decides,ew brîyar di det,ئەو برییار د دەت
Decide,Present,We,We decide,em brîyar di deyn,ئەم برییار د دەین
Decide,Present,You (pl.),You decide,hîn brîyar di den,ھین برییار د دەن
Decide,Present,They,They decide,ew brîyar di den,ئەو برییار د دەن
Decide,Future,I,I will decide,ez dê brîyar dem,ئەز دێ برییار دەم
Decide,Future,You,You will decide,tu dê brîyar dey,تو دێ برییار دەی
Decide,Future,He/She,He/She will decide,ew dê brîyar det,ئەو دێ برییار دەت
Decide,Future,We,We will decide,em dê brîyar deyn,ئەم دێ برییار دەین
Decide,Future,You (pl.),You will decide,hîn dê brîyar den,ھین دێ برییار دەن
Decide,Future,They,They will decide,ew dê brîyar den,ئەو دێ برییار دەن
Defend,Past,I,I defended,min dîfa'  kir,من دیفاع كر
Defend,Past,You,You defended,te dîfa'  kir,تە دیفاع كر
Defend,Past,He/She,He/She defended,ewî/ewê dîfa'  kir,ئەوی/ئەوێ دیفاع كر
Defend,Past,We,We defended,me dîfa'  kir,مە دیفاع كر
Defend,Past,You (pl.),You defended,hewe dîfa'  kir,ھەوە دیفاع كر
Defend,Past,They,They defended,ewan dîfa'  kir,ئەوان دیفاع كر
Defend,Present,I,I defend,ez dîfa'ê  di kem,ئەز دیفاعێ د كەم
Defend,Present,You,You defend,tu dîfa'ê  di key,تو دیفاعێ د كەی
Defend,Present,He/She,He/She defends,ew dîfa'ê  di ket,ئەو دیفاعێ د كەت
Defend,Present,We,We defend,em dîfa'ê  di keyn,ئەم دیفاعێ د كەین
Defend,Present,You (pl.),You defend,hîn dîfa'ê  di ken,ھین دیفاعێ د كەن
Defend,Present,They,They defend,ew dîfa'ê  di ken,ئەو دیفاعێ د كەن
Defend,Future,I,I will defend,ez dê dîfa'ê  kem,ئەز دێ دیفاعێ كەم
Defend,Future,You,You will defend,tu dê dîfa'ê  key,تو دێ دیفاعێ كەی
Defend,Future,He/She,He/She will defend,ew dê dîfa'ê  ket,ئەو دێ دیفاعێ كەت
Defend,Future,We,We will defend,em dê dîfa'ê  keyn,ئەم دێ دیفاعێ كەین
Defend,Future,You (pl.),You will defend,hîn dê dîfa'ê  ken,ھین دێ دیفاعێ كەن
Defend,Future,They,They will defend,ew dê dîfa'ê  ken,ئەو دێ دیفاعێ كەن
Defend,Past,I,I defended,min berevanîya  kir,من بەرەڤانییا كر
Defend,Past,You,You defended,min berevanîya  kir,من بەرەڤانییا كر
Defend,Past,He/She,He/She defended,min berevanîya  kir,من بەرەڤانییا كر
Defend,Past,We,We defended,min berevanîya  kir,من بەرەڤانییا كر
Defend,Past,You (pl.),You defended,min berevanîya  kir,من بەرەڤانییا كر
Defend,Past,They,They defended,min berevanîya  kir,من بەرەڤانییا كر
Defend,Present,I,I defend,ez berevanîya  di kem,ئەز بەرەڤانییا د كەم
Defend,Present,You,You defend,tu berevanîya  di key,تو بەرەڤانییا د كەی
Defend,Present,He/She,He/She defends,ew berevanîya  di ket,ئەو بەرەڤانییا د كەت
Defend,Present,We,We defend,em berevanîya  di keyn,ئەم بەرەڤانییا د كەین
Defend,Present,You (pl.),You defend,hîn berevanîya  di ken,ھین بەرەڤانییا د كەن
Defend,Present,They,They defend,ew berevanîya  di ken,ئەو بەرەڤانییا د كەن
Defend,Future,I,I will defend,ez dê dê berevanîya  kem,ئەز دێ دێ بەرەڤانییا كەم
Defend,Future,You,You will defend,tu dê dê berevanîya  key,تو دێ دێ بەرەڤانییا كەی
Defend,Future,He/She,He/She will defend,ew dê dê berevanîya  ket,ئەو دێ دێ بەرەڤانییا كەت
Defend,Future,We,We will defend,em dê dê berevanîya  keyn,ئەم دێ دێ بەرەڤانییا كەین
Defend,Future,You (pl.),You will defend,hîn dê dê berevanîya  ken,ھین دێ دێ بەرەڤانییا كەن
Defend,Future,They,They will defend,ew dê dê berevanîya  ken,ئەو دێ دێ بەرەڤانییا كەن
Delete,Past,I,I deleted,min  jê bir,من ژێ بر
Delete,Past,You,You deleted,te  jê bir,تە ژێ بر
Delete,Past,He/She,He/She deleted,ewî/ewê  jê bir,ئەوی/ئەوێ ژێ بر
Delete,Past,We,We deleted,me  jê bir,مە ژێ بر
Delete,Past,You (pl.),You deleted,hewe  jê bir,ھەوە ژێ بر
Delete,Past,They,They deleted,ewan  jê bir,ئەوان ژێ بر
Delete,Present,I,I delete,ez  jê di bem,ئەز ژێ د بەم
Delete,Present,You,You delete,tu  jê di bê,تو ژێ د بێ
Delete,Present,He/She,He/She deletes,ew  jê di bet,ئەو ژێ د بەت
Delete,Present,We,We delete,em  jê di bên,ئەم ژێ د بێن
Delete,Present,You (pl.),You delete,hîn  jê di ben,ھین ژێ د بەن
Delete,Present,They,They delete,ew  jê di ben,ئەو ژێ د بەن
Delete,Future,I,I will delete,ez dê  jê bem,ئەز دێ ژێ بەم
Delete,Future,You,You will delete,tu dê  jê bê,تو دێ ژێ بێ
Delete,Future,He/She,He/She will delete,ew dê  jê bet,ئەو دێ ژێ بەت
Delete,Future,We,We will delete,em dê  jê bên,ئەم دێ ژێ بێن
Delete,Future,You (pl.),You will delete,hîn dê  jê ben,ھین دێ ژێ بەن
Delete,Future,They,They will delete,ew dê  jê ben,ئەو دێ ژێ بەن
Deliver,Past,I,I delivered,min  gehand(e OW),من گەھاند
Deliver,Past,You,You delivered,te  gehand(e OW),تە گەھاند
Deliver,Past,He/She,He/She delivered,ewî/ewê  gehand(e OW),ئەوی/ئەوێ گەھاند
Deliver,Past,We,We delivered,me  gehand(e OW),مە گەھاند
Deliver,Past,You (pl.),You delivered,hewe  gehand(e OW),ھەوە گەھاند
Deliver,Past,They,They delivered,ewan  gehand(e OW),ئەوان گەھاند
Deliver,Present,I,I deliver,ez  di gehînim,ئەز د گەھینم
Deliver,Present,You,You deliver,tu  di gehînî,تو د گەھینی
Deliver,Present,He/She,He/She delivers,ew  di gehînit,ئەو د گەھینیت
Deliver,Present,We,We deliver,em  di gehînîn,ئەم د گەھینین
Deliver,Present,You (pl.),You deliver,hîn  di gehînin,ھین د گەھینن
Deliver,Present,They,They deliver,ew  di gehînin,ئەو د گەھینن
Deliver,Future,I,I will deliver,ez dê  gehînim,ئەز دێ گەھینم
Deliver,Future,You,You will deliver,tu dê  gehînî,تو دێ گەھینی
Deliver,Future,He/She,He/She will deliver,ew dê  gehînit,ئەو دێ گەھینیت
Deliver,Future,We,We will deliver,em dê  gehînîn,ئەم دێ گەھینین
Deliver,Future,You (pl.),You will deliver,hîn dê  gehînin,ھین دێ گەھینن
Deliver,Future,They,They will deliver,ew dê  gehînin,ئەو دێ گەھینن
Deliver,Past,I,I delivered,min  teslîmî  kir,من تەسلیمی كر
Deliver,Past,You,You delivered,te  teslîmî  kir,تە تەسلیمی كر
Deliver,Past,He/She,He/She delivered,ewî/ewê  teslîmî  kir,ئەوی/ئەوێ تەسلیمی كر
Deliver,Past,We,We delivered,me  teslîmî  kir,مە تەسلیمی كر
Deliver,Past,You (pl.),You delivered,hewe  teslîmî  kir,ھەوە تەسلیمی كر
Deliver,Past,They,They delivered,ewan  teslîmî  kir,ئەوان تەسلیمی كر
Deliver,Present,I,I deliver,ez  teslîmî  di kem,ئەز تەسلیمی د كەم
Deliver,Present,You,You deliver,tu  teslîmî  di key,تو تەسلیمی د كەی
Deliver,Present,He/She,He/She delivers,ew  teslîmî  di ket,ئەو تەسلیمی د كەت
Deliver,Present,We,We deliver,em  teslîmî  di keyn,ئەم تەسلیمی د كەین
Deliver,Present,You (pl.),You deliver,hîn  teslîmî  di ken,ھین تەسلیمی د كەن
Deliver,Present,They,They deliver,ew  teslîmî  di ken,ئەو تەسلیمی د كەن
Deliver,Future,I,I will deliver,ez dê  teslîmî  kem,ئەز دێ تەسلیمی كەم
Deliver,Future,You,You will deliver,tu dê  teslîmî  key,تو دێ تەسلیمی كەی
Deliver,Future,He/She,He/She will deliver,ew dê  teslîmî  ket,ئەو دێ تەسلیمی كەت
Deliver,Future,We,We will deliver,em dê  teslîmî  keyn,ئەم دێ تەسلیمی كەین
Deliver,Future,You (pl.),You will deliver,hîn dê  teslîmî  ken,ھین دێ تەسلیمی كەن
Deliver,Future,They,They will deliver,ew dê  teslîmî  ken,ئەو دێ تەسلیمی كەن
Deny,Past,I,I denied,min 'i'tîraf ne kir,من ئعتیراف نە كر
Deny,Past,You,You denied,te 'i'tîraf ne kir,تە ئعتیراف نە كر
Deny,Past,He/She,He/She denied,ewî/ewê 'i'tîraf ne kir,ئەوی/ئەوێ ئعتیراف نە كر
Deny,Past,We,We denied,me 'i'tîraf ne kir,مە ئعتیراف نە كر
Deny,Past,You (pl.),You denied,hewe 'i'tîraf ne kir,ھەوە ئعتیراف نە كر
Deny,Past,They,They denied,ewan 'i'tîraf ne kir,ئەوان ئعتیراف نە كر
Deny,Present,I,I deny,ez 'i'tîrafê ne kem,ئەز ئعتیرافێ نە كەم
Deny,Present,You,You deny,tu 'i'tîrafê ne key,تو ئعتیرافێ نە كەی
Deny,Present,He/She,He/She denies,ew 'i'tîrafê ne ket,ئەو ئعتیرافێ نە كەت
Deny,Present,We,We deny,em 'i'tîrafê ne keyn,ئەم ئعتیرافێ نە كەین
Deny,Present,You (pl.),You deny,hîn 'i'tîrafê ne ken,ھین ئعتیرافێ نە كەن
Deny,Present,They,They deny,ew 'i'tîrafê ne ken,ئەو ئعتیرافێ نە كەن
Deny,Future,I,I will deny,ez 'i'tîrafê ne kem,ئەز ئعتیرافێ نە كەم
Deny,Future,You,You will deny,tu 'i'tîrafê ne key,تو ئعتیرافێ نە كەی
Deny,Future,He/She,He/She will deny,ew 'i'tîrafê ne ket,ئەو ئعتیرافێ نە كەت
Deny,Future,We,We will deny,em 'i'tîrafê ne keyn,ئەم ئعتیرافێ نە كەین
Deny,Future,You (pl.),You will deny,hîn 'i'tîrafê ne ken,ھین ئعتیرافێ نە كەن
Deny,Future,They,They will deny,ew 'i'tîrafê ne ken,ئەو ئعتیرافێ نە كەن
Deny,Past,I,I denied,min înkar kir,من ئینلار كر
Deny,Past,You,You denied,te înkar kir,تە ئینلار كر
Deny,Past,He/She,He/She denied,wî/wê înkar kir,وی/وێ ئینلار كر
Deny,Past,We,We denied,me înkar kir,مە ئینلار كر
Deny,Past,You (pl.),You denied,we înkar kir,وە ئینلار كر
Deny,Past,They,They denied,wan înkar kir,وان ئینلار كر
Deny,Present,I,I deny,ez înkar di kem,ئەز ئینلار د كەم
Deny,Present,You,You deny,tu înkar di key,تو ئینلار د كەی
Deny,Present,He/She,He/She denies,ew înkar di ket,ئەو ئینلار د كەت
Deny,Present,We,We deny,em înkar di keyn,ئەم ئینلار د كەین
Deny,Present,You (pl.),You deny,hîn înkar di ken,ھین ئینلار د كەن
Deny,Present,They,They deny,ew înkar di ken,ئەو ئینلار د كەن
Deny,Future,I,I will deny,ez dê înkar kem,ئەز دێ ئینلار كەم
Deny,Future,You,You will deny,tu dê înkar key,تو دێ ئینلار كەی
Deny,Future,He/She,He/She will deny,ew dê înkar ket,ئەو دێ ئینلار كەت
Deny,Future,We,We will deny,em dê înkar keyn,ئەم دێ ئینلار كەین
Deny,Future,You (pl.),You will deny,hîn dê înkar ken,ھین دێ ئینلار كەن
Deny,Future,They,They will deny,ew dê înkar ken,ئەو دێ ئینلار كەن
Describe,Past,I,I described, ez wesif kirim,ئەز وەسف كرم
Describe,Past,You,You described, tu wesif kirî,تو وەسف كری
Describe,Past,He/She,He/She described, ew wesif kir,ئەو وەسف كر
Describe,Past,We,We described, em wesif kirîn,ئەم وەسف كرین
Describe,Past,You (pl.),You described, hîn wesif kirin,ھین وەسف كرن
Describe,Past,They,They described, ew wesif kirin,ئەو وەسف كرن
Describe,Present,I,I describe,ez  wesif di kem,ئەز وەسف د كەم
Describe,Present,You,You describe,tu  wesif di key,تو وەسف د كەی
Describe,Present,He/She,He/She describes,ew  wesif di ket,ئەو وەسف د كەت
Describe,Present,We,We describe,em  wesif di keyn,ئەم وەسف د كەین
Describe,Present,You (pl.),You describe,hîn  wesif di ken,ھین وەسف د كەن
Describe,Present,They,They describe,ew  wesif di ken,ئەو وەسف د كەن
Describe,Future,I,I will describe,ez dê  wesif kem,ئەز دێ وەسف كەم
Describe,Future,You,You will describe,tu dê  wesif key,تو دێ وەسف كەی
Describe,Future,He/She,He/She will describe,ew dê  wesif ket,ئەو دێ وەسف كەت
Describe,Future,We,We will describe,em dê  wesif keyn,ئەم دێ وەسف كەین
Describe,Future,You (pl.),You will describe,hîn dê  wesif ken,ھین دێ وەسف كەن
Describe,Future,They,They will describe,ew dê  wesif ken,ئەو دێ وەسف كەن
Design,Past,I,I designed,min  dîzayn kir,من دیزاین كر
Design,Past,You,You designed,te  dîzayn kir,تە دیزاین كر
Design,Past,He/She,He/She designed,ewî/ewê  dîzayn kir,ئەوی/ئەوێ دیزاین كر
Design,Past,We,We designed,me  dîzayn kir,مە دیزاین كر
Design,Past,You (pl.),You designed,hewe  dîzayn kir,ھەوە دیزاین كر
Design,Past,They,They designed,ewan  dîzayn kir,ئەوان دیزاین كر
Design,Present,I,I design,ez  dîzayn di kem,ئەز دیزاین د كەم
Design,Present,You,You design,tu  dîzayn di key,تو دیزاین د كەی
Design,Present,He/She,He/She designs,ew  dîzayn di ket,ئەو دیزاین د كەت
Design,Present,We,We design,em  dîzayn di keyn,ئەم دیزاین د كەین
Design,Present,You (pl.),You design,hîn  dîzayn di ken,ھین دیزاین د كەن
Design,Present,They,They design,ew  dîzayn di ken,ئەو دیزاین د كەن
Design,Future,I,I will design,ez dê  dîzayn kem,ئەز دێ دیزاین كەم
Design,Future,You,You will design,tu dê  dîzayn key,تو دێ دیزاین كەی
Design,Future,He/She,He/She will design,ew dê  dîzayn ket,ئەو دێ دیزاین كەت
Design,Future,We,We will design,em dê  dîzayn keyn,ئەم دێ دیزاین كەین
Design,Future,You (pl.),You will design,hîn dê  dîzayn ken,ھین دێ دیزاین كەن
Design,Future,They,They will design,ew dê  dîzayn ken,ئەو دێ دیزاین كەن
Design,Past,I,I designed,min  tesmîm kir,من تەسمیم كر
Design,Past,You,You designed,te  tesmîm kir,تە تەسمیم كر
Design,Past,He/She,He/She designed,ewî/ewê  tesmîm kir,ئەوی/ئەوێ تەسمیم كر
Design,Past,We,We designed,me  tesmîm kir,مە تەسمیم كر
Design,Past,You (pl.),You designed,hewe  tesmîm kir,ھەوە تەسمیم كر
Design,Past,They,They designed,ewan  tesmîm kir,ئەوان تەسمیم كر
Design,Present,I,I design,ez  tesmîm di kem,ئەز تەسمیم د كەم
Design,Present,You,You design,tu  tesmîm di key,تو تەسمیم د كەی
Design,Present,He/She,He/She designs,ew  tesmîm di ket,ئەو تەسمیم د كەت
Design,Present,We,We design,em  tesmîm di keyn,ئەم تەسمیم د كەین
Design,Present,You (pl.),You design,hîn  tesmîm di ken,ھین تەسمیم د كەن
Design,Present,They,They design,ew  tesmîm di ken,ئەو تەسمیم د كەن
Design,Future,I,I will design,ez dê  tesmîm kem,ئەز دێ تەسمیم كەم
Design,Future,You,You will design,tu dê  tesmîm key,تو دێ تەسمیم كەی
Design,Future,He/She,He/She will design,ew dê  tesmîm ket,ئەو دێ تەسمیم كەت
Design,Future,We,We will design,em dê  tesmîm keyn,ئەم دێ تەسمیم كەین
Design,Future,You (pl.),You will design,hîn dê  tesmîm ken,ھین دێ تەسمیم كەن
Design,Future,They,They will design,ew dê  tesmîm ken,ئەو دێ تەسمیم كەن
Desire To,Past,I,I desired to,min ḧez di kir,من حەز د كر
Desire To,Past,You,You desired to,te ḧez di kir,تە حەز د كر
Desire To,Past,He/She,He/She desired to,ewî/ewê ḧez di kir,ئەوی/ئەوێ حەز د كر
Desire To,Past,We,We desired to,me ḧez di kir,مە حەز د كر
Desire To,Past,You (pl.),You desired to,hewe ḧez di kir,ھەوە حەز د كر
Desire To,Past,They,They desired to,ewan ḧez di kir,ئەوان حەز د كر
Desire To,Present,I,I desire to,ez ḧez di kem,ئەز حەز د كەم
Desire To,Present,You,You desire to,tu ḧez di key,تو حەز د كەی
Desire To,Present,He/She,He/She desires to,ew ḧez di ket,ئەو حەز د كەت
Desire To,Present,We,We desire to,em ḧez di keyn,ئەم حەز د كەین
Desire To,Present,You (pl.),You desire to,hîn ḧez di ken,ھین حەز د كەن
Desire To,Present,They,They desire to,ew ḧez di ken,ئەو حەز د كەن
Desire To,Future,I,I will desire to,&lt;Not Used&gt;,نە
Desire To,Future,You,You will desire to,&lt;Not Used&gt;,نە
Desire To,Future,He/She,He/She will desire to,&lt;Not Used&gt;,نە
Desire To,Future,We,We will desire to,&lt;Not Used&gt;,نە
Desire To,Future,You (pl.),You will desire to,&lt;Not Used&gt;,نە
Desire To,Future,They,They will desire to,&lt;Not Used&gt;,نە
Destroy,Past,I,I destroyed,min  pîç kir,من پیچ كر
Destroy,Past,You,You destroyed,te  pîç kir,تە پیچ كر
Destroy,Past,He/She,He/She destroyed,ewî/ewê  pîç kir,ئەوی/ئەوێ پیچ كر
Destroy,Past,We,We destroyed,me  pîç kir,مە پیچ كر
Destroy,Past,You (pl.),You destroyed,hewe  pîç kir,ھەوە پیچ كر
Destroy,Past,They,They destroyed,ewan  pîç kir,ئەوان پیچ كر
Destroy,Present,I,I destroy,ez  pîç di kem,ئەز پیچ د كەم
Destroy,Present,You,You destroy,tu  pîç di key,تو پیچ د كەی
Destroy,Present,He/She,He/She destroys,ew  pîç di ket,ئەو پیچ د كەت
Destroy,Present,We,We destroy,em  pîç di keyn,ئەم پیچ د كەین
Destroy,Present,You (pl.),You destroy,hîn  pîç di ken,ھین پیچ د كەن
Destroy,Present,They,They destroy,ew  pîç di ken,ئەو پیچ د كەن
Destroy,Future,I,I will destroy,ez dê  pîç kem,ئەز دێ پیچ كەم
Destroy,Future,You,You will destroy,tu dê  pîç key,تو دێ پیچ كەی
Destroy,Future,He/She,He/She will destroy,ew dê  pîç ket,ئەو دێ پیچ كەت
Destroy,Future,We,We will destroy,em dê  pîç keyn,ئەم دێ پیچ كەین
Destroy,Future,You (pl.),You will destroy,hîn dê  pîç ken,ھین دێ پیچ كەن
Destroy,Future,They,They will destroy,ew dê  pîç ken,ئەو دێ پیچ كەن
Develop,Past,I,I developed,ez pêş ketim,ئەز پێش كەتم
Develop,Past,You,You developed,tu pêş ketî,تو پێش كەتی
Develop,Past,He/She,He/She developed,ew pêş ket,ئەو پێش كەت
Develop,Past,We,We developed,em pêş ketîn,ئەم پێش كەتین
Develop,Past,You (pl.),You developed,hîn pêş ketin,ھین پێش كەتن
Develop,Past,They,They developed,ew pêş ketin,ئەو پێش كەتن
Develop,Present,I,I develop,ez pêş di kevim,ئەز پێش د كەڤم
Develop,Present,You,You develop,tu pêş di kevî,تو پێش د كەڤی
Develop,Present,He/She,He/She develops,ew pêş di kevit,ئەو پێش د كەڤیت
Develop,Present,We,We develop,em pêş di kevîn,ئەم پێش د كەڤین
Develop,Present,You (pl.),You develop,hîn pêş di kevin,ھین پێش د كەڤن
Develop,Present,They,They develop,ew pêş di kevin,ئەو پێش د كەڤن
Develop,Future,I,I will develop,ez dê pêş kevim,ئەز دێ پێش كەڤم
Develop,Future,You,You will develop,tu dê pêş kevî,تو دێ پێش كەڤی
Develop,Future,He/She,He/She will develop,ew dê pêş kevit,ئەو دێ پێش كەڤیت
Develop,Future,We,We will develop,ew dê pêş kevîn,ئەو دێ پێش كەڤین
Develop,Future,You (pl.),You will develop,hîn dê pêş kevin,ھین دێ پێش كەڤن
Develop,Future,They,They will develop,ew dê pêş kevin,ئەو دێ پێش كەڤن
Develop Something,Past,I,I developed,min  pêş êxist,من پێش ئێخست
Develop Something,Past,You,You developed,te  pêş êxist,تە پێش ئێخست
Develop Something,Past,He/She,He/She developed,ewî/ewê  pêş êxist,ئەوی/ئەوێ پێش ئێخست
Develop Something,Past,We,We developed,me  pêş êxist,مە پێش ئێخست
Develop Something,Past,You (pl.),You developed,hewe  pêş êxist,ھەوە پێش ئێخست
Develop Something,Past,They,They developed,ewan  pêş êxist,ئەوان پێش ئێخست
Develop Something,Present,I,I develop,ez  pêş di êxim,ئەز پێش د ئێخم
Develop Something,Present,You,You develop,tu  pêş di êxî,تو پێش د ئێخی
Develop Something,Present,He/She,He/She develops,ew  pêş di êxit,ئەو پێش د ئێخیت
Develop Something,Present,We,We develop,em  pêş di êxîn,ئەم پێش د ئێخین
Develop Something,Present,You (pl.),You develop,hîn  pêş di êxin,ھین پێش د ئێخن
Develop Something,Present,They,They develop,ew  pêş di êxin,ئەو پێش د ئێخن
Develop Something,Future,I,I will develop,ez dê  pêş êxim,ئەز دێ پێش ئێخم
Develop Something,Future,You,You will develop,tu dê  pêş êxî,تو دێ پێش ئێخی
Develop Something,Future,He/She,He/She will develop,ew dê  pêş êxit,ئەو دێ پێش ئێخیت
Develop Something,Future,We,We will develop,ew dê  pêş êxîn,ئەو دێ پێش ئێخین
Develop Something,Future,You (pl.),You will develop,hîn dê  pêş êxin,ھین دێ پێش ئێخن
Develop Something,Future,They,They will develop,ew dê  pêş êxin,ئەو دێ پێش ئێخن
Dice,Past,I,I diced,min  hîr kir,من ھیر كر
Dice,Past,You,You diced,te  hîr kir,تە ھیر كر
Dice,Past,He/She,He/She diced,ewî/ewê  hîr kir,ئەوی/ئەوێ ھیر كر
Dice,Past,We,We diced,me  hîr kir,مە ھیر كر
Dice,Past,You (pl.),You diced,hewe  hîr kir,ھەوە ھیر كر
Dice,Past,They,They diced,ewan  hîr kir,ئەوان ھیر كر
Dice,Present,I,I dice,ez  hîr di kem,ئەز ھیر د كەم
Dice,Present,You,You dice,tu  hîr di key,تو ھیر د كەی
Dice,Present,He/She,He/She dices,ew  hîr di ket,ئەو ھیر د كەت
Dice,Present,We,We dice,em  hîr di keyn,ئەم ھیر د كەین
Dice,Present,You (pl.),You dice,hîn  hîr di ken,ھین ھیر د كەن
Dice,Present,They,They dice,ew  hîr di kwn,ئەو ھیر د كون
Dice,Future,I,I will dice,ez dê  hîr kem,ئەز دێ ھیر كەم
Dice,Future,You,You will dice,tu dê  hîr key,تو دێ ھیر كەی
Dice,Future,He/She,He/She will dice,ew dê  hîr ket,ئەو دێ ھیر كەت
Dice,Future,We,We will dice,em dê  hîr keyn,ئەم دێ ھیر كەین
Dice,Future,You (pl.),You will dice,hîn dê  hîr ken,ھین دێ ھیر كەن
Dice,Future,They,They will dice,ew dê  hîr ken,ئەو دێ ھیر كەن
Die,Past,I,I died,ez mirîm,ئەز مریم
Die,Past,You,You died,tu mirî,تو مری
Die,Past,He/She,He/She died,ew mirî,ئەو مری
Die,Past,We,We died,em mirîn,ئەم مرین
Die,Past,You (pl.),You died,hîn mirîn,ھین مرین
Die,Past,They,They died,ew mirîn,ئەو مرین
Die,Present,I,I die,ez di mirim,ئەز د مرم
Die,Present,You,You die,tu di mirî,تو د مری
Die,Present,He/She,He/She dies,ew di mir,ئەو د مر
Die,Present,We,We die,em di mirîn,ئەم د مرین
Die,Present,You (pl.),You die,hîn di mirin,ھین د مرن
Die,Present,They,They die,ew di mirin,ئەو د مرن
Die,Future,I,I will die,ez dê mirim,ئەز دێ مرم
Die,Future,You,You will die,tu dê mirî,تو دێ مری
Die,Future,He/She,He/She will die,ew dê mir,ئەو دێ مر
Die,Future,We,We will die,em dê mirîn,ئەم دێ مرین
Die,Future,You (pl.),You will die,hîn dê mirin,ھین دێ مرن
Die,Future,They,They will die,ew dê mirin,ئەو دێ مرن
Disappoint,Past,I,I disappointed,min dilê  hêla,من دلێ ھێلا
Disappoint,Past,You,You disappointed,te dilê  hêla,تە دلێ ھێلا
Disappoint,Past,He/She,He/She disappointed,ewî/ewê dilê  hêla,ئەوی/ئەوێ دلێ ھێلا
Disappoint,Past,We,We disappointed,me dilê  hêla,مە دلێ ھێلا
Disappoint,Past,You (pl.),You disappointed,hewe dilê  hêla,ھەوە دلێ ھێلا
Disappoint,Past,They,They disappointed,ewan dilê  hêla,ئەوان دلێ ھێلا
Disappoint,Present,I,I disappoint,ez dilê  di hêlim,ئەز دلێ د ھێلم
Disappoint,Present,You,You disappoint,tu dilê  di hêlî,تو دلێ د ھێلی
Disappoint,Present,He/She,He/She disappoints,ew dilê  di hêlit,ئەو دلێ د ھێلیت
Disappoint,Present,We,We disappoint,em dilê  di hêlîn,ئەم دلێ د ھێلین
Disappoint,Present,You (pl.),You disappoint,hîn dilê  di hêlin,ھین دلێ د ھێلن
Disappoint,Present,They,They disappoint,ew dilê  di hêlin,ئەو دلێ د ھێلن
Disappoint,Future,I,I will disappoint,ez dê dilê  hêlim,ئەز دێ دلێ ھێلم
Disappoint,Future,You,You will disappoint,tu dê dilê  hêlî,تو دێ دلێ ھێلی
Disappoint,Future,He/She,He/She will disappoint,ew dê dilê  hêlit,ئەو دێ دلێ ھێلیت
Disappoint,Future,We,We will disappoint,em dê dilê  hêlîn,ئەم دێ دلێ ھێلین
Disappoint,Future,You (pl.),You will disappoint,hîn dê dilê  hêlin,ھین دێ دلێ ھێلن
Disappoint,Future,They,They will disappoint,ew dê dilê  hêlin,ئەو دێ دلێ ھێلن
Dislocate,Past,I,I dislocated,&lt;Not Used&gt;,نە
Dislocate,Past,You,You dislocated,&lt;Not Used&gt;,نە
Dislocate,Past,He/She,He/She dislocated, ji ceh çu,ژ جەھ چو
Dislocate,Past,We,We dislocated,&lt;Not Used&gt;,نە
Dislocate,Past,You (pl.),You dislocated,&lt;Not Used&gt;,نە
Dislocate,Past,They,They dislocated,&lt;Not Used&gt;,نە
Dislocate,Present,I,I dislocate,&lt;Not Used&gt;,نە
Dislocate,Present,You,You dislocate,&lt;Not Used&gt;,نە
Dislocate,Present,He/She,He/She dislocates, ji ceh di çit,ژ جەھ د چیت
Dislocate,Present,We,We dislocate,&lt;Not Used&gt;,نە
Dislocate,Present,You (pl.),You dislocate,&lt;Not Used&gt;,نە
Dislocate,Present,They,They dislocate,&lt;Not Used&gt;,نە
Dislocate,Future,I,I will dislocate,&lt;Not Used&gt;,نە
Dislocate,Future,You,You will dislocate,&lt;Not Used&gt;,نە
Dislocate,Future,He/She,He/She will dislocate, dê ji ceh çit,دێ ژ جەھ چیت
Dislocate,Future,We,We will dislocate,&lt;Not Used&gt;,نە
Dislocate,Future,You (pl.),You will dislocate,&lt;Not Used&gt;,نە
Dislocate,Future,They,They will dislocate,&lt;Not Used&gt;,نە
Disturb,Past,I,I disturbed,min 'îz'acê  kir,من ئیزعاجێ كر
Disturb,Past,You,You disturbed,te 'îz'acê  kir,تە ئیزعاجێ كر
Disturb,Past,He/She,He/She disturbed,ewî/ewê 'îz'acê  kir,ئەوی/ئەوێ ئیزعاجێ كر
Disturb,Past,We,We disturbed,me 'îz'acê  kir,مە ئیزعاجێ كر
Disturb,Past,You (pl.),You disturbed,hewe 'îz'acê  kir,ھەوە ئیزعاجێ كر
Disturb,Past,They,They disturbed,ewan 'îz'acê  kir,ئەوان ئیزعاجێ كر
Disturb,Present,I,I disturb,ez 'îz'acê  di kem,ئەز ئیزعاجێ د كەم
Disturb,Present,You,You disturb,tu 'îz'acê  di key,تو ئیزعاجێ د كەی
Disturb,Present,He/She,He/She disturbs,ew 'îz'acê  di ket,ئەو ئیزعاجێ د كەت
Disturb,Present,We,We disturb,em 'îz'acê  di keyn,ئەم ئیزعاجێ د كەین
Disturb,Present,You (pl.),You disturb,hîn 'îz'acê  di ken,ھین ئیزعاجێ د كەن
Disturb,Present,They,They disturb,ew 'îz'acê  di ken,ئەو ئیزعاجێ د كەن
Disturb,Future,I,I will disturb,ez dê 'îz'acê  kem,ئەز دێ ئیزعاجێ كەم
Disturb,Future,You,You will disturb,tu dê 'îz'acê  key,تو دێ ئیزعاجێ كەی
Disturb,Future,He/She,He/She will disturb,ew dê 'îz'acê  ket,ئەو دێ ئیزعاجێ كەت
Disturb,Future,We,We will disturb,em dê 'îz'acê  keyn,ئەم دێ ئیزعاجێ كەین
Disturb,Future,You (pl.),You will disturb,hîn dê 'îz'acê  ken,ھین دێ ئیزعاجێ كەن
Disturb,Future,They,They will disturb,ew dê 'îz'acê  ken,ئەو دێ ئیزعاجێ كەن
Divide,Past,I,I divided,min  dabeş kir,من دابەش كر
Divide,Past,You,You divided,te  dabeş kir,تە دابەش كر
Divide,Past,He/She,He/She divided,ewî/ewê  dabeş kir,ئەوی/ئەوێ دابەش كر
Divide,Past,We,We divided,me  dabeş kir,مە دابەش كر
Divide,Past,You (pl.),You divided,hewe  dabeş kir,ھەوە دابەش كر
Divide,Past,They,They divided,ewan  dabeş kir,ئەوان دابەش كر
Divide,Present,I,I divide,ez  dabeş di kem,ئەز دابەش د كەم
Divide,Present,You,You divide,tu  dabeş di key,تو دابەش د كەی
Divide,Present,He/She,He/She divides,ew  dabeş di ket,ئەو دابەش د كەت
Divide,Present,We,We divide,em  dabeş di keyn,ئەم دابەش د كەین
Divide,Present,You (pl.),You divide,hîn  dabeş di ken,ھین دابەش د كەن
Divide,Present,They,They divide,ew  dabeş di ken,ئەو دابەش د كەن
Divide,Future,I,I will divide,ez dê  dabeş kem,ئەز دێ دابەش كەم
Divide,Future,You,You will divide,tu dê  dabeş key,تو دێ دابەش كەی
Divide,Future,He/She,He/She will divide,ew dê  dabeş ket,ئەو دێ دابەش كەت
Divide,Future,We,We will divide,em dê  dabeş keyn,ئەم دێ دابەش كەین
Divide,Future,You (pl.),You will divide,hîn dê  dabeş ken,ھین دێ دابەش كەن
Divide,Future,They,They will divide,ew dê  dabeş ken,ئەو دێ دابەش كەن
Do,Past,I,I did,min (  ) kir,من (  ) کر
Do,Past,You,You did,te (  ) kir,تە (  ) کر
Do,Past,He/She,He/She did,ewî/ewê (  ) kir,ئەوی/ئەوێ (  ) کر
Do,Past,We,We did,me (  ) kir,مە ( ) کر
Do,Past,You (pl.),You did,hewe ( ) kir,ھەوە ( ) کر
Do,Past,They,They did,ewan ( ) kir,ئەوان ( ) کر
Do,Present,I,I do,ez (  ) dikem,ئه‌ز (  ) دکه‌م
Do,Present,You,You do,tu (  ) dikey,تو (  ) دکەی
Do,Present,He/She,He/She does,ew (  ) diket,ئەو (  ) دکەت
Do,Present,We,We do,em (  )  dikeyin,ئەم ( )  دکەین
Do,Present,You (pl.),You do,hîn ( ) diken,ھین ( ) دکەن
Do,Present,They,They do,ew ( ) diken,ئەو ( ) دکەن
Do,Future,I,I will do,ez dê (  ) kem,ئه‌ز دێ ( ) که‌م
Do,Future,You,You will do,tu dê (  ) key,تو دێ (  ) کەی
Do,Future,He/She,He/She will do,ew dê (  ) ket,ئەو دێ (  ) کەت
Do,Future,We,We will do,em dê (  ) keyin,ئەم دێ ( ) کەین
Do,Future,You (pl.),You will do,hîn dê ( ) ken,ھین دێ ( ) کەن
Do,Future,They,They will do,ew dê ( ) ken,ئەو دێ ( ) کەن
Do A Somersault,Past,I,I did a somersault,min qolipînkek ve da,من قولپینكەك ڤە دا
Do A Somersault,Past,You,You did a somersault,te qolipînkek ve da,تە قولپینكەك ڤە دا
Do A Somersault,Past,He/She,He/She did a somersault,ewî/ewê qolipînkek ve da,ئەوی/ئەوێ قولپینكەك ڤە دا
Do A Somersault,Past,We,We did a somersault,me qolipînkek ve da,مە قولپینكەك ڤە دا
Do A Somersault,Past,You (pl.),You did a somersault,hewe qolipînkek ve da,ھەوە قولپینكەك ڤە دا
Do A Somersault,Past,They,They did a somersault,ewan qolipînkek ve da,ئەوان قولپینكەك ڤە دا
Do A Somersault,Present,I,I do a somersault,ez qolipînkekê ve di dem,ئەز قولپینكەكێ ڤە د دەم
Do A Somersault,Present,You,You do a somersault,tu qolipînkekê ve di dey,تو قولپینكەكێ ڤە د دەی
Do A Somersault,Present,He/She,He/She does a somersault,ew qolipînkekê ve di det,ئەو قولپینكەكێ ڤە د دەت
Do A Somersault,Present,We,We do a somersault,em qolipînkekê ve di deyn,ئەم قولپینكەكێ ڤە د دەین
Do A Somersault,Present,You (pl.),You do a somersault,hîn qolipînkekê ve di den,ھین قولپینكەكێ ڤە د دەن
Do A Somersault,Present,They,They do a somersault,ew qolipînkekê ve di den,ئەو قولپینكەكێ ڤە د دەن
Do A Somersault,Future,I,I will do a somersault,ez dê qolipînkekê ve dem,ئەز دێ قولپینكەكێ ڤە دەم
Do A Somersault,Future,You,You will do a somersault,tu dê qolipînkekê ve dey,تو دێ قولپینكەكێ ڤە دەی
Do A Somersault,Future,He/She,He/She will do a somersault,ew dê qolipînkekê ve det,ئەو دێ قولپینكەكێ ڤە دەت
Do A Somersault,Future,We,We will do a somersault,em dê qolipînkekê ve deyn,ئەم دێ قولپینكەكێ ڤە دەین
Do A Somersault,Future,You (pl.),You will do a somersault,hîn dê qolipînkekê ve den,ھین دێ قولپینكەكێ ڤە دەن
Do A Somersault,Future,They,They will do a somersault,ew dê qolipînkekê ve den,ئەو دێ قولپینكەكێ ڤە دەن
Draw,Past,I,I drew,min  resim kir,من رەسم كر
Draw,Past,You,You drew,te  resim kir,تە رەسم كر
Draw,Past,He/She,He/She drew,ewî/ewê  resim kir,ئەوی/ئەوێ رەسم كر
Draw,Past,We,We drew,me  resim kir,مە رەسم كر
Draw,Past,You (pl.),You drew,hewe  resim kir,ھەوە رەسم كر
Draw,Past,They,They drew,ewan  resim kir,ئەوان رەسم كر
Draw,Present,I,I draw,ez  resim di kem,ئەز رەسم د كەم
Draw,Present,You,You draw,tu  resim di key,تو رەسم د كەی
Draw,Present,He/She,He/She draws,ew  resim di ket,ئەو رەسم د كەت
Draw,Present,We,We draw,em  resim di keyn,ئەم رەسم د كەین
Draw,Present,You (pl.),You draw,hîn  resim di ken,ھین رەسم د كەن
Draw,Present,They,They draw,ew  resim di ken,ئەو رەسم د كەن
Draw,Future,I,I will draw,ez dê  resim kem,ئەز دێ رەسم كەم
Draw,Future,You,You will draw,tu dê  resim key,تو دێ رەسم كەی
Draw,Future,He/She,He/She will draw,ew dê  resim ket,ئەو دێ رەسم كەت
Draw,Future,We,We will draw,em dê  resim keyn,ئەم دێ رەسم كەین
Draw,Future,You (pl.),You will draw,hîn dê  resim ken,ھین دێ رەسم كەن
Draw,Future,They,They will draw,ew dê  resim ken,ئەو دێ رەسم كەن
Drink,Past,I,I drank,min  vexar,من ڤەخار
Drink,Past,You,You drank,min  vexar,من ڤەخار
Drink,Past,He/She,He/She drank,min  vexar,من ڤەخار
Drink,Past,We,We drank,min  vexar,من ڤەخار
Drink,Past,You (pl.),You drank,min  vexar,من ڤەخار
Drink,Past,They,They drank,min  vexar,من ڤەخار
Drink,Present,I,I drink,ez  ve di xom,ئەز ڤە د خوم
Drink,Present,You,You drink,tu  ve di xoî,تو ڤە د خوی
Drink,Present,He/She,He/She drinks,ew  ve di xot,ئەو ڤە د خوت
Drink,Present,We,We drink,em  ve di xoîn,ئەم ڤە د خوین
Drink,Present,You (pl.),You drink,hîn  ve di xon,ھین ڤە د خون
Drink,Present,They,They drink,ew  ve di xon,ئەو ڤە د خون
Drink,Future,I,I will drink,ez dê  vexom,ئەز دێ ڤەخوم
Drink,Future,You,You will drink,tu dê  vexoî,تو دێ ڤەخوی
Drink,Future,He/She,He/She will drink,ew dê  vexot,ئەو دێ ڤەخوت
Drink,Future,We,We will drink,em dê  vexoîn,ئەم دێ ڤەخوین
Drink,Future,You (pl.),You will drink,hîn dê  vexon,ھین دێ ڤەخون
Drink,Future,They,They will drink,ew dê  vexon,ئەو دێ ڤەخون
Drive,Past,I,I drove,min  hajut,من ھاژوت
Drive,Past,You,You drove,te  hajut,تە ھاژوت
Drive,Past,He/She,He/She drove,ewî/ewê  hajut,ئەوی/ئەوێ ھاژوت
Drive,Past,We,We drove,me  hajut,مە ھاژوت
Drive,Past,You (pl.),You drove,hewe  hajut,ھەوە ھاژوت
Drive,Past,They,They drove,ewan  hajut,ئەوان ھاژوت
Drive,Present,I,I drive,ez  di hajum,ئەز د ھاژوم
Drive,Present,You,You drive,tu  di hajuî,تو د ھاژوی
Drive,Present,He/She,He/She drives,ew  di hajut,ئەو د ھاژوت
Drive,Present,We,We drive,em  di hajuîn,ئەم د ھاژوین
Drive,Present,You (pl.),You drive,hîn  di hajun,ھین د ھاژون
Drive,Present,They,They drive,ew  di hajun,ئەو د ھاژون
Drive,Future,I,I will drive,ez dê  hajum,ئەز دێ ھاژوم
Drive,Future,You,You will drive,tu dê  hajuî,تو دێ ھاژوی
Drive,Future,He/She,He/She will drive,ew dê  hajut,ئەو دێ ھاژوت
Drive,Future,We,We will drive,em dê  hajuîn,ئەم دێ ھاژوین
Drive,Future,You (pl.),You will drive,hîn dê  hajun,ھین دێ ھاژون
Drive,Future,They,They will drive,ew dê  hajun,ئەو دێ ھاژون
Drop,Past,I,I dropped,min  êxist,من ئێخست
Drop,Past,You,You dropped,te  êxist,تە ئێخست
Drop,Past,He/She,He/She dropped,ewî/ewê  êxist,ئەوی/ئەوێ ئێخست
Drop,Past,We,We dropped,me  êxist,مە ئێخست
Drop,Past,You (pl.),You dropped,hewe  êxist,ھەوە ئێخست
Drop,Past,They,They dropped,ewan  êxist,ئەوان ئێخست
Drop,Present,I,I drop,ez  di êxim,ئەز د ئێخم
Drop,Present,You,You drop,tu  di êxî,تو د ئێخی
Drop,Present,He/She,He/She drops,ew  di êxit,ئەو د ئێخیت
Drop,Present,We,We drop,em  di êxîn,ئەم د ئێخین
Drop,Present,You (pl.),You drop,hîn  di êxin,ھین د ئێخن
Drop,Present,They,They drop,ew  di êxin,ئەو د ئێخن
Drop,Future,I,I will drop,ez dê  êxim,ئەز دێ ئێخم
Drop,Future,You,You will drop,tu dê  êxî,تو دێ ئێخی
Drop,Future,He/She,He/She will drop,ew dê  êxit,ئەو دێ ئێخیت
Drop,Future,We,We will drop,em dê  êxîn,ئەم دێ ئێخین
Drop,Future,You (pl.),You will drop,hîn dê  êxin,ھین دێ ئێخن
Drop,Future,They,They will drop,ew dê  êxin,ئەو دێ ئێخن
Drown,Past,I,I drowned,ez ''eriqîm,ئەز غەرقیم
Drown,Past,You,You drowned,tu ''eriqî,تو غەرقی
Drown,Past,He/She,He/She drowned,ew ''eriqî,ئەو غەرقی
Drown,Past,We,We drowned,em ''eriqîn,ئەم غەرقین
Drown,Past,You (pl.),You drowned,hîn ''eriqîn,ھین غەرقین
Drown,Past,They,They drowned,ew ''eriqîn,ئەو غەرقین
Drown,Present,I,I drown,ez di ''eriqim,ئەز د غەرقم
Drown,Present,You,You drown,tu di ''eriqî,تو د غەرقی
Drown,Present,He/She,He/She drowns,ew di ''eriqit,ئەو د غەرقیت
Drown,Present,We,We drown,em di ''eriqîn,ئەم د غەرقین
Drown,Present,You (pl.),You drown,hîn di ''eriqin,ھین د غەرقن
Drown,Present,They,They drown,ew di ''eriqin,ئەو د غەرقن
Drown,Future,I,I will drown,ez dê ''eriqim,ئەز دێ غەرقم
Drown,Future,You,You will drown,tu dê ''eriqî,تو دێ غەرقی
Drown,Future,He/She,He/She will drown,ew dê ''eriqit,ئەو دێ غەرقیت
Drown,Future,We,We will drown,em dê ''eriqîn,ئەم دێ غەرقین
Drown,Future,You (pl.),You will drown,hîn dê ''eriqin,ھین دێ غەرقن
Drown,Future,They,They will drown,ew dê ''eriqin,ئەو دێ غەرقن
Dry,Past,I,I dried, ez hişik kirim,ئەز ھشك كرم
Dry,Past,You,You dried, tu hişik kirî,تو ھشك كری
Dry,Past,He/She,He/She dried, ew hişik kir,ئەو ھشك كر
Dry,Past,We,We dried, em hişik kirîn,ئەم ھشك كرین
Dry,Past,You (pl.),You dried, hîn hişik kirin,ھین ھشك كرن
Dry,Past,They,They dried, ew hişik kirin,ئەو ھشك كرن
Dry,Present,I,I dry,ez  hişik di kem,ئەز ھشك د كەم
Dry,Present,You,You dry,tu  hişik di key,تو ھشك د كەی
Dry,Present,He/She,He/She dries,ew  hişik di ket,ئەو ھشك د كەت
Dry,Present,We,We dry,em  hişik di keyn,ئەم ھشك د كەین
Dry,Present,You (pl.),You dry,hîn  hişik di ken,ھین ھشك د كەن
Dry,Present,They,They dry,ew  hişik di ken,ئەو ھشك د كەن
Dry,Future,I,I will dry,ez dê  hişik kem,ئەز دێ ھشك كەم
Dry,Future,You,You will dry,tu dê  hişik key,تو دێ ھشك كەی
Dry,Future,He/She,He/She will dry,ew dê  hişik ket,ئەو دێ ھشك كەت
Dry,Future,We,We will dry,em dê  hişik keyn,ئەم دێ ھشك كەین
Dry,Future,You (pl.),You will dry,hîn dê  hişik ken,ھین دێ ھشك كەن
Dry,Future,They,They will dry,ew dê  hişik ken,ئەو دێ ھشك كەن
Eat,Past,I,I ate,min  xar,من خار
Eat,Past,You,You ate,te  xar,تە خار
Eat,Past,He/She,He/She ate,ewî/ewê  xar,ئەوی/ئەوێ خار
Eat,Past,We,We ate,me  xar,مە خار
Eat,Past,You (pl.),You ate,hewe  xar,ھەوە خار
Eat,Past,They,They ate,ewan  xar,ئەوان خار
Eat,Present,I,I eat,ez  di xom,ئەز د خوم
Eat,Present,You,You eat,tu  di xoî,تو د خوی
Eat,Present,He/She,He/She eats,ew  di xot,ئەو د خوت
Eat,Present,We,We eat,em  di xoîn,ئەم د خوین
Eat,Present,You (pl.),You eat,hîn  di xon,ھین د خون
Eat,Present,They,They eat,ew  di xon,ئەو د خون
Eat,Future,I,I will eat,ez dê  xom,ئەز دێ خوم
Eat,Future,You,You will eat,tu dê  xoî,تو دێ خوی
Eat,Future,He/She,He/She will eat,ew dê  xot,ئەو دێ خوت
Eat,Future,We,We will eat,em dê  xoîn,ئەم دێ خوین
Eat,Future,You (pl.),You will eat,hîn dê  xon,ھین دێ خون
Eat,Future,They,They will eat,ew dê  xon,ئەو دێ خون
Edit,Past,I,I edited,min  te'dîl kir,من تەعدیل كر
Edit,Past,You,You edited,te  te'dîl kir,تە تەعدیل كر
Edit,Past,He/She,He/She edited,ewî/ewê  te'dîl kir,ئەوی/ئەوێ تەعدیل كر
Edit,Past,We,We edited,me  te'dîl kir,مە تەعدیل كر
Edit,Past,You (pl.),You edited,hewe  te'dîl kir,ھەوە تەعدیل كر
Edit,Past,They,They edited,ewan  te'dîl kir,ئەوان تەعدیل كر
Edit,Present,I,I edit,ez  te'dîl di kem,ئەز تەعدیل د كەم
Edit,Present,You,You edit,tu  te'dîl di key,تو تەعدیل د كەی
Edit,Present,He/She,He/She edits,ew  te'dîl di ket,ئەو تەعدیل د كەت
Edit,Present,We,We edit,em  te'dîl di keyn,ئەم تەعدیل د كەین
Edit,Present,You (pl.),You edit,hîn  te'dîl di ken,ھین تەعدیل د كەن
Edit,Present,They,They edit,ew  te'dîl di ken,ئەو تەعدیل د كەن
Edit,Future,I,I will edit,ez dê  te'dîl kem,ئەز دێ تەعدیل كەم
Edit,Future,You,You will edit,tu dê  te'dîl key,تو دێ تەعدیل كەی
Edit,Future,He/She,He/She will edit,ew dê  te'dîl ket,ئەو دێ تەعدیل كەت
Edit,Future,We,We will edit,em dê  te'dîl keyn,ئەم دێ تەعدیل كەین
Edit,Future,You (pl.),You will edit,hîn dê  te'dîl ken,ھین دێ تەعدیل كەن
Edit,Future,They,They will edit,ew dê  te'dîl ken,ئەو دێ تەعدیل كەن
Eject,Past,I,I ejected, ez terid kirim,ئەز تەرد كرم
Eject,Past,You,You ejected, tu terid kirî,تو تەرد كری
Eject,Past,He/She,He/She ejected, ew terid kir,ئەو تەرد كر
Eject,Past,We,We ejected, em terid kirîn,ئەم تەرد كرین
Eject,Past,You (pl.),You ejected, hîn terid kirin,ھین تەرد كرن
Eject,Past,They,They ejected, ew terid kirin,ئەو تەرد كرن
Eject,Present,I,I eject,ez  terid di kem,ئەز تەرد د كەم
Eject,Present,You,You eject,tu  terid di key,تو تەرد د كەی
Eject,Present,He/She,He/She ejects,ew  terid di ket,ئەو تەرد د كەت
Eject,Present,We,We eject,em  terid di keyn,ئەم تەرد د كەین
Eject,Present,You (pl.),You eject,hîn  terid di ken,ھین تەرد د كەن
Eject,Present,They,They eject,ew  terid di ken,ئەو تەرد د كەن
Eject,Future,I,I will eject,ez dê  terid kem,ئەز دێ تەرد كەم
Eject,Future,You,You will eject,tu dê  terid key,تو دێ تەرد كەی
Eject,Future,He/She,He/She will eject,ew dê  terid ket,ئەو دێ تەرد كەت
Eject,Future,We,We will eject,em dê  terid keyn,ئەم دێ تەرد كەین
Eject,Future,You (pl.),You will eject,hîn dê  terid ken,ھین دێ تەرد كەن
Eject,Future,They,They will eject,ew dê  terid ken,ئەو دێ تەرد كەن
Electrocute,Past,I,I electrocuted, ez kahreb kirim,ئەز لاھرەب كرم
Electrocute,Past,You,You electrocuted, tu kahreb kirî,تو لاھرەب كری
Electrocute,Past,He/She,He/She electrocuted, ew kahreb kir,ئەو لاھرەب كر
Electrocute,Past,We,We electrocuted, em kahreb kirîn,ئەم لاھرەب كرین
Electrocute,Past,You (pl.),You electrocuted, hîn kahreb kirin,ھین لاھرەب كرن
Electrocute,Past,They,They electrocuted, ew kahreb kirin,ئەو لاھرەب كرن
Electrocute,Present,I,I electrocute,ez  kahreb di kem,ئەز لاھرەب د كەم
Electrocute,Present,You,You electrocute,tu  kahreb di key,تو لاھرەب د كەی
Electrocute,Present,He/She,He/She electrocutes,ew  kahreb di ket,ئەو لاھرەب د كەت
Electrocute,Present,We,We electrocute,em  kahreb di keyn,ئەم لاھرەب د كەین
Electrocute,Present,You (pl.),You electrocute,hîn  kahreb di ken,ھین لاھرەب د كەن
Electrocute,Present,They,They electrocute,ew  kahreb di ken,ئەو لاھرەب د كەن
Electrocute,Future,I,I will electrocute,ez dê  kahreb kem,ئەز دێ لاھرەب كەم
Electrocute,Future,You,You will electrocute,tu dê  kahreb key,تو دێ لاھرەب كەی
Electrocute,Future,He/She,He/She will electrocute,ew dê  kahreb ket,ئەو دێ لاھرەب كەت
Electrocute,Future,We,We will electrocute,em dê  kahreb keyn,ئەم دێ لاھرەب كەین
Electrocute,Future,You (pl.),You will electrocute,hîn dê  kahreb ken,ھین دێ لاھرەب كەن
Electrocute,Future,They,They will electrocute,ew dê  kahreb ken,ئەو دێ لاھرەب كەن
Empty,Past,I,I emptied,min  xalî kir,من خالی كر
Empty,Past,You,You emptied,te  xalî kir,تە خالی كر
Empty,Past,He/She,He/She emptied,ewî/ewê  xalî kir,ئەوی/ئەوێ خالی كر
Empty,Past,We,We emptied,me  xalî kir,مە خالی كر
Empty,Past,You (pl.),You emptied,hewe  xalî kir,ھەوە خالی كر
Empty,Past,They,They emptied,ewan  xalî kir,ئەوان خالی كر
Empty,Present,I,I empty,ez  xalî di kem,ئەز خالی د كەم
Empty,Present,You,You empty,tu  xalî di key,تو خالی د كەی
Empty,Present,He/She,He/She empties,ew  xalî di ket,ئەو خالی د كەت
Empty,Present,We,We empty,em  xalî di keyn,ئەم خالی د كەین
Empty,Present,You (pl.),You empty,hîn  xalî di ken,ھین خالی د كەن
Empty,Present,They,They empty,ew  xalî di ken,ئەو خالی د كەن
Empty,Future,I,I will empty,ez dê  xalî kem,ئەز دێ خالی كەم
Empty,Future,You,You will empty,tu dê  xalî key,تو دێ خالی كەی
Empty,Future,He/She,He/She will empty,ew dê  xalî ket,ئەو دێ خالی كەت
Empty,Future,We,We will empty,em dê  xalî keyn,ئەم دێ خالی كەین
Empty,Future,You (pl.),You will empty,hîn dê  xalî ken,ھین دێ خالی كەن
Empty,Future,They,They will empty,ew dê  xalî ken,ئەو دێ خالی كەن
Encourage,Past,I,I encouraged,min piştevanîya  kir,من پشتەڤانییا كر
Encourage,Past,You,You encouraged,te piştevanîya  kir,تە پشتەڤانییا كر
Encourage,Past,He/She,He/She encouraged,ewî/ewê piştevanîya  kir,ئەوی/ئەوێ پشتەڤانییا كر
Encourage,Past,We,We encouraged,me piştevanîya  kir,مە پشتەڤانییا كر
Encourage,Past,You (pl.),You encouraged,hewe piştevanîya  kir,ھەوە پشتەڤانییا كر
Encourage,Past,They,They encouraged,ewan piştevanîya  kir,ئەوان پشتەڤانییا كر
Encourage,Present,I,I encourage,ez piştevanîya  di kem,ئەز پشتەڤانییا د كەم
Encourage,Present,You,You encourage,tu piştevanîya  di key,تو پشتەڤانییا د كەی
Encourage,Present,He/She,He/She encourages,ew piştevanîya  di ket,ئەو پشتەڤانییا د كەت
Encourage,Present,We,We encourage,em piştevanîya  di keyn,ئەم پشتەڤانییا د كەین
Encourage,Present,You (pl.),You encourage,hîn piştevanîya  di ken,ھین پشتەڤانییا د كەن
Encourage,Present,They,They encourage,ew piştevanîya  di ken,ئەو پشتەڤانییا د كەن
Encourage,Future,I,I will encourage,ez dê piştevanîya  kem,ئەز دێ پشتەڤانییا كەم
Encourage,Future,You,You will encourage,tu dê piştevanîya  key,تو دێ پشتەڤانییا كەی
Encourage,Future,He/She,He/She will encourage,ew dê piştevanîya  ket,ئەو دێ پشتەڤانییا كەت
Encourage,Future,We,We will encourage,em dê piştevanîya  keyn,ئەم دێ پشتەڤانییا كەین
Encourage,Future,You (pl.),You will encourage,hîn dê piştevanîya  ken,ھین دێ پشتەڤانییا كەن
Encourage,Future,They,They will encourage,ew dê piştevanîya  ken,ئەو دێ پشتەڤانییا كەن
Enslave,Past,I,I enslaved, ez kirime 'ebid,ئەز كرمە عەبد
Enslave,Past,You,You enslaved, tu kirîye 'ebid,تو كرییە عەبد
Enslave,Past,He/She,He/She enslaved, ew kire 'ebid,ئەو كرە عەبد
Enslave,Past,We,We enslaved, em kirîne 'ebid,ئەم كرینە عەبد
Enslave,Past,You (pl.),You enslaved, hîn kirine 'ebid,ھین كرنە عەبد
Enslave,Past,They,They enslaved, ew kirine 'ebid,ئەو كرنە عەبد
Enslave,Present,I,I enslave,ez  di keme 'ebid,ئەز د كەمە عەبد
Enslave,Present,You,You enslave,tu  di keyye 'ebid,تو د كەییە عەبد
Enslave,Present,He/She,He/She enslaves,ew  di kete 'ebid,ئەو د كەتە عەبد
Enslave,Present,We,We enslave,em  di keyne 'ebid,ئەم د كەینە عەبد
Enslave,Present,You (pl.),You enslave,hîn  di kene 'ebid,ھین د كەنە عەبد
Enslave,Present,They,They enslave,ew  di kene 'ebid,ئەو د كەنە عەبد
Enslave,Future,I,I will enslave,ez dê  keme 'ebid,ئەز دێ كەمە عەبد
Enslave,Future,You,You will enslave,tu dê  keyye 'ebid,تو دێ كەییە عەبد
Enslave,Future,He/She,He/She will enslave,ew dê  kete 'ebid,ئەو دێ كەتە عەبد
Enslave,Future,We,We will enslave,em dê  keyne 'ebid,ئەم دێ كەینە عەبد
Enslave,Future,You (pl.),You will enslave,hîn dê  kene 'ebid,ھین دێ كەنە عەبد
Enslave,Future,They,They will enslave,ew dê  kene 'ebid,ئەو دێ كەنە عەبد
Erase,Past,I,I erased,min  jê bir,من ژێ بر
Erase,Past,You,You erased,te  jê bir,تە ژێ بر
Erase,Past,He/She,He/She erased,ewî/ewê  jê bir,ئەوی/ئەوێ ژێ بر
Erase,Past,We,We erased,me  jê bir,مە ژێ بر
Erase,Past,You (pl.),You erased,hewe  jê bir,ھەوە ژێ بر
Erase,Past,They,They erased,ewan  jê bir,ئەوان ژێ بر
Erase,Present,I,I erase,ez  jê di bem,ئەز ژێ د بەم
Erase,Present,You,You erase,tu  jê di bê,تو ژێ د بێ
Erase,Present,He/She,He/She erases,ew  jê di bet,ئەو ژێ د بەت
Erase,Present,We,We erase,em  jê di bên,ئەم ژێ د بێن
Erase,Present,You (pl.),You erase,hîn  jê di ben,ھین ژێ د بەن
Erase,Present,They,They erase,ew  jê di ben,ئەو ژێ د بەن
Erase,Future,I,I will erase,ez dê  jê bem,ئەز دێ ژێ بەم
Erase,Future,You,You will erase,tu dê  jê bê,تو دێ ژێ بێ
Erase,Future,He/She,He/She will erase,ew dê  jê bet,ئەو دێ ژێ بەت
Erase,Future,We,We will erase,em dê  jê bên,ئەم دێ ژێ بێن
Erase,Future,You (pl.),You will erase,hîn dê  jê ben,ھین دێ ژێ بەن
Erase,Future,They,They will erase,ew dê  jê ben,ئەو دێ ژێ بەن
Escape,Past,I,I escaped,ez (ji OW) revîm(e OW),ئەز رەڤیم
Escape,Past,You,You escaped,tu (ji OW) revîy(e OW),تو رەڤیی
Escape,Past,He/She,He/She escaped,ew (ji OW) revîy(e OW),ئەو رەڤیی
Escape,Past,We,We escaped,em (ji OW) revîn(e OW),ئەم رەڤین
Escape,Past,You (pl.),You escaped,hîn (ji OW) revîn(e OW),ھین رەڤین
Escape,Past,They,They escaped,ew (ji OW) revîn(e OW),ئەو رەڤین
Escape,Present,I,I escape,ez (ji OW) di revim(e OW),ئەز د رەڤم
Escape,Present,You,You escape,tu (ji OW) di revîy(e OW),تو د رەڤیی
Escape,Present,He/She,He/She escapes,ew (ji OW) di revit(e OW),ئەو د رەڤت
Escape,Present,We,We escape,em (ji OW) di revîn(e OW),ئەم د رەڤین
Escape,Present,You (pl.),You escape,hîn (ji OW) di revin(e OW),ھین د رەڤن
Escape,Present,They,They escape,ew (ji OW) di revin(e OW),ئەو د رەڤن
Escape,Future,I,I will escape,ez dê (ji OW) revim(e OW),ئەز دێ رەڤم
Escape,Future,You,You will escape,tu dê (ji OW) revîy(e OW),تو دێ رەڤیی
Escape,Future,He/She,He/She will escape,ew dê (ji OW) revit(e OW),ئەو دێ رەڤت
Escape,Future,We,We will escape,em dê (ji OW) revîn(e OW),ئەم دێ رەڤین
Escape,Future,You (pl.),You will escape,hîn dê (ji OW) revin(e OW),ھین دێ رەڤن
Escape,Future,They,They will escape,ew dê (ji OW) revin(e OW),ئەو دێ رەڤن
Evangelize,Past,I,I evangelized,min tebşîr kir,من تەبشیر كر
Evangelize,Past,You,You evangelized,te tebşîr kir,تە تەبشیر كر
Evangelize,Past,He/She,He/She evangelized,ewî/ewê tebşîr kir,ئەوی/ئەوێ تەبشیر كر
Evangelize,Past,We,We evangelized,me tebşîr kir,مە تەبشیر كر
Evangelize,Past,You (pl.),You evangelized,hewe tebşîr kir,ھەوە تەبشیر كر
Evangelize,Past,They,They evangelized,ewan tebşîr kir,ئەوان تەبشیر كر
Evangelize,Present,I,I evangelize,ez tebşîr di kem,ئەز تەبشیر د كەم
Evangelize,Present,You,You evangelize,tu tebşîr di key,تو تەبشیر د كەی
Evangelize,Present,He/She,He/She evangelizes,ew tebşîr di ket,ئەو تەبشیر د كەت
Evangelize,Present,We,We evangelize,em tebşîr di keyn,ئەم تەبشیر د كەین
Evangelize,Present,You (pl.),You evangelize,hîn tebşîr di ken,ھین تەبشیر د كەن
Evangelize,Present,They,They evangelize,ew tebşîr di ken,ئەو تەبشیر د كەن
Evangelize,Future,I,I will evangelize,ez dê tebşîr kem,ئەز دێ تەبشیر كەم
Evangelize,Future,You,You will evangelize,tu dê tebşîr key,تو دێ تەبشیر كەی
Evangelize,Future,He/She,He/She will evangelize,ew dê tebşîr ket,ئەو دێ تەبشیر كەت
Evangelize,Future,We,We will evangelize,em dê tebşîr keyn,ئەم دێ تەبشیر كەین
Evangelize,Future,You (pl.),You will evangelize,hîn dê tebşîr ken,ھین دێ تەبشیر كەن
Evangelize,Future,They,They will evangelize,ew dê tebşîr ken,ئەو دێ تەبشیر كەن
Execute,Past,I,I executed, ez i'dam kirim,ئەز ئعدام كرم
Execute,Past,You,You executed, tu i'dam kirî,تو ئعدام كری
Execute,Past,He/She,He/She executed, ew i'dam kir,ئەو ئعدام كر
Execute,Past,We,We executed, em i'dam kirîn,ئەم ئعدام كرین
Execute,Past,You (pl.),You executed, hîn i'dam kirin,ھین ئعدام كرن
Execute,Past,They,They executed, ew i'dam kirin,ئەو ئعدام كرن
Execute,Present,I,I execute,ez  i'dam di kem,ئەز ئعدام د كەم
Execute,Present,You,You execute,tu  i'dam di key,تو ئعدام د كەی
Execute,Present,He/She,He/She executes,ew  i'dam di ket,ئەو ئعدام د كەت
Execute,Present,We,We execute,em  i'dam di keyn,ئەم ئعدام د كەین
Execute,Present,You (pl.),You execute,hîn  i'dam di ken,ھین ئعدام د كەن
Execute,Present,They,They execute,ew  i'dam di ken,ئەو ئعدام د كەن
Execute,Future,I,I will execute,ez dê  i'dam kem,ئەز دێ ئعدام كەم
Execute,Future,You,You will execute,tu dê  i'dam key,تو دێ ئعدام كەی
Execute,Future,He/She,He/She will execute,ew dê  i'dam ket,ئەو دێ ئعدام كەت
Execute,Future,We,We will execute,em dê  i'dam keyn,ئەم دێ ئعدام كەین
Execute,Future,You (pl.),You will execute,hîn dê  i'dam ken,ھین دێ ئعدام كەن
Execute,Future,They,They will execute,ew dê  i'dam ken,ئەو دێ ئعدام كەن
Exercise,Past,I,I exercised,min temrînêt  kirin,من تەمرینێت كرن
Exercise,Past,You,You exercised,te temrînêt  kirin,تە تەمرینێت كرن
Exercise,Past,He/She,He/She exercised,ewî/ewê temrînêt  kirin,ئەوی/ئەوێ تەمرینێت كرن
Exercise,Past,We,We exercised,me temrînêt  kirin,مە تەمرینێت كرن
Exercise,Past,You (pl.),You exercised,hewe temrînêt  kirin,ھەوە تەمرینێت كرن
Exercise,Past,They,They exercised,ewan temrînêt  kirin,ئەوان تەمرینێت كرن
Exercise,Present,I,I exercise,ez temrînêt  di kem,ئەز تەمرینێت د كەم
Exercise,Present,You,You exercise,tu temrînêt  di key,تو تەمرینێت د كەی
Exercise,Present,He/She,He/She exercises,ew temrînêt  di ket,ئەو تەمرینێت د كەت
Exercise,Present,We,We exercise,em temrînêt  di keyn,ئەم تەمرینێت د كەین
Exercise,Present,You (pl.),You exercise,hîn temrînêt  di ken,ھین تەمرینێت د كەن
Exercise,Present,They,They exercise,ew temrînêt  di ken,ئەو تەمرینێت د كەن
Exercise,Future,I,I will exercise,ez dê temrînêt  kem,ئەز دێ تەمرینێت كەم
Exercise,Future,You,You will exercise,tu dê temrînêt  key,تو دێ تەمرینێت كەی
Exercise,Future,He/She,He/She will exercise,ew dê temrînêt  ket,ئەو دێ تەمرینێت كەت
Exercise,Future,We,We will exercise,em dê temrînêt  keyn,ئەم دێ تەمرینێت كەین
Exercise,Future,You (pl.),You will exercise,hîn dê temrînêt  ken,ھین دێ تەمرینێت كەن
Exercise,Future,They,They will exercise,ew dê temrînêt  ken,ئەو دێ تەمرینێت كەن
Exercise,Past,I,I exercised,min rahînanêt  kirin,من راھینانێت كرن
Exercise,Past,You,You exercised,te rahînanêt  kirin,تە راھینانێت كرن
Exercise,Past,He/She,He/She exercised,ewî/ewê rahînanêt  kirin,ئەوی/ئەوێ راھینانێت كرن
Exercise,Past,We,We exercised,me rahînanêt  kirin,مە راھینانێت كرن
Exercise,Past,You (pl.),You exercised,hewe rahînanêt  kirin,ھەوە راھینانێت كرن
Exercise,Past,They,They exercised,ewan rahînanêt  kirin,ئەوان راھینانێت كرن
Exercise,Present,I,I exercise,ez rahînanêt  di kem,ئەز راھینانێت د كەم
Exercise,Present,You,You exercise,tu rahînanêt  di key,تو راھینانێت د كەی
Exercise,Present,He/She,He/She exercises,ew rahînanêt  di ket,ئەو راھینانێت د كەت
Exercise,Present,We,We exercise,em rahînanêt  di keyn,ئەم راھینانێت د كەین
Exercise,Present,You (pl.),You exercise,hîn rahînanêt  di ken,ھین راھینانێت د كەن
Exercise,Present,They,They exercise,ew rahînanêt  di ken,ئەو راھینانێت د كەن
Exercise,Future,I,I will exercise,ez dê rahînanêt  kem,ئەز دێ راھینانێت كەم
Exercise,Future,You,You will exercise,tu dê rahînanêt  key,تو دێ راھینانێت كەی
Exercise,Future,He/She,He/She will exercise,ew dê rahînanêt  ket,ئەو دێ راھینانێت كەت
Exercise,Future,We,We will exercise,em dê rahînanêt  keyn,ئەم دێ راھینانێت كەین
Exercise,Future,You (pl.),You will exercise,hîn dê rahînanêt  ken,ھین دێ راھینانێت كەن
Exercise,Future,They,They will exercise,ew dê rahînanêt  ken,ئەو دێ راھینانێت كەن
Explain,Past,I,I explained,min  şeriḧ kir,من شەرح كر
Explain,Past,You,You explained,te  şeriḧ kir,تە شەرح كر
Explain,Past,He/She,He/She explained,ewî/ewê  şeriḧ kir,ئەوی/ئەوێ شەرح كر
Explain,Past,We,We explained,me  şeriḧ kir,مە شەرح كر
Explain,Past,You (pl.),You explained,hewe  şeriḧ kir,ھەوە شەرح كر
Explain,Past,They,They explained,ewan  şeriḧ kir,ئەوان شەرح كر
Explain,Present,I,I explain,ez  şeriḧ di kem,ئەز شەرح د كەم
Explain,Present,You,You explain,tu  şeriḧ di key,تو شەرح د كەی
Explain,Present,He/She,He/She explains,ew  şeriḧ di ket,ئەو شەرح د كەت
Explain,Present,We,We explain,em  şeriḧ di keyn,ئەم شەرح د كەین
Explain,Present,You (pl.),You explain,hîn  şeriḧ di ken,ھین شەرح د كەن
Explain,Present,They,They explain,ew  şeriḧ di ken,ئەو شەرح د كەن
Explain,Future,I,I will explain,ez dê  şeriḧ kem,ئەز دێ شەرح كەم
Explain,Future,You,You will explain,tu dê  şeriḧ key,تو دێ شەرح كەی
Explain,Future,He/She,He/She will explain,ew dê  şeriḧ ket,ئەو دێ شەرح كەت
Explain,Future,We,We will explain,em dê  şeriḧ keyn,ئەم دێ شەرح كەین
Explain,Future,You (pl.),You will explain,hîn dê  şeriḧ ken,ھین دێ شەرح كەن
Explain,Future,They,They will explain,ew dê  şeriḧ ken,ئەو دێ شەرح كەن
Expound,Past,I,I expounded,min tefsîr kir,من تەفسیر كر
Expound,Past,You,You expounded,te tefsîr kir,تە تەفسیر كر
Expound,Past,He/She,He/She expounded,ewî/ewê tefsîr kir,ئەوی/ئەوێ تەفسیر كر
Expound,Past,We,We expounded,me tefsîr kir,مە تەفسیر كر
Expound,Past,You (pl.),You expounded,hewe tefsîr kir,ھەوە تەفسیر كر
Expound,Past,They,They expounded,ewan tefsîr kir,ئەوان تەفسیر كر
Expound,Present,I,I expound,ez tefsîr di kem,ئەز تەفسیر د كەم
Expound,Present,You,You expound,tu tefsîr di key,تو تەفسیر د كەی
Expound,Present,He/She,He/She expounds,ew tefsîr di ket,ئەو تەفسیر د كەت
Expound,Present,We,We expound,em tefsîr di keyn,ئەم تەفسیر د كەین
Expound,Present,You (pl.),You expound,hîn tefsîr di ken,ھین تەفسیر د كەن
Expound,Present,They,They expound,ew tefsîr di ken,ئەو تەفسیر د كەن
Expound,Future,I,I will expound,ez dê tefsîr kem,ئەز دێ تەفسیر كەم
Expound,Future,You,You will expound,tu dê tefsîr key,تو دێ تەفسیر كەی
Expound,Future,He/She,He/She will expound,ew dê tefsîr ket,ئەو دێ تەفسیر كەت
Expound,Future,We,We will expound,em dê tefsîr keyn,ئەم دێ تەفسیر كەین
Expound,Future,You (pl.),You will expound,hîn dê tefsîr ken,ھین دێ تەفسیر كەن
Expound,Future,They,They will expound,ew dê tefsîr ken,ئەو دێ تەفسیر كەن
Fail,Past,I,I failed,ez ketim,ئەز كەتم
Fail,Past,You,You failed,tu ketî,تو كەتی
Fail,Past,He/She,He/She failed,ew ket,ئەو كەت
Fail,Past,We,We failed,em ketîn,ئەم كەتین
Fail,Past,You (pl.),You failed,hîn ketin,ھین كەتن
Fail,Past,They,They failed,ew ketin,ئەو كەتن
Fail,Present,I,I fail,ez di kevim,ئەز د كەڤم
Fail,Present,You,You fail,tu di kevî,تو د كەڤی
Fail,Present,He/She,He/She fails,ew di kevit,ئەو د كەڤیت
Fail,Present,We,We fail,em di kevîn,ئەم د كەڤین
Fail,Present,You (pl.),You fail,hîn di kevin,ھین د كەڤن
Fail,Present,They,They fail,ew di kevin,ئەو د كەڤن
Fail,Future,I,I will fail,ez dê kevim,ئەز دێ كەڤم
Fail,Future,You,You will fail,tu dê kevî,تو دێ كەڤی
Fail,Future,He/She,He/She will fail,ew dê kevit,ئەو دێ كەڤیت
Fail,Future,We,We will fail,em dê kevîn,ئەم دێ كەڤین
Fail,Future,You (pl.),You will fail,hîn dê kevin,ھین دێ كەڤن
Fail,Future,They,They will fail,ew dê kevin,ئەو دێ كەڤن
Fall,Past,I,I fell,ez ketim,ئەز كەتم
Fall,Past,You,You fell,tu ketî,تو كەتی
Fall,Past,He/She,He/She fell,ew ket,ئەو كەت
Fall,Past,We,We fell,em ketîn,ئەم كەتین
Fall,Past,You (pl.),You fell,hîn ketin,ھین كەتن
Fall,Past,They,They fell,ew ketin,ئەو كەتن
Fall,Present,I,I fall,ez di kevim,ئەز د كەڤم
Fall,Present,You,You fall,tu di kevî,تو د كەڤی
Fall,Present,He/She,He/She falls,ew di kevit,ئەو د كەڤیت
Fall,Present,We,We fall,em di kevîn,ئەم د كەڤین
Fall,Present,You (pl.),You fall,hîn di kevin,ھین د كەڤن
Fall,Present,They,They fall,ew di kevin,ئەو د كەڤن
Fall,Future,I,I will fall,ez dê kevim,ئەز دێ كەڤم
Fall,Future,You,You will fall,tu dê kevî,تو دێ كەڤی
Fall,Future,He/She,He/She will fall,ew dê kevit,ئەو دێ كەڤیت
Fall,Future,We,We will fall,em dê kevîn,ئەم دێ كەڤین
Fall,Future,You (pl.),You will fall,hîn dê kevin,ھین دێ كەڤن
Fall,Future,They,They will fall,ew dê kevin,ئەو دێ كەڤن
Fall Asleep,Past,I,I fell asleep,ez di xew çum,ئەز د خەو چوم
Fall Asleep,Past,You,You fell asleep,tu di xew çuî,تو د خەو چوی
Fall Asleep,Past,He/She,He/She fell asleep,ew di xew çu,ئەو د خەو چو
Fall Asleep,Past,We,We fell asleep,em di xew çuîn,ئەم د خەو چوین
Fall Asleep,Past,You (pl.),You fell asleep,hîn di xew çun,ھین د خەو چون
Fall Asleep,Past,They,They fell asleep,ew di xew çun,ئەو د خەو چون
Fall Asleep,Present,I,I fall asleep,ez di xew di çim,ئەز د خەو د چم
Fall Asleep,Present,You,You fall asleep,tu di xew di çî,تو د خەو د چی
Fall Asleep,Present,He/She,He/She falls asleep,ew di xew di çit,ئەو د خەو د چیت
Fall Asleep,Present,We,We fall asleep,em di xew di çîn,ئەم د خەو د چین
Fall Asleep,Present,You (pl.),You fall asleep,hîn di xew di çin,ھین د خەو د چن
Fall Asleep,Present,They,They fall asleep,ew di xew di çin,ئەو د خەو د چن
Fall Asleep,Future,I,I will fall asleep,ez dê di xew çim,ئەز دێ د خەو چم
Fall Asleep,Future,You,You will fall asleep,tu dê di xew çî,تو دێ د خەو چی
Fall Asleep,Future,He/She,He/She will fall asleep,ew dê di xew çit,ئەو دێ د خەو چیت
Fall Asleep,Future,We,We will fall asleep,em dê di xew çîn,ئەم دێ د خەو چین
Fall Asleep,Future,You (pl.),You will fall asleep,hîn dê di xew çin,ھین دێ د خەو چن
Fall Asleep,Future,They,They will fall asleep,ew dê di xew çin,ئەو دێ د خەو چن
Fight,Past,I,I fought,min şerî kir,من شەری كر
Fight,Past,You,You fought,te şerî kir,تە شەری كر
Fight,Past,He/She,He/She fought,ewî/ewê şerî kir,ئەوی/ئەوێ شەری كر
Fight,Past,We,We fought,me şerî kir,مە شەری كر
Fight,Past,You (pl.),You fought,hewe şerî kir,ھەوە شەری كر
Fight,Past,They,They fought,ewan şerî kir,ئەوان شەری كر
Fight,Present,I,I fight,ez şerî di kem,ئەز شەری د كەم
Fight,Present,You,You fight,tu şerî di key,تو شەری د كەی
Fight,Present,He/She,He/She fights,ew şerî di ket,ئەو شەری د كەت
Fight,Present,We,We fight,em şerî di keyn,ئەم شەری د كەین
Fight,Present,You (pl.),You fight,hîn şerî di ken,ھین شەری د كەن
Fight,Present,They,They fight,ew şerî di ken,ئەو شەری د كەن
Fight,Future,I,I will fight,ez dê şerî kem,ئەز دێ شەری كەم
Fight,Future,You,You will fight,tu dê şerî key,تو دێ شەری كەی
Fight,Future,He/She,He/She will fight,ew dê şerî ket,ئەو دێ شەری كەت
Fight,Future,We,We will fight,em dê şerî keyn,ئەم دێ شەری كەین
Fight,Future,You (pl.),You will fight,hîn dê şerî ken,ھین دێ شەری كەن
Fight,Future,They,They will fight,ew dê şerî ken,ئەو دێ شەری كەن
Fill,Past,I,I filled,min  tijî kir,من تژی كر
Fill,Past,You,You filled,te  tijî kir,تە تژی كر
Fill,Past,He/She,He/She filled,ewî/ewê  tijî kir,ئەوی/ئەوێ تژی كر
Fill,Past,We,We filled,me  tijî kir,مە تژی كر
Fill,Past,You (pl.),You filled,hewe  tijî kir,ھەوە تژی كر
Fill,Past,They,They filled,ewan  tijî kir,ئەوان تژی كر
Fill,Present,I,I fill,ez  tijî di kem,ئەز تژی د كەم
Fill,Present,You,You fill,tu  tijî di key,تو تژی د كەی
Fill,Present,He/She,He/She fills,ew  tijî di ket,ئەو تژی د كەت
Fill,Present,We,We fill,em  tijî di keyn,ئەم تژی د كەین
Fill,Present,You (pl.),You fill,hîn  tijî di ken,ھین تژی د كەن
Fill,Present,They,They fill,ew  tijî di ken,ئەو تژی د كەن
Fill,Future,I,I will fill,ez dê  tijî kem,ئەز دێ تژی كەم
Fill,Future,You,You will fill,tu dê  tijî key,تو دێ تژی كەی
Fill,Future,He/She,He/She will fill,ew dê  tijî ket,ئەو دێ تژی كەت
Fill,Future,We,We will fill,em dê  tijî keyn,ئەم دێ تژی كەین
Fill,Future,You (pl.),You will fill,hîn dê  tijî ken,ھین دێ تژی كەن
Fill,Future,They,They will fill,ew dê  tijî ken,ئەو دێ تژی كەن
Finish,Past,I,I finished,min  xilas kir,من خلاس كر
Finish,Past,You,You finished,te  xilas kir,تە خلاس كر
Finish,Past,He/She,He/She finished,ewî/ewê  xilas kir,ئەوی/ئەوێ خلاس كر
Finish,Past,We,We finished,me  xilas kir,مە خلاس كر
Finish,Past,You (pl.),You finished,hewe  xilas kir,ھەوە خلاس كر
Finish,Past,They,They finished,ewan  xilas kir,ئەوان خلاس كر
Finish,Present,I,I finish,ez  xilas di kem,ئەز خلاس د كەم
Finish,Present,You,You finish,tu  xilas di key,تو خلاس د كەی
Finish,Present,He/She,He/She finishes,ew  xilas di ket,ئەو خلاس د كەت
Finish,Present,We,We finish,em  xilas di keyn,ئەم خلاس د كەین
Finish,Present,You (pl.),You finish,hîn  xilas di ken,ھین خلاس د كەن
Finish,Present,They,They finish,ew  xilas di ken,ئەو خلاس د كەن
Finish,Future,I,I will finish,ez dê  xilas kem,ئەز دێ خلاس كەم
Finish,Future,You,You will finish,tu dê  xilas key,تو دێ خلاس كەی
Finish,Future,He/She,He/She will finish,ew dê  xilas ket,ئەو دێ خلاس كەت
Finish,Future,We,We will finish,em dê  xilas keyn,ئەم دێ خلاس كەین
Finish,Future,You (pl.),You will finish,hîn dê  xilas ken,ھین دێ خلاس كەن
Finish,Future,They,They will finish,ew dê  xilas ken,ئەو دێ خلاس كەن
Fix,Past,I,I fixed,min  çê kir,من چێ كر
Fix,Past,You,You fixed,te   çê kir,تە  چێ كر
Fix,Past,He/She,He/She fixed,ewî/ewê  çê kir,ئەوی/ئەوێ چێ كر
Fix,Past,We,We fixed,me  çê kir,مە چێ كر
Fix,Past,You (pl.),You fixed,hewe  çê kir,ھەوە چێ كر
Fix,Past,They,They fixed,ewan  çê kir,ئەوان چێ كر
Fix,Present,I,I fix,ez  çê di kem,ئەز چێ د كەم
Fix,Present,You,You fix,tu  çê di key,تو چێ د كەی
Fix,Present,He/She,He/She fixes,ew  çê di ket,ئەو چێ د كەت
Fix,Present,We,We fix,em  çê di keyn,ئەم چێ د كەین
Fix,Present,You (pl.),You fix,hîn  çê di ken,ھین چێ د كەن
Fix,Present,They,They fix,ew  çê di ken,ئەو چێ د كەن
Fix,Future,I,I will fix,ez dê  çê kem,ئەز دێ چێ كەم
Fix,Future,You,You will fix,tu dê  çê key,تو دێ چێ كەی
Fix,Future,He/She,He/She will fix,ew dê  çê ket,ئەو دێ چێ كەت
Fix,Future,We,We will fix,em dê  çê keyn,ئەم دێ چێ كەین
Fix,Future,You (pl.),You will fix,hîn dê  çê ken,ھین دێ چێ كەن
Fix,Future,They,They will fix,ew dê  çê ken,ئەو دێ چێ كەن
Flee,Past,I,I fled,ez (ji OW) revîm(e OW),ئەز رەڤیم
Flee,Past,You,You fled,tu (ji OW) revîy(e OW),تو رەڤیی
Flee,Past,He/She,He/She fled,ew (ji OW) revîy(e OW),ئەو رەڤیی
Flee,Past,We,We fled,em (ji OW) revîn(e OW),ئەم رەڤین
Flee,Past,You (pl.),You fled,hîn (ji OW) revîn(e OW),ھین رەڤین
Flee,Past,They,They fled,ew (ji OW) revîn(e OW),ئەو رەڤین
Flee,Present,I,I flee,ez (ji OW) di revim(e OW),ئەز د رەڤم
Flee,Present,You,You flee,tu (ji OW) di revîy(e OW),تو د رەڤیی
Flee,Present,He/She,He/She flees,ew (ji OW) di revit(e OW),ئەو د رەڤت
Flee,Present,We,We flee,em (ji OW) di revîn(e OW),ئەم د رەڤین
Flee,Present,You (pl.),You flee,hîn (ji OW) di revin(e OW),ھین د رەڤن
Flee,Present,They,They flee,ew (ji OW) di revin(e OW),ئەو د رەڤن
Flee,Future,I,I will flee,ez dê (ji OW) revim(e OW),ئەز دێ رەڤم
Flee,Future,You,You will flee,tu dê (ji OW) revîy(e OW),تو دێ رەڤیی
Flee,Future,He/She,He/She will flee,ew dê (ji OW) revit(e OW),ئەو دێ رەڤت
Flee,Future,We,We will flee,em dê (ji OW) revîn(e OW),ئەم دێ رەڤین
Flee,Future,You (pl.),You will flee,hîn dê (ji OW) revin(e OW),ھین دێ رەڤن
Flee,Future,They,They will flee,ew dê (ji OW) revin(e OW),ئەو دێ رەڤن
Flick,Past,I,I flicked,min pilek li  da,من پلەك ل دا
Flick,Past,You,You flicked,te pilek li  da,تە پلەك ل دا
Flick,Past,He/She,He/She flicked,ewî/ewê pilek li  da,ئەوی/ئەوێ پلەك ل دا
Flick,Past,We,We flicked,me pilek li  da,مە پلەك ل دا
Flick,Past,You (pl.),You flicked,hewe pilek li  da,ھەوە پلەك ل دا
Flick,Past,They,They flicked,ewan pilek li  da,ئەوان پلەك ل دا
Flick,Present,I,I flick,ez pilekê li  di dem,ئەز پلەكێ ل د دەم
Flick,Present,You,You flick,tu pilekê li  di dey,تو پلەكێ ل د دەی
Flick,Present,He/She,He/She flicks,ew pilekê li  di det,ئەو پلەكێ ل د دەت
Flick,Present,We,We flick,em pilekê li  di deyn,ئەم پلەكێ ل د دەین
Flick,Present,You (pl.),You flick,hîn pilekê li  di den,ھین پلەكێ ل د دەن
Flick,Present,They,They flick,ew pilekê li  di den,ئەو پلەكێ ل د دەن
Flick,Future,I,I will flick,ez dê pilekê li  dem,ئەز دێ پلەكێ ل دەم
Flick,Future,You,You will flick,tu dê pilekê li  dey,تو دێ پلەكێ ل دەی
Flick,Future,He/She,He/She will flick,ew dê pilekê li  det,ئەو دێ پلەكێ ل دەت
Flick,Future,We,We will flick,em dê pilekê li  deyn,ئەم دێ پلەكێ ل دەین
Flick,Future,You (pl.),You will flick,hîn dê pilekê li  den,ھین دێ پلەكێ ل دەن
Flick,Future,They,They will flick,ew dê pilekê li  den,ئەو دێ پلەكێ ل دەن
Flip,Past,I,I flipped,ez qolipîm,ئەز قولپیم
Flip,Past,You,You flipped,tu qolipî,تو قولپی
Flip,Past,He/She,He/She flipped,ew qolipî,ئەو قولپی
Flip,Past,We,We flipped,em qolipîn,ئەم قولپین
Flip,Past,You (pl.),You flipped,hîn qolipîn,ھین قولپین
Flip,Past,They,They flipped,ew qolipîn,ئەو قولپین
Flip,Present,I,I flip,ez di qolipim,ئەز د قولپم
Flip,Present,You,You flip,tu di qolipî,تو د قولپی
Flip,Present,He/She,He/She flip,ew di qolipit,ئەو د قولپیت
Flip,Present,We,We flip,em di qolipîn,ئەم د قولپین
Flip,Present,You (pl.),You flip,hîn di qolipin,ھین د قولپن
Flip,Present,They,They flip,ew di qolipin,ئەو د قولپن
Flip,Future,I,I will flip,ez dê qolipim,ئەز دێ قولپم
Flip,Future,You,You will flip,tu dê qolipî,تو دێ قولپی
Flip,Future,He/She,He/She will flip,ew dê qolipit,ئەو دێ قولپیت
Flip,Future,We,We will flip,em dê qolipîn,ئەم دێ قولپین
Flip,Future,You (pl.),You will flip,hîn dê qolipin,ھین دێ قولپن
Flip,Future,They,They will flip,ew dê qolipin,ئەو دێ قولپن
Flip Something,Past,I,I flipped, ez qolipandim,ئەز قولپاندم
Flip Something,Past,You,You flipped, tu qolipandî,تو قولپاندی
Flip Something,Past,He/She,He/She flipped, ew qolipand,ئەو قولپاند
Flip Something,Past,We,We flipped, em qolipandîn,ئەم قولپاندین
Flip Something,Past,You (pl.),You flipped, hîn qolipandin,ھین قولپاندن
Flip Something,Past,They,They flipped, ew qolipandin,ئەو قولپاندن
Flip Something,Present,I,I flip,ez  di qolipînim,ئەز د قولپینم
Flip Something,Present,You,You flip,tu  di qolipînî,تو د قولپینی
Flip Something,Present,He/She,He/She flips,ew  di qolipînit,ئەو د قولپینیت
Flip Something,Present,We,We flip,em  di qolipînîn,ئەم د قولپینین
Flip Something,Present,You (pl.),You flip,hîn  di qolipînin,ھین د قولپینن
Flip Something,Present,They,They flip,ew  di qolipînin,ئەو د قولپینن
Flip Something,Future,I,I will flip,ez dê  qolipînim,ئەز دێ قولپینم
Flip Something,Future,You,You will flip,tu dê  qolipînî,تو دێ قولپینی
Flip Something,Future,He/She,He/She will flip,ew dê  qolipînit,ئەو دێ قولپینیت
Flip Something,Future,We,We will flip,em dê  qolipînîn,ئەم دێ قولپینین
Flip Something,Future,You (pl.),You will flip,hîn dê  qolipînin,ھین دێ قولپینن
Flip Something,Future,They,They will flip,ew dê  qolipînin,ئەو دێ قولپینن
Fly,Past,I,I flew,ez firîm,ئەز فریم
Fly,Past,You,You flew,tu firî,تو فری
Fly,Past,He/She,He/She flew,ew firît,ئەو فریت
Fly,Past,We,We flew,em firîn,ئەم فرین
Fly,Past,You (pl.),You flew,hîn firîn,ھین فرین
Fly,Past,They,They flew,ew firîn,ئەو فرین
Fly,Present,I,I fly,ez di firim,ئەز د فرم
Fly,Present,You,You fly,tu di firî,تو د فری
Fly,Present,He/She,He/She flies,ew di firit,ئەو د فریت
Fly,Present,We,We fly,em di firîn,ئەم د فرین
Fly,Present,You (pl.),You fly,hîn di firin,ھین د فرن
Fly,Present,They,They fly,ew di firin,ئەو د فرن
Fly,Future,I,I will fly,ez dê firim,ئەز دێ فرم
Fly,Future,You,You will fly,tu dê firî,تو دێ فری
Fly,Future,He/She,He/She will fly,ew dê firit,ئەو دێ فریت
Fly,Future,We,We will fly,em dê firîn,ئەم دێ فرین
Fly,Future,You (pl.),You will fly,hîn dê firin,ھین دێ فرن
Fly,Future,They,They will fly,ew dê firin,ئەو دێ فرن
Fly Something,Past,I,I flew,min  firand,من فراند
Fly Something,Past,You,You flew,te  firand,تە فراند
Fly Something,Past,He/She,He/She flew,ewî/ewê  firand,ئەوی/ئەوێ فراند
Fly Something,Past,We,We flew,me  firand,مە فراند
Fly Something,Past,You (pl.),You flew,hewe  firand,ھەوە فراند
Fly Something,Past,They,They flew,ewan  firand,ئەوان فراند
Fly Something,Present,I,I fly,ez  di frînim,ئەز د فرینم
Fly Something,Present,You,You fly,tu  di frînî,تو د فرینی
Fly Something,Present,He/She,He/She flies,ew  di frînit,ئەو د فرینیت
Fly Something,Present,We,We fly,em  di frînîn,ئەم د فرینین
Fly Something,Present,You (pl.),You fly,hîn  di frînin,ھین د فرینن
Fly Something,Present,They,They fly,ew  di frînin,ئەو د فرینن
Fly Something,Future,I,I will fly,ez dê  frînim,ئەز دێ فرینم
Fly Something,Future,You,You will fly,tu dê  frînî,تو دێ فرینی
Fly Something,Future,He/She,He/She will fly,ew dê  frînit,ئەو دێ فرینیت
Fly Something,Future,We,We will fly,em dê  frînîn,ئەم دێ فرینین
Fly Something,Future,You (pl.),You will fly,hîn dê  frînin,ھین دێ فرینن
Fly Something,Future,They,They will fly,ew dê  frînin,ئەو دێ فرینن
Focus,Past,I,I focused,min terkîz li ser  kir,من تەركیز ل سەر كر
Focus,Past,You,You focused,te terkîz li ser  kir,تە تەركیز ل سەر كر
Focus,Past,He/She,He/She focused,ewî/ewê terkîz li ser  kir,ئەوی/ئەوێ تەركیز ل سەر كر
Focus,Past,We,We focused,me terkîz li ser  kir,مە تەركیز ل سەر كر
Focus,Past,You (pl.),You focused,hewe terkîz li ser  kir,ھەوە تەركیز ل سەر كر
Focus,Past,They,They focused,ewan terkîz li ser  kir,ئەوان تەركیز ل سەر كر
Focus,Present,I,I focus,ez terkîzê li ser  di kem,ئەز تەركیزێ ل سەر د كەم
Focus,Present,You,You focus,tu terkîzê li ser  di key,تو تەركیزێ ل سەر د كەی
Focus,Present,He/She,He/She focuses,ew terkîzê li ser  di ket,ئەو تەركیزێ ل سەر د كەت
Focus,Present,We,We focus,em terkîzê li ser  di keyn,ئەم تەركیزێ ل سەر د كەین
Focus,Present,You (pl.),You focus,hîn terkîzê li ser  di ken,ھین تەركیزێ ل سەر د كەن
Focus,Present,They,They focus,ew terkîzê li ser  di ken,ئەو تەركیزێ ل سەر د كەن
Focus,Future,I,I will focus,ez dê terkîzê li ser  kem,ئەز دێ تەركیزێ ل سەر كەم
Focus,Future,You,You will focus,tu dê terkîzê li ser  key,تو دێ تەركیزێ ل سەر كەی
Focus,Future,He/She,He/She will focus,ew dê terkîzê li ser  ket,ئەو دێ تەركیزێ ل سەر كەت
Focus,Future,We,We will focus,em dê terkîzê li ser  keyn,ئەم دێ تەركیزێ ل سەر كەین
Focus,Future,You (pl.),You will focus,hîn dê terkîzê li ser  ken,ھین دێ تەركیزێ ل سەر كەن
Focus,Future,They,They will focus,ew dê terkîzê li ser  ken,ئەو دێ تەركیزێ ل سەر كەن
Fold,Past,I,I folded,min  pê ça,من پێ چا
Fold,Past,You,You folded,te  pê ça,تە پێ چا
Fold,Past,He/She,He/She folded,ewî/ewê  pê ça,ئەوی/ئەوێ پێ چا
Fold,Past,We,We folded,me  pê ça,مە پێ چا
Fold,Past,You (pl.),You folded,hewe  pê ça,ھەوە پێ چا
Fold,Past,They,They folded,ewan  pê ça,ئەوان پێ چا
Fold,Present,I,I fold,ez  pê di çim,ئەز پێ د چم
Fold,Present,You,You fold,tu  pê di çî,تو پێ د چی
Fold,Present,He/She,He/She folds,ew  pê di çit,ئەو پێ د چیت
Fold,Present,We,We fold,em  pê di çîn,ئەم پێ د چین
Fold,Present,You (pl.),You fold,hîn  pê di çin,ھین پێ د چن
Fold,Present,They,They fold,ew  pê di çin,ئەو پێ د چن
Fold,Future,I,I will fold,ez dê  pê çim,ئەز دێ پێ چم
Fold,Future,You,You will fold,tu dê  pê çî,تو دێ پێ چی
Fold,Future,He/She,He/She will fold,ew dê  pê çit,ئەو دێ پێ چیت
Fold,Future,We,We will fold,em dê  pê çîn,ئەم دێ پێ چین
Fold,Future,You (pl.),You will fold,hîn dê  pê çin,ھین دێ پێ چن
Fold,Future,They,They will fold,ew dê  pê çin,ئەو دێ پێ چن
Follow,Past,I,I followed,ez li dîf  çum,ئەز ل دیف چوم
Follow,Past,You,You followed,tu li dîf  çuî,تو ل دیف چوی
Follow,Past,He/She,He/She followed,ew li dîf  çu,ئەو ل دیف چو
Follow,Past,We,We followed,em li dîf  çuîn,ئەم ل دیف چوین
Follow,Past,You (pl.),You followed,hîn li dîf  çun,ھین ل دیف چون
Follow,Past,They,They followed,ew li dîf  çun,ئەو ل دیف چون
Follow,Present,I,I follow,ez li dîf  di çim,ئەز ل دیف د چم
Follow,Present,You,You follow,tu li dîf  di çî,تو ل دیف د چی
Follow,Present,He/She,He/She follows,ew li dîf  di çit,ئەو ل دیف د چیت
Follow,Present,We,We follow,em li dîf  di çîn,ئەم ل دیف د چین
Follow,Present,You (pl.),You follow,hîn li dîf  di çin,ھین ل دیف د چن
Follow,Present,They,They follow,ew li dîf  di çin,ئەو ل دیف د چن
Follow,Future,I,I will follow,ez dê li dîf  di çim,ئەز دێ ل دیف د چم
Follow,Future,You,You will follow,tu dê li dîf  di çî,تو دێ ل دیف د چی
Follow,Future,He/She,He/She will follow,ew dê li dîf  di çit,ئەو دێ ل دیف د چیت
Follow,Future,We,We will follow,em dê li dîf  di çîn,ئەم دێ ل دیف د چین
Follow,Future,You (pl.),You will follow,hîn dê li dîf  di çin,ھین دێ ل دیف د چن
Follow,Future,They,They will follow,ew dê li dîf  di çin,ئەو دێ ل دیف د چن
Force,Past,I,I forced,min te'da'î li  kir,من تەعدائی ل كر
Force,Past,You,You forced,te te'da'î li  kir,تە تەعدائی ل كر
Force,Past,He/She,He/She forced,ewî/ewê te'da'î li  kir,ئەوی/ئەوێ تەعدائی ل كر
Force,Past,We,We forced,me te'da'î li  kir,مە تەعدائی ل كر
Force,Past,You (pl.),You forced,hewe te'da'î li  kir,ھەوە تەعدائی ل كر
Force,Past,They,They forced,ewan te'da'î li  kir,ئەوان تەعدائی ل كر
Force,Present,I,I force,ez te'da'îyê li  di kem,ئەز تەعدائییێ ل د كەم
Force,Present,You,You force,tu te'da'îyê li  di key,تو تەعدائییێ ل د كەی
Force,Present,He/She,He/She forces,ew te'da'îyê li  di ket,ئەو تەعدائییێ ل د كەت
Force,Present,We,We force,em te'da'îyê li  di keyn,ئەم تەعدائییێ ل د كەین
Force,Present,You (pl.),You force,hîn te'da'îyê li  di ken,ھین تەعدائییێ ل د كەن
Force,Present,They,They force,ew te'da'îyê li  di ken,ئەو تەعدائییێ ل د كەن
Force,Future,I,I will force,ez dê te'da'îyê li  kem,ئەز دێ تەعدائییێ ل كەم
Force,Future,You,You will force,tu dê te'da'îyê li  key,تو دێ تەعدائییێ ل كەی
Force,Future,He/She,He/She will force,ew dê te'da'îyê li  ket,ئەو دێ تەعدائییێ ل كەت
Force,Future,We,We will force,em dê te'da'îyê li  keyn,ئەم دێ تەعدائییێ ل كەین
Force,Future,You (pl.),You will force,hîn dê te'da'îyê li  ken,ھین دێ تەعدائییێ ل كەن
Force,Future,They,They will force,ew dê te'da'îyê li  ken,ئەو دێ تەعدائییێ ل كەن
Forget,Past,I,I forgot, ez ji bîr kirim,ئەز ژ بیر كرم
Forget,Past,You,You forgot, tu ji bîr kirî,تو ژ بیر كری
Forget,Past,He/She,He/She forgot, ew ji bîr kir,ئەو ژ بیر كر
Forget,Past,We,We forgot, em ji bîr kirîn,ئەم ژ بیر كرین
Forget,Past,You (pl.),You forgot, hîn ji bîr kirin,ھین ژ بیر كرن
Forget,Past,They,They forgot, ew ji bîr kirin,ئەو ژ بیر كرن
Forget,Present,I,I forget,ez  ji bîr di kem,ئەز ژ بیر د كەم
Forget,Present,You,You forget,tu  ji bîr di key,تو ژ بیر د كەی
Forget,Present,He/She,He/She forgets,ew  ji bîr di ket,ئەو ژ بیر د كەت
Forget,Present,We,We forget,em  ji bîr di keyn,ئەم ژ بیر د كەین
Forget,Present,You (pl.),You forget,hîn  ji bîr di ken,ھین ژ بیر د كەن
Forget,Present,They,They forget,ew  ji bîr di ken,ئەو ژ بیر د كەن
Forget,Future,I,I will forget,ez dê  ji bîr kem,ئەز دێ ژ بیر كەم
Forget,Future,You,You will forget,tu dê  ji bîr key,تو دێ ژ بیر كەی
Forget,Future,He/She,He/She will forget,ew dê  ji bîr ket,ئەو دێ ژ بیر كەت
Forget,Future,We,We will forget,em dê  ji bîr keyn,ئەم دێ ژ بیر كەین
Forget,Future,You (pl.),You will forget,hîn dê  ji bîr ken,ھین دێ ژ بیر كەن
Forget,Future,They,They will forget,ew dê  ji bîr ken,ئەو دێ ژ بیر كەن
Forgive,Past,I,I forgave,ez li  borîm,ئەز ل بوریم
Forgive,Past,You,You forgave,tu li  borî,تو ل بوری
Forgive,Past,He/She,He/She forgave,ew li  borî,ئەو ل بوری
Forgive,Past,We,We forgave,em li  borîn,ئەم ل بورین
Forgive,Past,You (pl.),You forgave,hîn li  borîn,ھین ل بورین
Forgive,Past,They,They forgave,ew li  borîn,ئەو ل بورین
Forgive,Present,I,I forgive,ez li  di borim,ئەز ل د بورم
Forgive,Present,You,You forgive,tu li  di borî,تو ل د بوری
Forgive,Present,He/She,He/She forgives,ew li  di borit,ئەو ل د بوریت
Forgive,Present,We,We forgive,em li  di borîn,ئەم ل د بورین
Forgive,Present,You (pl.),You forgive,hîn li  di borin,ھین ل د بورن
Forgive,Present,They,They forgive,ew li  di borin,ئەو ل د بورن
Forgive,Future,I,I will forgive,ez dê li  borim,ئەز دێ ل بورم
Forgive,Future,You,You will forgive,tu dê li  borî,تو دێ ل بوری
Forgive,Future,He/She,He/She will forgive,ew dê li  borit,ئەو دێ ل بوریت
Forgive,Future,We,We will forgive,em dê li  borîn,ئەم دێ ل بورین
Forgive,Future,You (pl.),You will forgive,hîn dê li  borin,ھین دێ ل بورن
Forgive,Future,They,They will forgive,ew dê li  borin,ئەو دێ ل بورن
Forgive,Past,I,&lt;Not Used&gt;,&lt;Not Used&gt;,نە
Forgive,Past,You,&lt;Not Used&gt;,&lt;Not Used&gt;,نە
Forgive,Past,He/She,God forgave,Xodê ew ''efrand,ودێ ئەو غەفراند
Forgive,Past,We,&lt;Not Used&gt;,&lt;Not Used&gt;,نە
Forgive,Past,You (pl.),&lt;Not Used&gt;,&lt;Not Used&gt;,نە
Forgive,Past,They,&lt;Not Used&gt;,Xodê ew ''efrandin,ودێ ئەو غەفراندن
Forgive,Present,I,&lt;Not Used&gt;,&lt;Not Used&gt;,نە
Forgive,Present,You,&lt;Not Used&gt;,&lt;Not Used&gt;,نە
Forgive,Present,He/She,God forgives,Xodê  di ''efrînit,ودێ د غەفرینیت
Forgive,Present,We,&lt;Not Used&gt;,&lt;Not Used&gt;,نە
Forgive,Present,You (pl.),&lt;Not Used&gt;,&lt;Not Used&gt;,نە
Forgive,Present,They,&lt;Not Used&gt;,&lt;Not Used&gt;,نە
Forgive,Future,I,&lt;Not Used&gt;,&lt;Not Used&gt;,نە
Forgive,Future,You,&lt;Not Used&gt;,&lt;Not Used&gt;,نە
Forgive,Future,He/She,God will forgive,Xodê dê  ''efrînit,ودێ دێ غەفرینیت
Forgive,Future,We,&lt;Not Used&gt;,&lt;Not Used&gt;,نە
Forgive,Future,You (pl.),&lt;Not Used&gt;,&lt;Not Used&gt;,نە
Forgive,Future,They,&lt;Not Used&gt;,&lt;Not Used&gt;,نە
Foul,Past,I,I fouled,min fawlek kir,من فاولەك كر
Foul,Past,You,You fouled,te fawlek kir,تە فاولەك كر
Foul,Past,He/She,He/She fouled,ewî/ewê fawlek kir,ئەوی/ئەوێ فاولەك كر
Foul,Past,We,We fouled,me fawlek kir,مە فاولەك كر
Foul,Past,You (pl.),You fouled,hewe fawlek kir,ھەوە فاولەك كر
Foul,Past,They,They fouled,ewan fawlek kir,ئەوان فاولەك كر
Foul,Present,I,I foul,ez fawlekê di kem,ئەز فاولەكێ د كەم
Foul,Present,You,You foul,tu fawlekê di key,تو فاولەكێ د كەی
Foul,Present,He/She,He/She fouls,ew fawlekê di ket,ئەو فاولەكێ د كەت
Foul,Present,We,We foul,em fawlekê di keyn,ئەم فاولەكێ د كەین
Foul,Present,You (pl.),You foul,hîn fawlekê di ken,ھین فاولەكێ د كەن
Foul,Present,They,They foul,ew fawlekê di ken,ئەو فاولەكێ د كەن
Foul,Future,I,I will foul,ez dê fawlekê kem,ئەز دێ فاولەكێ كەم
Foul,Future,You,You will foul,tu dê fawlekê key,تو دێ فاولەكێ كەی
Foul,Future,He/She,He/She will foul,ew dê fawlekê ket,ئەو دێ فاولەكێ كەت
Foul,Future,We,We will foul,em dê fawlekê keyn,ئەم دێ فاولەكێ كەین
Foul,Future,You (pl.),You will foul,hîn dê fawlekê ken,ھین دێ فاولەكێ كەن
Foul,Future,They,They will foul,ew dê fawlekê ken,ئەو دێ فاولەكێ كەن
Free,Past,I,I freed, ez azad kirim,ئەز ئازاد كرم
Free,Past,You,You freed, tu azad kirî,تو ئازاد كری
Free,Past,He/She,He/She freed, ew azad kir,ئەو ئازاد كر
Free,Past,We,We freed, em azad kirîn,ئەم ئازاد كرین
Free,Past,You (pl.),You freed, hîn azad kirin,ھین ئازاد كرن
Free,Past,They,They freed, ew azad kirin,ئەو ئازاد كرن
Free,Present,I,I free,ez  azad di kem,ئەز ئازاد د كەم
Free,Present,You,You free,tu  azad di key,تو ئازاد د كەی
Free,Present,He/She,He/She frees,ew  azad di ket,ئەو ئازاد د كەت
Free,Present,We,We free,em  azad di keyn,ئەم ئازاد د كەین
Free,Present,You (pl.),You free,hîn  azad di ken,ھین ئازاد د كەن
Free,Present,They,They free,ew  azad di ken,ئەو ئازاد د كەن
Free,Future,I,I will free,ez dê  azad kem,ئەز دێ ئازاد كەم
Free,Future,You,You will free,tu dê  azad key,تو دێ ئازاد كەی
Free,Future,He/She,He/She will free,ew dê  azad ket,ئەو دێ ئازاد كەت
Free,Future,We,We will free,em dê  azad keyn,ئەم دێ ئازاد كەین
Free,Future,You (pl.),You will free,hîn dê  azad ken,ھین دێ ئازاد كەن
Free,Future,They,They will free,ew dê  azad ken,ئەو دێ ئازاد كەن
Freeze,Past,I,I froze,ez cemidîm,ئەز جەمدیم
Freeze,Past,You,You froze,tu cemidî,تو جەمدی
Freeze,Past,He/She,He/She froze,ew cemidî,ئەو جەمدی
Freeze,Past,We,We froze,em cemidîn,ئەم جەمدین
Freeze,Past,You (pl.),You froze,hîn cemidîn,ھین جەمدین
Freeze,Past,They,They froze,ew cemidîn,ئەو جەمدین
Freeze,Present,I,I freeze,ez di cemidim,ئەز د جەمدم
Freeze,Present,You,You freeze,tu di cemidî,تو د جەمدی
Freeze,Present,He/She,He/She freezes,ew di cemidit,ئەو د جەمدیت
Freeze,Present,We,We freeze,em di cemidîn,ئەم د جەمدین
Freeze,Present,You (pl.),You freeze,hîn di cemidin,ھین د جەمدن
Freeze,Present,They,They freeze,ew di cemidin,ئەو د جەمدن
Freeze,Future,I,I will freeze,ez dê cemidim,ئەز دێ جەمدم
Freeze,Future,You,You will freeze,tu dê cemidî,تو دێ جەمدی
Freeze,Future,He/She,He/She will freeze,ew dê cemidit,ئەو دێ جەمدیت
Freeze,Future,We,We will freeze,em dê cemidîn,ئەم دێ جەمدین
Freeze,Future,You (pl.),You will freeze,hîn dê cemidin,ھین دێ جەمدن
Freeze,Future,They,They will freeze,ew dê cemidin,ئەو دێ جەمدن
Freeze Something,Past,I,I froze, ez cemidandim,ئەز جەمداندم
Freeze Something,Past,You,You froze, tu cemidandî,تو جەمداندی
Freeze Something,Past,He/She,He/She froze, ew cemidand,ئەو جەمداند
Freeze Something,Past,We,We froze, em cemidandîn,ئەم جەمداندین
Freeze Something,Past,You (pl.),You froze, hîn cemidandin,ھین جەمداندن
Freeze Something,Past,They,They froze, ew cemidandin,ئەو جەمداندن
Freeze Something,Present,I,I freeze,ez  di cemidînim,ئەز د جەمدینم
Freeze Something,Present,You,You freeze,tu  di cemidînî,تو د جەمدینی
Freeze Something,Present,He/She,He/She freezes,ew  di cemidînit,ئەو د جەمدینیت
Freeze Something,Present,We,We freeze,em  di cemidînîn,ئەم د جەمدینین
Freeze Something,Present,You (pl.),You freeze,hîn  di cemidînin,ھین د جەمدینن
Freeze Something,Present,They,They freeze,ew  di cemidînin,ئەو د جەمدینن
Freeze Something,Future,I,I will freeze,ez dê  cemidînim,ئەز دێ جەمدینم
Freeze Something,Future,You,You will freeze,tu dê  cemidînî,تو دێ جەمدینی
Freeze Something,Future,He/She,He/She will freeze,ew dê  cemidînit,ئەو دێ جەمدینیت
Freeze Something,Future,We,We will freeze,em dê  cemidînîn,ئەم دێ جەمدینین
Freeze Something,Future,You (pl.),You will freeze,hîn dê  cemidînin,ھین دێ جەمدینن
Freeze Something,Future,They,They will freeze,ew dê  cemidînin,ئەو دێ جەمدینن
Fry,Past,I,I fried,ez qelîm,ئەز قەلیم
Fry,Past,You,You fried,tu qelît,تو قەلیت
Fry,Past,He/She,He/She fried,ew qelît,ئەو قەلیت
Fry,Past,We,We fried,em qelîn,ئەم قەلین
Fry,Past,You (pl.),You fried,hîn qelîn,ھین قەلین
Fry,Past,They,They fried,ew qelîn,ئەو قەلین
Fry,Present,I,I fry,ez di qelim,ئەز د قەلم
Fry,Present,You,You fry,tu di qelî,تو د قەلی
Fry,Present,He/She,He/She fries,ew di qelit,ئەو د قەلیت
Fry,Present,We,We fry,em di qelîn,ئەم د قەلین
Fry,Present,You (pl.),You fry,hîn di qelin,ھین د قەلن
Fry,Present,They,They fry,ew di qelin,ئەو د قەلن
Fry,Future,I,I will fry,ez dê qelim,ئەز دێ قەلم
Fry,Future,You,You will fry,tu dê qelî,تو دێ قەلی
Fry,Future,He/She,He/She will fry,ew dê qelit,ئەو دێ قەلیت
Fry,Future,We,We will fry,em dê qelîn,ئەم دێ قەلین
Fry,Future,You (pl.),You will fry,hîn dê qelin,ھین دێ قەلن
Fry,Future,They,They will fry,ew dê qelin,ئەو دێ قەلن
Fry Something,Past,I,I fried, ez qelandim,ئەز قەلاندم
Fry Something,Past,You,You fried, tu qelandî,تو قەلاندی
Fry Something,Past,He/She,He/She fried, ew qeland,ئەو قەلاند
Fry Something,Past,We,We fried, em qelandîn,ئەم قەلاندین
Fry Something,Past,You (pl.),You fried, hîn qelandin,ھین قەلاندن
Fry Something,Past,They,They fried, ew qelandin,ئەو قەلاندن
Fry Something,Present,I,I fry,ez  di qelînim,ئەز د قەلینم
Fry Something,Present,You,You fry,tu  di qelînî,تو د قەلینی
Fry Something,Present,He/She,He/She fries,ew  di qelînit,ئەو د قەلینیت
Fry Something,Present,We,We fry,em  di qelînîn,ئەم د قەلینین
Fry Something,Present,You (pl.),You fry,hîn  di qelînin,ھین د قەلینن
Fry Something,Present,They,They fry,ew  di qelînin,ئەو د قەلینن
Fry Something,Future,I,I will fry,ez dê  qelînim,ئەز دێ قەلینم
Fry Something,Future,You,You will fry,tu dê  qelînî,تو دێ قەلینی
Fry Something,Future,He/She,He/She will fry,ew dê  qelînit,ئەو دێ قەلینیت
Fry Something,Future,We,We will fry,em dê  qelînîn,ئەم دێ قەلینین
Fry Something,Future,You (pl.),You will fry,hîn dê  qelînin,ھین دێ قەلینن
Fry Something,Future,They,They will fry,ew dê  qelînin,ئەو دێ قەلینن
Fulfill,Past,I,I fulfilled,min  ceh îna,من جەھ ئینا
Fulfill,Past,You,You fulfilled,te  ceh îna,تە جەھ ئینا
Fulfill,Past,He/She,He/She fulfilled,ewî/ewê  ceh îna,ئەوی/ئەوێ جەھ ئینا
Fulfill,Past,We,We fulfilled,me  ceh îna,مە جەھ ئینا
Fulfill,Past,You (pl.),You fulfilled,hewe  ceh îna,ھەوە جەھ ئینا
Fulfill,Past,They,They fulfilled,ewan  ceh îna,ئەوان جەھ ئینا
Fulfill,Present,I,I fulfill,ez  ceh di înim,ئەز جەھ د ئینم
Fulfill,Present,You,You fulfill,tu  ceh di înî,تو جەھ د ئینی
Fulfill,Present,He/She,He/She fulfills,ew  ceh di înit,ئەو جەھ د ئینیت
Fulfill,Present,We,We fulfill,em  ceh di înîn,ئەم جەھ د ئینین
Fulfill,Present,You (pl.),You fulfill,hîn  ceh di înin,ھین جەھ د ئینن
Fulfill,Present,They,They fulfill,ew  ceh di înin,ئەو جەھ د ئینن
Fulfill,Future,I,I will fulfill,ez dê  ceh înim,ئەز دێ جەھ ئینم
Fulfill,Future,You,You will fulfill,tu dê  ceh înî,تو دێ جەھ ئینی
Fulfill,Future,He/She,He/She will fulfill,ew dê  ceh înit,ئەو دێ جەھ ئینیت
Fulfill,Future,We,We will fulfill,em dê  ceh înîn,ئەم دێ جەھ ئینین
Fulfill,Future,You (pl.),You will fulfill,hîn dê  ceh înin,ھین دێ جەھ ئینن
Fulfill,Future,They,They will fulfill,ew dê  ceh înin,ئەو دێ جەھ ئینن
Gather,Past,I,I gathered,&lt;Not Used&gt;,نە
Gather,Past,You,You gathered,&lt;Not Used&gt;,نە
Gather,Past,He/She,He/She gathered,&lt;Not Used&gt;,نە
Gather,Past,We,We gathered,em kum buîn,ئەم كوم بوین
Gather,Past,You (pl.),You gathered,hîn kum bun,ھین كوم بون
Gather,Past,They,They gathered,ew kum bun,ئەو كوم بون
Gather,Present,I,I gather,&lt;Not Used&gt;,نە
Gather,Present,You,You gather,&lt;Not Used&gt;,نە
Gather,Present,He/She,He/She gathers,&lt;Not Used&gt;,نە
Gather,Present,We,We gather,em kum di bîn,ئەم كوم د بین
Gather,Present,You (pl.),You gather,hîn kum di bin,ھین كوم د بن
Gather,Present,They,They gather,ew kum di bin,ئەو كوم د بن
Gather,Future,I,I will gather,&lt;Not Used&gt;,نە
Gather,Future,You,You will gather,&lt;Not Used&gt;,نە
Gather,Future,He/She,He/She will gather,&lt;Not Used&gt;,نە
Gather,Future,We,We will gather,em dê kum bîn,ئەم دێ كوم بین
Gather,Future,You (pl.),You will gather,hîn dê kum bin,ھین دێ كوم بن
Gather,Future,They,They will gather,ew dê kum bin,ئەو دێ كوم بن
Gather Something,Past,I,I gathered, ez kum kirim,ئەز كوم كرم
Gather Something,Past,You,You gathered, tu kum kirî,تو كوم كری
Gather Something,Past,He/She,He/She gathered, ew kir,ئەو كر
Gather Something,Past,We,We gathered, em kum kirîn,ئەم كوم كرین
Gather Something,Past,You (pl.),You gathered, hîn kum kirin,ھین كوم كرن
Gather Something,Past,They,They gathered, ew kum kirin,ئەو كوم كرن
Gather Something,Present,I,I gather,ez  kum di kem,ئەز كوم د كەم
Gather Something,Present,You,You gather,tu  kum di key,تو كوم د كەی
Gather Something,Present,He/She,He/She gathers,ew  kum di ket,ئەو كوم د كەت
Gather Something,Present,We,We gather,em  kum di keyn,ئەم كوم د كەین
Gather Something,Present,You (pl.),You gather,hîn  kum di ken,ھین كوم د كەن
Gather Something,Present,They,They gather,ew  kum di ken,ئەو كوم د كەن
Gather Something,Future,I,I will gather,ez dê  kum kem,ئەز دێ كوم كەم
Gather Something,Future,You,You will gather,tu dê  kum key,تو دێ كوم كەی
Gather Something,Future,He/She,He/She will gather,ew dê  kum ket,ئەو دێ كوم كەت
Gather Something,Future,We,We will gather,em dê  kum keyn,ئەم دێ كوم كەین
Gather Something,Future,You (pl.),You will gather,hîn dê  kum ken,ھین دێ كوم كەن
Gather Something,Future,They,They will gather,ew dê  kum ken,ئەو دێ كوم كەن
Get,Past,I,I got,min  wer girt,من وەر گرت
Get,Past,You,You got,te  wer girt,تە وەر گرت
Get,Past,He/She,He/She got,ewî/ewê  wer girt,ئەوی/ئەوێ وەر گرت
Get,Past,We,We got,me  wer girt,مە وەر گرت
Get,Past,You (pl.),You got,hewe  wer girt,ھەوە وەر گرت
Get,Past,They,They got,ewan  wer girt,ئەوان وەر گرت
Get,Present,I,I get,ez  wer di girim,ئەز وەر د گرم
Get,Present,You,You get,tu  wer di girî,تو وەر د گری
Get,Present,He/She,He/She gets,ew  wer di girit,ئەو وەر د گریت
Get,Present,We,We get,em  wer di girîn,ئەم وەر د گرین
Get,Present,You (pl.),You get,hîn  wer di girin,ھین وەر د گرن
Get,Present,They,They get,ew  wer di girin,ئەو وەر د گرن
Get,Future,I,I will get,ez dê  wer girim,ئەز دێ وەر گرم
Get,Future,You,You will get,tu dê  wer girî,تو دێ وەر گری
Get,Future,He/She,He/She will get,ew dê  wer girit,ئەو دێ وەر گریت
Get,Future,We,We will get,em dê  wer girîn,ئەم دێ وەر گرین
Get,Future,You (pl.),You will get,hîn dê  wer girin,ھین دێ وەر گرن
Get,Future,They,They will get,ew dê  wer girin,ئەو دێ وەر گرن
Get Ready,Past,I,I got ready, ez ḧazir kirim,ئەز حازر كرم
Get Ready,Past,You,You got ready, tu ḧazir kirî,تو حازر كری
Get Ready,Past,He/She,He/She got ready, ew ḧazir kir,ئەو حازر كر
Get Ready,Past,We,We got ready, em ḧazir kirîn,ئەم حازر كرین
Get Ready,Past,You (pl.),You got ready, hîn ḧazir kirin,ھین حازر كرن
Get Ready,Past,They,They got ready, ew ḧazir kirin,ئەو حازر كرن
Get Ready,Present,I,I get ready,ez  ḧazir di kem,ئەز حازر د كەم
Get Ready,Present,You,You get ready,tu  ḧazir di key,تو حازر د كەی
Get Ready,Present,He/She,He/She gets ready,ew  ḧazir di ket,ئەو حازر د كەت
Get Ready,Present,We,We get ready,em  ḧazir di keyn,ئەم حازر د كەین
Get Ready,Present,You (pl.),You get ready,hîn  ḧazir di ken,ھین حازر د كەن
Get Ready,Present,They,They get ready,ew  ḧazir di ken,ئەو حازر د كەن
Get Ready,Future,I,I will get ready,ez dê  ḧazir kem,ئەز دێ حازر كەم
Get Ready,Future,You,You will get ready,tu dê  ḧazir key,تو دێ حازر كەی
Get Ready,Future,He/She,He/She will get ready,ew dê  ḧazir ket,ئەو دێ حازر كەت
Get Ready,Future,We,We will get ready,em dê  ḧazir keyn,ئەم دێ حازر كەین
Get Ready,Future,You (pl.),You will get ready,hîn dê  ḧazir ken,ھین دێ حازر كەن
Get Ready,Future,They,They will get ready,ew dê  ḧazir ken,ئەو دێ حازر كەن
Get Stuck,Past,I,I got stuck,ez asê bum,ئەز ئاسێ بوم
Get Stuck,Past,You,You got stuck,tu asê buî,تو ئاسێ بوی
Get Stuck,Past,He/She,He/She got stuck,ew asê bu,ئەو ئاسێ بو
Get Stuck,Past,We,We got stuck,em asê buîn,ئەم ئاسێ بوین
Get Stuck,Past,You (pl.),You got stuck,hîn asê bun,ھین ئاسێ بون
Get Stuck,Past,They,They got stuck,ew asê bun,ئەو ئاسێ بون
Get Stuck,Present,I,I get stuck,ez asê di bim,ئەز ئاسێ د بم
Get Stuck,Present,You,You get stuck,tu asê di bî,تو ئاسێ د بی
Get Stuck,Present,He/She,He/She gets stuck,ew asê di bit,ئەو ئاسێ د بیت
Get Stuck,Present,We,We get stuck,em asê di bîn,ئەم ئاسێ د بین
Get Stuck,Present,You (pl.),You get stuck,hîn asê di bin,ھین ئاسێ د بن
Get Stuck,Present,They,They get stuck,ew asê di bin,ئەو ئاسێ د بن
Get Stuck,Future,I,I will get stuck,ez dê asê bim,ئەز دێ ئاسێ بم
Get Stuck,Future,You,You will get stuck,tu dê asê bî,تو دێ ئاسێ بی
Get Stuck,Future,He/She,He/She will get stuck,ew dê asê bit,ئەو دێ ئاسێ بیت
Get Stuck,Future,We,We will get stuck,em dê asê bîn,ئەم دێ ئاسێ بین
Get Stuck,Future,You (pl.),You will get stuck,hîn dê asê bin,ھین دێ ئاسێ بن
Get Stuck,Future,They,They will get stuck,ew dê asê bin,ئەو دێ ئاسێ بن
Give,Past,I,I gave,min  da (vi) ,من دا
Give,Past,You,You gave,te  da (vi) ,تە دا
Give,Past,He/She,He/She gave,ewî/ewê  da (vi) ,ئەوی/ئەوێ دا
Give,Past,We,We gave,me  da (vi) ,مە دا
Give,Past,You (pl.),You gave,hewe  da (vi) ,ھەوە دا
Give,Past,They,They gave,ewan  da (vi) ,ئەوان دا
Give,Present,I,I give,ez  di dem(e (vi) OW),ئەز د دەم
Give,Present,You,You give,tu  di dey(e (vi) OW),تو د دەی
Give,Present,He/She,He/She gives,ew  di det(e (vi) OW),ئەو د دەت
Give,Present,We,We give,em  di deyn(e (vi) OW),ئەم د دەین
Give,Present,You (pl.),You give,hîn  di den(e (vi) OW),ھین د دەن
Give,Present,They,They give,ew  di den(e (vi) OW),ئەو د دەن
Give,Future,I,I will give,ez dê  dem(e (vi) OW),ئەز دێ دەم
Give,Future,You,You will give,tu dê  dey(e (vi) OW),تو دێ دەی
Give,Future,He/She,He/She will give,ew dê  det(e (vi) OW),ئەو دێ دەت
Give,Future,We,We will give,em dê  deyn(e (vi) OW),ئەم دێ دەین
Give,Future,You (pl.),You will give,hîn dê  den(e (vi) OW),ھین دێ دەن
Give,Future,They,They will give,ew dê  den(e (vi) OW),ئەو دێ دەن
Give A Shot,Past,I,I gave a shot,min şranqa (bu OW) dana,من شرانقا دانا
Give A Shot,Past,You,You gave a shot,te şranqa (bu OW) dana,تە شرانقا دانا
Give A Shot,Past,He/She,He/She gave a shot,ewî/ewê şranqa (bu OW) dana,ئەوی/ئەوێ شرانقا دانا
Give A Shot,Past,We,We gave a shot,me şranqa (bu OW) dana,مە شرانقا دانا
Give A Shot,Past,You (pl.),You gave a shot,hewe şranqa (bu OW) dana,ھەوە شرانقا دانا
Give A Shot,Past,They,They gave a shot,ewan şranqa (bu OW) dana,ئەوان شرانقا دانا
Give A Shot,Present,I,I give a shot,ez şranqê (bu OW) di danim,ئەز شرانقێ د دانم
Give A Shot,Present,You,You give a shot,tu şranqê (bu OW) di danî,تو شرانقێ د دانی
Give A Shot,Present,He/She,He/She gives a shot,ew şranqê (bu OW) di danit,ئەو شرانقێ د دانیت
Give A Shot,Present,We,We give a shot,em şranqê (bu OW) di danîn,ئەم شرانقێ د دانین
Give A Shot,Present,You (pl.),You give a shot,hîn şranqê (bu OW) di danin,ھین شرانقێ د دانن
Give A Shot,Present,They,They give a shot,ew şranqê (bu OW) di danin,ئەو شرانقێ د دانن
Give A Shot,Future,I,I will give a shot,ez dê şranqê (bu OW) danim,ئەز دێ شرانقێ دانم
Give A Shot,Future,You,You will give a shot,tu dê şranqê (bu OW) danî,تو دێ شرانقێ دانی
Give A Shot,Future,He/She,He/She will give a shot,ew dê şranqê (bu OW) danit,ئەو دێ شرانقێ دانیت
Give A Shot,Future,We,We will give a shot,em dê şranqê (bu OW) danîn,ئەم دێ شرانقێ دانین
Give A Shot,Future,You (pl.),You will give a shot,hîn dê şranqê (bu OW) danin,ھین دێ شرانقێ دانن
Give A Shot,Future,They,They will give a shot,ew dê şranqê (bu OW) danin,ئەو دێ شرانقێ دانن
Go,Past,I,I went,ez çum,ئەز چوم
Go,Past,You,You went,tu çuî,تو چوی
Go,Past,He/She,He/She went,ew çu,ئەو چو
Go,Past,We,We went,em çuîn,ئەم چوین
Go,Past,You (pl.),You went,hîn çun,ھین چون
Go,Past,They,They went,ew çun,ئەو چون
Go,Present,I,I go,ez di çim,ئەز د چم
Go,Present,You,You go,tu di çî,تو د چی
Go,Present,He/She,He/She goes,ew di çit,ئەو د چیت
Go,Present,We,We go,em di çîn,ئەم د چین
Go,Present,You (pl.),You go,hîn di çin,ھین د چن
Go,Present,They,They go,ew di çin,ئەو د چن
Go,Future,I,I will go,ez dê çim,ئەز دێ چم
Go,Future,You,You will go,tu dê çî,تو دێ چی
Go,Future,He/She,He/She will go,ew dê çit,ئەو دێ چیت
Go,Future,We,We will go,em dê çîn,ئەم دێ چین
Go,Future,You (pl.),You will go,hîn dê çin,ھین دێ چن
Go,Future,They,They will go,ew dê çin,ئەو دێ چن
Go Fishing,Past,I,I went fishing,ez çume masîya,ئەز چومە ماسییا
Go Fishing,Past,You,You went fishing,tu çuîye masîya,تو چوییە ماسییا
Go Fishing,Past,He/She,He/She went fishing,ew çuye masîya,ئەو چویە ماسییا
Go Fishing,Past,We,We went fishing,em çuîne masîya,ئەم چوینە ماسییا
Go Fishing,Past,You (pl.),You went fishing,hîn çune masîya,ھین چونە ماسییا
Go Fishing,Past,They,They went fishing,ew çune masîya,ئەو چونە ماسییا
Go Fishing,Present,I,I go fishing,ez di çime masîya,ئەز د چمە ماسییا
Go Fishing,Present,You,You go fishing,tu di çîye masîya,تو د چییە ماسییا
Go Fishing,Present,He/She,He/She goes fishing,ew di çite masîya,ئەو د چتە ماسییا
Go Fishing,Present,We,We go fishing,em di çîne masîya,ئەم د چینە ماسییا
Go Fishing,Present,You (pl.),You go fishing,hîn di çine masîya,ھین د چنە ماسییا
Go Fishing,Present,They,They go fishing,ew di çine masîya,ئەو د چنە ماسییا
Go Fishing,Future,I,I will go fishing,ez dê çime masîya,ئەز دێ چمە ماسییا
Go Fishing,Future,You,You will go fishing,tu dê çîye masîya,تو دێ چییە ماسییا
Go Fishing,Future,He/She,He/She will go fishing,ew dê çite masîya,ئەو دێ چتە ماسییا
Go Fishing,Future,We,We will go fishing,em dê çîne masîya,ئەم دێ چینە ماسییا
Go Fishing,Future,You (pl.),You will go fishing,hîn dê çine masîya,ھین دێ چنە ماسییا
Go Fishing,Future,They,They will go fishing,ew dê çine masîya,ئەو دێ چنە ماسییا
Go Hunting,Past,I,I went hunting,ez çume nêçîrê,ئەز چومە نێچیرێ
Go Hunting,Past,You,You went hunting,tu çuîye nêçîrê,تو چوییە نێچیرێ
Go Hunting,Past,He/She,He/She went hunting,ew çuye nêçîrê,ئەو چویە نێچیرێ
Go Hunting,Past,We,We went hunting,em çuîne nêçîrê,ئەم چوینە نێچیرێ
Go Hunting,Past,You (pl.),You went hunting,hîn çune nêçîrê,ھین چونە نێچیرێ
Go Hunting,Past,They,They went hunting,ew çune nêçîrê,ئەو چونە نێچیرێ
Go Hunting,Present,I,I go hunting,ez di çime nêçîrê,ئەز د چمە نێچیرێ
Go Hunting,Present,You,You go hunting,tu di çîye nêçîrê,تو د چییە نێچیرێ
Go Hunting,Present,He/She,He/She goes hunting,ew di çite nêçîrê,ئەو د چتە نێچیرێ
Go Hunting,Present,We,We go hunting,em di çîne nêçîrê,ئەم د چینە نێچیرێ
Go Hunting,Present,You (pl.),You go hunting,hîn di çine nêçîrê,ھین د چنە نێچیرێ
Go Hunting,Present,They,They go hunting,ew di çine nêçîrê,ئەو د چنە نێچیرێ
Go Hunting,Future,I,I will go hunting,ez dê çime nêçîrê,ئەز دێ چمە نێچیرێ
Go Hunting,Future,You,You will go hunting,tu dê çîye nêçîrê,تو دێ چییە نێچیرێ
Go Hunting,Future,He/She,He/She will go hunting,ew dê çite nêçîrê,ئەو دێ چتە نێچیرێ
Go Hunting,Future,We,We will go hunting,em dê çîne nêçîrê,ئەم دێ چینە نێچیرێ
Go Hunting,Future,You (pl.),You will go hunting,hîn dê çine nêçîrê,ھین دێ چنە نێچیرێ
Go Hunting,Future,They,They will go hunting,ew dê çine nêçîrê,ئەو دێ چنە نێچیرێ
Go In(to),Past,I,I went In(to),ez çume di (nav)  da/ve,ئەز چومە د دا/ڤە
Go In(to),Past,You,You went In(to),tu çuîye di (nav)  da/ve,تو چوییە د دا/ڤە
Go In(to),Past,He/She,He/She went In(to),ew çuye di (nav)  da/ve,ئەو چویە د دا/ڤە
Go In(to),Past,We,We went In(to),em çuîne di (nav)  da/ve,ئەم چوینە د دا/ڤە
Go In(to),Past,You (pl.),You went In(to),hîn çune di (nav)  da/ve,ھین چونە د دا/ڤە
Go In(to),Past,They,They went In(to),ew çune di (nav)  da/ve,ئەو چونە د دا/ڤە
Go In(to),Present,I,I go in(to),ez di çime di (nav)  da/ve,ئەز د چمە د دا/ڤە
Go In(to),Present,You,You go in(to),tu di çîye di (nav)  da/ve,تو د چییە د دا/ڤە
Go In(to),Present,He/She,He/She goes in(to),ew di çite di (nav)  da/ve,ئەو د چتە د دا/ڤە
Go In(to),Present,We,We go in(to),em di çîne di (nav)  da/ve,ئەم د چینە د دا/ڤە
Go In(to),Present,You (pl.),You go in(to),hîn di çine di (nav)  da/ve,ھین د چنە د دا/ڤە
Go In(to),Present,They,They go in(to),ew di çine di (nav)  da/ve,ئەو د چنە د دا/ڤە
Go In(to),Future,I,I will go in(to),ez dê çime di (nav)  da/ve,ئەز دێ چمە د دا/ڤە
Go In(to),Future,You,You will go in(to),tu dê çîye di (nav)  da/ve,تو دێ چییە د دا/ڤە
Go In(to),Future,He/She,He/She will go in(to),ew dê çite di (nav)  da/ve,ئەو دێ چتە د دا/ڤە
Go In(to),Future,We,We will go in(to),em dê çîne di (nav)  da/ve,ئەم دێ چینە د دا/ڤە
Go In(to),Future,You (pl.),You will go in(to),hîn dê çine di (nav)  da/ve,ھین دێ چنە د دا/ڤە
Go In(to),Future,They,They will go in(to),ew dê çine di (nav)  da/ve,ئەو دێ چنە د دا/ڤە
Go Out,Past,I,I went out,min dêr ket,من دێر كەت
Go Out,Past,You,You went out,te dêr ket,تە دێر كەت
Go Out,Past,He/She,He/She went out,ewî/ewê dêr ket,ئەوی/ئەوێ دێر كەت
Go Out,Past,We,We went out,me dêr ket,مە دێر كەت
Go Out,Past,You (pl.),You went out,hewe dêr ket,ھەوە دێر كەت
Go Out,Past,They,They went out,ewan dêr ket,ئەوان دێر كەت
Go Out,Present,I,I go out,ez di dêr kevim,ئەز د دێر كەڤم
Go Out,Present,You,You go out,tu di dêr kevî,تو د دێر كەڤی
Go Out,Present,He/She,He/She goes out,ew di dêr kevit,ئەو د دێر كەڤیت
Go Out,Present,We,We go out,em di dêr kevîn,ئەم د دێر كەڤین
Go Out,Present,You (pl.),You go out,hîn di dêr kevin,ھین د دێر كەڤن
Go Out,Present,They,They go out,ew di dêr kevin,ئەو د دێر كەڤن
Go Out,Future,I,I will go out,ez dê dêr kevim,ئەز دێ دێر كەڤم
Go Out,Future,You,You will go out,tu dê dêr kevî,تو دێ دێر كەڤی
Go Out,Future,He/She,He/She will go out,ew dê dêr kevit,ئەو دێ دێر كەڤیت
Go Out,Future,We,We will go out,em dê dêr kevîn,ئەم دێ دێر كەڤین
Go Out,Future,You (pl.),You will go out,hîn dê dêr kevin,ھین دێ دێر كەڤن
Go Out,Future,They,They will go out,ew dê dêr kevin,ئەو دێ دێر كەڤن
Gossip,Past,I,I gossiped,min ''eybet kir,من غەیبەت كر
Gossip,Past,You,You gossiped,te ''eybet kir,تە غەیبەت كر
Gossip,Past,He/She,He/She gossiped,ewî/ewê ''eybet kir,ئەوی/ئەوێ غەیبەت كر
Gossip,Past,We,We gossiped,me ''eybet kir,مە غەیبەت كر
Gossip,Past,You (pl.),You gossiped,hewe ''eybet kir,ھەوە غەیبەت كر
Gossip,Past,They,They gossiped,ewan ''eybet kir,ئەوان غەیبەت كر
Gossip,Present,I,I gossip,ez ''eybetê di kem,ئەز غەیبەتێ د كەم
Gossip,Present,You,You gossip,tu ''eybetê di key,تو غەیبەتێ د كەی
Gossip,Present,He/She,He/She gossips,ew ''eybetê di ket,ئەو غەیبەتێ د كەت
Gossip,Present,We,We gossip,em ''eybetê di keyn,ئەم غەیبەتێ د كەین
Gossip,Present,You (pl.),You gossip,hîn ''eybetê di ken,ھین غەیبەتێ د كەن
Gossip,Present,They,They gossip,ew ''eybetê di ken,ئەو غەیبەتێ د كەن
Gossip,Future,I,I will gossip,ez dê ''eybetê kem,ئەز دێ غەیبەتێ كەم
Gossip,Future,You,You will gossip,tu dê ''eybetê key,تو دێ غەیبەتێ كەی
Gossip,Future,He/She,He/She will gossip,ew dê ''eybetê ket,ئەو دێ غەیبەتێ كەت
Gossip,Future,We,We will gossip,em dê ''eybetê keyn,ئەم دێ غەیبەتێ كەین
Gossip,Future,You (pl.),You will gossip,hîn dê ''eybetê ken,ھین دێ غەیبەتێ كەن
Gossip,Future,They,They will gossip,ew dê ''eybetê ken,ئەو دێ غەیبەتێ كەن
Govern,Past,I,I governed,min seytere kir,من سەیتەرە كر
Govern,Past,You,You governed,te seytere kir,تە سەیتەرە كر
Govern,Past,He/She,He/She governed,ewî/ewê seytere kir,ئەوی/ئەوێ سەیتەرە كر
Govern,Past,We,We governed,me seytere kir,مە سەیتەرە كر
Govern,Past,You (pl.),You governed,hewe seytere kir,ھەوە سەیتەرە كر
Govern,Past,They,They governed,ewan seytere kir,ئەوان سەیتەرە كر
Govern,Present,I,I govern,ez seytere di kem,ئەز سەیتەرە د كەم
Govern,Present,You,You govern,tu seytere di key,تو سەیتەرە د كەی
Govern,Present,He/She,He/She governs,ew seytere di ket,ئەو سەیتەرە د كەت
Govern,Present,We,We govern,em seytere di keyn,ئەم سەیتەرە د كەین
Govern,Present,You (pl.),You govern,hîn seytere di ken,ھین سەیتەرە د كەن
Govern,Present,They,They govern,ew seytere di ken,ئەو سەیتەرە د كەن
Govern,Future,I,I will govern,ez dê seytere kem,ئەز دێ سەیتەرە كەم
Govern,Future,You,You will govern,tu dê seytere key,تو دێ سەیتەرە كەی
Govern,Future,He/She,He/She will govern,ew dê seytere ket,ئەو دێ سەیتەرە كەت
Govern,Future,We,We will govern,em dê seytere keyn,ئەم دێ سەیتەرە كەین
Govern,Future,You (pl.),You will govern,hîn dê seytere ken,ھین دێ سەیتەرە كەن
Govern,Future,They,They will govern,ew dê seytere ken,ئەو دێ سەیتەرە كەن
Govern Something,Past,I,I governed,min seytere li ser  di kir,من سەیتەرە ل سەر د كر
Govern Something,Past,You,You governed,te seytere li ser  di kir,تە سەیتەرە ل سەر د كر
Govern Something,Past,He/She,He/She governed,ewî/ewê seytere li ser  di kir,ئەوی/ئەوێ سەیتەرە ل سەر د كر
Govern Something,Past,We,We governed,me seytere li ser  di kir,مە سەیتەرە ل سەر د كر
Govern Something,Past,You (pl.),You governed,hewe seytere li ser  di kir,ھەوە سەیتەرە ل سەر د كر
Govern Something,Past,They,They governed,ewan seytere li ser  di kir,ئەوان سەیتەرە ل سەر د كر
Govern Something,Present,I,I govern,ez seyterê li ser  di kem,ئەز سەیتەرێ ل سەر د كەم
Govern Something,Present,You,You govern,tu seyterê li ser  di key,تو سەیتەرێ ل سەر د كەی
Govern Something,Present,He/She,He/She governs,ew seyterê li ser  di ket,ئەو سەیتەرێ ل سەر د كەت
Govern Something,Present,We,We govern,em seyterê li ser  di keyn,ئەم سەیتەرێ ل سەر د كەین
Govern Something,Present,You (pl.),You govern,hîn seyterê li ser  di ken,ھین سەیتەرێ ل سەر د كەن
Govern Something,Present,They,They govern,ew seyterê li ser  di ken,ئەو سەیتەرێ ل سەر د كەن
Govern Something,Future,I,I will govern,ez dê seyterê li ser  kem,ئەز دێ سەیتەرێ ل سەر كەم
Govern Something,Future,You,You will govern,tu dê seyterê li ser  key,تو دێ سەیتەرێ ل سەر كەی
Govern Something,Future,He/She,He/She will govern,ew dê seyterê li ser  ket,ئەو دێ سەیتەرێ ل سەر كەت
Govern Something,Future,We,We will govern,em dê seyterê li ser  keyn,ئەم دێ سەیتەرێ ل سەر كەین
Govern Something,Future,You (pl.),You will govern,hîn dê seyterê li ser  ken,ھین دێ سەیتەرێ ل سەر كەن
Govern Something,Future,They,They will govern,ew dê seyterê li ser  ken,ئەو دێ سەیتەرێ ل سەر كەن
Grade,Past,I,I graded,min  taslîḧ kir,من تاسلیح كر
Grade,Past,You,You graded,te  taslîḧ kir,تە تاسلیح كر
Grade,Past,He/She,He/She graded,ewî/ewê  taslîḧ kir,ئەوی/ئەوێ تاسلیح كر
Grade,Past,We,We graded,me  taslîḧ kir,مە تاسلیح كر
Grade,Past,You (pl.),You graded,hewe  taslîḧ kir,ھەوە تاسلیح كر
Grade,Past,They,They graded,ewan  taslîḧ kir,ئەوان تاسلیح كر
Grade,Present,I,I grade,ez  taslîḧ di kem,ئەز تاسلیح د كەم
Grade,Present,You,You grade,tu  taslîḧ di key,تو تاسلیح د كەی
Grade,Present,He/She,He/She grades,ew  taslîḧ di ket,ئەو تاسلیح د كەت
Grade,Present,We,We grade,em  taslîḧ di keyn,ئەم تاسلیح د كەین
Grade,Present,You (pl.),You grade,hîn  taslîḧ di ken,ھین تاسلیح د كەن
Grade,Present,They,They grade,ew  taslîḧ di ken,ئەو تاسلیح د كەن
Grade,Future,I,I will grade,ez dê  taslîḧ kem,ئەز دێ تاسلیح كەم
Grade,Future,You,You will grade,tu dê  taslîḧ key,تو دێ تاسلیح كەی
Grade,Future,He/She,He/She will grade,ew dê  taslîḧ ket,ئەو دێ تاسلیح كەت
Grade,Future,We,We will grade,em dê  taslîḧ keyn,ئەم دێ تاسلیح كەین
Grade,Future,You (pl.),You will grade,hîn dê  taslîḧ ken,ھین دێ تاسلیح كەن
Grade,Future,They,They will grade,ew dê  taslîḧ ken,ئەو دێ تاسلیح كەن
Graft,Past,I,I grafted,min  pîk kir,من پیك كر
Graft,Past,You,You grafted,te  pîk kir,تە پیك كر
Graft,Past,He/She,He/She grafted,ewî/ewê  pîk kir,ئەوی/ئەوێ پیك كر
Graft,Past,We,We grafted,me  pîk kir,مە پیك كر
Graft,Past,You (pl.),You grafted,hewe  pîk kir,ھەوە پیك كر
Graft,Past,They,They grafted,ewan  pîk kir,ئەوان پیك كر
Graft,Present,I,I graft,ez  pîk di kem,ئەز پیك د كەم
Graft,Present,You,You graft,tu  pîk di key,تو پیك د كەی
Graft,Present,He/She,He/She grafts,ew  pîk di ket,ئەو پیك د كەت
Graft,Present,We,We graft,em  pîk di keyn,ئەم پیك د كەین
Graft,Present,You (pl.),You graft,hîn  pîk di ken,ھین پیك د كەن
Graft,Present,They,They graft,ew  pîk di ken,ئەو پیك د كەن
Graft,Future,I,I will graft,ez dê  pîk kem,ئەز دێ پیك كەم
Graft,Future,You,You will graft,tu dê  pîk key,تو دێ پیك كەی
Graft,Future,He/She,He/She will graft,ew dê  pîk ket,ئەو دێ پیك كەت
Graft,Future,We,We will graft,em dê  pîk keyn,ئەم دێ پیك كەین
Graft,Future,You (pl.),You will graft,hîn dê  pîk ken,ھین دێ پیك كەن
Graft,Future,They,They will graft,ew dê  pîk ken,ئەو دێ پیك كەن
Grate,Past,I,I grated,min  hîr kir,من ھیر كر
Grate,Past,You,You grated,te  hîr kir,تە ھیر كر
Grate,Past,He/She,He/She grated,ewî/ewê  hîr kir,ئەوی/ئەوێ ھیر كر
Grate,Past,We,We grated,me  hîr kir,مە ھیر كر
Grate,Past,You (pl.),You grated,hewe  hîr kir,ھەوە ھیر كر
Grate,Past,They,They grated,ewan  hîr kir,ئەوان ھیر كر
Grate,Present,I,I grate,ez  hîr di kem,ئەز ھیر د كەم
Grate,Present,You,You grate,tu  hîr di key,تو ھیر د كەی
Grate,Present,He/She,He/She grates,ew  hîr di ket,ئەو ھیر د كەت
Grate,Present,We,We grate,em  hîr di keyn,ئەم ھیر د كەین
Grate,Present,You (pl.),You grate,hîn  hîr di ken,ھین ھیر د كەن
Grate,Present,They,They grate,ew  hîr di kwn,ئەو ھیر د كون
Grate,Future,I,I will grate,ez dê  hîr kem,ئەز دێ ھیر كەم
Grate,Future,You,You will grate,tu dê  hîr key,تو دێ ھیر كەی
Grate,Future,He/She,He/She will grate,ew dê  hîr ket,ئەو دێ ھیر كەت
Grate,Future,We,We will grate,em dê  hîr keyn,ئەم دێ ھیر كەین
Grate,Future,You (pl.),You will grate,hîn dê  hîr ken,ھین دێ ھیر كەن
Grate,Future,They,They will grate,ew dê  hîr ken,ئەو دێ ھیر كەن
Grind,Past,I,I ground,min  hîr kir,من ھیر كر
Grind,Past,You,You ground,te  hîr kir,تە ھیر كر
Grind,Past,He/She,He/She ground,ewî/ewê  hîr kir,ئەوی/ئەوێ ھیر كر
Grind,Past,We,We ground,me  hîr kir,مە ھیر كر
Grind,Past,You (pl.),You ground,hewe  hîr kir,ھەوە ھیر كر
Grind,Past,They,They ground,ewan  hîr kir,ئەوان ھیر كر
Grind,Present,I,I grind,ez  hîr di kem,ئەز ھیر د كەم
Grind,Present,You,You grind,tu  hîr di key,تو ھیر د كەی
Grind,Present,He/She,He/She grinds,ew  hîr di ket,ئەو ھیر د كەت
Grind,Present,We,We grind,em  hîr di keyn,ئەم ھیر د كەین
Grind,Present,You (pl.),You grind,hîn  hîr di ken,ھین ھیر د كەن
Grind,Present,They,They grind,ew  hîr di kwn,ئەو ھیر د كون
Grind,Future,I,I will grind,ez dê  hîr kem,ئەز دێ ھیر كەم
Grind,Future,You,You will grind,tu dê  hîr key,تو دێ ھیر كەی
Grind,Future,He/She,He/She will grind,ew dê  hîr ket,ئەو دێ ھیر كەت
Grind,Future,We,We will grind,em dê  hîr keyn,ئەم دێ ھیر كەین
Grind,Future,You (pl.),You will grind,hîn dê  hîr ken,ھین دێ ھیر كەن
Grind,Future,They,They will grind,ew dê  hîr ken,ئەو دێ ھیر كەن
Grow,Past,I,I grew,ez mazun bum,ئەز مازون بوم
Grow,Past,You,You grew,tu mazun buî,تو مازون بوی
Grow,Past,He/She,He/She grew,ew mazun bu,ئەو مازون بو
Grow,Past,We,We grew,em mazun buîn,ئەم مازون بوین
Grow,Past,You (pl.),You grew,hîn mazun bun,ھین مازون بون
Grow,Past,They,They grew,ew mazun bun,ئەو مازون بون
Grow,Present,I,I grow,ez mazun di bim,ئەز مازون د بم
Grow,Present,You,You grow,tu mazun di bî,تو مازون د بی
Grow,Present,He/She,He/She grows,ew mazun di bit,ئەو مازون د بیت
Grow,Present,We,We grow,em mazun di bîn,ئەم مازون د بین
Grow,Present,You (pl.),You grow,hîn mazun di bin,ھین مازون د بن
Grow,Present,They,They grow,ew mazun di bin,ئەو مازون د بن
Grow,Future,I,I will grow,ez dê mazun bim,ئەز دێ مازون بم
Grow,Future,You,You will grow,tu dê mazun bî,تو دێ مازون بی
Grow,Future,He/She,He/She will grow,ew dê mazun bit,ئەو دێ مازون بیت
Grow,Future,We,We will grow,em dê mazun bîn,ئەم دێ مازون بین
Grow,Future,You (pl.),You will grow,hîn dê mazun bin,ھین دێ مازون بن
Grow,Future,They,They will grow,ew dê mazun bin,ئەو دێ مازون بن
Grow Something,Past,I,I grew,min  mazun kir,من مازون كر
Grow Something,Past,You,You grew,te  mazun kir,تە مازون كر
Grow Something,Past,He/She,He/She grew,ewî/ewê  mazun kir,ئەوی/ئەوێ مازون كر
Grow Something,Past,We,We grew,me  mazun kir,مە مازون كر
Grow Something,Past,You (pl.),You grew,hewe  mazun kir,ھەوە مازون كر
Grow Something,Past,They,They grew,ewan  mazun kir,ئەوان مازون كر
Grow Something,Present,I,I grow,ez  mazun di kem,ئەز مازون د كەم
Grow Something,Present,You,You grow,tu  mazun di key,تو مازون د كەی
Grow Something,Present,He/She,He/She grows,ew  mazun di ket,ئەو مازون د كەت
Grow Something,Present,We,We grow,em  mazun di keyn,ئەم مازون د كەین
Grow Something,Present,You (pl.),You grow,hîn  mazun di ken,ھین مازون د كەن
Grow Something,Present,They,They grow,ew  mazun di ken,ئەو مازون د كەن
Grow Something,Future,I,I will grow,ez dê  mazun kem,ئەز دێ مازون كەم
Grow Something,Future,You,You will grow,tu dê  mazun key,تو دێ مازون كەی
Grow Something,Future,He/She,He/She will grow,ew dê  mazun ket,ئەو دێ مازون كەت
Grow Something,Future,We,We will grow,em dê  mazun keyn,ئەم دێ مازون كەین
Grow Something,Future,You (pl.),You will grow,hîn dê  mazun ken,ھین دێ مازون كەن
Grow Something,Future,They,They will grow,ew dê  mazun ken,ئەو دێ مازون كەن
Hang Something,Past,I,I hung,min  hilawîst,من ھلاویست
Hang Something,Past,You,You hung,te  hilawîst,تە ھلاویست
Hang Something,Past,He/She,He/She hung,ewî/ewê  hilawîst,ئەوی/ئەوێ ھلاویست
Hang Something,Past,We,We hung,me  hilawîst,مە ھلاویست
Hang Something,Past,You (pl.),You hung,hewe  hilawîst,ھەوە ھلاویست
Hang Something,Past,They,They hung,ewan  hilawîst,ئەوان ھلاویست
Hang Something,Present,I,I hang,ez  di hilawîsim,ئەز د ھلاویسم
Hang Something,Present,You,You hang,tu  di hilawîsî,تو د ھلاویسی
Hang Something,Present,He/She,He/She hangs,ew  di hilawîsit,ئەو د ھلاویسیت
Hang Something,Present,We,We hang,em  di hilawîsîn,ئەم د ھلاویسین
Hang Something,Present,You (pl.),You hang,hîn  di hilawîsin,ھین د ھلاویسن
Hang Something,Present,They,They hang,ew  di hilawîsin,ئەو د ھلاویسن
Hang Something,Future,I,I will hang,ez dê  hilawîsim,ئەز دێ ھلاویسم
Hang Something,Future,You,You will hang,tu dê  hilawîsî,تو دێ ھلاویسی
Hang Something,Future,He/She,He/She will hang,ew dê  hilawîsit,ئەو دێ ھلاویسیت
Hang Something,Future,We,We will hang,em dê  hilawîsîn,ئەم دێ ھلاویسین
Hang Something,Future,You (pl.),You will hang,hîn dê  hilawîsin,ھین دێ ھلاویسن
Hang Something,Future,They,They will hang,ew dê  hilawîsin,ئەو دێ ھلاویسن
Have,Past,I,I had,min  hebu,من ھەبو
Have,Past,You,You had,te  hebu,تە ھەبو
Have,Past,He/She,He/She had,ewî/ewê  hebu,ئەوی/ئەوێ ھەبو
Have,Past,We,We had,me  hebun,مە ھەبون
Have,Past,You (pl.),You had,hewe  hebun,ھەوە ھەبون
Have,Past,They,They had,ewan  hebun,ئەوان ھەبون
Have,Present,I,I have,min  yê/ya hê/hêye,من یێ/یا هێ/هێیه‌
Have,Present,You,You have,te  yê/ya hê/hêye,تە یێ/یا هێ/هێیه‌
Have,Present,He/She,He/She has,ewî/ewê  yê/ya hê/hêye,ئەوی/ئەوێ یێ/یا هێ/هێیه‌
Have,Present,We,We have,me  yê/ya hê/hene,مە یێ/یا هێ/هه‌نه‌
Have,Present,You (pl.),You have,hewe  yê/ya hê/hene,ھەوە یێ/یا هێ/هه‌نه‌
Have,Present,They,They have,ewan  yê/ya hê/hene,ئەوان یێ/یا هێ/هه‌نه‌
Have,Future,I,I will have,dê min  hebît,دێ من ھەبیت
Have,Future,You,You will have,dê te  hebît,دێ تە ھەبیت
Have,Future,He/She,He/She will have,dê ewî/ewê  hebît,دێ ئەوی/ئەوێ ھەبیت
Have,Future,We,We will have,dê me  hebît/hebin,دێ مە هه‌بیت/هه‌بن
Have,Future,You (pl.),You will have,dê hewe  hebît/hebin,دێ ھەوە هه‌بیت/هه‌بن
Have,Future,They,They will have,dê ewan  hebît/hebin,دێ ئەوان هه‌بیت/هه‌بن
Head Somewhere,Past,I,I headed somewhere,min qesta  kir,من قەستا كر
Head Somewhere,Past,You,You headed somewhere,te qesta  kir,تە قەستا كر
Head Somewhere,Past,He/She,He/She headed somewhere,ewî/ewê qesta  kir,ئەوی/ئەوێ قەستا كر
Head Somewhere,Past,We,We headed somewhere,me qesta  kir,مە قەستا كر
Head Somewhere,Past,You (pl.),You headed somewhere,hewe qesta  kir,ھەوە قەستا كر
Head Somewhere,Past,They,They headed somewhere,ewan qesta  kir,ئەوان قەستا كر
Head Somewhere,Present,I,I head somewhere,ez qesta  di kem,ئەز قەستا د كەم
Head Somewhere,Present,You,You head somewhere,tu qesta  di key,تو قەستا د كەی
Head Somewhere,Present,He/She,He/She heads somewhere,ew qesta  di ket,ئەو قەستا د كەت
Head Somewhere,Present,We,We head somewhere,em qesta  di keyn,ئەم قەستا د كەین
Head Somewhere,Present,You (pl.),You head somewhere,hîn qesta  di ken,ھین قەستا د كەن
Head Somewhere,Present,They,They head somewhere,ew qesta  di ken,ئەو قەستا د كەن
Head Somewhere,Future,I,I will head somewhere,ez dê qesta  kem,ئەز دێ قەستا كەم
Head Somewhere,Future,You,You will head somewhere,tu dê qesta  key,تو دێ قەستا كەی
Head Somewhere,Future,He/She,He/She will head somewhere,ew dê qesta  ket,ئەو دێ قەستا كەت
Head Somewhere,Future,We,We will head somewhere,em dê qesta  keyn,ئەم دێ قەستا كەین
Head Somewhere,Future,You (pl.),You will head somewhere,hîn dê qesta  ken,ھین دێ قەستا كەن
Head Somewhere,Future,They,They will head somewhere,ew dê qesta  ken,ئەو دێ قەستا كەن
Headbutt,Past,I,I headbutted,min qoçek li  da,من قوچەك ل دا
Headbutt,Past,You,You headbutted,te qoçek li  da,تە قوچەك ل دا
Headbutt,Past,He/She,He/She headbutted,ewî/ewê qoçek li  da,ئەوی/ئەوێ قوچەك ل دا
Headbutt,Past,We,We headbutted,me qoçek li  da,مە قوچەك ل دا
Headbutt,Past,You (pl.),You headbutted,hewe qoçek li  da,ھەوە قوچەك ل دا
Headbutt,Past,They,They headbutted,ewan qoçek li  da,ئەوان قوچەك ل دا
Headbutt,Present,I,I headbutt,ez qoçekê li  di dem,ئەز قوچەكێ ل د دەم
Headbutt,Present,You,You headbutt,tu qoçekê li  di dey,تو قوچەكێ ل د دەی
Headbutt,Present,He/She,He/She headbutts,ew qoçekê li  di det,ئەو قوچەكێ ل د دەت
Headbutt,Present,We,We headbutt,em qoçekê li  di deyn,ئەم قوچەكێ ل د دەین
Headbutt,Present,You (pl.),You headbutt,hîn qoçekê li  di den,ھین قوچەكێ ل د دەن
Headbutt,Present,They,They headbutt,ew qoçekê li  di den,ئەو قوچەكێ ل د دەن
Headbutt,Future,I,I will headbutt,ez dê qoçekê li  dem,ئەز دێ قوچەكێ ل دەم
Headbutt,Future,You,You will headbutt,tu dê qoçekê li  dey,تو دێ قوچەكێ ل دەی
Headbutt,Future,He/She,He/She will headbutt,ew dê qoçekê li  det,ئەو دێ قوچەكێ ل دەت
Headbutt,Future,We,We will headbutt,em dê qoçekê li  deyn,ئەم دێ قوچەكێ ل دەین
Headbutt,Future,You (pl.),You will headbutt,hîn dê qoçekê li  den,ھین دێ قوچەكێ ل دەن
Headbutt,Future,They,They will headbutt,ew dê qoçekê li  den,ئەو دێ قوچەكێ ل دەن
Heal,Past,I,I healed, ez sax kirim,ئەز ساخ كرم
Heal,Past,You,You healed, tu sax kirî,تو ساخ كری
Heal,Past,He/She,He/She healed, ew sax kir,ئەو ساخ كر
Heal,Past,We,We healed, em sax kirîn,ئەم ساخ كرین
Heal,Past,You (pl.),You healed, hîn sax kirin,ھین ساخ كرن
Heal,Past,They,They healed, ew sax kirin,ئەو ساخ كرن
Heal,Present,I,I heal,ez  sax di kem,ئەز ساخ د كەم
Heal,Present,You,You heal,tu  sax di key,تو ساخ د كەی
Heal,Present,He/She,He/She heals,ew  sax di ket,ئەو ساخ د كەت
Heal,Present,We,We heal,em  sax di keyn,ئەم ساخ د كەین
Heal,Present,You (pl.),You heal,hîn  sax di ken,ھین ساخ د كەن
Heal,Present,They,They heal,ew  sax di ken,ئەو ساخ د كەن
Heal,Future,I,I will heal,ez dê  sax kem,ئەز دێ ساخ كەم
Heal,Future,You,You will heal,tu dê  sax key,تو دێ ساخ كەی
Heal,Future,He/She,He/She will heal,ew dê  sax ket,ئەو دێ ساخ كەت
Heal,Future,We,We will heal,em dê  sax keyn,ئەم دێ ساخ كەین
Heal,Future,You (pl.),You will heal,hîn dê  sax ken,ھین دێ ساخ كەن
Heal,Future,They,They will heal,ew dê  sax ken,ئەو دێ ساخ كەن
Hear,Past,I,I heard,min guh li  bu,من گوھ ل بو
Hear,Past,You,You heard,te guh li  bu,تە گوھ ل بو
Hear,Past,He/She,He/She heard,ewî/ewê guh li  bu,ئەوی/ئەوێ گوھ ل بو
Hear,Past,We,We heard,me guh li  bu,مە گوھ ل بو
Hear,Past,You (pl.),You heard,hewe guh li  bu,ھەوە گوھ ل بو
Hear,Past,They,They heard,ewan guh li  bu,ئەوان گوھ ل بو
Hear,Present,I,I hear,ez guh li  di bim,ئەز گوھ ل د بم
Hear,Present,You,You hear,tu guh li  di bî,تو گوھ ل د بی
Hear,Present,He/She,He/She hears,ew guh li  di bit,ئەو گوھ ل د بیت
Hear,Present,We,We hear,em guh li  di bîn,ئەم گوھ ل د بین
Hear,Present,You (pl.),You hear,hîn guh li  di bin,ھین گوھ ل د بن
Hear,Present,They,They hear,ew guh li  di bin,ئەو گوھ ل د بن
Hear,Future,I,I will hear,ez dê guh li  bim,ئەز دێ گوھ ل بم
Hear,Future,You,You will hear,tu dê guh li  bî,تو دێ گوھ ل بی
Hear,Future,He/She,He/She will hear,ew dê guh li  bit,ئەو دێ گوھ ل بیت
Hear,Future,We,We will hear,em dê guh li  bîn,ئەم دێ گوھ ل بین
Hear,Future,You (pl.),You will hear,hîn dê guh li  bin,ھین دێ گوھ ل بن
Hear,Future,They,They will hear,ew dê guh li  bin,ئەو دێ گوھ ل بن
Heat Something,Past,I,I heated,min  gerim kir,من گەرم كر
Heat Something,Past,You,You heated,te  gerim kir,تە گەرم كر
Heat Something,Past,He/She,He/She heated,ewî/ewê  gerim kir,ئەوی/ئەوێ گەرم كر
Heat Something,Past,We,We heated,me  gerim kir,مە گەرم كر
Heat Something,Past,You (pl.),You heated,hewe  gerim kir,ھەوە گەرم كر
Heat Something,Past,They,They heated,ewan  gerim kir,ئەوان گەرم كر
Heat Something,Present,I,I heat,ez  gerim di kem,ئەز گەرم د كەم
Heat Something,Present,You,You heat,tu  gerim di key,تو گەرم د كەی
Heat Something,Present,He/She,He/She heats,ew  gerim di ket,ئەو گەرم د كەت
Heat Something,Present,We,We heat,em  gerim di keyn,ئەم گەرم د كەین
Heat Something,Present,You (pl.),You heat,hîn  gerim di ken,ھین گەرم د كەن
Heat Something,Present,They,They heat,ew  gerim di ken,ئەو گەرم د كەن
Heat Something,Future,I,I will heat,ez dê  gerim kem,ئەز دێ گەرم كەم
Heat Something,Future,You,You will heat,tu dê  gerim key,تو دێ گەرم كەی
Heat Something,Future,He/She,He/She will heat,ew dê  gerim ket,ئەو دێ گەرم كەت
Heat Something,Future,We,We will heat,em dê  gerim keyn,ئەم دێ گەرم كەین
Heat Something,Future,You (pl.),You will heat,hîn dê  gerim ken,ھین دێ گەرم كەن
Heat Something,Future,They,They will heat,ew dê  gerim ken,ئەو دێ گەرم كەن
Help,Past,I,I helped,min harîkarîya  kir,من ھاریلارییا كر
Help,Past,You,You helped,te harîkarîya  kir,تە ھاریلارییا كر
Help,Past,He/She,He/She helped,ewî/ewê harîkarîya  kir,ئەوی/ئەوێ ھاریلارییا كر
Help,Past,We,We helped,me harîkarîya  kir,مە ھاریلارییا كر
Help,Past,You (pl.),You helped,hewe harîkarîya  kir,ھەوە ھاریلارییا كر
Help,Past,They,They helped,ewan harîkarîya  kir,ئەوان ھاریلارییا كر
Help,Present,I,I help,ez harîkarîya  di kem,ئەز ھاریلارییا د كەم
Help,Present,You,You help,tu harîkarîya  di key,تو ھاریلارییا د كەی
Help,Present,He/She,He/She helps,ew harîkarîya  di ket,ئەو ھاریلارییا د كەت
Help,Present,We,We help,em harîkarîya  di keyn,ئەم ھاریلارییا د كەین
Help,Present,You (pl.),You help,hîn harîkarîya  di ken,ھین ھاریلارییا د كەن
Help,Present,They,They help,ew harîkarîya  di ken,ئەو ھاریلارییا د كەن
Help,Future,I,I will help,ez dê harîkarîya  kem,ئەز دێ ھاریلارییا كەم
Help,Future,You,You will help,tu dê harîkarîya  key,تو دێ ھاریلارییا كەی
Help,Future,He/She,He/She will help,ew dê harîkarîya  ket,ئەو دێ ھاریلارییا كەت
Help,Future,We,We will help,em dê harîkarîya  keyn,ئەم دێ ھاریلارییا كەین
Help,Future,You (pl.),You will help,hîn dê harîkarîya  ken,ھین دێ ھاریلارییا كەن
Help,Future,They,They will help,ew dê harîkarîya  ken,ئەو دێ ھاریلارییا كەن
Hide,Past,I,I hid, ez veşartim,ئەز ڤەشارتم
Hide,Past,You,You hid, tu veşartî,تو ڤەشارتی
Hide,Past,He/She,He/She hid, ew veşart,ئەو ڤەشارت
Hide,Past,We,We hid, em veşartîn,ئەم ڤەشارتین
Hide,Past,You (pl.),You hid, hîn veşartin,ھین ڤەشارتن
Hide,Past,They,They hid, ew veşartin,ئەو ڤەشارتن
Hide,Present,I,I hide,ez  di veşêrim,ئەز د ڤەشێرم
Hide,Present,You,You hide,tu  di veşêrî,تو د ڤەشێری
Hide,Present,He/She,He/She hides,ew  di veşêrit,ئەو د ڤەشێریت
Hide,Present,We,We hide,em  di veşêrîn,ئەم د ڤەشێرین
Hide,Present,You (pl.),You hide,hîn  di veşêrin,ھین د ڤەشێرن
Hide,Present,They,They hide,ew  di veşêrin,ئەو د ڤەشێرن
Hide,Future,I,I will hide,ez dê  veşêrim,ئەز دێ ڤەشێرم
Hide,Future,You,You will hide,tu dê  veşêrî,تو دێ ڤەشێری
Hide,Future,He/She,He/She will hide,ew dê  veşêrit,ئەو دێ ڤەشێریت
Hide,Future,We,We will hide,em dê  veşêrînn,ئەم دێ ڤەشێرینن
Hide,Future,You (pl.),You will hide,hîn dê  veşêrin,ھین دێ ڤەشێرن
Hide,Future,They,They will hide,ew dê  veşêrin,ئەو دێ ڤەشێرن
Hit,Past,I,I hit, ez qotam,ئەز قوتام
Hit,Past,You,You hit, tu qotaî,تو قوتای
Hit,Past,He/She,He/She hit, ew qota,ئەو قوتا
Hit,Past,We,We hit, em qotaîn,ئەم قوتاین
Hit,Past,You (pl.),You hit, hîn qotan,ھین قوتان
Hit,Past,They,They hit, ew qotan,ئەو قوتان
Hit,Present,I,I hit,ez  di qotim,ئەز د قوتم
Hit,Present,You,You hit,tu  di qotî,تو د قوتی
Hit,Present,He/She,He/She hits,ew  di qotit,ئەو د قوتیت
Hit,Present,We,We hit,em  di qotîn,ئەم د قوتین
Hit,Present,You (pl.),You hit,hîn  di qotin,ھین د قوتن
Hit,Present,They,They hit,ew  di qotin,ئەو د قوتن
Hit,Future,I,I will hit,ez dê  qotim,ئەز دێ قوتم
Hit,Future,You,You will hit,tu dê  qotî,تو دێ قوتی
Hit,Future,He/She,He/She will hit,ew dê  qotit,ئەو دێ قوتیت
Hit,Future,We,We will hit,em dê  qotîn,ئەم دێ قوتین
Hit,Future,You (pl.),You will hit,hîn dê  qotin,ھین دێ قوتن
Hit,Future,They,They will hit,ew dê  qotin,ئەو دێ قوتن
Hold,Past,I,I held, ez hell girtim,ئەز ھەلل گرتم
Hold,Past,You,You held, tu hell girtî,تو ھەلل گرتی
Hold,Past,He/She,He/She held, ew hell girt,ئەو ھەلل گرت
Hold,Past,We,We held, em hell girtîn,ئەم ھەلل گرتین
Hold,Past,You (pl.),You held, hîn hell girtin,ھین ھەلل گرتن
Hold,Past,They,They held, ew hell girtin,ئەو ھەلل گرتن
Hold,Present,I,I hold,ez  hell di girim,ئەز ھەلل د گرم
Hold,Present,You,You hold,tu  hell di girî,تو ھەلل د گری
Hold,Present,He/She,He/She holds,ew  hell di girit,ئەو ھەلل د گریت
Hold,Present,We,We hold,em  hell di girîn,ئەم ھەلل د گرین
Hold,Present,You (pl.),You hold,hîn  hell di girin,ھین ھەلل د گرن
Hold,Present,They,They hold,ew  hell di girin,ئەو ھەلل د گرن
Hold,Future,I,I will hold,ez dê  hell girim,ئەز دێ ھەلل گرم
Hold,Future,You,You will hold,tu dê  hell girî,تو دێ ھەلل گری
Hold,Future,He/She,He/She will hold,ew dê  hell girit,ئەو دێ ھەلل گریت
Hold,Future,We,We will hold,em dê  hell girîn,ئەم دێ ھەلل گرین
Hold,Future,You (pl.),You will hold,hîn dê  hell girin,ھین دێ ھەلل گرن
Hold,Future,They,They will hold,ew dê  hell girin,ئەو دێ ھەلل گرن
Hope,Past,I,I hoped,min hîvî kir,من ھیڤی كر
Hope,Past,You,You hoped,te hîvî kir,تە ھیڤی كر
Hope,Past,He/She,He/She hoped,ewî/ewê hîvî kir,ئەوی/ئەوێ ھیڤی كر
Hope,Past,We,We hoped,me hîvî kir,مە ھیڤی كر
Hope,Past,You (pl.),You hoped,hewe hîvî kir,ھەوە ھیڤی كر
Hope,Past,They,They hoped,ewan hîvî kir,ئەوان ھیڤی كر
Hope,Present,I,I hope,ez hîvî di kem,ئەز ھیڤی د كەم
Hope,Present,You,You hope,tu hîvî di key,تو ھیڤی د كەی
Hope,Present,He/She,He/She hopes,ew hîvî di ket,ئەو ھیڤی د كەت
Hope,Present,We,We hope,em hîvî di keyn,ئەم ھیڤی د كەین
Hope,Present,You (pl.),You hope,hîn hîvî di ken,ھین ھیڤی د كەن
Hope,Present,They,They hope,ew hîvî di ken,ئەو ھیڤی د كەن
Hope,Future,I,I will hope,ez dê hîvî kem,ئەز دێ ھیڤی كەم
Hope,Future,You,You will hope,tu dê hîvî key,تو دێ ھیڤی كەی
Hope,Future,He/She,He/She will hope,ew dê hîvî ket,ئەو دێ ھیڤی كەت
Hope,Future,We,We will hope,em dê hîvî keyn,ئەم دێ ھیڤی كەین
Hope,Future,You (pl.),You will hope,hîn dê hîvî ken,ھین دێ ھیڤی كەن
Hope,Future,They,They will hope,ew dê hîvî ken,ئەو دێ ھیڤی كەن
Humiliate,Past,I,I humiliated,min îhana  kir,من ئیھانا كر
Humiliate,Past,You,You humiliated,te îhana  kir,تە ئیھانا كر
Humiliate,Past,He/She,He/She humiliated,ewî/ewê îhana  kir,ئەوی/ئەوێ ئیھانا كر
Humiliate,Past,We,We humiliated,me îhana  kir,مە ئیھانا كر
Humiliate,Past,You (pl.),You humiliated,hewe îhana  kir,ھەوە ئیھانا كر
Humiliate,Past,They,They humiliated,ewan îhana  kir,ئەوان ئیھانا كر
Humiliate,Present,I,I humiliate,ez îhana  di kem,ئەز ئیھانا د كەم
Humiliate,Present,You,You humiliate,tu îhana  di key,تو ئیھانا د كەی
Humiliate,Present,He/She,He/She humiliates,ew îhana  di ket,ئەو ئیھانا د كەت
Humiliate,Present,We,We humiliate,em îhana  di keyn,ئەم ئیھانا د كەین
Humiliate,Present,You (pl.),You humiliate,hîn îhana  di ken,ھین ئیھانا د كەن
Humiliate,Present,They,They humiliate,ew îhana  di ken,ئەو ئیھانا د كەن
Humiliate,Future,I,I will humiliate,ez dê îhana  kem,ئەز دێ ئیھانا كەم
Humiliate,Future,You,You will humiliate,tu dê îhana  key,تو دێ ئیھانا كەی
Humiliate,Future,He/She,He/She will humiliate,ew dê îhana  ket,ئەو دێ ئیھانا كەت
Humiliate,Future,We,We will humiliate,em dê îhana  keyn,ئەم دێ ئیھانا كەین
Humiliate,Future,You (pl.),You will humiliate,hîn dê îhana  en,ھین دێ ئیھانا ئەن
Humiliate,Future,They,They will humiliate,ew dê îhana  ken,ئەو دێ ئیھانا كەن
Hurt,Past,I,I hurt,ez êşam,ئەز ئێشام
Hurt,Past,You,You hurt,tu êşaî,تو ئێشای
Hurt,Past,He/She,He/She hurt,ew êşa,ئەو ئێشا
Hurt,Past,We,We hurt,em êşaîn,ئەم ئێشاین
Hurt,Past,You (pl.),You hurt,hîn êşan,ھین ئێشان
Hurt,Past,They,They hurt,ew êşan,ئەو ئێشان
Hurt,Present,I,I hurt,ez di êşim,ئەز د ئێشم
Hurt,Present,You,You hurt,tu di êşî,تو د ئێشی
Hurt,Present,He/She,He/She hurts,ew di êşit,ئەو د ئێشیت
Hurt,Present,We,We hurt,em di êşîn,ئەم د ئێشین
Hurt,Present,You (pl.),You hurt,hîn di êşin,ھین د ئێشن
Hurt,Present,They,They hurt,ew di êşin,ئەو د ئێشن
Hurt,Future,I,I will hurt,ez dê êşim,ئەز دێ ئێشم
Hurt,Future,You,You will hurt,tu dê êşî,تو دێ ئێشی
Hurt,Future,He/She,He/She will hurt,ew dê êşit,ئەو دێ ئێشیت
Hurt,Future,We,We will hurt,em dê êşîn,ئەم دێ ئێشین
Hurt,Future,You (pl.),You will hurt,hîn dê êşin,ھین دێ ئێشن
Hurt,Future,They,They will hurt,ew dê êşin,ئەو دێ ئێشن
Hurt Someone,Past,I,I hurt, ez êşandim,ئەز ئێشاندم
Hurt Someone,Past,You,You hurt, tu êşandî,تو ئێشاندی
Hurt Someone,Past,He/She,He/She hurt, ew êşand,ئەو ئێشاند
Hurt Someone,Past,We,We hurt, em êşandîn,ئەم ئێشاندین
Hurt Someone,Past,You (pl.),You hurt, hîn êşandin,ھین ئێشاندن
Hurt Someone,Past,They,They hurt, ew êşandin,ئەو ئێشاندن
Hurt Someone,Present,I,I hurt,ez  di êşînim,ئەز د ئێشینم
Hurt Someone,Present,You,You hurt,tu  di êşînî,تو د ئێشینی
Hurt Someone,Present,He/She,He/She hurts,ew  di êşînit,ئەو د ئێشینیت
Hurt Someone,Present,We,We hurt,em  di êşînîn,ئەم د ئێشینین
Hurt Someone,Present,You (pl.),You hurt,hîn  di êşînin,ھین د ئێشینن
Hurt Someone,Present,They,They hurt,ew  di êşînin,ئەو د ئێشینن
Hurt Someone,Future,I,I will hurt,ez dê  êşînim,ئەز دێ ئێشینم
Hurt Someone,Future,You,You will hurt,tu dê  êşînî,تو دێ ئێشینی
Hurt Someone,Future,He/She,He/She will hurt,ew dê  êşînit,ئەو دێ ئێشینیت
Hurt Someone,Future,We,We will hurt,em dê  êşînîn,ئەم دێ ئێشینین
Hurt Someone,Future,You (pl.),You will hurt,hîn dê  êşînin,ھین دێ ئێشینن
Hurt Someone,Future,They,They will hurt,ew dê  êşînin,ئەو دێ ئێشینن
Idolize,Past,I,I idolized,min şirik kir,من شرك كر
Idolize,Past,You,You idolized,te şirik kir,تە شرك كر
Idolize,Past,He/She,He/She idolized,ewî/ewê şirik kir,ئەوی/ئەوێ شرك كر
Idolize,Past,We,We idolized,me şirik kir,مە شرك كر
Idolize,Past,You (pl.),You idolized,hewe şirik kir,ھەوە شرك كر
Idolize,Past,They,They idolized,ewan şirik kir,ئەوان شرك كر
Idolize,Present,I,I idolize,ez şirkê di kem,ئەز شركێ د كەم
Idolize,Present,You,You idolize,tu şirkê di key,تو شركێ د كەی
Idolize,Present,He/She,He/She idolizes,ew şirkê di ket,ئەو شركێ د كەت
Idolize,Present,We,We idolize,em şirkê di keyn,ئەم شركێ د كەین
Idolize,Present,You (pl.),You idolize,hîn şirkê di ken,ھین شركێ د كەن
Idolize,Present,They,They idolize,ew şirkê di ken,ئەو شركێ د كەن
Idolize,Future,I,I will idolize,ez dê şirkê kem,ئەز دێ شركێ كەم
Idolize,Future,You,You will idolize,tu dê şirkê key,تو دێ شركێ كەی
Idolize,Future,He/She,He/She will idolize,ew dê şirkê ket,ئەو دێ شركێ كەت
Idolize,Future,We,We will idolize,em dê şirkê keyn,ئەم دێ شركێ كەین
Idolize,Future,You (pl.),You will idolize,hîn dê şirkê ken,ھین دێ شركێ كەن
Idolize,Future,They,They will idolize,ew dê şirkê ken,ئەو دێ شركێ كەن
Imagine,Past,I,I imagined,min  îna pêş çavêt xo,من ئینا پێش چاڤێت خو
Imagine,Past,You,You imagined,te  îna pêş çavêt xo,تە ئینا پێش چاڤێت خو
Imagine,Past,He/She,He/She imagined,ewî/ewê  îna pêş çavêt xo,ئەوی/ئەوێ ئینا پێش چاڤێت خو
Imagine,Past,We,We imagined,me  îna pêş çavêt xo,مە ئینا پێش چاڤێت خو
Imagine,Past,You (pl.),You imagined,hewe  îna pêş çavêt xo,ھەوە ئینا پێش چاڤێت خو
Imagine,Past,They,They imagined,ewan  îna pêş çavêt xo,ئەوان ئینا پێش چاڤێت خو
Imagine,Present,I,I imagine,ez  di înme pêş çavêt xo,ئەز د ئینمە پێش چاڤێت خو
Imagine,Present,You,You imagine,tu  di înye pêş çavêt xo,تو د ئینیە پێش چاڤێت خو
Imagine,Present,He/She,He/She imagines,ew  di înte pêş çavêt xo,ئەو د ئینتە پێش چاڤێت خو
Imagine,Present,We,We imagine,em  di înne pêş çavêt xo,ئەم د ئیننە پێش چاڤێت خو
Imagine,Present,You (pl.),You imagine,hîn  di înne pêş çavêt xo,ھین د ئیننە پێش چاڤێت خو
Imagine,Present,They,They imagine,ew  di înne pêş çavêt xo,ئەو د ئیننە پێش چاڤێت خو
Imagine,Future,I,I will imagine,ez dê  înme pêş çavêt xo,ئەز دێ ئینمە پێش چاڤێت خو
Imagine,Future,You,You will imagine,tu dê  înye pêş çavêt xo,تو دێ ئینیە پێش چاڤێت خو
Imagine,Future,He/She,He/She will imagine,ew dê  înte pêş çavêt xo,ئەو دێ ئینتە پێش چاڤێت خو
Imagine,Future,We,We will imagine,em dê  înne pêş çavêt xo,ئەم دێ ئیننە پێش چاڤێت خو
Imagine,Future,You (pl.),You will imagine,hîn dê  înne pêş çavêt xo,ھین دێ ئیننە پێش چاڤێت خو
Imagine,Future,They,They will imagine,ew dê  înne pêş çavêt xo,ئەو دێ ئیننە پێش چاڤێت خو
Insist,Past,I,I insisted,min îlḧaḧ (li OW) kir,من ئیلحاح كر
Insist,Past,You,You insisted,te îlḧaḧ (li OW) kir,تە ئیلحاح كر
Insist,Past,He/She,He/She insisted,ewî/ewê îlḧaḧ (li OW) kir,ئەوی/ئەوێ ئیلحاح كر
Insist,Past,We,We insisted,me îlḧaḧ (li OW) kir,مە ئیلحاح كر
Insist,Past,You (pl.),You insisted,hewe îlḧaḧ (li OW) kir,ھەوە ئیلحاح كر
Insist,Past,They,They insisted,ewan îlḧaḧ (li OW) kir,ئەوان ئیلحاح كر
Insist,Present,I,I insist,ez îlḧaḧê (li OW) di kem,ئەز ئیلحاحێ د كەم
Insist,Present,You,You insist,tu îlḧaḧê (li OW) di key,تو ئیلحاحێ د كەی
Insist,Present,He/She,He/She insists,ew îlḧaḧê (li OW) di ket,ئەو ئیلحاحێ د كەت
Insist,Present,We,We insist,em îlḧaḧê (li OW) di keyn,ئەم ئیلحاحێ د كەین
Insist,Present,You (pl.),You insist,hîn îlḧaḧê (li OW) di ken,ھین ئیلحاحێ د كەن
Insist,Present,They,They insist,ew îlḧaḧê (li OW) di ken,ئەو ئیلحاحێ د كەن
Insist,Future,I,I will insist,ez dê îlḧaḧê (li OW) kem,ئەز دێ ئیلحاحێ كەم
Insist,Future,You,You will insist,tu dê îlḧaḧê (li OW) key,تو دێ ئیلحاحێ كەی
Insist,Future,He/She,He/She will insist,ew dê îlḧaḧê (li OW) ket,ئەو دێ ئیلحاحێ كەت
Insist,Future,We,We will insist,em dê îlḧaḧê (li OW) keyn,ئەم دێ ئیلحاحێ كەین
Insist,Future,You (pl.),You will insist,hîn dê îlḧaḧê (li OW) ken,ھین دێ ئیلحاحێ كەن
Insist,Future,They,They will insist,ew dê îlḧaḧê (li OW) ken,ئەو دێ ئیلحاحێ كەن
Install,Past,I,I installed,min  dana,من دانا
Install,Past,You,You installed,te  dana,تە دانا
Install,Past,He/She,He/She installed,ewî/ewê  dana,ئەوی/ئەوێ دانا
Install,Past,We,We installed,me  dana,مە دانا
Install,Past,You (pl.),You installed,hewe  dana,ھەوە دانا
Install,Past,They,They installed,ewan  dana,ئەوان دانا
Install,Present,I,I install,ez  di danim,ئەز د دانم
Install,Present,You,You install,tu  di danî,تو د دانی
Install,Present,He/She,He/She installs,ew  di danit,ئەو د دانیت
Install,Present,We,We install,em  di danîn,ئەم د دانین
Install,Present,You (pl.),You install,hîn  di danin,ھین د دانن
Install,Present,They,They install,ew  di danin,ئەو د دانن
Install,Future,I,I will install,ez dê  danim,ئەز دێ دانم
Install,Future,You,You will install,tu dê  danî,تو دێ دانی
Install,Future,He/She,He/She will install,ew dê  danit,ئەو دێ دانیت
Install,Future,We,We will install,em dê  danîn,ئەم دێ دانین
Install,Future,You (pl.),You will install,hîn dê  danin,ھین دێ دانن
Install,Future,They,They will install,ew dê  danin,ئەو دێ دانن
Insult,Past,I,I insulted, ez rezîl kirim,ئەز رەزیل كرم
Insult,Past,You,You insulted, tu rezîl kirî,تو رەزیل كری
Insult,Past,He/She,He/She insulted, ew rezîl kir,ئەو رەزیل كر
Insult,Past,We,We insulted, em rezîl kirîn,ئەم رەزیل كرین
Insult,Past,You (pl.),You insulted, hîn rezîl kirin,ھین رەزیل كرن
Insult,Past,They,They insulted, ew rezîl kirin,ئەو رەزیل كرن
Insult,Present,I,I insult,ez  rezîl di kem,ئەز رەزیل د كەم
Insult,Present,You,You insult,tu  rezîl di key,تو رەزیل د كەی
Insult,Present,He/She,He/She insults,ew  rezîl di ket,ئەو رەزیل د كەت
Insult,Present,We,We insult,em  rezîl di keyn,ئەم رەزیل د كەین
Insult,Present,You (pl.),You insult,hîn  rezîl di ken,ھین رەزیل د كەن
Insult,Present,They,They insult,ew  rezîl di ken,ئەو رەزیل د كەن
Insult,Future,I,I will insult,ez dê  rezîl kem,ئەز دێ رەزیل كەم
Insult,Future,You,You will insult,tu dê  rezîl key,تو دێ رەزیل كەی
Insult,Future,He/She,He/She will insult,ew dê  rezîl ket,ئەو دێ رەزیل كەت
Insult,Future,We,We will insult,em dê  rezîl keyn,ئەم دێ رەزیل كەین
Insult,Future,You (pl.),You will insult,hîn dê  rezîl ken,ھین دێ رەزیل كەن
Insult,Future,They,They will insult,ew dê  rezîl ken,ئەو دێ رەزیل كەن
Interview,Past,I,I interviewed,min çavpêkeftinek (di gel OW) kir,من چاڤپێكەفتنەك كر
Interview,Past,You,You interviewed,te çavpêkeftinek (di gel OW) kir,تە چاڤپێكەفتنەك كر
Interview,Past,He/She,He/She interviewed,ewî/ewê çavpêkeftinek (di gel OW) kir,ئەوی/ئەوێ چاڤپێكەفتنەك كر
Interview,Past,We,We interviewed,me çavpêkeftinek (di gel OW) kir,مە چاڤپێكەفتنەك كر
Interview,Past,You (pl.),You interviewed,hewe çavpêkeftinek (di gel OW) kir,ھەوە چاڤپێكەفتنەك كر
Interview,Past,They,They interviewed,ewan çavpêkeftinek (di gel OW) kir,ئەوان چاڤپێكەفتنەك كر
Interview,Present,I,I interview,ez çavpêkeftinekê (di gel OW) di kem,ئەز چاڤپێكەفتنەكێ د كەم
Interview,Present,You,You interview,tu çavpêkeftinekê (di gel OW) di key,تو چاڤپێكەفتنەكێ د كەی
Interview,Present,He/She,He/She interviews,ew çavpêkeftinekê (di gel OW) di ket,ئەو چاڤپێكەفتنەكێ د كەت
Interview,Present,We,We interview,em çavpêkeftinekê (di gel OW) di keyn,ئەم چاڤپێكەفتنەكێ د كەین
Interview,Present,You (pl.),You interview,hîn çavpêkeftinekê (di gel OW) di ken,ھین چاڤپێكەفتنەكێ د كەن
Interview,Present,They,They interview,ew çavpêkeftinekê (di gel OW) di ken,ئەو چاڤپێكەفتنەكێ د كەن
Interview,Future,I,I will interview,ez dê çavpêkeftinekê (di gel OW) kem,ئەز دێ چاڤپێكەفتنەكێ كەم
Interview,Future,You,You will interview,tu dê çavpêkeftinekê (di gel OW) key,تو دێ چاڤپێكەفتنەكێ كەی
Interview,Future,He/She,He/She will interview,ew dê çavpêkeftinekê (di gel OW) ket,ئەو دێ چاڤپێكەفتنەكێ كەت
Interview,Future,We,We will interview,em dê çavpêkeftinekê (di gel OW) keyn,ئەم دێ چاڤپێكەفتنەكێ كەین
Interview,Future,You (pl.),You will interview,hîn dê çavpêkeftinekê (di gel OW) ken,ھین دێ چاڤپێكەفتنەكێ كەن
Interview,Future,They,They will interview,ew dê çavpêkeftinekê (di gel OW) ken,ئەو دێ چاڤپێكەفتنەكێ كەن
Invade,Past,I,I invaded,min hicum kire ,من ھجوم كرە
Invade,Past,You,You invaded,min hicum kire ,من ھجوم كرە
Invade,Past,He/She,He/She invaded,min hicum kire ,من ھجوم كرە
Invade,Past,We,We invaded,min hicum kire ,من ھجوم كرە
Invade,Past,You (pl.),You invaded,min hicum kire ,من ھجوم كرە
Invade,Past,They,They invaded,min hicum kire ,من ھجوم كرە
Invade,Present,I,I invade,ez hicum di keme ,ئەز ھجوم د كەمە
Invade,Present,You,You invade,tu hicum di keyye ,تو ھجوم د كەییە
Invade,Present,He/She,He/She invades,ew hicum di kete ,ئەو ھجوم د كەتە
Invade,Present,We,We invade,em hicum di keyne ,ئەم ھجوم د كەینە
Invade,Present,You (pl.),You invade,hîn hicum di kene ,ھین ھجوم د كەنە
Invade,Present,They,They invade,ew hicum di kene ,ئەو ھجوم د كەنە
Invade,Future,I,I will invade,ez dê hicum keme ,ئەز دێ ھجوم كەمە
Invade,Future,You,You will invade,tu dê hicum keyye ,تو دێ ھجوم كەییە
Invade,Future,He/She,He/She will invade,ew dê hicum kete ,ئەو دێ ھجوم كەتە
Invade,Future,We,We will invade,em dê hicum keyne ,ئەم دێ ھجوم كەینە
Invade,Future,You (pl.),You will invade,hîn dê hicum kene ,ھین دێ ھجوم كەنە
Invade,Future,They,They will invade,ew dê hicum kene ,ئەو دێ ھجوم كەنە
Invite,Past,I,I invited, ez me'zum kirim,ئەز مەعزوم كرم
Invite,Past,You,You invited, tu me'zum kirî,تو مەعزوم كری
Invite,Past,He/She,He/She invited, ew me'zum kirit,ئەو مەعزوم كریت
Invite,Past,We,We invited, em me'zum kirîn,ئەم مەعزوم كرین
Invite,Past,You (pl.),You invited, hîn me'zum kirin,ھین مەعزوم كرن
Invite,Past,They,They invited, ew me'zum kirin,ئەو مەعزوم كرن
Invite,Present,I,I invite,ez  me'zum di kem,ئەز مەعزوم د كەم
Invite,Present,You,You invite,tu  me'zum di key,تو مەعزوم د كەی
Invite,Present,He/She,He/She invites,ew  me'zum di ket,ئەو مەعزوم د كەت
Invite,Present,We,We invite,em  me'zum di keyn,ئەم مەعزوم د كەین
Invite,Present,You (pl.),You invite,hîn  me'zum di ken,ھین مەعزوم د كەن
Invite,Present,They,They invite,ew  me'zum di ken,ئەو مەعزوم د كەن
Invite,Future,I,I will invite,ez dê  me'zum kem,ئەز دێ مەعزوم كەم
Invite,Future,You,You will invite,tu dê  me'zum key,تو دێ مەعزوم كەی
Invite,Future,He/She,He/She will invite,ew dê  me'zum ket,ئەو دێ مەعزوم كەت
Invite,Future,We,We will invite,em dê  me'zum keyn,ئەم دێ مەعزوم كەین
Invite,Future,You (pl.),You will invite,hîn dê  me'zum ken,ھین دێ مەعزوم كەن
Invite,Future,They,They will invite,ew dê  me'zum ken,ئەو دێ مەعزوم كەن
Invite,Past,I,I invited, ez daxaz kirim,ئەز داخاز كرم
Invite,Past,You,You invited, tu daxaz kirî,تو داخاز كری
Invite,Past,He/She,He/She invited, ew daxaz kir,ئەو داخاز كر
Invite,Past,We,We invited, em daxaz kirîn,ئەم داخاز كرین
Invite,Past,You (pl.),You invited, hîn daxaz kirin,ھین داخاز كرن
Invite,Past,They,They invited, ew daxaz kirin,ئەو داخاز كرن
Invite,Present,I,I invite,ez  daxaz di kem,ئەز داخاز د كەم
Invite,Present,You,You invite,tu  daxaz di key,تو داخاز د كەی
Invite,Present,He/She,He/She invites,ew  daxaz di ket,ئەو داخاز د كەت
Invite,Present,We,We invite,em  daxaz di keyn,ئەم داخاز د كەین
Invite,Present,You (pl.),You invite,hîn  daxaz di ken,ھین داخاز د كەن
Invite,Present,They,They invite,ew  daxaz di ken,ئەو داخاز د كەن
Invite,Future,I,I will invite,ez dê  daxaz kem,ئەز دێ داخاز كەم
Invite,Future,You,You will invite,tu dê  daxaz key,تو دێ داخاز كەی
Invite,Future,He/She,He/She will invite,ew dê  daxaz ket,ئەو دێ داخاز كەت
Invite,Future,We,We will invite,em dê  daxaz keyn,ئەم دێ داخاز كەین
Invite,Future,You (pl.),You will invite,hîn dê  daxaz ken,ھین دێ داخاز كەن
Invite,Future,They,They will invite,ew dê  daxaz ken,ئەو دێ داخاز كەن
Itch,Past,I,I itched,&lt;Not Used&gt;,نە
Itch,Past,You,You itched,&lt;Not Used&gt;,نە
Itch,Past,He/She,He/She itched,&lt;Not Used&gt;,نە
Itch,Past,We,We itched,&lt;Not Used&gt;,نە
Itch,Past,You (pl.),You itched,&lt;Not Used&gt;,نە
Itch,Past,They,They itched,&lt;Not Used&gt;,نە
Itch,Present,I,I itch,&lt;Not Used&gt;,نە
Itch,Present,You,You itch,&lt;Not Used&gt;,نە
Itch,Present,He/She,He/She itches, yê/ya xorîyit,یێ/یا خوریییت
Itch,Present,We,We itch,&lt;Not Used&gt;,نە
Itch,Present,You (pl.),You itch,&lt;Not Used&gt;,نە
Itch,Present,They,They itch, yêt xorîyin,یێت خوریین
Itch,Future,I,I will itch,&lt;Not Used&gt;,نە
Itch,Future,You,You will itch,&lt;Not Used&gt;,نە
Itch,Future,He/She,He/She will itch,&lt;Not Used&gt;,نە
Itch,Future,We,We will itch,&lt;Not Used&gt;,نە
Itch,Future,You (pl.),You will itch,&lt;Not Used&gt;,نە
Itch,Future,They,They will itch,&lt;Not Used&gt;,نە
Kick,Past,I,I kicked,min pênek li  da,من پێنەك ل دا
Kick,Past,You,You kicked,te pênek li  da,تە پێنەك ل دا
Kick,Past,He/She,He/She kicked,ewî/ewê pênek li  da,ئەوی/ئەوێ پێنەك ل دا
Kick,Past,We,We kicked,me pênek li  da,مە پێنەك ل دا
Kick,Past,You (pl.),You kicked,hewe pênek li  da,ھەوە پێنەك ل دا
Kick,Past,They,They kicked,ewan pênek li  da,ئەوان پێنەك ل دا
Kick,Present,I,I kick,ez pênekê li  di dem,ئەز پێنەكێ ل د دەم
Kick,Present,You,You kick,tu pênekê li  di dey,تو پێنەكێ ل د دەی
Kick,Present,He/She,He/She kicks,ew pênekê li  di det,ئەو پێنەكێ ل د دەت
Kick,Present,We,We kick,em pênekê li  di deyn,ئەم پێنەكێ ل د دەین
Kick,Present,You (pl.),You kick,hîn pênekê li  di den,ھین پێنەكێ ل د دەن
Kick,Present,They,They kick,ew pênekê li  di den,ئەو پێنەكێ ل د دەن
Kick,Future,I,I will kick,ez dê pênekê li  dem,ئەز دێ پێنەكێ ل دەم
Kick,Future,You,You will kick,tu dê pênekê li  dey,تو دێ پێنەكێ ل دەی
Kick,Future,He/She,He/She will kick,ew dê pênekê li  det,ئەو دێ پێنەكێ ل دەت
Kick,Future,We,We will kick,em dê pênekê li  deyn,ئەم دێ پێنەكێ ل دەین
Kick,Future,You (pl.),You will kick,hîn dê pênekê li  den,ھین دێ پێنەكێ ل دەن
Kick,Future,They,They will kick,ew dê pênekê li  den,ئەو دێ پێنەكێ ل دەن
Kick Out,Past,I,I kicked out, ez derêxistim,ئەز دەرێخستم
Kick Out,Past,You,You kicked out, tu derêxistî,تو دەرێخستی
Kick Out,Past,He/She,He/She kicked out, ew derêxist,ئەو دەرێخست
Kick Out,Past,We,We kicked out, em derêxistîn,ئەم دەرێخستین
Kick Out,Past,You (pl.),You kicked out, hîn derêxistin,ھین دەرێخستن
Kick Out,Past,They,They kicked out, ew derêxistin,ئەو دەرێخستن
Kick Out,Present,I,I kick out,ez  di derêxim,ئەز د دەرێخم
Kick Out,Present,You,You kick out,tu  di derêxî,تو د دەرێخی
Kick Out,Present,He/She,He/She kicks out,ew  di derêxit,ئەو د دەرێخیت
Kick Out,Present,We,We kick out,em  di derêxîn,ئەم د دەرێخین
Kick Out,Present,You (pl.),You kick out,hîn  di derêxin,ھین د دەرێخن
Kick Out,Present,They,They kick out,ew  di derêxin,ئەو د دەرێخن
Kick Out,Future,I,I will kick out,ez dê  derêxim,ئەز دێ دەرێخم
Kick Out,Future,You,You will kick out,tu dê  derêxî,تو دێ دەرێخی
Kick Out,Future,He/She,He/She will kick out,ew dê  derêxit,ئەو دێ دەرێخیت
Kick Out,Future,We,We will kick out,em dê  derêxîn,ئەم دێ دەرێخین
Kick Out,Future,You (pl.),You will kick out,hîn dê  derêxin,ھین دێ دەرێخن
Kick Out,Future,They,They will kick out,ew dê  derêxin,ئەو دێ دەرێخن
Kidnap,Past,I,I kidnapped, ez xetaf kirim,ئەز خەتاف كرم
Kidnap,Past,You,You kidnapped, tu xetaf kirî,تو خەتاف كری
Kidnap,Past,He/She,He/She kidnapped, ew xetaf kir,ئەو خەتاف كر
Kidnap,Past,We,We kidnapped, em xetaf kirîn,ئەم خەتاف كرین
Kidnap,Past,You (pl.),You kidnapped, hîn xetaf kirin,ھین خەتاف كرن
Kidnap,Past,They,They kidnapped, ew xetaf kirin,ئەو خەتاف كرن
Kidnap,Present,I,I kidnap,ez  xetaf di kem,ئەز خەتاف د كەم
Kidnap,Present,You,You kidnap,tu  xetaf di key,تو خەتاف د كەی
Kidnap,Present,He/She,He/She kidnaps,ew  xetaf di ket,ئەو خەتاف د كەت
Kidnap,Present,We,We kidnap,em  xetaf di keyn,ئەم خەتاف د كەین
Kidnap,Present,You (pl.),You kidnap,hîn  xetaf di ken,ھین خەتاف د كەن
Kidnap,Present,They,They kidnap,ew  xetaf di ken,ئەو خەتاف د كەن
Kidnap,Future,I,I will kidnap,ez dê  xetaf kem,ئەز دێ خەتاف كەم
Kidnap,Future,You,You will kidnap,tu dê  xetaf key,تو دێ خەتاف كەی
Kidnap,Future,He/She,He/She will kidnap,ew dê  xetaf ket,ئەو دێ خەتاف كەت
Kidnap,Future,We,We will kidnap,em dê  xetaf keyn,ئەم دێ خەتاف كەین
Kidnap,Future,You (pl.),You will kidnap,hîn dê  xetaf ken,ھین دێ خەتاف كەن
Kidnap,Future,They,They will kidnap,ew dê  xetaf ken,ئەو دێ خەتاف كەن
Kill,Past,I,I killed, ez kuştim,ئەز كوشتم
Kill,Past,You,You killed, tu kuştî,تو كوشتی
Kill,Past,He/She,He/She killed, ew kuşt,ئەو كوشت
Kill,Past,We,We killed, em kuştîn,ئەم كوشتین
Kill,Past,You (pl.),You killed, hîn kuştin,ھین كوشتن
Kill,Past,They,They killed, ew kuştin,ئەو كوشتن
Kill,Present,I,I kill,ez  di kujim,ئەز د كوژم
Kill,Present,You,You kill,tu  di kujî,تو د كوژی
Kill,Present,He/She,He/She kills,ew  di kujit,ئەو د كوژیت
Kill,Present,We,We kill,em  di kujîn,ئەم د كوژین
Kill,Present,You (pl.),You kill,hîn  di kujin,ھین د كوژن
Kill,Present,They,They kill,ew  di kujin,ئەو د كوژن
Kill,Future,I,I will kill,ez dê  kujim,ئەز دێ كوژم
Kill,Future,You,You will kill,tu dê  kujî,تو دێ كوژی
Kill,Future,He/She,He/She will kill,ew dê  kujit,ئەو دێ كوژیت
Kill,Future,We,We will kill,em dê  kujîn,ئەم دێ كوژین
Kill,Future,You (pl.),You will kill,hîn dê  kujin,ھین دێ كوژن
Kill,Future,They,They will kill,ew dê  kujin,ئەو دێ كوژن
Kiss,Past,I,I kissed, ez maçî kirim,ئەز ماچی كرم
Kiss,Past,You,You kissed, tu maçî kirî,تو ماچی كری
Kiss,Past,He/She,He/She kissed, ew maçî kir,ئەو ماچی كر
Kiss,Past,We,We kissed, em maçî kirîn,ئەم ماچی كرین
Kiss,Past,You (pl.),You kissed, hîn maçî kirin,ھین ماچی كرن
Kiss,Past,They,They kissed, ew maçî kirin,ئەو ماچی كرن
Kiss,Present,I,I kiss,ez  maçî di kem,ئەز ماچی د كەم
Kiss,Present,You,You kiss,tu  maçî di key,تو ماچی د كەی
Kiss,Present,He/She,He/She kisses,ew  maçî di ket,ئەو ماچی د كەت
Kiss,Present,We,We kiss,em  maçî di keyn,ئەم ماچی د كەین
Kiss,Present,You (pl.),You kiss,hîn  maçî di ken,ھین ماچی د كەن
Kiss,Present,They,They kiss,ew  maçî di ken,ئەو ماچی د كەن
Kiss,Future,I,I will kiss,ez dê  maçî kem,ئەز دێ ماچی كەم
Kiss,Future,You,You will kiss,tu dê  maçî key,تو دێ ماچی كەی
Kiss,Future,He/She,He/She will kiss,ew dê  maçî ket,ئەو دێ ماچی كەت
Kiss,Future,We,We will kiss,em dê  maçî keyn,ئەم دێ ماچی كەین
Kiss,Future,You (pl.),You will kiss,hîn dê  maçî ken,ھین دێ ماچی كەن
Kiss,Future,They,They will kiss,ew dê  maçî ken,ئەو دێ ماچی كەن
Know,Past,I,I knew,min zanî,من زانی
Know,Past,You,You knew,te zanî,تە زانی
Know,Past,He/She,He/She knew,ewî/ewê zanî,ئەوی/ئەوێ زانی
Know,Past,We,We knew,me zanî,مە زانی
Know,Past,You (pl.),You knew,hewe zanî,ھەوە زانی
Know,Past,They,They knew,ewan zanî,ئەوان زانی
Know,Present,I,I know,ez di zanim,ئەز د زانم
Know,Present,You,You know,tu di zanî,تو د زانی
Know,Present,He/She,He/She knows,ew di zanit,ئەو د زانیت
Know,Present,We,We know,em di zanîn,ئەم د زانین
Know,Present,You (pl.),You know,hîn di zanin,ھین د زانن
Know,Present,They,They know,ew di zanin,ئەو د زانن
Know,Future,I,I will know,ez dê zanim,ئەز دێ زانم
Know,Future,You,You will know,tu dê zanî,تو دێ زانی
Know,Future,He/She,He/She will know,ew dê zanit,ئەو دێ زانیت
Know,Future,We,We will know,em dê zanîn,ئەم دێ زانین
Know,Future,You (pl.),You will know,hîn dê zanin,ھین دێ زانن
Know,Future,They,They will know,ew dê zanin,ئەو دێ زانن
Know Someone,Past,I,I knew,min  nîawsî,من نیاوسی
Know Someone,Past,You,You knew,te  nîawsî,تە نیاوسی
Know Someone,Past,He/She,He/She knew,ewî/ewê  nîawsî,ئەوی/ئەوێ نیاوسی
Know Someone,Past,We,We knew,me   nîawsîn,مە  نیاوسین
Know Someone,Past,You (pl.),You knew,hewe  nîawsîn,ھەوە نیاوسین
Know Someone,Past,They,They knew,ewan  nîawsîn,ئەوان نیاوسین
Know Someone,Present,I,I know,ez  di nîawsim,ئەز د نیاوسم
Know Someone,Present,You,You know,tu  di nîawsî,تو د نیاوسی
Know Someone,Present,He/She,He/She knows,ew  di nîawsit,ئەو د نیاوسیت
Know Someone,Present,We,We know,em  di nîawsîn,ئەم د نیاوسین
Know Someone,Present,You (pl.),You know,hîn  di nîawsin,ھین د نیاوسن
Know Someone,Present,They,They know,ew  di nîawsin,ئەو د نیاوسن
Know Someone,Future,I,I will know,ez dê  nîawsim,ئەز دێ نیاوسم
Know Someone,Future,You,You will know,tu dê  nîawsî,تو دێ نیاوسی
Know Someone,Future,He/She,He/She will know,ew dê  nîawsit,ئەو دێ نیاوسیت
Know Someone,Future,We,We will know,em dê  nîawsîn,ئەم دێ نیاوسین
Know Someone,Future,You (pl.),You will know,hîn dê  nîawsin,ھین دێ نیاوسن
Know Someone,Future,They,They will know,ew dê  nîawsin,ئەو دێ نیاوسن
Land,Past,I,I landed,&lt;Not Used&gt;,نە
Land,Past,You,You landed,&lt;Not Used&gt;,نە
Land,Past,He/She,He/She landed,ewî/ewê da da,ئەوی/ئەوێ دا دا
Land,Past,We,We landed,&lt;Not Used&gt;,نە
Land,Past,You (pl.),You landed,&lt;Not Used&gt;,نە
Land,Past,They,They landed,ewan da dan,ئەوان دا دان
Land,Present,I,I land,&lt;Not Used&gt;,نە
Land,Present,You,You land,&lt;Not Used&gt;,نە
Land,Present,He/She,He/She lands,ew di det,ئەو د دەت
Land,Present,We,We land,&lt;Not Used&gt;,نە
Land,Present,You (pl.),You land,&lt;Not Used&gt;,نە
Land,Present,They,They land,ew di den,ئەو د دەن
Land,Future,I,I will land,&lt;Not Used&gt;,نە
Land,Future,You,You will land,&lt;Not Used&gt;,نە
Land,Future,He/She,He/She will land,ew dê det,ئەو دێ دەت
Land,Future,We,We will land,&lt;Not Used&gt;,نە
Land,Future,You (pl.),You will land,&lt;Not Used&gt;,نە
Land,Future,They,They will land,ew dê den,ئەو دێ دەن
Laugh,Past,I,I laughed,min kire kenî,من كرە كەنی
Laugh,Past,You,You laughed,te kire kenî,تە كرە كەنی
Laugh,Past,He/She,He/She laughed,ewî/ewê kire kenî,ئەوی/ئەوێ كرە كەنی
Laugh,Past,We,We laughed,me kire kenî,مە كرە كەنی
Laugh,Past,You (pl.),You laughed,hewe kire kenî,ھەوە كرە كەنی
Laugh,Past,They,They laughed,ewan kire kenî,ئەوان كرە كەنی
Laugh,Present,I,I laugh,ez di keme kenî,ئەز د كەمە كەنی
Laugh,Present,You,You laugh,tu di keyye kenî,تو د كەییە كەنی
Laugh,Present,He/She,He/She laughs,ew di kete kenî,ئەو د كەتە كەنی
Laugh,Present,We,We laugh,em di keyne kenî,ئەم د كەینە كەنی
Laugh,Present,You (pl.),You laugh,hîn di kene kenî,ھین د كەنە كەنی
Laugh,Present,They,They laugh,ew di kene kenî,ئەو د كەنە كەنی
Laugh,Future,I,I will laugh,ez dê keme kenî,ئەز دێ كەمە كەنی
Laugh,Future,You,You will laugh,tu dê keyye kenî,تو دێ كەییە كەنی
Laugh,Future,He/She,He/She will laugh,ew dê kete kenî,ئەو دێ كەتە كەنی
Laugh,Future,We,We will laugh,em dê keyne kenî,ئەم دێ كەینە كەنی
Laugh,Future,You (pl.),You will laugh,hîn dê kene kenî,ھین دێ كەنە كەنی
Laugh,Future,They,They will laugh,ew dê kene kenî,ئەو دێ كەنە كەنی
Learn,Past,I,I learned,ez ferbum,ئەز فەربوم
Learn,Past,You,You learned,tu ferbuî,تو فەربوی
Learn,Past,He/She,He/She learned,ew ferbu,ئەو فەربو
Learn,Past,We,We learned,em ferbuîn,ئەم فەربوین
Learn,Past,You (pl.),You learned,hîn ferbun,ھین فەربون
Learn,Past,They,They learned,ew ferbun,ئەو فەربون
Learn,Present,I,I learn,ez di ferbim,ئەز د فەربم
Learn,Present,You,You learn,tu di ferbî,تو د فەربی
Learn,Present,He/She,He/She learns,ew di ferbit,ئەو د فەربیت
Learn,Present,We,We learn,em di ferbîn,ئەم د فەربین
Learn,Present,You (pl.),You learn,hîn di ferbin,ھین د فەربن
Learn,Present,They,They learn,ew di ferbin,ئەو د فەربن
Learn,Future,I,I will learn,ez dê ferbim,ئەز دێ فەربم
Learn,Future,You,You will learn,tu dê ferbî,تو دێ فەربی
Learn,Future,He/She,He/She will learn,ew dê ferbit,ئەو دێ فەربیت
Learn,Future,We,We will learn,em dê ferbîn,ئەم دێ فەربین
Learn,Future,You (pl.),You will learn,hîn dê ferbin,ھین دێ فەربن
Learn,Future,They,They will learn,ew dê ferbin,ئەو دێ فەربن
Leave Something,Past,I,I left, ez hêlam,ئەز ھێلام
Leave Something,Past,You,You left, tu hêlay,تو ھێلای
Leave Something,Past,He/She,He/She left, ew hêla,ئەو ھێلا
Leave Something,Past,We,We left, em helayn,ئەم ھەلاین
Leave Something,Past,You (pl.),You left, hîn hêlan,ھین ھێلان
Leave Something,Past,They,They left, ew hêlan,ئەو ھێلان
Leave Something,Present,I,I leave,ez  di hêlim,ئەز د ھێلم
Leave Something,Present,You,You leave,tu  di hêlî,تو د ھێلی
Leave Something,Present,He/She,He/She leaves,ew  di hêlit,ئەو د ھێلیت
Leave Something,Present,We,We leave,em  di hêlîn,ئەم د ھێلین
Leave Something,Present,You (pl.),You leave,hîn  di hêlin,ھین د ھێلن
Leave Something,Present,They,They leave,ew  di hêlin,ئەو د ھێلن
Leave Something,Future,I,I will leave,ez dê  hêlim,ئەز دێ ھێلم
Leave Something,Future,You,You will leave,tu dê  hêlî,تو دێ ھێلی
Leave Something,Future,He/She,He/She will leave,ew dê  hêlit,ئەو دێ ھێلیت
Leave Something,Future,We,We will leave,em dê  hêlîn,ئەم دێ ھێلین
Leave Something,Future,You (pl.),You will leave,hîn dê  hêlin,ھین دێ ھێلن
Leave Something,Future,They,They will leave,ew dê  hêlin,ئەو دێ ھێلن
Lie,Past,I,I lied,min direw kirin,من درەو كرن
Lie,Past,You,You lied,te direw kirin,تە درەو كرن
Lie,Past,He/She,He/She lied,ewî/ewê direw kirin,ئەوی/ئەوێ درەو كرن
Lie,Past,We,We lied,me direw kirin,مە درەو كرن
Lie,Past,You (pl.),You lied,hewe direw kirin,ھەوە درەو كرن
Lie,Past,They,They lied,ewan direw kirin,ئەوان درەو كرن
Lie,Present,I,I lie,ez direwa di kem,ئەز درەوا د كەم
Lie,Present,You,You lie,tu direwa di key,تو درەوا د كەی
Lie,Present,He/She,He/She lies,ew direwa di ket,ئەو درەوا د كەت
Lie,Present,We,We lie,em direwa di keyn,ئەم درەوا د كەین
Lie,Present,You (pl.),You lie,hîn direwa di ken,ھین درەوا د كەن
Lie,Present,They,They lie,ew direwa di ken,ئەو درەوا د كەن
Lie,Future,I,I will lie,ez dê direwa kem,ئەز دێ درەوا كەم
Lie,Future,You,You will lie,tu dê direwa key,تو دێ درەوا كەی
Lie,Future,He/She,He/She will lie,ew dê direwa ket,ئەو دێ درەوا كەت
Lie,Future,We,We will lie,em dê direwa keyn,ئەم دێ درەوا كەین
Lie,Future,You (pl.),You will lie,hîn dê direwa ken,ھین دێ درەوا كەن
Lie,Future,They,They will lie,ew dê direwa ken,ئەو دێ درەوا كەن
Like,Past,I,I liked,min ḧez ji  di kir,من حەز ژ د كر
Like,Past,You,You liked,te ḧez ji  di kir,تە حەز ژ د كر
Like,Past,He/She,He/She liked,ewî/ewê ḧez ji  di kir,ئەوی/ئەوێ حەز ژ د كر
Like,Past,We,We liked,me ḧez ji  di kir,مە حەز ژ د كر
Like,Past,You (pl.),You liked,hewe ḧez ji  di kir,ھەوە حەز ژ د كر
Like,Past,They,They liked,ewan ḧez ji  di kir,ئەوان حەز ژ د كر
Like,Present,I,I like,ez ḧez ji  di kem,ئەز حەز ژ د كەم
Like,Present,You,You like,tu ḧez ji  di key,تو حەز ژ د كەی
Like,Present,He/She,He/She likes,ew ḧez ji  di ket,ئەو حەز ژ د كەت
Like,Present,We,We like,em ḧez ji  di keyn,ئەم حەز ژ د كەین
Like,Present,You (pl.),You like,hîn ḧez ji  di ken,ھین حەز ژ د كەن
Like,Present,They,They like,ew ḧez ji  di ken,ئەو حەز ژ د كەن
Like,Future,I,I will like,ez dê ḧez ji  kem,ئەز دێ حەز ژ كەم
Like,Future,You,You will like,tu  dê ḧez ji  key,تو  دێ حەز ژ كەی
Like,Future,He/She,He/She will like,ew dê ḧez ji  ket,ئەو دێ حەز ژ كەت
Like,Future,We,We will like,em dê ḧez ji  keyn,ئەم دێ حەز ژ كەین
Like,Future,You (pl.),You will like,hîn dê ḧez ji  ken,ھین دێ حەز ژ كەن
Like,Future,They,They will like,ew dê ḧez ji  ken,ئەو دێ حەز ژ كەن
Listen,Past,I,I listened,min guhê xo da ,من گوھێ خو دا
Listen,Past,You,You listened,te guhê xo da ,تە گوھێ خو دا
Listen,Past,He/She,He/She listened,ewî/ewê guhê xo da ,ئەوی/ئەوێ گوھێ خو دا
Listen,Past,We,We listened,me guhê xo da ,مە گوھێ خو دا
Listen,Past,You (pl.),You listened,hewe guhê xo da ,ھەوە گوھێ خو دا
Listen,Past,They,They listened,ewan guhê xo da ,ئەوان گوھێ خو دا
Listen,Present,I,I listen,ez guhê xo di dem(e OW),ئەز گوھێ خو د دەم
Listen,Present,You,You listen,tu guhê xo di dey(e OW),تو گوھێ خو د دەی
Listen,Present,He/She,He/She listens,ew guhê xo di det(e OW),ئەو گوھێ خو د دەت
Listen,Present,We,We listen,em guhê xo di deyn(e OW),ئەم گوھێ خو د دەین
Listen,Present,You (pl.),You listen,hîn guhê xo di den(e OW),ھین گوھێ خو د دەن
Listen,Present,They,They listen,ew guhê xo di den(e OW),ئەو گوھێ خو د دەن
Listen,Future,I,I will listen,ez dê guhê xo dem(e OW),ئەز دێ گوھێ خو دەم
Listen,Future,You,You will listen,tu dê guhê xo dey(e OW),تو دێ گوھێ خو دەی
Listen,Future,He/She,He/She will listen,ew dê guhê xo det(e OW),ئەو دێ گوھێ خو دەت
Listen,Future,We,We will listen,em dê guhê xo deyn(e OW),ئەم دێ گوھێ خو دەین
Listen,Future,You (pl.),You will listen,hîn dê guhê xo den(e OW),ھین دێ گوھێ خو دەن
Listen,Future,They,They will listen,dê guhê xo den(e OW),دێ گوھێ خو دەن
Live,Past,I,I lived,ez jîyam,ئەز ژییام
Live,Past,You,You lived,tu jîyî,تو ژییی
Live,Past,He/She,He/She lived,ew jîya,ئەو ژییا
Live,Past,We,We lived,em jîyîn,ئەم ژییین
Live,Past,You (pl.),You lived,hîn jîyin,ھین ژیین
Live,Past,They,They lived,ew jîyin,ئەو ژیین
Live,Present,I,I live,ez di jîm,ئەز د ژیم
Live,Present,You,You live,tu di jî,تو د ژی
Live,Present,He/She,He/She lives,ew di jît,ئەو د ژیت
Live,Present,We,We live,em di jîn,ئەم د ژین
Live,Present,You (pl.),You live,hîn di jîn,ھین د ژین
Live,Present,They,They live,ew di jîn,ئەو د ژین
Live,Future,I,I will live,ez dê jîm,ئەز دێ ژیم
Live,Future,You,You will live,tu dê jî,تو دێ ژی
Live,Future,He/She,He/She will live,ew dê jît,ئەو دێ ژیت
Live,Future,We,We will live,em dê jîn,ئەم دێ ژین
Live,Future,You (pl.),You will live,hîn dê jîn,ھین دێ ژین
Live,Future,They,They will live,ew dê jîn,ئەو دێ ژین
Load,Past,I,I loaded,min  bar kir,من بار كر
Load,Past,You,You loaded,te  bar kir,تە بار كر
Load,Past,He/She,He/She loaded,ewî/ewê  bar kir,ئەوی/ئەوێ بار كر
Load,Past,We,We loaded,me  bar kir,مە بار كر
Load,Past,You (pl.),You loaded,hewe  bar kir,ھەوە بار كر
Load,Past,They,They loaded,ewan  bar kir,ئەوان بار كر
Load,Present,I,I load,ez  bar di kem,ئەز بار د كەم
Load,Present,You,You load,tu  bar di key,تو بار د كەی
Load,Present,He/She,He/She loads,ew  bar di ket,ئەو بار د كەت
Load,Present,We,We load,em  bar di keyn,ئەم بار د كەین
Load,Present,You (pl.),You load,hîn  bar di ken,ھین بار د كەن
Load,Present,They,They load,ew  bar di ken,ئەو بار د كەن
Load,Future,I,I will load,ez dê  bar kem,ئەز دێ بار كەم
Load,Future,You,You will load,tu dê  bar key,تو دێ بار كەی
Load,Future,He/She,He/She will load,ew dê  bar ket,ئەو دێ بار كەت
Load,Future,We,We will load,em dê  bar keyn,ئەم دێ بار كەین
Load,Future,You (pl.),You will load,hîn dê  bar ken,ھین دێ بار كەن
Load,Future,They,They will load,ew dê  bar ken,ئەو دێ بار كەن
Look At,Past,I,I looked at,min seḧ kir(e OW),من سەح كر
Look At,Past,You,You looked at,te seḧ kir(e OW),تە سەح كر
Look At,Past,He/She,He/She looked at,ewî/ewê seḧ kir(e OW),ئەوی/ئەوێ سەح كر
Look At,Past,We,We looked at,me seḧ kir(e OW),مە سەح كر
Look At,Past,You (pl.),You looked at,hîn seḧ kir(e OW),ھین سەح كر
Look At,Past,They,They looked at,ewan seḧ kir(e OW),ئەوان سەح كر
Look At,Present,I,I look at,ez seḧ di kem(e OW),ئەز سەح د كەم
Look At,Present,You,You look at,tu seḧ di key(ye OW),تو سەح د كەی
Look At,Present,He/She,He/She looks at,ew seḧ di ket(e OW),ئەو سەح د كەت
Look At,Present,We,We look at,em seḧ di keyn(e OW),ئەم سەح د كەین
Look At,Present,You (pl.),You look at,hîn seḧ di ken(e OW),ھین سەح د كەن
Look At,Present,They,They look at,ew seḧ di ken(e OW),ئەو سەح د كەن
Look At,Future,I,I will look at,ez dê seḧ kem(e OW),ئەز دێ سەح كەم
Look At,Future,You,You will look at,tu dê seḧ key(ye OW),تو دێ سەح كەی
Look At,Future,He/She,He/She will look at,ew dê seḧ ket(e OW),ئەو دێ سەح كەت
Look At,Future,We,We will look at,em dê seḧ keyn(e OW),ئەم دێ سەح كەین
Look At,Future,You (pl.),You will look at,hîn dê seḧ ken(e OW),ھین دێ سەح كەن
Look At,Future,They,They will look at,ew dê seḧ ken(e OW),ئەو دێ سەح كەن
Look For,Past,I,I looked for,min li  gerîya,من ل گەرییا
Look For,Past,You,You looked for,te li  gerîya,تە ل گەرییا
Look For,Past,He/She,He/She looked for,ewî/ewê li  gerîya,ئەوی/ئەوێ ل گەرییا
Look For,Past,We,We looked for,me li  gerîyan,مە ل گەرییان
Look For,Past,You (pl.),You looked for,hewe li  gerîyan,ھەوە ل گەرییان
Look For,Past,They,They looked for,ewan li  gerîyan,ئەوان ل گەرییان
Look For,Present,I,I look for,ez li  di gerîyim,ئەز ل د گەرییم
Look For,Present,You,You look for,tu li  di gerîyî,تو ل د گەرییی
Look For,Present,He/She,He/She looks for,ew li  di gerîyit,ئەو ل د گەریییت
Look For,Present,We,We look for,em li  di gerîyîn,ئەم ل د گەرییین
Look For,Present,You (pl.),You look for,hîn li  di gerîyin,ھین ل د گەریین
Look For,Present,They,They look for,ew li  di gerîyin,ئەو ل د گەریین
Look For,Future,I,I will look for,ez dê li  gerîyim,ئەز دێ ل گەرییم
Look For,Future,You,You will look for,tu dê li  gerîyî,تو دێ ل گەرییی
Look For,Future,He/She,He/She will look for,ew dê li  gerîyit,ئەو دێ ل گەریییت
Look For,Future,We,We will look for,em dê li  gerîyîn,ئەم دێ ل گەرییین
Look For,Future,You (pl.),You will look for,hîn dê li  gerîyin,ھین دێ ل گەریین
Look For,Future,They,They will look for,ew dê li  gerîyin,ئەو دێ ل گەریین
Loosen,Past,I,I loosened,&lt;Not Used&gt;,نە
Loosen,Past,You,You loosened,&lt;Not Used&gt;,نە
Loosen,Past,He/She,He/She loosened, ew sist kir,ئەو سست كر
Loosen,Past,We,We loosened,&lt;Not Used&gt;,نە
Loosen,Past,You (pl.),You loosened,&lt;Not Used&gt;,نە
Loosen,Past,They,They loosened, ew sist kirin,ئەو سست كرن
Loosen,Present,I,I loosen,ez  di sist kem,ئەز د سست كەم
Loosen,Present,You,You loosen,tu  di sist key,تو د سست كەی
Loosen,Present,He/She,He/She loosens,ew  di sist ket,ئەو د سست كەت
Loosen,Present,We,We loosen,em  di sist keyn,ئەم د سست كەین
Loosen,Present,You (pl.),You loosen,hîn  di sist ken,ھین د سست كەن
Loosen,Present,They,They loosen,ew  di sist ken,ئەو د سست كەن
Loosen,Future,I,I will loosen,ez dê  sist kem,ئەز دێ سست كەم
Loosen,Future,You,You will loosen,tu dê  sist key,تو دێ سست كەی
Loosen,Future,He/She,He/She will loosen,ew dê  sist ket,ئەو دێ سست كەت
Loosen,Future,We,We will loosen,em dê  sist keyn,ئەم دێ سست كەین
Loosen,Future,You (pl.),You will loosen,hîn dê  sist ken,ھین دێ سست كەن
Loosen,Future,They,They will loosen,ew dê  sist ken,ئەو دێ سست كەن
Lose,Past,I,I lost,ez (di OW da) xosaret bum,ئەز خوسارەت بوم
Lose,Past,You,You lost,tu (di OW da) xosaret buî,تو خوسارەت بوی
Lose,Past,He/She,He/She lost,ew (di OW da) xosaret bu,ئەو خوسارەت بو
Lose,Past,We,We lost,em (di OW da) xosaret buîn,ئەم خوسارەت بوین
Lose,Past,You (pl.),You lost,hîn (di OW da) xosaret bun,ھین خوسارەت بون
Lose,Past,They,They lost,ew (di OW da) xosaret bun,ئەو خوسارەت بون
Lose,Present,I,I lose,ez (di OW da) xosaret di bim,ئەز خوسارەت د بم
Lose,Present,You,You lose,tu (di OW da) xosaret di bî,تو خوسارەت د بی
Lose,Present,He/She,He/She loses,ew (di OW da) xosaret di bit,ئەو خوسارەت د بیت
Lose,Present,We,We lose,em (di OW da) xosaret di bîn,ئەم خوسارەت د بین
Lose,Present,You (pl.),You lose,hîn (di OW da) xosaret di bin,ھین خوسارەت د بن
Lose,Present,They,They lose,ew (di OW da) xosaret di bin,ئەو خوسارەت د بن
Lose,Future,I,I will lose,ez dê (di OW da) xosaret bim,ئەز دێ خوسارەت بم
Lose,Future,You,You will lose,tu dê (di OW da) xosaret bî,تو دێ خوسارەت بی
Lose,Future,He/She,He/She will lose,ew dê (di OW da) xosaret bit,ئەو دێ خوسارەت بیت
Lose,Future,We,We will lose,em dê (di OW da) xosaret bîn,ئەم دێ خوسارەت بین
Lose,Future,You (pl.),You will lose,hîn dê (di OW da) xosaret bin,ھین دێ خوسارەت بن
Lose,Future,They,They will lose,ew dê (di OW da) xosaret bin,ئەو دێ خوسارەت بن
Lose Something,Past,I,I lost, ez berze kirim,ئەز بەرزە كرم
Lose Something,Past,You,You lost, tu berze kirî,تو بەرزە كری
Lose Something,Past,He/She,He/She lost, ew berze kir,ئەو بەرزە كر
Lose Something,Past,We,We lost, em berze kirîn,ئەم بەرزە كرین
Lose Something,Past,You (pl.),You lost, hîn berze kirin,ھین بەرزە كرن
Lose Something,Past,They,They lost, ew berze kirin,ئەو بەرزە كرن
Lose Something,Present,I,I lose,ez  berze di kem,ئەز بەرزە د كەم
Lose Something,Present,You,You lose,tu  berze di key,تو بەرزە د كەی
Lose Something,Present,He/She,He/She loses,ew  berze di ket,ئەو بەرزە د كەت
Lose Something,Present,We,We lose,em  berze di keyn,ئەم بەرزە د كەین
Lose Something,Present,You (pl.),You lose,hîn  berze di ken,ھین بەرزە د كەن
Lose Something,Present,They,They lose,ew  berze di ken,ئەو بەرزە د كەن
Lose Something,Future,I,I will lose,ez dê  berze kem,ئەز دێ بەرزە كەم
Lose Something,Future,You,You will lose,tu dê  berze key,تو دێ بەرزە كەی
Lose Something,Future,He/She,He/She will lose,ew dê  berze ket,ئەو دێ بەرزە كەت
Lose Something,Future,We,We will lose,em dê  berze keyn,ئەم دێ بەرزە كەین
Lose Something,Future,You (pl.),You will lose,hîn dê  berze ken,ھین دێ بەرزە كەن
Lose Something,Future,They,They will lose,ew dê  berze ken,ئەو دێ بەرزە كەن
Make,Past,I,I made,min  çê kir,من چێ كر
Make,Past,You,You made,te   çê kir,تە  چێ كر
Make,Past,He/She,He/She made,ewî/ewê  çê kir,ئەوی/ئەوێ چێ كر
Make,Past,We,We made,me  çê kir,مە چێ كر
Make,Past,You (pl.),You made,hewe  çê kir,ھەوە چێ كر
Make,Past,They,They made,ewan  çê kir,ئەوان چێ كر
Make,Present,I,I make,ez  çê di kem,ئەز چێ د كەم
Make,Present,You,You make,tu  çê di key,تو چێ د كەی
Make,Present,He/She,He/She makes,ew  çê di ket,ئەو چێ د كەت
Make,Present,We,We make,em  çê di keyn,ئەم چێ د كەین
Make,Present,You (pl.),You make,hîn  çê di ken,ھین چێ د كەن
Make,Present,They,They make,ew  çê di ken,ئەو چێ د كەن
Make,Future,I,I will make,ez dê  çê kem,ئەز دێ چێ كەم
Make,Future,You,You will make,tu dê  çê key,تو دێ چێ كەی
Make,Future,He/She,He/She will make,ew dê  çê ket,ئەو دێ چێ كەت
Make,Future,We,We will make,em dê  çê keyn,ئەم دێ چێ كەین
Make,Future,You (pl.),You will make,hîn dê  çê ken,ھین دێ چێ كەن
Make,Future,They,They will make,ew dê  çê ken,ئەو دێ چێ كەن
Make A Hole,Past,I,I made a hole,min  kun kir,من كون كر
Make A Hole,Past,You,You made a hole,te  kun kir,تە كون كر
Make A Hole,Past,He/She,He/She made a hole,ewî/ewê  kun kir,ئەوی/ئەوێ كون كر
Make A Hole,Past,We,We made a hole,me  kun kir,مە كون كر
Make A Hole,Past,You (pl.),You made a hole,hewe  kun kir,ھەوە كون كر
Make A Hole,Past,They,They made a hole,ewan  kun kir,ئەوان كون كر
Make A Hole,Present,I,I make a hole,ez  kun di kem,ئەز كون د كەم
Make A Hole,Present,You,You make a hole,tu  kun di key,تو كون د كەی
Make A Hole,Present,He/She,He/She makes a hole,ew  kun di ket,ئەو كون د كەت
Make A Hole,Present,We,We make a hole,em  kun di keyn,ئەم كون د كەین
Make A Hole,Present,You (pl.),You make a hole,hîn  kun di ken,ھین كون د كەن
Make A Hole,Present,They,They make a hole,ew  kun di ken,ئەو كون د كەن
Make A Hole,Future,I,I will make a hole,ez dê  kun kem,ئەز دێ كون كەم
Make A Hole,Future,You,You will make a hole,tu dê  kun key,تو دێ كون كەی
Make A Hole,Future,He/She,He/She will make a hole,ew dê  kun ket,ئەو دێ كون كەت
Make A Hole,Future,We,We will make a hole,em dê  kun keyn,ئەم دێ كون كەین
Make A Hole,Future,You (pl.),You will make a hole,hîn dê  kun ken,ھین دێ كون كەن
Make A Hole,Future,They,They will make a hole,ew dê  kun ken,ئەو دێ كون كەن
Make A Sound,Past,I,I made a sound,min dengek kir,من دەنگەك كر
Make A Sound,Past,You,You made a sound,te dengek kir,تە دەنگەك كر
Make A Sound,Past,He/She,He/She made a sound,ewî/ewê dengek kir,ئەوی/ئەوێ دەنگەك كر
Make A Sound,Past,We,We made a sound,me dengek kir,مە دەنگەك كر
Make A Sound,Past,You (pl.),You made a sound,hewe dengek kir,ھەوە دەنگەك كر
Make A Sound,Past,They,They made a sound,ewan dengek kir,ئەوان دەنگەك كر
Make A Sound,Present,I,I make a sound,ez dengekî di kem,ئەز دەنگەكی د كەم
Make A Sound,Present,You,You make a sound,tu dengekî di key,تو دەنگەكی د كەی
Make A Sound,Present,He/She,He/She makes a sound,ew dengekî di ket,ئەو دەنگەكی د كەت
Make A Sound,Present,We,We make a sound,em dengekî di keyn,ئەم دەنگەكی د كەین
Make A Sound,Present,You (pl.),You make a sound,hîn dengekî di ken,ھین دەنگەكی د كەن
Make A Sound,Present,They,They make a sound,ew dengekî di ken,ئەو دەنگەكی د كەن
Make A Sound,Future,I,I will make a sound,ez dê dengekî kem,ئەز دێ دەنگەكی كەم
Make A Sound,Future,You,You will make a sound,tu dê dengekî key,تو دێ دەنگەكی كەی
Make A Sound,Future,He/She,He/She will make a sound,ew dê dengekî ket,ئەو دێ دەنگەكی كەت
Make A Sound,Future,We,We will make a sound,em dê dengekî keyn,ئەم دێ دەنگەكی كەین
Make A Sound,Future,You (pl.),You will make a sound,hîn dê dengekî ken,ھین دێ دەنگەكی كەن
Make A Sound,Future,They,They will make a sound,ew dê dengekî ken,ئەو دێ دەنگەكی كەن
Make The Bed,Past,I,I made the bed,min cihê xo çê kir,من جھێ خو چێ كر
Make The Bed,Past,You,You made the bed,te cihê xo çê kir,تە جھێ خو چێ كر
Make The Bed,Past,He/She,He/She made the bed,ewî/ewê cihê xo çê kir,ئەوی/ئەوێ جھێ خو چێ كر
Make The Bed,Past,We,We made the bed,me cihê xo çê kir,مە جھێ خو چێ كر
Make The Bed,Past,You (pl.),You made the bed,hewe cihê xo çê kir,ھەوە جھێ خو چێ كر
Make The Bed,Past,They,They made the bed,ewan cihê xo çê kir,ئەوان جھێ خو چێ كر
Make The Bed,Present,I,I make the bed,ez cihê xo çê di kem,ئەز جھێ خو چێ د كەم
Make The Bed,Present,You,You make the bed,tu cihê xo çê di key,تو جھێ خو چێ د كەی
Make The Bed,Present,He/She,He/She makes the bed,ew cihê xo çê di ket,ئەو جھێ خو چێ د كەت
Make The Bed,Present,We,We make the bed,em cihê xo çê di keyn,ئەم جھێ خو چێ د كەین
Make The Bed,Present,You (pl.),You make the bed,hîn cihê xo çê di ken,ھین جھێ خو چێ د كەن
Make The Bed,Present,They,They make the bed,ew cihê xo çê di ken,ئەو جھێ خو چێ د كەن
Make The Bed,Future,I,I will make the bed,ez dê cihê xo çê kem,ئەز دێ جھێ خو چێ كەم
Make The Bed,Future,You,You will make the bed,tu dê cihê xo çê key,تو دێ جھێ خو چێ كەی
Make The Bed,Future,He/She,He/She will make the bed,ew dê cihê xo çê ket,ئەو دێ جھێ خو چێ كەت
Make The Bed,Future,We,We will make the bed,em dê cihê xo çê keyn,ئەم دێ جھێ خو چێ كەین
Make The Bed,Future,You (pl.),You will make the bed,hîn dê cihê xo çê ken,ھین دێ جھێ خو چێ كەن
Make The Bed,Future,They,They will make the bed,ew dê cihê xo çê ken,ئەو دێ جھێ خو چێ كەن
Measure,Past,I,I measured,min  qîyas kir,من قییاس كر
Measure,Past,You,You measured,te  qîyas kir,تە قییاس كر
Measure,Past,He/She,He/She measured,ewî/ewê  qîyas kir,ئەوی/ئەوێ قییاس كر
Measure,Past,We,We measured,me  qîyas kir,مە قییاس كر
Measure,Past,You (pl.),You measured,hewe  qîyas kir,ھەوە قییاس كر
Measure,Past,They,They measured,ewan  qîyas kir,ئەوان قییاس كر
Measure,Present,I,I measure,ez  qîyas di kem,ئەز قییاس د كەم
Measure,Present,You,You measure,tu  qîyas di key,تو قییاس د كەی
Measure,Present,He/She,He/She measures,ew  qîyas di ket,ئەو قییاس د كەت
Measure,Present,We,We measure,em  qîyas di keyn,ئەم قییاس د كەین
Measure,Present,You (pl.),You measure,hîn  qîyas di ken,ھین قییاس د كەن
Measure,Present,They,They measure,ew  qîyas di ken,ئەو قییاس د كەن
Measure,Future,I,I will measure,ez dê  qîyas kem,ئەز دێ قییاس كەم
Measure,Future,You,You will measure,tu dê  qîyas key,تو دێ قییاس كەی
Measure,Future,He/She,He/She will measure,ew dê  qîyas ket,ئەو دێ قییاس كەت
Measure,Future,We,We will measure,em dê  qîyas keyn,ئەم دێ قییاس كەین
Measure,Future,You (pl.),You will measure,hîn dê  qîyas ken,ھین دێ قییاس كەن
Measure,Future,They,They will measure,ew dê  qîyas ken,ئەو دێ قییاس كەن
Melt,Past,I,I melted,&lt;Not Used&gt;,نە
Melt,Past,You,You melted,&lt;Not Used&gt;,نە
Melt,Past,He/She,He/She melted,ewî/ewê ḧeland,ئەوی/ئەوێ حەلاند
Melt,Past,We,We melted,&lt;Not Used&gt;,نە
Melt,Past,You (pl.),You melted,&lt;Not Used&gt;,نە
Melt,Past,They,They melted,ewan ḧelandin,ئەوان حەلاندن
Melt,Present,I,I melt,&lt;Not Used&gt;,نە
Melt,Present,You,You melt,&lt;Not Used&gt;,نە
Melt,Present,He/She,He/She melts,ew di ḧelîyit,ئەو د حەلیییت
Melt,Present,We,We melt,&lt;Not Used&gt;,نە
Melt,Present,You (pl.),You melt,&lt;Not Used&gt;,نە
Melt,Present,They,They melt,ew di ḧelîyin,ئەو د حەلیین
Melt,Future,I,I will melt,&lt;Not Used&gt;,نە
Melt,Future,You,You will melt,&lt;Not Used&gt;,نە
Melt,Future,He/She,He/She will melt,ew dê ḧelîyit,ئەو دێ حەلیییت
Melt,Future,We,We will melt,&lt;Not Used&gt;,نە
Melt,Future,You (pl.),You will melt,&lt;Not Used&gt;,نە
Melt,Future,They,They will melt,ew dê ḧelîyin,ئەو دێ حەلیین
Melt Something,Past,I,I melted,min  ḧelîya,من حەلییا
Melt Something,Past,You,You melted,te  ḧelîya,تە حەلییا
Melt Something,Past,He/She,He/She melted,ewî/ewê  ḧelîya,ئەوی/ئەوێ حەلییا
Melt Something,Past,We,We melted,me  ḧelîya,مە حەلییا
Melt Something,Past,You (pl.),You melted,hewe  ḧelîya,ھەوە حەلییا
Melt Something,Past,They,They melted,ewan  ḧelîya,ئەوان حەلییا
Melt Something,Present,I,I melt,ez  di ḧelînim,ئەز د حەلینم
Melt Something,Present,You,You melt,tu  di ḧelînî,تو د حەلینی
Melt Something,Present,He/She,He/She melts,ew  di ḧelînit,ئەو د حەلینیت
Melt Something,Present,We,We melt,em  di ḧelînîn,ئەم د حەلینین
Melt Something,Present,You (pl.),You melt,hîn  di ḧelînin,ھین د حەلینن
Melt Something,Present,They,They melt,ew  di ḧelînin,ئەو د حەلینن
Melt Something,Future,I,I will melt,ez dê  ḧelînim,ئەز دێ حەلینم
Melt Something,Future,You,You will melt,tu dê  ḧelînî,تو دێ حەلینی
Melt Something,Future,He/She,He/She will melt,ew dê  ḧelînit,ئەو دێ حەلینیت
Melt Something,Future,We,We will melt,em dê  ḧelînîn,ئەم دێ حەلینین
Melt Something,Future,You (pl.),You will melt,hîn dê  ḧelînin,ھین دێ حەلینن
Melt Something,Future,They,They will melt,ew dê  ḧelînin,ئەو دێ حەلینن
Migrate,Past,I,I migrated,min kuç kir,من كوچ كر
Migrate,Past,You,You migrated,te kuç kir,تە كوچ كر
Migrate,Past,He/She,He/She migrated,ewî/ewê kuç kir,ئەوی/ئەوێ كوچ كر
Migrate,Past,We,We migrated,me kuç kir,مە كوچ كر
Migrate,Past,You (pl.),You migrated,hewe kuç kir,ھەوە كوچ كر
Migrate,Past,They,They migrated,ewan kuç kir,ئەوان كوچ كر
Migrate,Present,I,I migrate,ez kuç di kem,ئەز كوچ د كەم
Migrate,Present,You,You migrate,tu kuç di key,تو كوچ د كەی
Migrate,Present,He/She,He/She migrates,ew kuç di ket,ئەو كوچ د كەت
Migrate,Present,We,We migrate,em kuç di keyn,ئەم كوچ د كەین
Migrate,Present,You (pl.),You migrate,hîn kuç di ken,ھین كوچ د كەن
Migrate,Present,They,They migrate,ew kuç di ken,ئەو كوچ د كەن
Migrate,Future,I,I will migrate,ez dê kuç kem,ئەز دێ كوچ كەم
Migrate,Future,You,You will migrate,tu dê kuç key,تو دێ كوچ كەی
Migrate,Future,He/She,He/She will migrate,ew dê kuç ket,ئەو دێ كوچ كەت
Migrate,Future,We,We will migrate,em dê kuç keyn,ئەم دێ كوچ كەین
Migrate,Future,You (pl.),You will migrate,hîn dê kuç ken,ھین دێ كوچ كەن
Migrate,Future,They,They will migrate,ew dê kuç ken,ئەو دێ كوچ كەن
Milk,Past,I,I milked,min  dut,من دوت
Milk,Past,You,You milked,te  dut,تە دوت
Milk,Past,He/She,He/She milked,ewî/ewê  dut,ئەوی/ئەوێ دوت
Milk,Past,We,We milked,me  dut,مە دوت
Milk,Past,You (pl.),You milked,hewe  dut,ھەوە دوت
Milk,Past,They,They milked,ewan  dut,ئەوان دوت
Milk,Present,I,I milk,ez  di duşim,ئەز د دوشم
Milk,Present,You,You milk,tu  di duşî,تو د دوشی
Milk,Present,He/She,He/She milks,ew  di duşit,ئەو د دوشیت
Milk,Present,We,We milk,em  di duşîn,ئەم د دوشین
Milk,Present,You (pl.),You milk,hîn  di duşin,ھین د دوشن
Milk,Present,They,They milk,ew  di duşin,ئەو د دوشن
Milk,Future,I,I will milk,ez dê dê  duşim,ئەز دێ دێ دوشم
Milk,Future,You,You will milk,tu dê dê  duşî,تو دێ دێ دوشی
Milk,Future,He/She,He/She will milk,ew dê dê  duşit,ئەو دێ دێ دوشیت
Milk,Future,We,We will milk,em dê dê  duşîn,ئەم دێ دێ دوشین
Milk,Future,You (pl.),You will milk,hîn dê dê  duşin,ھین دێ دێ دوشن
Milk,Future,They,They will milk,ew dê dê  duşin,ئەو دێ دێ دوشن
Miss,Past,I,I missed,ez kutî bum,ئەز كوتی بوم
Miss,Past,You,You missed,tu kutî buî,تو كوتی بوی
Miss,Past,He/She,He/She missed,ew kutî bu,ئەو كوتی بو
Miss,Past,We,We missed,em kutî buîn,ئەم كوتی بوین
Miss,Past,You (pl.),You missed,hîn kutî bun,ھین كوتی بون
Miss,Past,They,They missed,ew kutî bun,ئەو كوتی بون
Miss,Present,I,I miss,ez kutî di bim,ئەز كوتی د بم
Miss,Present,You,You miss,tu kutî di bî,تو كوتی د بی
Miss,Present,He/She,He/She misses,ew kutî di bit,ئەو كوتی د بیت
Miss,Present,We,We miss,em kutî di bîn,ئەم كوتی د بین
Miss,Present,You (pl.),You miss,hîn kutî di bin,ھین كوتی د بن
Miss,Present,They,They miss,ew kutî di bin,ئەو كوتی د بن
Miss,Future,I,I will miss,ez dê kutî bim,ئەز دێ كوتی بم
Miss,Future,You,You will miss,tu dê kutî bî,تو دێ كوتی بی
Miss,Future,He/She,He/She will miss,ew dê kutî bit,ئەو دێ كوتی بیت
Miss,Future,We,We will miss,em dê kutî bîn,ئەم دێ كوتی بین
Miss,Future,You (pl.),You will miss,hîn dê kutî bin,ھین دێ كوتی بن
Miss,Future,They,They will miss,ew dê kutî bin,ئەو دێ كوتی بن
Miss,Past,I,I missed,&lt;Not Used&gt;,نە
Miss,Past,You,You missed,&lt;Not Used&gt;,نە
Miss,Past,He/She,He/She missed, ji  çu,ژ چو
Miss,Past,We,We missed,&lt;Not Used&gt;,نە
Miss,Past,You (pl.),You missed,&lt;Not Used&gt;,نە
Miss,Past,They,They missed, ji  çun,ژ چون
Miss,Present,I,I miss,&lt;Not Used&gt;,نە
Miss,Present,You,You miss,&lt;Not Used&gt;,نە
Miss,Present,He/She,He/She misses, ji  di çit,ژ د چیت
Miss,Present,We,We miss,&lt;Not Used&gt;,نە
Miss,Present,You (pl.),You miss,&lt;Not Used&gt;,نە
Miss,Present,They,They miss, ji  di çin,ژ د چن
Miss,Future,I,I will miss,&lt;Not Used&gt;,نە
Miss,Future,You,You will miss,&lt;Not Used&gt;,نە
Miss,Future,He/She,He/She will miss, dê ji  çit,دێ ژ چیت
Miss,Future,We,We will miss,&lt;Not Used&gt;,نە
Miss,Future,You (pl.),You will miss,&lt;Not Used&gt;,نە
Miss,Future,They,They will miss, dê ji  çin,دێ ژ چن
Miss Someone,Past,I,I missed,ez ji  xarî bum,ئەز ژ خاری بوم
Miss Someone,Past,You,You missed,tu ji  xarî buî,تو ژ خاری بوی
Miss Someone,Past,He/She,He/She missed,ew ji  xarî bu,ئەو ژ خاری بو
Miss Someone,Past,We,We missed,em ji  xarî buîn,ئەم ژ خاری بوین
Miss Someone,Past,You (pl.),You missed,hîn ji  xarî bun,ھین ژ خاری بون
Miss Someone,Past,They,They missed,ew ji  xarî bun,ئەو ژ خاری بون
Miss Someone,Present,I,I miss,ez ji  xarî di bim,ئەز ژ خاری د بم
Miss Someone,Present,You,You miss,tu ji  xarî di bî,تو ژ خاری د بی
Miss Someone,Present,He/She,He/She misses,ew ji  xarî di bit,ئەو ژ خاری د بیت
Miss Someone,Present,We,We miss,em ji  xarî di bîn,ئەم ژ خاری د بین
Miss Someone,Present,You (pl.),You miss,hîn ji  xarî di bin,ھین ژ خاری د بن
Miss Someone,Present,They,They miss,ew ji  xarî di bin,ئەو ژ خاری د بن
Miss Someone,Future,I,I will miss,ez dê ji  xarî bim,ئەز دێ ژ خاری بم
Miss Someone,Future,You,You will miss,tu dê ji  xarî bî,تو دێ ژ خاری بی
Miss Someone,Future,He/She,He/She will miss,ew dê ji  xarî bit,ئەو دێ ژ خاری بیت
Miss Someone,Future,We,We will miss,em dê ji  xarî bîn,ئەم دێ ژ خاری بین
Miss Someone,Future,You (pl.),You will miss,hîn dê ji  xarî bin,ھین دێ ژ خاری بن
Miss Someone,Future,They,They will miss,ew dê ji  xarî bin,ئەو دێ ژ خاری بن
Mix,Past,I,I mixed,min  têk ve da,من تێك ڤە دا
Mix,Past,You,You mixed,te  têk ve da,تە تێك ڤە دا
Mix,Past,He/She,He/She mixed,ewî/ewê  têk ve da,ئەوی/ئەوێ تێك ڤە دا
Mix,Past,We,We mixed,me  têk ve da,مە تێك ڤە دا
Mix,Past,You (pl.),You mixed,hewe  têk ve da,ھەوە تێك ڤە دا
Mix,Past,They,They mixed,ewan  têk ve da,ئەوان تێك ڤە دا
Mix,Present,I,I mix,ez  têk ve di dem,ئەز تێك ڤە د دەم
Mix,Present,You,You mix,tu  têk ve di dey,تو تێك ڤە د دەی
Mix,Present,He/She,He/She mixes,ew  têk ve di det,ئەو تێك ڤە د دەت
Mix,Present,We,We mix,em  têk ve di deyn,ئەم تێك ڤە د دەین
Mix,Present,You (pl.),You mix,hîn  têk ve di den,ھین تێك ڤە د دەن
Mix,Present,They,They mix,ew  têk ve di den,ئەو تێك ڤە د دەن
Mix,Future,I,I will mix,ez dê  têk ve dem,ئەز دێ تێك ڤە دەم
Mix,Future,You,You will mix,tu dê  têk ve dey,تو دێ تێك ڤە دەی
Mix,Future,He/She,He/She will mix,ew dê  têk ve det,ئەو دێ تێك ڤە دەت
Mix,Future,We,We will mix,em dê  têk ve deyn,ئەم دێ تێك ڤە دەین
Mix,Future,You (pl.),You will mix,hîn dê  têk ve den,ھین دێ تێك ڤە دەن
Mix,Future,They,They will mix,ew dê  têk ve den,ئەو دێ تێك ڤە دەن
Mop,Past,I,I mopped,min  mesiḧ kir,من مەسح كر
Mop,Past,You,You mopped,te  mesiḧ kir,تە مەسح كر
Mop,Past,He/She,He/She mopped,ewî/ewê  mesiḧ kir,ئەوی/ئەوێ مەسح كر
Mop,Past,We,We mopped,me  mesiḧ kir,مە مەسح كر
Mop,Past,You (pl.),You mopped,hewe  mesiḧ kir,ھەوە مەسح كر
Mop,Past,They,They mopped,ewan  mesiḧ kir,ئەوان مەسح كر
Mop,Present,I,I mop,ez  mesiḧ di kem,ئەز مەسح د كەم
Mop,Present,You,You mop,tu  mesiḧ di key,تو مەسح د كەی
Mop,Present,He/She,He/She mops,ew  mesiḧ di ket,ئەو مەسح د كەت
Mop,Present,We,We mop,em  mesiḧ di keyn,ئەم مەسح د كەین
Mop,Present,You (pl.),You mop,hîn  mesiḧ di ken,ھین مەسح د كەن
Mop,Present,They,They mop,ew  mesiḧ di ken,ئەو مەسح د كەن
Mop,Future,I,I will mop,ez dê  mesiḧ kem,ئەز دێ مەسح كەم
Mop,Future,You,You will mop,tu dê  mesiḧ key,تو دێ مەسح كەی
Mop,Future,He/She,He/She will mop,ew dê  mesiḧ ket,ئەو دێ مەسح كەت
Mop,Future,We,We will mop,em dê  mesiḧ keyn,ئەم دێ مەسح كەین
Mop,Future,You (pl.),You will mop,hîn dê  mesiḧ ken,ھین دێ مەسح كەن
Mop,Future,They,They will mop,ew dê  mesiḧ ken,ئەو دێ مەسح كەن
Move,Past,I,I moved,min  neqil kir,من نەقل كر
Move,Past,You,You moved,te  neqil kir,تە نەقل كر
Move,Past,He/She,He/She moved,ewî/ewê  neqil kir,ئەوی/ئەوێ نەقل كر
Move,Past,We,We moved,me  neqil kir,مە نەقل كر
Move,Past,You (pl.),You moved,hewe  neqil kir,ھەوە نەقل كر
Move,Past,They,They moved,ewan  neqil kir,ئەوان نەقل كر
Move,Present,I,I move,ez  neqil di kem,ئەز نەقل د كەم
Move,Present,You,You move,tu  neqil di key,تو نەقل د كەی
Move,Present,He/She,He/She moves,ew  neqil di ket,ئەو نەقل د كەت
Move,Present,We,We move,em  neqil di keyn,ئەم نەقل د كەین
Move,Present,You (pl.),You move,hîn  neqil di ken,ھین نەقل د كەن
Move,Present,They,They move,ew  neqil di ken,ئەو نەقل د كەن
Move,Future,I,I will move,ez dê  neqil kem,ئەز دێ نەقل كەم
Move,Future,You,You will move,tu dê  neqil key,تو دێ نەقل كەی
Move,Future,He/She,He/She will move,ew dê  neqil ket,ئەو دێ نەقل كەت
Move,Future,We,We will move,em dê  neqil keyn,ئەم دێ نەقل كەین
Move,Future,You (pl.),You will move,hîn dê  neqil ken,ھین دێ نەقل كەن
Move,Future,They,They will move,ew dê  neqil ken,ئەو دێ نەقل كەن
Multiply,Past,I,I multiplied,min  li êk da,من ل ئێك دا
Multiply,Past,You,You multiplied,te  li êk da,تە ل ئێك دا
Multiply,Past,He/She,He/She multiplied,ewî/ewê  li êk da,ئەوی/ئەوێ ل ئێك دا
Multiply,Past,We,We multiplied,me  li êk da,مە ل ئێك دا
Multiply,Past,You (pl.),You multiplied,hewe  li êk da,ھەوە ل ئێك دا
Multiply,Past,They,They multiplied,ewan  li êk da,ئەوان ل ئێك دا
Multiply,Present,I,I multiply,ez  li êk di dem,ئەز ل ئێك د دەم
Multiply,Present,You,You multiply,tu  li êk di dey,تو ل ئێك د دەی
Multiply,Present,He/She,He/She multiplies,ew  li êk di det,ئەو ل ئێك د دەت
Multiply,Present,We,We multiply,em  li êk di deyn,ئەم ل ئێك د دەین
Multiply,Present,You (pl.),You multiply,hîn  li êk di den,ھین ل ئێك د دەن
Multiply,Present,They,They multiply,ew  li êk di den,ئەو ل ئێك د دەن
Multiply,Future,I,I will multiply,ez dê  li êk dem,ئەز دێ ل ئێك دەم
Multiply,Future,You,You will multiply,tu dê  li êk dey,تو دێ ل ئێك دەی
Multiply,Future,He/She,He/She will multiply,ew dê  li êk det,ئەو دێ ل ئێك دەت
Multiply,Future,We,We will multiply,em dê  li êk deyn,ئەم دێ ل ئێك دەین
Multiply,Future,You (pl.),You will multiply,hîn dê  li êk den,ھین دێ ل ئێك دەن
Multiply,Future,They,They will multiply,ew dê  li êk den,ئەو دێ ل ئێك دەن
Name,Past,I,I named,min navê  kire ,من ناڤێ كرە
Name,Past,You,You named,te navê  kire ,تە ناڤێ كرە
Name,Past,He/She,He/She named,ewî/ewê navê  kire ,ئەوی/ئەوێ ناڤێ كرە
Name,Past,We,We named,me navê  kire ,مە ناڤێ كرە
Name,Past,You (pl.),You named,hewe navê  kire ,ھەوە ناڤێ كرە
Name,Past,They,They named,ewan navê  kire ,ئەوان ناڤێ كرە
Name,Present,I,I name,ez navê  di keme ,ئەز ناڤێ د كەمە
Name,Present,You,You name,tu navê  di keyye ,تو ناڤێ د كەییە
Name,Present,He/She,He/She names,ew navê  di kete ,ئەو ناڤێ د كەتە
Name,Present,We,We name,em navê  di keyne ,ئەم ناڤێ د كەینە
Name,Present,You (pl.),You name,hîn navê  di kene ,ھین ناڤێ د كەنە
Name,Present,They,They name,ew navê  di kene ,ئەو ناڤێ د كەنە
Name,Future,I,I will name,ez dê navê  keme ,ئەز دێ ناڤێ كەمە
Name,Future,You,You will name,tu dê navê  keyye ,تو دێ ناڤێ كەییە
Name,Future,He/She,He/She will name,ew dê navê  kete ,ئەو دێ ناڤێ كەتە
Name,Future,We,We will name,em dê navê  keyne ,ئەم دێ ناڤێ كەینە
Name,Future,You (pl.),You will name,hîn dê navê  kene ,ھین دێ ناڤێ كەنە
Name,Future,They,They will name,ew dê navê  kene ,ئەو دێ ناڤێ كەنە
Need Something,Past,I,I needed,ez pêtvî  bum,ئەز پێتڤی بوم
Need Something,Past,You,You needed,tu pêtvî  buî,تو پێتڤی بوی
Need Something,Past,He/She,He/She needed,ew pêtvî  bu,ئەو پێتڤی بو
Need Something,Past,We,We needed,em pêtvî  buîn,ئەم پێتڤی بوین
Need Something,Past,You (pl.),You needed,hîn pêtvî  bun,ھین پێتڤی بون
Need Something,Past,They,They needed,ew pêtvî  bun,ئەو پێتڤی بون
Need Something,Present,I,I need,ez pêtvî  me,ئەز پێتڤی مە
Need Something,Present,You,You need,tu pêtvî  te,تو پێتڤی تە
Need Something,Present,He/She,He/She needs,ew pêtvî  ye,ئەو پێتڤی یە
Need Something,Present,We,We need,em pêtvî  ne,ئەم پێتڤی نە
Need Something,Present,You (pl.),You need,hîn pêtvî  ne,ھین پێتڤی نە
Need Something,Present,They,They need,ew pêtvî  ne,ئەو پێتڤی نە
Need Something,Future,I,I will need,ez pêtvî  bim,ئەز پێتڤی بم
Need Something,Future,You,You will need,tu pêtvî  bî,تو پێتڤی بی
Need Something,Future,He/She,He/She will need,ew pêtvî  bit,ئەو پێتڤی بیت
Need Something,Future,We,We will need,em pêtvî  bîn,ئەم پێتڤی بین
Need Something,Future,You (pl.),You will need,hîn pêtvî  bin,ھین پێتڤی بن
Need Something,Future,They,They will need,ew pêtvî  bin,ئەو پێتڤی بن
Need to Do Something,Past,I,I needed to,pêtvîbu ez,پێتڤیبو ئەز
Need to Do Something,Past,You,You needed to,pêtvîbu tu,پێتڤیبو تو
Need to Do Something,Past,He/She,He/She needed to,pêtvîbu ew,پێتڤیبو ئەو
Need to Do Something,Past,We,We needed to,pêtvîbu em,پێتڤیبو ئەم
Need to Do Something,Past,You (pl.),You needed to,pêtvîbu hîn,پێتڤیبو ھین
Need to Do Something,Past,They,They needed to,pêtvîbu ew,پێتڤیبو ئەو
Need to Do Something,Present,I,I need to,pêtvîye ez,پێتڤییە ئەز
Need to Do Something,Present,You,You need to,pêtvîye tu,پێتڤییە تو
Need to Do Something,Present,He/She,He/She needs to,pêtvîye ew,پێتڤییە ئەو
Need to Do Something,Present,We,We need to,pêtvîye em,پێتڤییە ئەم
Need to Do Something,Present,You (pl.),You need to,pêtvîye hîn,پێتڤییە ھین
Need to Do Something,Present,They,They need to,pêtvîye ew,پێتڤییە ئەو
Need to Do Something,Future,I,I will need to,&lt;Not Used&gt;,نە
Need to Do Something,Future,You,You will need to,&lt;Not Used&gt;,نە
Need to Do Something,Future,He/She,He/She will need to,&lt;Not Used&gt;,نە
Need to Do Something,Future,We,We will need to,&lt;Not Used&gt;,نە
Need to Do Something,Future,You (pl.),You will need to,&lt;Not Used&gt;,نە
Need to Do Something,Future,They,They will need to,&lt;Not Used&gt;,نە
Negotiate,Past,I,I negotiated,min mufawethat (di gel OW) kirin,من موفاوەتھات كرن
Negotiate,Past,You,You negotiated,te mufawethat (di gel OW) kirin,تە موفاوەتھات كرن
Negotiate,Past,He/She,He/She negotiated,ewî/ewê mufawethat (di gel OW) kirin,ئەوی/ئەوێ موفاوەتھات كرن
Negotiate,Past,We,We negotiated,me mufawethat (di gel OW) kirin,مە موفاوەتھات كرن
Negotiate,Past,You (pl.),You negotiated,hewe mufawethat (di gel OW) kirin,ھەوە موفاوەتھات كرن
Negotiate,Past,They,They negotiated,ewan mufawethat (di gel OW) kirin,ئەوان موفاوەتھات كرن
Negotiate,Present,I,I negotiate,ez mufawethat (di gel OW) di kem,ئەز موفاوەتھات د كەم
Negotiate,Present,You,You negotiate,tu mufawethat (di gel OW) di key,تو موفاوەتھات د كەی
Negotiate,Present,He/She,He/She negotiates,ew mufawethat (di gel OW) di ket,ئەو موفاوەتھات د كەت
Negotiate,Present,We,We negotiate,em mufawethat (di gel OW) di keyn,ئەم موفاوەتھات د كەین
Negotiate,Present,You (pl.),You negotiate,hîn mufawethat (di gel OW) di ken,ھین موفاوەتھات د كەن
Negotiate,Present,They,They negotiate,ew mufawethat (di gel OW) di ken,ئەو موفاوەتھات د كەن
Negotiate,Future,I,I will negotiate,ez dê mufawethat (di gel OW) kem,ئەز دێ موفاوەتھات كەم
Negotiate,Future,You,You will negotiate,tu dê mufawethat (di gel OW) key,تو دێ موفاوەتھات كەی
Negotiate,Future,He/She,He/She will negotiate,ew dê mufawethat (di gel OW) ket,ئەو دێ موفاوەتھات كەت
Negotiate,Future,We,We will negotiate,em dê mufawethat (di gel OW) keyn,ئەم دێ موفاوەتھات كەین
Negotiate,Future,You (pl.),You will negotiate,hîn dê mufawethat (di gel OW) ken,ھین دێ موفاوەتھات كەن
Negotiate,Future,They,They will negotiate,ew dê mufawethat (di gel OW) ken,ئەو دێ موفاوەتھات كەن
Open,Past,I,I opened,min  ve kir,من ڤە كر
Open,Past,You,You opened,te  ve kir,تە ڤە كر
Open,Past,He/She,He/She opened,ewî/ewê  ve kir,ئەوی/ئەوێ ڤە كر
Open,Past,We,We opened,me  ve kir,مە ڤە كر
Open,Past,You (pl.),You opened,hewe  ve kir,ھەوە ڤە كر
Open,Past,They,They opened,ewan  ve kir,ئەوان ڤە كر
Open,Present,I,I open,ez  ve di kem,ئەز ڤە د كەم
Open,Present,You,You open,tu  ve di key,تو ڤە د كەی
Open,Present,He/She,He/She opens,ew  ve di ket,ئەو ڤە د كەت
Open,Present,We,We open,em  ve di keyn,ئەم ڤە د كەین
Open,Present,You (pl.),You open,hîn  ve di ken,ھین ڤە د كەن
Open,Present,They,They open,ew  ve di ken,ئەو ڤە د كەن
Open,Future,I,I will open,ez dê  ve kem,ئەز دێ ڤە كەم
Open,Future,You,You will open,tu dê  ve key,تو دێ ڤە كەی
Open,Future,He/She,He/She will open,ew dê  ve ket,ئەو دێ ڤە كەت
Open,Future,We,We will open,em dê  ve keyn,ئەم دێ ڤە كەین
Open,Future,You (pl.),You will open,hîn dê  ve ken,ھین دێ ڤە كەن
Open,Future,They,They will open,ew dê  ve ken,ئەو دێ ڤە كەن
Overdose,Past,I,I overdosed,min cir'ek zêde xar,من جرعەك زێدە خار
Overdose,Past,You,You overdosed,te cir'ek zêde xar,تە جرعەك زێدە خار
Overdose,Past,He/She,He/She overdosed,ewî/ewê cir'ek zêde xar,ئەوی/ئەوێ جرعەك زێدە خار
Overdose,Past,We,We overdosed,me cir'ek zêde xar,مە جرعەك زێدە خار
Overdose,Past,You (pl.),You overdosed,hewe cir'ek zêde xar,ھەوە جرعەك زێدە خار
Overdose,Past,They,They overdosed,ewan cir'ek zêde xar,ئەوان جرعەك زێدە خار
Overdose,Present,I,I overdose,ez cir'eka zêde di xom,ئەز جرعەلا زێدە د خوم
Overdose,Present,You,You overdose,tu cir'eka zêde di xoî,تو جرعەلا زێدە د خوی
Overdose,Present,He/She,He/She overdoses,ew cir'eka zêde di xot,ئەو جرعەلا زێدە د خوت
Overdose,Present,We,We overdose,em cir'eka zêde di xoîn,ئەم جرعەلا زێدە د خوین
Overdose,Present,You (pl.),You overdose,hîn cir'eka zêde di xon,ھین جرعەلا زێدە د خون
Overdose,Present,They,They overdose,ew cir'eka zêde di xon,ئەو جرعەلا زێدە د خون
Overdose,Future,I,I will overdose,ez dê cir'eka zêde xom,ئەز دێ جرعەلا زێدە خوم
Overdose,Future,You,You will overdose,tu dê cir'eka zêde xoî,تو دێ جرعەلا زێدە خوی
Overdose,Future,He/She,He/She will overdose,ew dê cir'eka zêde xot,ئەو دێ جرعەلا زێدە خوت
Overdose,Future,We,We will overdose,em dê cir'eka zêde xoîn,ئەم دێ جرعەلا زێدە خوین
Overdose,Future,You (pl.),You will overdose,hîn dê cir'eka zêde xon,ھین دێ جرعەلا زێدە خون
Overdose,Future,They,They will overdose,ew dê cir'eka zêde xon,ئەو دێ جرعەلا زێدە خون
Paint,Past,I,I painted,min  subi'' kir,من سوبغ كر
Paint,Past,You,You painted,te  subi'' kir,تە سوبغ كر
Paint,Past,He/She,He/She painted,ewî/ewê  subi'' kir,ئەوی/ئەوێ سوبغ كر
Paint,Past,We,We painted,me  subi'' kir,مە سوبغ كر
Paint,Past,You (pl.),You painted,hewe  subi'' kir,ھەوە سوبغ كر
Paint,Past,They,They painted,ewan  subi'' kir,ئەوان سوبغ كر
Paint,Present,I,I paint,ez  subi'' di kem,ئەز سوبغ د كەم
Paint,Present,You,You paint,tu  subi'' di key,تو سوبغ د كەی
Paint,Present,He/She,He/She paints,ew  subi'' di ket,ئەو سوبغ د كەت
Paint,Present,We,We paint,em  subi'' di keyn,ئەم سوبغ د كەین
Paint,Present,You (pl.),You paint,hîn  subi'' di ken,ھین سوبغ د كەن
Paint,Present,They,They paint,ew  subi'' di ken,ئەو سوبغ د كەن
Paint,Future,I,I will paint,ez dê  subi'' kem,ئەز دێ سوبغ كەم
Paint,Future,You,You will paint,tu dê  subi'' key,تو دێ سوبغ كەی
Paint,Future,He/She,He/She will paint,ew dê  subi'' ket,ئەو دێ سوبغ كەت
Paint,Future,We,We will paint,em dê  subi'' keyn,ئەم دێ سوبغ كەین
Paint,Future,You (pl.),You will paint,hîn dê  subi'' ken,ھین دێ سوبغ كەن
Paint,Future,They,They will paint,ew dê  subi'' ken,ئەو دێ سوبغ كەن
Paint,Past,I,I painted,min  resim kir,من رەسم كر
Paint,Past,You,You painted,te  resim kir,تە رەسم كر
Paint,Past,He/She,He/She painted,ewî/ewê  resim kir,ئەوی/ئەوێ رەسم كر
Paint,Past,We,We painted,me  resim kir,مە رەسم كر
Paint,Past,You (pl.),You painted,hewe  resim kir,ھەوە رەسم كر
Paint,Past,They,They painted,ewan  resim kir,ئەوان رەسم كر
Paint,Present,I,I paint,ez  resim di kem,ئەز رەسم د كەم
Paint,Present,You,You paint,tu  resim di key,تو رەسم د كەی
Paint,Present,He/She,He/She paints,ew  resim di ket,ئەو رەسم د كەت
Paint,Present,We,We paint,em  resim di keyn,ئەم رەسم د كەین
Paint,Present,You (pl.),You paint,hîn  resim di ken,ھین رەسم د كەن
Paint,Present,They,They paint,ew  resim di ken,ئەو رەسم د كەن
Paint,Future,I,I will paint,ez dê  resim kem,ئەز دێ رەسم كەم
Paint,Future,You,You will paint,tu dê  resim key,تو دێ رەسم كەی
Paint,Future,He/She,He/She will paint,ew dê  resim ket,ئەو دێ رەسم كەت
Paint,Future,We,We will paint,em dê  resim keyn,ئەم دێ رەسم كەین
Paint,Future,You (pl.),You will paint,hîn dê  resim ken,ھین دێ رەسم كەن
Paint,Future,They,They will paint,ew dê  resim ken,ئەو دێ رەسم كەن
Pass,Past,I,I passed,min pasek da ,من پاسەك دا
Pass,Past,You,You passed,te pasek da ,تە پاسەك دا
Pass,Past,He/She,He/She passed,ewî/ewê pasek da ,ئەوی/ئەوێ پاسەك دا
Pass,Past,We,We passed,me pasek da ,مە پاسەك دا
Pass,Past,You (pl.),You passed,hewe pasek da ,ھەوە پاسەك دا
Pass,Past,They,They passed,ewan pasek da ,ئەوان پاسەك دا
Pass,Present,I,I pass,ez pasekê di deme ,ئەز پاسەكێ د دەمە
Pass,Present,You,You pass,tu pasekê di deye ,تو پاسەكێ د دەیە
Pass,Present,He/She,He/She passes,ew pasekê di dete ,ئەو پاسەكێ د دەتە
Pass,Present,We,We pass,em pasekê di deyne ,ئەم پاسەكێ د دەینە
Pass,Present,You (pl.),You pass,hîn pasekê di dene ,ھین پاسەكێ د دەنە
Pass,Present,They,They pass,ew pasekê di dene ,ئەو پاسەكێ د دەنە
Pass,Future,I,I will pass,ez dê pasekê deme ,ئەز دێ پاسەكێ دەمە
Pass,Future,You,You will pass,tu dê pasekê deye ,تو دێ پاسەكێ دەیە
Pass,Future,He/She,He/She will pass,ew dê pasekê dete ,ئەو دێ پاسەكێ دەتە
Pass,Future,We,We will pass,em dê pasekê deyne ,ئەم دێ پاسەكێ دەینە
Pass,Future,You (pl.),You will pass,hîn dê pasekê dene ,ھین دێ پاسەكێ دەنە
Pass,Future,They,They will pass,ew dê pasekê dene ,ئەو دێ پاسەكێ دەنە
Pass Over,Past,I,I passed over,ez ji  borîm,ئەز ژ بوریم
Pass Over,Past,You,You passed over,tu ji  borî,تو ژ بوری
Pass Over,Past,He/She,He/She passed over,ew ji  borî,ئەو ژ بوری
Pass Over,Past,We,We passed over,em ji  borîn,ئەم ژ بورین
Pass Over,Past,You (pl.),You passed over,hîn ji  borîn,ھین ژ بورین
Pass Over,Past,They,They passed over,ew ji  borîn,ئەو ژ بورین
Pass Over,Present,I,I pass over,ez ji  di borim,ئەز ژ د بورم
Pass Over,Present,You,You pass over,tu ji  di borî,تو ژ د بوری
Pass Over,Present,He/She,He/She passes over,ew ji  di borit,ئەو ژ د بوریت
Pass Over,Present,We,We pass over,em ji  di borîn,ئەم ژ د بورین
Pass Over,Present,You (pl.),You pass over,hîn ji  di borin,ھین ژ د بورن
Pass Over,Present,They,They pass over,ew ji  di borin,ئەو ژ د بورن
Pass Over,Future,I,I will pass over,ez dê ji  borim,ئەز دێ ژ بورم
Pass Over,Future,You,You will pass over,tu dê ji  borî,تو دێ ژ بوری
Pass Over,Future,He/She,He/She will pass over,ew dê ji  borit,ئەو دێ ژ بوریت
Pass Over,Future,We,We will pass over,em dê ji  borîn,ئەم دێ ژ بورین
Pass Over,Future,You (pl.),You will pass over,hîn dê ji  borin,ھین دێ ژ بورن
Pass Over,Future,They,They will pass over,ew dê ji  borin,ئەو دێ ژ بورن
Pasture,Past,I,I pastured,min  çerand,من چەراند
Pasture,Past,You,You pastured,te  çerand,تە چەراند
Pasture,Past,He/She,He/She pastured,ewî/ewê  çerand,ئەوی/ئەوێ چەراند
Pasture,Past,We,We pastured,me  çerand,مە چەراند
Pasture,Past,You (pl.),You pastured,hewe  çerand,ھەوە چەراند
Pasture,Past,They,They pastured,ewan  çerand,ئەوان چەراند
Pasture,Present,I,I pasture,ez  di çerînim,ئەز د چەرینم
Pasture,Present,You,You pasture,tu  di çerînî,تو د چەرینی
Pasture,Present,He/She,He/She pastures,ew  di çerînit,ئەو د چەرینیت
Pasture,Present,We,We pasture,em  di çerînîn,ئەم د چەرینین
Pasture,Present,You (pl.),You pasture,hîn  di çerînin,ھین د چەرینن
Pasture,Present,They,They pasture,ew  di çerînin,ئەو د چەرینن
Pasture,Future,I,I will pasture,ez dê  çerînim,ئەز دێ چەرینم
Pasture,Future,You,You will pasture,tu dê  çerînî,تو دێ چەرینی
Pasture,Future,He/She,He/She will pasture,ew dê  çerînit,ئەو دێ چەرینیت
Pasture,Future,We,We will pasture,em dê  çerînîn,ئەم دێ چەرینین
Pasture,Future,You (pl.),You will pasture,hîn dê  çerînin,ھین دێ چەرینن
Pasture,Future,They,They will pasture,ew dê  çerînin,ئەو دێ چەرینن
Pet,Past,I,I petted, ez perexandim,ئەز پەرەخاندم
Pet,Past,You,You petted, tu perexandî,تو پەرەخاندی
Pet,Past,He/She,He/She petted, ew perexand,ئەو پەرەخاند
Pet,Past,We,We petted, em perexandîn,ئەم پەرەخاندین
Pet,Past,You (pl.),You petted, hîn perexandin,ھین پەرەخاندن
Pet,Past,They,They petted, ew perexandin,ئەو پەرەخاندن
Pet,Present,I,I pet,ez  di perexînim,ئەز د پەرەخینم
Pet,Present,You,You pet,tu  di perexînî,تو د پەرەخینی
Pet,Present,He/She,He/She pets,ew  di perexînît,ئەو د پەرەخینیت
Pet,Present,We,We pet,em  di perexînîn,ئەم د پەرەخینین
Pet,Present,You (pl.),You pet,hîn  di perexînin,ھین د پەرەخینن
Pet,Present,They,They pet,ew  di perexînin,ئەو د پەرەخینن
Pet,Future,I,I will pet,ez dê  perexînim,ئەز دێ پەرەخینم
Pet,Future,You,You will pet,tu dê  perexînî,تو دێ پەرەخینی
Pet,Future,He/She,He/She will pet,ew dê  perexînît,ئەو دێ پەرەخینیت
Pet,Future,We,We will pet,em dê  perexînîn,ئەم دێ پەرەخینین
Pet,Future,You (pl.),You will pet,hîn dê  perexînin,ھین دێ پەرەخینن
Pet,Future,They,They will pet,ew dê  perexînin,ئەو دێ پەرەخینن
Pick,Past,I,I picked,min  jê girt,من ژێ گرت
Pick,Past,You,You picked,te  jê girt,تە ژێ گرت
Pick,Past,He/She,He/She picked,ewî/ewê  jê girt,ئەوی/ئەوێ ژێ گرت
Pick,Past,We,We picked,me  jê girt,مە ژێ گرت
Pick,Past,You (pl.),You picked,hewe  jê girt,ھەوە ژێ گرت
Pick,Past,They,They picked,ewan  jê girt,ئەوان ژێ گرت
Pick,Present,I,I pick,ez  jê di girim,ئەز ژێ د گرم
Pick,Present,You,You pick,tu  jê di girî,تو ژێ د گری
Pick,Present,He/She,He/She picks,ew  jê di girit,ئەو ژێ د گریت
Pick,Present,We,We pick,em  jê di girîn,ئەم ژێ د گرین
Pick,Present,You (pl.),You pick,hîn  jê di girin,ھین ژێ د گرن
Pick,Present,They,They pick,ew  jê di girin,ئەو ژێ د گرن
Pick,Future,I,I will pick,ez dê  jê girim,ئەز دێ ژێ گرم
Pick,Future,You,You will pick,tu dê  jê girî,تو دێ ژێ گری
Pick,Future,He/She,He/She will pick,ew dê  jê girit,ئەو دێ ژێ گریت
Pick,Future,We,We will pick,em dê  jê girîn,ئەم دێ ژێ گرین
Pick,Future,You (pl.),You will pick,hîn dê  jê girin,ھین دێ ژێ گرن
Pick,Future,They,They will pick,ew dê  jê girin,ئەو دێ ژێ گرن
Pick Up,Past,I,I picked up, ez ra kirim,ئەز را كرم
Pick Up,Past,You,You picked up, tu ra kirî,تو را كری
Pick Up,Past,He/She,He/She picked up, ew ra kir,ئەو را كر
Pick Up,Past,We,We picked up, em ra kirîn,ئەم را كرین
Pick Up,Past,You (pl.),You picked up, hîn ra kirin,ھین را كرن
Pick Up,Past,They,They picked up, ew ra kirin,ئەو را كرن
Pick Up,Present,I,I pick up,ez  ra di kem,ئەز را د كەم
Pick Up,Present,You,You pick up,tu  ra di key,تو را د كەی
Pick Up,Present,He/She,He/She picks up,ew  ra di ket,ئەو را د كەت
Pick Up,Present,We,We pick up,em  ra di keyn,ئەم را د كەین
Pick Up,Present,You (pl.),You pick up,hîn  ra di ken,ھین را د كەن
Pick Up,Present,They,They pick up,ew  ra di ken,ئەو را د كەن
Pick Up,Future,I,I will pick up,ez dê  ra kem,ئەز دێ را كەم
Pick Up,Future,You,You will pick up,tu dê  ra key,تو دێ را كەی
Pick Up,Future,He/She,He/She will pick up,ew dê  ra ket,ئەو دێ را كەت
Pick Up,Future,We,We will pick up,em dê  ra keyn,ئەم دێ را كەین
Pick Up,Future,You (pl.),You will pick up,hîn dê  ra ken,ھین دێ را كەن
Pick Up,Future,They,They will pick up,ew dê  ra ken,ئەو دێ را كەن
Pierce,Past,I,I pierced,min  kun kir,من كون كر
Pierce,Past,You,You pierced,te  kun kir,تە كون كر
Pierce,Past,He/She,He/She pierced,ewî/ewê  kun kir,ئەوی/ئەوێ كون كر
Pierce,Past,We,We pierced,me  kun kir,مە كون كر
Pierce,Past,You (pl.),You pierced,hewe  kun kir,ھەوە كون كر
Pierce,Past,They,They pierced,ewan  kun kir,ئەوان كون كر
Pierce,Present,I,I pierce,ez  kun di kem,ئەز كون د كەم
Pierce,Present,You,You pierce,tu  kun di key,تو كون د كەی
Pierce,Present,He/She,He/She pierces,ew  kun di ket,ئەو كون د كەت
Pierce,Present,We,We pierce,em  kun di keyn,ئەم كون د كەین
Pierce,Present,You (pl.),You pierce,hîn  kun di ken,ھین كون د كەن
Pierce,Present,They,They pierce,ew  kun di ken,ئەو كون د كەن
Pierce,Future,I,I will pierce,ez dê  kun kem,ئەز دێ كون كەم
Pierce,Future,You,You will pierce,tu dê  kun key,تو دێ كون كەی
Pierce,Future,He/She,He/She will pierce,ew dê  kun ket,ئەو دێ كون كەت
Pierce,Future,We,We will pierce,em dê  kun keyn,ئەم دێ كون كەین
Pierce,Future,You (pl.),You will pierce,hîn dê  kun ken,ھین دێ كون كەن
Pierce,Future,They,They will pierce,ew dê  kun ken,ئەو دێ كون كەن
Pinch,Past,I,I pinched,min qorincinkek li  da,من قورنجنكەك ل دا
Pinch,Past,You,You pinched,te qorincinkek li  da,تە قورنجنكەك ل دا
Pinch,Past,He/She,He/She pinched,ewî/ewê qorincinkek li  da,ئەوی/ئەوێ قورنجنكەك ل دا
Pinch,Past,We,We pinched,me qorincinkek li  da,مە قورنجنكەك ل دا
Pinch,Past,You (pl.),You pinched,hewe qorincinkek li  da,ھەوە قورنجنكەك ل دا
Pinch,Past,They,They pinched,ewan qorincinkek li  da,ئەوان قورنجنكەك ل دا
Pinch,Present,I,I pinch,ez qorincinkekê li  di dem,ئەز قورنجنكەكێ ل د دەم
Pinch,Present,You,You pinch,tu qorincinkekê li  di dey,تو قورنجنكەكێ ل د دەی
Pinch,Present,He/She,He/She pinches,ew qorincinkekê li  di det,ئەو قورنجنكەكێ ل د دەت
Pinch,Present,We,We pinch,em qorincinkekê li  di deyn,ئەم قورنجنكەكێ ل د دەین
Pinch,Present,You (pl.),You pinch,hîn qorincinkekê li  di den,ھین قورنجنكەكێ ل د دەن
Pinch,Present,They,They pinch,ew qorincinkekê li  di den,ئەو قورنجنكەكێ ل د دەن
Pinch,Future,I,I will pinch,ez dê qorincinkekê li  dem,ئەز دێ قورنجنكەكێ ل دەم
Pinch,Future,You,You will pinch,tu dê qorincinkekê li  dey,تو دێ قورنجنكەكێ ل دەی
Pinch,Future,He/She,He/She will pinch,ew dê qorincinkekê li  det,ئەو دێ قورنجنكەكێ ل دەت
Pinch,Future,We,We will pinch,em dê qorincinkekê li  deyn,ئەم دێ قورنجنكەكێ ل دەین
Pinch,Future,You (pl.),You will pinch,hîn dê qorincinkekê li  den,ھین دێ قورنجنكەكێ ل دەن
Pinch,Future,They,They will pinch,ew dê qorincinkekê li  den,ئەو دێ قورنجنكەكێ ل دەن
Plan,Past,I,I planned,min plan  dana,من پلان دانا
Plan,Past,You,You planned,te plan  dana,تە پلان دانا
Plan,Past,He/She,He/She planned,ewî/ewê plan  dana,ئەوی/ئەوێ پلان دانا
Plan,Past,We,We planned,me plan  dana,مە پلان دانا
Plan,Past,You (pl.),You planned,hewe plan  dana,ھەوە پلان دانا
Plan,Past,They,They planned,ewan plan  dana,ئەوان پلان دانا
Plan,Present,I,I plan,ez plana  di danim,ئەز پلانا د دانم
Plan,Present,You,You plan,tu plana  di danî,تو پلانا د دانی
Plan,Present,He/She,He/She plans,ew plana  di danit,ئەو پلانا د دانیت
Plan,Present,We,We plan,em plana  di danîn,ئەم پلانا د دانین
Plan,Present,You (pl.),You plan,hîn plana  di danin,ھین پلانا د دانن
Plan,Present,They,They plan,ew plana  di danin,ئەو پلانا د دانن
Plan,Future,I,I will plan,ez dê plana  danim,ئەز دێ پلانا دانم
Plan,Future,You,You will plan,tu dê plana  danî,تو دێ پلانا دانی
Plan,Future,He/She,He/She will plan,ew dê plana  danit,ئەو دێ پلانا دانیت
Plan,Future,We,We will plan,em dê plana  danîn,ئەم دێ پلانا دانین
Plan,Future,You (pl.),You will plan,hîn dê plana  danin,ھین دێ پلانا دانن
Plan,Future,They,They will plan,ew dê plana  danin,ئەو دێ پلانا دانن
Plant,Past,I,I planted,min  çand,من چاند
Plant,Past,You,You planted,te  çand,تە چاند
Plant,Past,He/She,He/She planted,ewî/ewê  çand,ئەوی/ئەوێ چاند
Plant,Past,We,We planted,me  çand,مە چاند
Plant,Past,You (pl.),You planted,hewe  çand,ھەوە چاند
Plant,Past,They,They planted,ewan  çand,ئەوان چاند
Plant,Present,I,I plant,ez  di çînim,ئەز د چینم
Plant,Present,You,You plant,tu  di çînî,تو د چینی
Plant,Present,He/She,He/She plants,ew  di çînit,ئەو د چینیت
Plant,Present,We,We plant,em  di çînîn,ئەم د چینین
Plant,Present,You (pl.),You plant,hîn  di çînin,ھین د چینن
Plant,Present,They,They plant,ew  di çînin,ئەو د چینن
Plant,Future,I,I will plant,ez dê  çînim,ئەز دێ چینم
Plant,Future,You,You will plant,tu dê  çînî,تو دێ چینی
Plant,Future,He/She,He/She will plant,ew dê  çînit,ئەو دێ چینیت
Plant,Future,We,We will plant,em dê  çînîn,ئەم دێ چینین
Plant,Future,You (pl.),You will plant,hîn dê  çînin,ھین دێ چینن
Plant,Future,They,They will plant,ew dê  çînin,ئەو دێ چینن
Play,Past,I,I played,min yarî kir,من یاری كر
Play,Past,You,You played,te yarî kir,تە یاری كر
Play,Past,He/She,He/She played,ewî/ewê yarî kir,ئەوی/ئەوێ یاری كر
Play,Past,We,We played,me yarî kir,مە یاری كر
Play,Past,You (pl.),You played,hewe yarî kir,ھەوە یاری كر
Play,Past,They,They played,ewan yarî kir,ئەوان یاری كر
Play,Present,I,I play,ez yarîyê di kem,ئەز یارییێ د كەم
Play,Present,You,You play,tu yarîyê di key,تو یارییێ د كەی
Play,Present,He/She,He/She plays,ew yarîyê di ket,ئەو یارییێ د كەت
Play,Present,We,We play,em yarîyê di keyn,ئەم یارییێ د كەین
Play,Present,You (pl.),You play,hîn yarîyê di ken,ھین یارییێ د كەن
Play,Present,They,They play,ew yarîyê di ken,ئەو یارییێ د كەن
Play,Future,I,I will play,ez dê yarîyê kem,ئەز دێ یارییێ كەم
Play,Future,You,You will play,tu dê yarîyê key,تو دێ یارییێ كەی
Play,Future,He/She,He/She will play,ew dê yarîyê ket,ئەو دێ یارییێ كەت
Play,Future,We,We will play,em dê yarîyê keyn,ئەم دێ یارییێ كەین
Play,Future,You (pl.),You will play,hîn dê yarîyê ken,ھین دێ یارییێ كەن
Play,Future,They,They will play,ew dê yarîyê ken,ئەو دێ یارییێ كەن
Play An Instrument,Past,I,I played,min  lê da,من لێ دا
Play An Instrument,Past,You,You played,te  lê da,تە لێ دا
Play An Instrument,Past,He/She,He/She played,ewî/ewê  lê da,ئەوی/ئەوێ لێ دا
Play An Instrument,Past,We,We played,me  lê da,مە لێ دا
Play An Instrument,Past,You (pl.),You played,hewe  lê da,ھەوە لێ دا
Play An Instrument,Past,They,They played,ewan  lê da,ئەوان لێ دا
Play An Instrument,Present,I,I play,ez  lê di dem,ئەز لێ د دەم
Play An Instrument,Present,You,You play,tu  lê di dey,تو لێ د دەی
Play An Instrument,Present,He/She,He/She plays,ew  lê di det,ئەو لێ د دەت
Play An Instrument,Present,We,We play,em  lê di deyn,ئەم لێ د دەین
Play An Instrument,Present,You (pl.),You play,hîn  lê di den,ھین لێ د دەن
Play An Instrument,Present,They,They play,ew  lê di den,ئەو لێ د دەن
Play An Instrument,Future,I,I will play,ez dê  lê dem,ئەز دێ لێ دەم
Play An Instrument,Future,You,You will play,tu dê  lê dey,تو دێ لێ دەی
Play An Instrument,Future,He/She,He/She will play,ew dê  lê det,ئەو دێ لێ دەت
Play An Instrument,Future,We,We will play,em dê  lê deyn,ئەم دێ لێ دەین
Play An Instrument,Future,You (pl.),You will play,hîn dê  lê den,ھین دێ لێ دەن
Play An Instrument,Future,They,They will play,ew dê  lê den,ئەو دێ لێ دەن
Please,Past,I,I pleased,min keyfa  îna,من كەیفا ئینا
Please,Past,You,You pleased,te keyfa  îna,تە كەیفا ئینا
Please,Past,He/She,He/She pleased,ewî/ewê keyfa  îna,ئەوی/ئەوێ كەیفا ئینا
Please,Past,We,We pleased,me keyfa  îna,مە كەیفا ئینا
Please,Past,You (pl.),You pleased,hewe keyfa  îna,ھەوە كەیفا ئینا
Please,Past,They,They pleased,ewan keyfa  îna,ئەوان كەیفا ئینا
Please,Present,I,I please,ez keyfa  di înim,ئەز كەیفا د ئینم
Please,Present,You,You please,tu keyfa  di înî,تو كەیفا د ئینی
Please,Present,He/She,He/She pleases,ew keyfa  di înit,ئەو كەیفا د ئینیت
Please,Present,We,We please,em keyfa  di înîn,ئەم كەیفا د ئینین
Please,Present,You (pl.),You please,hîn keyfa  di înin,ھین كەیفا د ئینن
Please,Present,They,They please,ew keyfa  di înin,ئەو كەیفا د ئینن
Please,Future,I,I will please,ez dê keyfa  înim,ئەز دێ كەیفا ئینم
Please,Future,You,You will please,tu dê keyfa  înî,تو دێ كەیفا ئینی
Please,Future,He/She,He/She will please,ew dê keyfa  înit,ئەو دێ كەیفا ئینیت
Please,Future,We,We will please,em dê keyfa  înîn,ئەم دێ كەیفا ئینین
Please,Future,You (pl.),You will please,hîn dê keyfa  înin,ھین دێ كەیفا ئینن
Please,Future,They,They will please,ew dê keyfa  înin,ئەو دێ كەیفا ئینن
Poison,Past,I,I poisoned,min ez jehir kirim,من ئەز ژەھر كرم
Poison,Past,You,You poisoned,min tu jehir kirî,من تو ژەھر كری
Poison,Past,He/She,He/She poisoned,min ew jehir kir,من ئەو ژەھر كر
Poison,Past,We,We poisoned,min em jehir kirîn,من ئەم ژەھر كرین
Poison,Past,You (pl.),You poisoned,min hîn jehir kirin,من ھین ژەھر كرن
Poison,Past,They,They poisoned,min ew jehir kirin,من ئەو ژەھر كرن
Poison,Present,I,I poison,ez  jehir di kem,ئەز ژەھر د كەم
Poison,Present,You,You poison,tu  jehir di key,تو ژەھر د كەی
Poison,Present,He/She,He/She poisons,ew  jehir di ket,ئەو ژەھر د كەت
Poison,Present,We,We poison,em  jehir di keyn,ئەم ژەھر د كەین
Poison,Present,You (pl.),You poison,hîn  jehir di ken,ھین ژەھر د كەن
Poison,Present,They,They poison,ew  jehir di ken,ئەو ژەھر د كەن
Poison,Future,I,I will poison,ez dê dê  jehir kem,ئەز دێ دێ ژەھر كەم
Poison,Future,You,You will poison,tu dê dê  jehir key,تو دێ دێ ژەھر كەی
Poison,Future,He/She,He/She will poison,ew dê dê  jehir ket,ئەو دێ دێ ژەھر كەت
Poison,Future,We,We will poison,em dê dê  jehir keyn,ئەم دێ دێ ژەھر كەین
Poison,Future,You (pl.),You will poison,hîn dê dê  jehir ken,ھین دێ دێ ژەھر كەن
Poison,Future,They,They will poison,ew dê dê  jehir ken,ئەو دێ دێ ژەھر كەن
Practice,Past,I,I practiced,min temrînêt  kirin,من تەمرینێت كرن
Practice,Past,You,You practiced,te temrînêt  kirin,تە تەمرینێت كرن
Practice,Past,He/She,He/She practiced,ewî/ewê temrînêt  kirin,ئەوی/ئەوێ تەمرینێت كرن
Practice,Past,We,We practiced,me temrînêt  kirin,مە تەمرینێت كرن
Practice,Past,You (pl.),You practiced,hewe temrînêt  kirin,ھەوە تەمرینێت كرن
Practice,Past,They,They practiced,ewan temrînêt  kirin,ئەوان تەمرینێت كرن
Practice,Present,I,I practice,ez temrînêt  di kem,ئەز تەمرینێت د كەم
Practice,Present,You,You practice,tu temrînêt  di key,تو تەمرینێت د كەی
Practice,Present,He/She,He/She practices,ew temrînêt  di ket,ئەو تەمرینێت د كەت
Practice,Present,We,We practice,em temrînêt  di keyn,ئەم تەمرینێت د كەین
Practice,Present,You (pl.),You practice,hîn temrînêt  di ken,ھین تەمرینێت د كەن
Practice,Present,They,They practice,ew temrînêt  di ken,ئەو تەمرینێت د كەن
Practice,Future,I,I will practice,ez dê temrînêt  kem,ئەز دێ تەمرینێت كەم
Practice,Future,You,You will practice,tu dê temrînêt  key,تو دێ تەمرینێت كەی
Practice,Future,He/She,He/She will practice,ew dê temrînêt  ket,ئەو دێ تەمرینێت كەت
Practice,Future,We,We will practice,em dê temrînêt  keyn,ئەم دێ تەمرینێت كەین
Practice,Future,You (pl.),You will practice,hîn dê temrînêt  ken,ھین دێ تەمرینێت كەن
Practice,Future,They,They will practice,ew dê temrînêt  ken,ئەو دێ تەمرینێت كەن
Practice,Past,I,I practiced,min rahînanêt  kirin,من راھینانێت كرن
Practice,Past,You,You practiced,te rahînanêt  kirin,تە راھینانێت كرن
Practice,Past,He/She,He/She practiced,ewî/ewê rahînanêt  kirin,ئەوی/ئەوێ راھینانێت كرن
Practice,Past,We,We practiced,me rahînanêt  kirin,مە راھینانێت كرن
Practice,Past,You (pl.),You practiced,hewe rahînanêt  kirin,ھەوە راھینانێت كرن
Practice,Past,They,They practiced,ewan rahînanêt  kirin,ئەوان راھینانێت كرن
Practice,Present,I,I practice,ez rahînanêt  di kem,ئەز راھینانێت د كەم
Practice,Present,You,You practice,tu rahînanêt  di key,تو راھینانێت د كەی
Practice,Present,He/She,He/She practices,ew rahînanêt  di ket,ئەو راھینانێت د كەت
Practice,Present,We,We practice,em rahînanêt  di keyn,ئەم راھینانێت د كەین
Practice,Present,You (pl.),You practice,hîn rahînanêt  di ken,ھین راھینانێت د كەن
Practice,Present,They,They practice,ew rahînanêt  di ken,ئەو راھینانێت د كەن
Practice,Future,I,I will practice,ez dê rahînanêt  kem,ئەز دێ راھینانێت كەم
Practice,Future,You,You will practice,tu dê rahînanêt  key,تو دێ راھینانێت كەی
Practice,Future,He/She,He/She will practice,ew dê rahînanêt  ket,ئەو دێ راھینانێت كەت
Practice,Future,We,We will practice,em dê rahînanêt  keyn,ئەم دێ راھینانێت كەین
Practice,Future,You (pl.),You will practice,hîn dê rahînanêt  ken,ھین دێ راھینانێت كەن
Practice,Future,They,They will practice,ew dê rahînanêt  ken,ئەو دێ راھینانێت كەن
Pray,Past,I,I prayed,min du'a kir,من دوعا كر
Pray,Past,You,You prayed,te du'a kir,تە دوعا كر
Pray,Past,He/She,He/She prayed,ewî/ewê du'a kir,ئەوی/ئەوێ دوعا كر
Pray,Past,We,We prayed,me du'a kir,مە دوعا كر
Pray,Past,You (pl.),You prayed,hewe du'a kir,ھەوە دوعا كر
Pray,Past,They,They prayed,ewan du'a kir,ئەوان دوعا كر
Pray,Present,I,I pray,ez du'a di kem,ئەز دوعا د كەم
Pray,Present,You,You pray,tu du'a di key,تو دوعا د كەی
Pray,Present,He/She,He/She prays,ew du'a di ket,ئەو دوعا د كەت
Pray,Present,We,We pray,em du'a di keyn,ئەم دوعا د كەین
Pray,Present,You (pl.),You pray,hîn du'a di ken,ھین دوعا د كەن
Pray,Present,They,They pray,ew du'a di ken,ئەو دوعا د كەن
Pray,Future,I,I will pray,ez dê du'a kem,ئەز دێ دوعا كەم
Pray,Future,You,You will pray,tu dê du'a key,تو دێ دوعا كەی
Pray,Future,He/She,He/She will pray,ew dê du'a ket,ئەو دێ دوعا كەت
Pray,Future,We,We will pray,em dê du'a keyn,ئەم دێ دوعا كەین
Pray,Future,You (pl.),You will pray,hîn dê du'a ken,ھین دێ دوعا كەن
Pray,Future,They,They will pray,ew dê du'a ken,ئەو دێ دوعا كەن
Pray,Past,I,I prayed,min nivêj kir,من نڤێژ كر
Pray,Past,You,You prayed,te nivêj kir,تە نڤێژ كر
Pray,Past,He/She,He/She prayed,ewî/ewê nivêj kir,ئەوی/ئەوێ نڤێژ كر
Pray,Past,We,We prayed,me nivêj kir,مە نڤێژ كر
Pray,Past,You (pl.),You prayed,hewe nivêj kir,ھەوە نڤێژ كر
Pray,Past,They,They prayed,ewan nivêj kir,ئەوان نڤێژ كر
Pray,Present,I,I pray,ez nivêj di kem,ئەز نڤێژ د كەم
Pray,Present,You,You pray,tu nivêj di key,تو نڤێژ د كەی
Pray,Present,He/She,He/She prays,ew nivêj di ket,ئەو نڤێژ د كەت
Pray,Present,We,We pray,em nivêj di keyn,ئەم نڤێژ د كەین
Pray,Present,You (pl.),You pray,hîn nivêj di ken,ھین نڤێژ د كەن
Pray,Present,They,They pray,ew nivêj di ken,ئەو نڤێژ د كەن
Pray,Future,I,I will pray,ez dê nivêj kem,ئەز دێ نڤێژ كەم
Pray,Future,You,You will pray,tu dê nivêj key,تو دێ نڤێژ كەی
Pray,Future,He/She,He/She will pray,ew dê nivêj ket,ئەو دێ نڤێژ كەت
Pray,Future,We,We will pray,em dê nivêj ken,ئەم دێ نڤێژ كەن
Pray,Future,You (pl.),You will pray,hîn dê nivêj ken,ھین دێ نڤێژ كەن
Pray,Future,They,They will pray,ew dê nivêj ken,ئەو دێ نڤێژ كەن
Preach,Past,I,I preached,min we'thek da ,من وەعتھەك دا
Preach,Past,You,You preached,te we'thek da ,تە وەعتھەك دا
Preach,Past,He/She,He/She preached,ewî/ewê we'thek da ,ئەوی/ئەوێ وەعتھەك دا
Preach,Past,We,We preached,me we'thek da ,مە وەعتھەك دا
Preach,Past,You (pl.),You preached,hewe we'thek da ,ھەوە وەعتھەك دا
Preach,Past,They,They preached,ewan we'thek da ,ئەوان وەعتھەك دا
Preach,Present,I,I preach,ez we'thekê di dem(e OW),ئەز وەعتھەكێ د دەم
Preach,Present,You,You preach,tu we'thekê di dey(e OW),تو وەعتھەكێ د دەی
Preach,Present,He/She,He/She preaches,ew we'thekê di det(e OW),ئەو وەعتھەكێ د دەت
Preach,Present,We,We preach,em we'thekê di deyn(e OW),ئەم وەعتھەكێ د دەین
Preach,Present,You (pl.),You preach,hîn we'thekê di den(e OW),ھین وەعتھەكێ د دەن
Preach,Present,They,They preach,ew we'thekê di den(e OW),ئەو وەعتھەكێ د دەن
Preach,Future,I,I will preach,ez dê we'thekê dem(e OW),ئەز دێ وەعتھەكێ دەم
Preach,Future,You,You will preach,tu dê we'thekê dey(e OW),تو دێ وەعتھەكێ دەی
Preach,Future,He/She,He/She will preach,ew dê we'thekê det(e OW),ئەو دێ وەعتھەكێ دەت
Preach,Future,We,We will preach,em dê we'thekê deyn(e OW),ئەم دێ وەعتھەكێ دەین
Preach,Future,You (pl.),You will preach,hîn dê we'thekê den(e OW),ھین دێ وەعتھەكێ دەن
Preach,Future,They,They will preach,ew dê we'thekê den(e OW),ئەو دێ وەعتھەكێ دەن
Print,Past,I,I printed,min  tebi' kir,من تەبع كر
Print,Past,You,You printed,te  tebi' kir,تە تەبع كر
Print,Past,He/She,He/She printed,ewî/ewê  tebi' kir,ئەوی/ئەوێ تەبع كر
Print,Past,We,We printed,me  tebi' kir,مە تەبع كر
Print,Past,You (pl.),You printed,hewe  tebi' kir,ھەوە تەبع كر
Print,Past,They,They printed,ewan  tebi' kir,ئەوان تەبع كر
Print,Present,I,I print,ez  tebi' di kem,ئەز تەبع د كەم
Print,Present,You,You print,tu  tebi' di key,تو تەبع د كەی
Print,Present,He/She,He/She prints,ew  tebi' di ket,ئەو تەبع د كەت
Print,Present,We,We print,em  tebi' di keyn,ئەم تەبع د كەین
Print,Present,You (pl.),You print,hîn  tebi' di ken,ھین تەبع د كەن
Print,Present,They,They print,ew  tebi' di ken,ئەو تەبع د كەن
Print,Future,I,I will print,ez dê  tebi' kem,ئەز دێ تەبع كەم
Print,Future,You,You will print,tu dê  tebi' key,تو دێ تەبع كەی
Print,Future,He/She,He/She will print,ew dê  tebi' ket,ئەو دێ تەبع كەت
Print,Future,We,We will print,em dê  tebi' keyn,ئەم دێ تەبع كەین
Print,Future,You (pl.),You will print,hîn dê  tebi' ken,ھین دێ تەبع كەن
Print,Future,They,They will print,ew dê  tebi' ken,ئەو دێ تەبع كەن
Prophesy,Past,I,I prophesied,min tenebo' kir,من تەنەبوئ كر
Prophesy,Past,You,You prophesied,te tenebo' kir,تە تەنەبوئ كر
Prophesy,Past,He/She,He/She prophesied,ewî/ewê tenebo' kir,ئەوی/ئەوێ تەنەبوئ كر
Prophesy,Past,We,We prophesied,me tenebo' kir,مە تەنەبوئ كر
Prophesy,Past,You (pl.),You prophesied,hewe tenebo' kir,ھەوە تەنەبوئ كر
Prophesy,Past,They,They prophesied,ewan tenebo' kir,ئەوان تەنەبوئ كر
Prophesy,Present,I,I prophesy,ez tenebo'ê di kem,ئەز تەنەبوئێ د كەم
Prophesy,Present,You,You prophesy,tu tenebo'ê di key,تو تەنەبوئێ د كەی
Prophesy,Present,He/She,He/She prophesies,ew tenebo'ê di ket,ئەو تەنەبوئێ د كەت
Prophesy,Present,We,We prophesy,em tenebo'ê di keyn,ئەم تەنەبوئێ د كەین
Prophesy,Present,You (pl.),You prophesy,hîn tenebo'ê di ken,ھین تەنەبوئێ د كەن
Prophesy,Present,They,They prophesy,ew tenebo'ê di ken,ئەو تەنەبوئێ د كەن
Prophesy,Future,I,I will prophesy,ez dê tenebo'ê kem,ئەز دێ تەنەبوئێ كەم
Prophesy,Future,You,You will prophesy,tu dê tenebo'ê key,تو دێ تەنەبوئێ كەی
Prophesy,Future,He/She,He/She will prophesy,ew dê tenebo'ê ket,ئەو دێ تەنەبوئێ كەت
Prophesy,Future,We,We will prophesy,em dê tenebo'ê keyn,ئەم دێ تەنەبوئێ كەین
Prophesy,Future,You (pl.),You will prophesy,hîn dê tenebo'ê ken,ھین دێ تەنەبوئێ كەن
Prophesy,Future,They,They will prophesy,ew dê tenebo'ê ken,ئەو دێ تەنەبوئێ كەن
Protect,Past,I,I protected, ez parastim,ئەز پاراستم
Protect,Past,You,You protected, tu parastî,تو پاراستی
Protect,Past,He/She,He/She protected, ew parast,ئەو پاراست
Protect,Past,We,We protected, em parastîn,ئەم پاراستین
Protect,Past,You (pl.),You protected, hîn parastin,ھین پاراستن
Protect,Past,They,They protected, ew parastin,ئەو پاراستن
Protect,Present,I,I protect,ez  di parêzim,ئەز د پارێزم
Protect,Present,You,You protect,tu  di parêzî,تو د پارێزی
Protect,Present,He/She,He/She protects,ew  di parêzit,ئەو د پارێزیت
Protect,Present,We,We protect,em  di parêzîn,ئەم د پارێزین
Protect,Present,You (pl.),You protect,hîn  di parêzin,ھین د پارێزن
Protect,Present,They,They protect,ew  di parêzin,ئەو د پارێزن
Protect,Future,I,I will protect,ez dê  parêzim,ئەز دێ پارێزم
Protect,Future,You,You will protect,tu dê  parêzî,تو دێ پارێزی
Protect,Future,He/She,He/She will protect,ew dê  parêzit,ئەو دێ پارێزیت
Protect,Future,We,We will protect,em dê  parêzîn,ئەم دێ پارێزین
Protect,Future,You (pl.),You will protect,hîn dê  parêzin,ھین دێ پارێزن
Protect,Future,They,They will protect,ew dê  parêzin,ئەو دێ پارێزن
Protect,Past,I,I protected,min ḧîmaya  kir,من حیمایا كر
Protect,Past,You,You protected,te ḧîmaya  kir,تە حیمایا كر
Protect,Past,He/She,He/She protected,ewî/ewê ḧîmaya  kir,ئەوی/ئەوێ حیمایا كر
Protect,Past,We,We protected,me ḧîmaya  kir,مە حیمایا كر
Protect,Past,You (pl.),You protected,hewe ḧîmaya  kir,ھەوە حیمایا كر
Protect,Past,They,They protected,ewan ḧîmaya  kir,ئەوان حیمایا كر
Protect,Present,I,I protect,ez ḧîmaya  di kem,ئەز حیمایا د كەم
Protect,Present,You,You protect,tu ḧîmaya  di key,تو حیمایا د كەی
Protect,Present,He/She,He/She protects,ew ḧîmaya  di ket,ئەو حیمایا د كەت
Protect,Present,We,We protect,em ḧîmaya  di keyn,ئەم حیمایا د كەین
Protect,Present,You (pl.),You protect,hîn ḧîmaya  di ken,ھین حیمایا د كەن
Protect,Present,They,They protect,ew ḧîmaya  di ken,ئەو حیمایا د كەن
Protect,Future,I,I will protect,ez dê ḧîmaya  kem,ئەز دێ حیمایا كەم
Protect,Future,You,You will protect,tu dê ḧîmaya  key,تو دێ حیمایا كەی
Protect,Future,He/She,He/She will protect,ew dê ḧîmaya  ket,ئەو دێ حیمایا كەت
Protect,Future,We,We will protect,em dê ḧîmaya  keyn,ئەم دێ حیمایا كەین
Protect,Future,You (pl.),You will protect,hîn dê ḧîmaya  ken,ھین دێ حیمایا كەن
Protect,Future,They,They will protect,ew dê ḧîmaya  ken,ئەو دێ حیمایا كەن
Prove,Past,I,I proved,min  selmand,من سەلماند
Prove,Past,You,You proved,te  selmand,تە سەلماند
Prove,Past,He/She,He/She proved,ewî/ewê  selmand,ئەوی/ئەوێ سەلماند
Prove,Past,We,We proved,me  selmand,مە سەلماند
Prove,Past,You (pl.),You proved,hewe  selmand,ھەوە سەلماند
Prove,Past,They,They proved,ewan  selmand,ئەوان سەلماند
Prove,Present,I,I prove,ez  di selmînim,ئەز د سەلمینم
Prove,Present,You,You prove,tu  di selmînî,تو د سەلمینی
Prove,Present,He/She,He/She proves,ew  di selmînit,ئەو د سەلمینیت
Prove,Present,We,We prove,em  di selmînîn,ئەم د سەلمینین
Prove,Present,You (pl.),You prove,hîn  di selmînin,ھین د سەلمینن
Prove,Present,They,They prove,ew  di selmîn,ئەو د سەلمین
Prove,Future,I,I will prove,ez dê  selmînim,ئەز دێ سەلمینم
Prove,Future,You,You will prove,tu dê  selmînî,تو دێ سەلمینی
Prove,Future,He/She,He/She will prove,ew dê  selmînit,ئەو دێ سەلمینیت
Prove,Future,We,We will prove,em dê  selmînîn,ئەم دێ سەلمینین
Prove,Future,You (pl.),You will prove,hîn dê  selmînin,ھین دێ سەلمینن
Prove,Future,They,They will prove,ew dê  selmînin,ئەو دێ سەلمینن
Provide,Past,I,I provided,min (bu OW)  peyda kir,من پەیدا كر
Provide,Past,You,You provided,te (bu OW)  peyda kir,تە پەیدا كر
Provide,Past,He/She,He/She provided,ewî/ewê (bu OW)  peyda kir,ئەوی/ئەوێ پەیدا كر
Provide,Past,We,We provided,me (bu OW)  peyda kir,مە پەیدا كر
Provide,Past,You (pl.),You provided,hewe (bu OW)  peyda kir,ھەوە پەیدا كر
Provide,Past,They,They provided,ewan (bu OW)  peyda kir,ئەوان پەیدا كر
Provide,Present,I,I provide,ez (bu OW)  peyda di kem,ئەز پەیدا د كەم
Provide,Present,You,You provide,tu (bu OW)  peyda di key,تو پەیدا د كەی
Provide,Present,He/She,He/She provides,ew (bu OW)  peyda di ket,ئەو پەیدا د كەت
Provide,Present,We,We provide,em (bu OW)  peyda di keyn,ئەم پەیدا د كەین
Provide,Present,You (pl.),You provide,hîn (bu OW)  peyda di ken,ھین پەیدا د كەن
Provide,Present,They,They provide,ew (bu OW)  peyda di ken,ئەو پەیدا د كەن
Provide,Future,I,I will provide,ez dê (bu OW)  peyda kem,ئەز دێ پەیدا كەم
Provide,Future,You,You will provide,tu dê (bu OW)  peyda key,تو دێ پەیدا كەی
Provide,Future,He/She,He/She will provide,ew dê (bu OW)  peyda ket,ئەو دێ پەیدا كەت
Provide,Future,We,We will provide,em dê (bu OW)  peyda keyn,ئەم دێ پەیدا كەین
Provide,Future,You (pl.),You will provide,hîn dê (bu OW)  peyda ken,ھین دێ پەیدا كەن
Provide,Future,They,They will provide,ew dê (bu OW)  peyda ken,ئەو دێ پەیدا كەن
Prune,Past,I,I pruned,min  kezaxt,من كەزاخت
Prune,Past,You,You pruned,te  kezaxt,تە كەزاخت
Prune,Past,He/She,He/She pruned,ewî/ewê  kezaxt,ئەوی/ئەوێ كەزاخت
Prune,Past,We,We pruned,me  kezaxt,مە كەزاخت
Prune,Past,You (pl.),You pruned,hewe  kezaxt,ھەوە كەزاخت
Prune,Past,They,They pruned,ewan  kezaxt,ئەوان كەزاخت
Prune,Present,I,I prune,ez  di kezêxim,ئەز د كەزێخم
Prune,Present,You,You prune,tu  di kezêxî,تو د كەزێخی
Prune,Present,He/She,He/She prunes,ew  di kezêxit,ئەو د كەزێخیت
Prune,Present,We,We prune,em  di kezêxîn,ئەم د كەزێخین
Prune,Present,You (pl.),You prune,hîn  di kezêxin,ھین د كەزێخن
Prune,Present,They,They prune,ew  di kezêxin,ئەو د كەزێخن
Prune,Future,I,I will prune,ez dê  kezêxim,ئەز دێ كەزێخم
Prune,Future,You,You will prune,tu dê  kezêxî,تو دێ كەزێخی
Prune,Future,He/She,He/She will prune,ew dê  kezêxit,ئەو دێ كەزێخیت
Prune,Future,We,We will prune,em dê  kezêxîn,ئەم دێ كەزێخین
Prune,Future,You (pl.),You will prune,hîn dê  kezêxin,ھین دێ كەزێخن
Prune,Future,They,They will prune,ew dê  kezêxin,ئەو دێ كەزێخن
Pull,Past,I,I pulled,min  keyşa,من كەیشا
Pull,Past,You,You pulled,te  keyşa,تە كەیشا
Pull,Past,He/She,He/She pulled,ewî/ewê  keyşa,ئەوی/ئەوێ كەیشا
Pull,Past,We,We pulled,me  keyşa,مە كەیشا
Pull,Past,You (pl.),You pulled,hewe  keyşa,ھەوە كەیشا
Pull,Past,They,They pulled,ewan  keyşa,ئەوان كەیشا
Pull,Present,I,I pull,ez  di keşim,ئەز د كەشم
Pull,Present,You,You pull,tu  di keşî,تو د كەشی
Pull,Present,He/She,He/She pulls,ew  di keşit,ئەو د كەشیت
Pull,Present,We,We pull,em  di keşîn,ئەم د كەشین
Pull,Present,You (pl.),You pull,hîn  di keşin,ھین د كەشن
Pull,Present,They,They pull,ew  di keşin,ئەو د كەشن
Pull,Future,I,I will pull,ez dê  keşim,ئەز دێ كەشم
Pull,Future,You,You will pull,tu dê  keşî,تو دێ كەشی
Pull,Future,He/She,He/She will pull,ew dê  keşit,ئەو دێ كەشیت
Pull,Future,We,We will pull,em dê  keşîn,ئەم دێ كەشین
Pull,Future,You (pl.),You will pull,hîn dê  keşin,ھین دێ كەشن
Pull,Future,They,They will pull,ew dê  keşin,ئەو دێ كەشن
Punish,Past,I,I punished, ez siza dam,ئەز سزا دام
Punish,Past,You,You punished, tu siza day,تو سزا دای
Punish,Past,He/She,He/She punished, ew siza da,ئەو سزا دا
Punish,Past,We,We punished, em siza dayn,ئەم سزا داین
Punish,Past,You (pl.),You punished, hîn siza dan,ھین سزا دان
Punish,Past,They,They punished, ew siza dan,ئەو سزا دان
Punish,Present,I,I punish,ez  siza di dem,ئەز سزا د دەم
Punish,Present,You,You punish,tu  siza di dey,تو سزا د دەی
Punish,Present,He/She,He/She punishes,ew  siza di det,ئەو سزا د دەت
Punish,Present,We,We punish,em  siza di deyn,ئەم سزا د دەین
Punish,Present,You (pl.),You punish,hîn  siza di den,ھین سزا د دەن
Punish,Present,They,They punish,ew  siza di den,ئەو سزا د دەن
Punish,Future,I,I will punish,ez dê  siza dem,ئەز دێ سزا دەم
Punish,Future,You,You will punish,tu dê  siza dey,تو دێ سزا دەی
Punish,Future,He/She,He/She will punish,ew dê  siza det,ئەو دێ سزا دەت
Punish,Future,We,We will punish,em dê  siza deyn,ئەم دێ سزا دەین
Punish,Future,You (pl.),You will punish,hîn dê  siza den,ھین دێ سزا دەن
Punish,Future,They,They will punish,ew dê  siza den,ئەو دێ سزا دەن
Push,Past,I,I pushed, ez pal dam,ئەز پال دام
Push,Past,You,You pushed, tu pal day,تو پال دای
Push,Past,He/She,He/She pushed, ew pal da,ئەو پال دا
Push,Past,We,We pushed, em pal dayn,ئەم پال داین
Push,Past,You (pl.),You pushed, hîn pal dan,ھین پال دان
Push,Past,They,They pushed, ew pal dan,ئەو پال دان
Push,Present,I,I push,ez  pal di dem,ئەز پال د دەم
Push,Present,You,You push,tu  pal di dey,تو پال د دەی
Push,Present,He/She,He/She pushes,ew  pal di det,ئەو پال د دەت
Push,Present,We,We push,em  pal di deyn,ئەم پال د دەین
Push,Present,You (pl.),You push,hîn  pal di den,ھین پال د دەن
Push,Present,They,They push,ew  pal di den,ئەو پال د دەن
Push,Future,I,I will push,ez dê  pal dem,ئەز دێ پال دەم
Push,Future,You,You will push,tu dê  pal dey,تو دێ پال دەی
Push,Future,He/She,He/She will push,ew dê  pal det,ئەو دێ پال دەت
Push,Future,We,We will push,em dê  pal deyn,ئەم دێ پال دەین
Push,Future,You (pl.),You will push,hîn dê  pal den,ھین دێ پال دەن
Push,Future,They,They will push,ew dê  pal den,ئەو دێ پال دەن
Put In,Past,I,I put in,min  kire di  da/ve,من كرە د دا/ڤە
Put In,Past,You,You put in,te  kire di  da/ve,تە كرە د دا/ڤە
Put In,Past,He/She,He/She put in,ewî/ewê  kire di  da/ve,ئەوی/ئەوێ كرە د دا/ڤە
Put In,Past,We,We put in,me  kire di  da/ve,مە كرە د دا/ڤە
Put In,Past,You (pl.),You put in,hewe  kire di  da/ve,ھەوە كرە د دا/ڤە
Put In,Past,They,They put in,ewan  kire di  da/ve,ئەوان كرە د دا/ڤە
Put In,Present,I,I put in,ez  di keme di  da/ve,ئەز د كەمە د دا/ڤە
Put In,Present,You,You put in,tu  di keyye di  da/ve,تو د كەییە د دا/ڤە
Put In,Present,He/She,He/She puts in,ew  di kete di  da/ve,ئەو د كەتە د دا/ڤە
Put In,Present,We,We put in,em  di keyne di  da/ve,ئەم د كەینە د دا/ڤە
Put In,Present,You (pl.),You put in,hîn  di kene di  da/ve,ھین د كەنە د دا/ڤە
Put In,Present,They,They put in,ew  di kene di  da/ve,ئەو د كەنە د دا/ڤە
Put In,Future,I,I will put in,ez dê  keme di  da/ve,ئەز دێ كەمە د دا/ڤە
Put In,Future,You,You will put in,tu dê  keyye di  da/ve,تو دێ كەییە د دا/ڤە
Put In,Future,He/She,He/She will put in,ew dê  kete di  da/ve,ئەو دێ كەتە د دا/ڤە
Put In,Future,We,We will put in,em dê  keyne di  da/ve,ئەم دێ كەینە د دا/ڤە
Put In,Future,You (pl.),You will put in,hîn dê  kene di  da/ve,ھین دێ كەنە د دا/ڤە
Put In,Future,They,They will put in,ew dê  kene di  da/ve,ئەو دێ كەنە د دا/ڤە
Put On,Past,I,I put on,min  dana ser ,من دانا سەر
Put On,Past,You,You put on,te  dana ser ,تە دانا سەر
Put On,Past,He/She,He/She put on,ewî/ewê  dana ser ,ئەوی/ئەوێ دانا سەر
Put On,Past,We,We put on,me  dana ser ,مە دانا سەر
Put On,Past,You (pl.),You put on,hewe  dana ser ,ھەوە دانا سەر
Put On,Past,They,They put on,ewan  dana ser ,ئەوان دانا سەر
Put On,Present,I,I put on,ez  di danme ser ,ئەز د دانمە سەر
Put On,Present,You,You put on,tu  di danye ser ,تو د دانیە سەر
Put On,Present,He/She,He/She puts on,ew  di dante ser ,ئەو د دانتە سەر
Put On,Present,We,We put on,em  di danne ser ,ئەم د داننە سەر
Put On,Present,You (pl.),You put on,hîn  di danne ser ,ھین د داننە سەر
Put On,Present,They,They put on,ew  di danne ser ,ئەو د داننە سەر
Put On,Future,I,I will put on,ez dê  danme ser ,ئەز دێ دانمە سەر
Put On,Future,You,You will put on,tu dê  danye ser ,تو دێ دانیە سەر
Put On,Future,He/She,He/She will put on,ew dê  dante ser ,ئەو دێ دانتە سەر
Put On,Future,We,We will put on,em dê  danne ser ,ئەم دێ داننە سەر
Put On,Future,You (pl.),You will put on,hîn dê  danne ser ,ھین دێ داننە سەر
Put On,Future,They,They will put on,ew dê  danne ser ,ئەو دێ داننە سەر
Put On Makeup,Past,I,I put on makeup,min mikyac dana,من مكیاج دانا
Put On Makeup,Past,You,You put on makeup,te mikyac dana,تە مكیاج دانا
Put On Makeup,Past,He/She,He/She put on makeup,ewî/ewê mikyac dana,ئەوی/ئەوێ مكیاج دانا
Put On Makeup,Past,We,We put on makeup,me mikyac dana,مە مكیاج دانا
Put On Makeup,Past,You (pl.),You put on makeup,hewe mikyac dana,ھەوە مكیاج دانا
Put On Makeup,Past,They,They put on makeup,ewan mikyac dana,ئەوان مكیاج دانا
Put On Makeup,Present,I,I put on makeup,ez mikyac di danim,ئەز مكیاج د دانم
Put On Makeup,Present,You,You put on makeup,tu mikyac di danî,تو مكیاج د دانی
Put On Makeup,Present,He/She,He/She puts on makeup,ew mikyac di danit,ئەو مكیاج د دانیت
Put On Makeup,Present,We,We put on makeup,em mikyac di danîn,ئەم مكیاج د دانین
Put On Makeup,Present,You (pl.),You put on makeup,hîn mikyac di danin,ھین مكیاج د دانن
Put On Makeup,Present,They,They put on makeup,ew mikyac di danin,ئەو مكیاج د دانن
Put On Makeup,Future,I,I will put on makeup,ez dê mikyac danim,ئەز دێ مكیاج دانم
Put On Makeup,Future,You,You will put on makeup,tu dê mikyac danî,تو دێ مكیاج دانی
Put On Makeup,Future,He/She,He/She will put on makeup,ew dê mikyac danit,ئەو دێ مكیاج دانیت
Put On Makeup,Future,We,We will put on makeup,em dê mikyac danîn,ئەم دێ مكیاج دانین
Put On Makeup,Future,You (pl.),You will put on makeup,hîn dê mikyac danin,ھین دێ مكیاج دانن
Put On Makeup,Future,They,They will put on makeup,ew dê mikyac danin,ئەو دێ مكیاج دانن
Put to Sleep,Past,I,I put to sleep, ez nivandim,ئەز نڤاندم
Put to Sleep,Past,You,You put to sleep, tu nivandî,تو نڤاندی
Put to Sleep,Past,He/She,He/She put to sleep, ew nivand,ئەو نڤاند
Put to Sleep,Past,We,We put to sleep, em nivandîn,ئەم نڤاندین
Put to Sleep,Past,You (pl.),You put to sleep, hîn nivandin,ھین نڤاندن
Put to Sleep,Past,They,They put to sleep, ew nivandin,ئەو نڤاندن
Put to Sleep,Present,I,I put to sleep,ez  di nivînim,ئەز د نڤینم
Put to Sleep,Present,You,You put to sleep,tu  di nivînî,تو د نڤینی
Put to Sleep,Present,He/She,He/She puts to sleep,ew  di nivînit,ئەو د نڤینیت
Put to Sleep,Present,We,We put to sleep,em  di nivînîn,ئەم د نڤینین
Put to Sleep,Present,You (pl.),You put to sleep,hîn  di nivînin,ھین د نڤینن
Put to Sleep,Present,They,They put to sleep,ew  di nivînin,ئەو د نڤینن
Put to Sleep,Future,I,I will put to sleep,ez dê  nivînim,ئەز دێ نڤینم
Put to Sleep,Future,You,You will put to sleep,tu dê  nivînî,تو دێ نڤینی
Put to Sleep,Future,He/She,He/She will put to sleep,ew dê  nivînit,ئەو دێ نڤینیت
Put to Sleep,Future,We,We will put to sleep,em dê  nivînîn,ئەم دێ نڤینین
Put to Sleep,Future,You (pl.),You will put to sleep,hîn dê  nivînin,ھین دێ نڤینن
Put to Sleep,Future,They,They will put to sleep,ew dê  nivînin,ئەو دێ نڤینن
Race,Past,I,I raced,min sîbaq (di gel OW) kir,من سیباق كر
Race,Past,You,You raced,te sîbaq (di gel OW) kir,تە سیباق كر
Race,Past,He/She,He/She raced,ewî/ewê sîbaq (di gel OW) kir,ئەوی/ئەوێ سیباق كر
Race,Past,We,We raced,me sîbaq (di gel OW) kir,مە سیباق كر
Race,Past,You (pl.),You raced,hewe sîbaq (di gel OW) kir,ھەوە سیباق كر
Race,Past,They,They raced,ewan sîbaq (di gel OW) kir,ئەوان سیباق كر
Race,Present,I,I race,ez sîbaqê (di gel OW) di kem,ئەز سیباقێ د كەم
Race,Present,You,You race,tu sîbaqê (di gel OW) di key,تو سیباقێ د كەی
Race,Present,He/She,He/She races,ew sîbaqê (di gel OW) di ket,ئەو سیباقێ د كەت
Race,Present,We,We race,em sîbaqê (di gel OW) di keyn,ئەم سیباقێ د كەین
Race,Present,You (pl.),You race,hîn sîbaqê (di gel OW) di ken,ھین سیباقێ د كەن
Race,Present,They,They race,ew sîbaqê (di gel OW) di ken,ئەو سیباقێ د كەن
Race,Future,I,I will race,ez dê sîbaqê (di gel OW) kem,ئەز دێ سیباقێ كەم
Race,Future,You,You will race,tu dê sîbaqê (di gel OW) key,تو دێ سیباقێ كەی
Race,Future,He/She,He/She will race,ew dê sîbaqê (di gel OW) ket,ئەو دێ سیباقێ كەت
Race,Future,We,We will race,em dê sîbaqê (di gel OW) keyn,ئەم دێ سیباقێ كەین
Race,Future,You (pl.),You will race,hîn dê sîbaqê (di gel OW) ken,ھین دێ سیباقێ كەن
Race,Future,They,They will race,ew dê sîbaqê (di gel OW) ken,ئەو دێ سیباقێ كەن
Raise,Past,I,I raised, ez bi xodan kirim,ئەز ب خودان كرم
Raise,Past,You,You raised, tu bi xodan kirî,تو ب خودان كری
Raise,Past,He/She,He/She raised, ew bi xodan kir,ئەو ب خودان كر
Raise,Past,We,We raised, em bi xodan kirîn,ئەم ب خودان كرین
Raise,Past,You (pl.),You raised, hîn bi xodan kirin,ھین ب خودان كرن
Raise,Past,They,They raised, ew bi xodan kirin,ئەو ب خودان كرن
Raise,Present,I,I raise,ez  bi xodan di kem,ئەز ب خودان د كەم
Raise,Present,You,You raise,tu  bi xodan di key,تو ب خودان د كەی
Raise,Present,He/She,He/She raises,ew  bi xodan di ket,ئەو ب خودان د كەت
Raise,Present,We,We raise,em  bi xodan di keyn,ئەم ب خودان د كەین
Raise,Present,You (pl.),You raise,hîn  bi xodan di ken,ھین ب خودان د كەن
Raise,Present,They,They raise,ew  bi xodan di ken,ئەو ب خودان د كەن
Raise,Future,I,I will raise,ez dê  bi xodan kem,ئەز دێ ب خودان كەم
Raise,Future,You,You will raise,tu dê  bi xodan key,تو دێ ب خودان كەی
Raise,Future,He/She,He/She will raise,ew dê  bi xodan ket,ئەو دێ ب خودان كەت
Raise,Future,We,We will raise,em dê  bi xodan keyn,ئەم دێ ب خودان كەین
Raise,Future,You (pl.),You will raise,hîn dê  bi xodan ken,ھین دێ ب خودان كەن
Raise,Future,They,They will raise,ew dê  bi xodan ken,ئەو دێ ب خودان كەن
Read,Past,I,I read,min  xand,من خاند
Read,Past,You,You read,te  xand,تە خاند
Read,Past,He/She,He/She read,ewî/ewê  xand,ئەوی/ئەوێ خاند
Read,Past,We,We read,me  xand,مە خاند
Read,Past,You (pl.),You read,hewe  xand,ھەوە خاند
Read,Past,They,They read,ewan  xand,ئەوان خاند
Read,Present,I,I read,ez  di xwînim,ئەز د خوینم
Read,Present,You,You read,tu  di xwînî,تو د خوینی
Read,Present,He/She,He/She reads,ew  di xwînit,ئەو د خوینیت
Read,Present,We,We read,em  di xwînîn,ئەم د خوینین
Read,Present,You (pl.),You read,hîn  di xwînin,ھین د خوینن
Read,Present,They,They read,ew  di xwînin,ئەو د خوینن
Read,Future,I,I will read,ez dê  xwînim,ئەز دێ خوینم
Read,Future,You,You will read,tu dê  xwînî,تو دێ خوینی
Read,Future,He/She,He/She will read,ew dê  xwînit,ئەو دێ خوینیت
Read,Future,We,We will read,em dê  xwînîn,ئەم دێ خوینین
Read,Future,You (pl.),You will read,hîn dê  xwînin,ھین دێ خوینن
Read,Future,They,They will read,ew dê  xwînin,ئەو دێ خوینن
Receive,Past,I,I received,min  wer girt,من وەر گرت
Receive,Past,You,You received,te  wer girt,تە وەر گرت
Receive,Past,He/She,He/She received,ewî/ewê  wer girt,ئەوی/ئەوێ وەر گرت
Receive,Past,We,We received,me  wer girt,مە وەر گرت
Receive,Past,You (pl.),You received,hewe  wer girt,ھەوە وەر گرت
Receive,Past,They,They received,ewan  wer girt,ئەوان وەر گرت
Receive,Present,I,I receive,ez  wer di girim,ئەز وەر د گرم
Receive,Present,You,You receive,tu  wer di girî,تو وەر د گری
Receive,Present,He/She,He/She receives,ew  wer di girit,ئەو وەر د گریت
Receive,Present,We,We receive,em  wer di girîn,ئەم وەر د گرین
Receive,Present,You (pl.),You receive,hîn  wer di girin,ھین وەر د گرن
Receive,Present,They,They receive,ew  wer di girin,ئەو وەر د گرن
Receive,Future,I,I will receive,ez dê  wer girim,ئەز دێ وەر گرم
Receive,Future,You,You will receive,tu dê  wer girî,تو دێ وەر گری
Receive,Future,He/She,He/She will receive,ew dê  wer girit,ئەو دێ وەر گریت
Receive,Future,We,We will receive,em dê  wer girîn,ئەم دێ وەر گرین
Receive,Future,You (pl.),You will receive,hîn dê  wer girin,ھین دێ وەر گرن
Receive,Future,They,They will receive,ew dê  wer girin,ئەو دێ وەر گرن
Receive A Shot,Past,I,I received a shot,min şranqa dana,من شرانقا دانا
Receive A Shot,Past,You,You received a shot,te şranqa dana,تە شرانقا دانا
Receive A Shot,Past,He/She,He/She received a shot,ewî/ewê şranqa dana,ئەوی/ئەوێ شرانقا دانا
Receive A Shot,Past,We,We received a shot,me şranqa dana,مە شرانقا دانا
Receive A Shot,Past,You (pl.),You received a shot,hewe şranqa dana,ھەوە شرانقا دانا
Receive A Shot,Past,They,They received a shot,ewan şranqa dana,ئەوان شرانقا دانا
Receive A Shot,Present,I,I receive a shot,ez şranqê di danim,ئەز شرانقێ د دانم
Receive A Shot,Present,You,You receive a shot,tu şranqê di danî,تو شرانقێ د دانی
Receive A Shot,Present,He/She,He/She receives a shot,ew şranqê di danit,ئەو شرانقێ د دانیت
Receive A Shot,Present,We,We receive a shot,em şranqê di danîn,ئەم شرانقێ د دانین
Receive A Shot,Present,You (pl.),You receive a shot,hîn şranqê di danin,ھین شرانقێ د دانن
Receive A Shot,Present,They,They receive a shot,ew şranqê di danin,ئەو شرانقێ د دانن
Receive A Shot,Future,I,I will receive a shot,ez dê şranqê danim,ئەز دێ شرانقێ دانم
Receive A Shot,Future,You,You will receive a shot,tu dê şranqê danî,تو دێ شرانقێ دانی
Receive A Shot,Future,He/She,He/She will receive a shot,ew dê şranqê danit,ئەو دێ شرانقێ دانیت
Receive A Shot,Future,We,We will receive a shot,em dê şranqê danîn,ئەم دێ شرانقێ دانین
Receive A Shot,Future,You (pl.),You will receive a shot,hîn dê şranqê danin,ھین دێ شرانقێ دانن
Receive A Shot,Future,They,They will receive a shot,ew dê şranqê danin,ئەو دێ شرانقێ دانن
recommend,Past,I,I recommended,min pesend kir,من پەسەند كر
recommend,Past,You,You recommended,te pesend kir,تە پەسەند كر
recommend,Past,He/She,He/She recommended,ew?ew? pesend kir,ئەوەو پەسەند كر
recommend,Past,We,We recommended,me pesend kir,مە پەسەند كر
recommend,Past,You (pl.),You recommended,hewe pesend kir,ھەوە پەسەند كر
recommend,Past,They,They recommended,ewan pesend kir,ئەوان پەسەند كر
recommend,Present,I,I recommend,ez pesend kem,ئەز پەسەند كەم
recommend,Present,You,You recommend,tu pesend key,تو پەسەند كەی
recommend,Present,He/She,He/She recommends,ew pesend ket,ئەو پەسەند كەت
recommend,Present,We,We recommend,em pesend keyn,ئەم پەسەند كەین
recommend,Present,You (pl.),You recommend,hîn pesend ken,ھین پەسەند كەن
recommend,Present,They,They recommend,ew pesend ken,ئەو پەسەند كەن
recommend,Future,I,I will recommend,ez d? pesend kem,ئەز د پەسەند كەم
recommend,Future,You,You will recommend,tu d? pesend key,تو د پەسەند كەی
recommend,Future,He/She,He/She will recommend,ew d? pesend ket,ئەو د پەسەند كەت
recommend,Future,We,We will recommend,em d? pesend keyn,ئەم د پەسەند كەین
recommend,Future,You (pl.),You will recommend,h? d? pesend ken,ھ د پەسەند كەن
recommend,Future,They,They will recommend,ew d? pesend ken,ئەو د پەسەند كەن
Record,Past,I,I recorded, ez tescîl kirim,ئەز تەسجیل كرم
Record,Past,You,You recorded, tu tescîl kirî,تو تەسجیل كری
Record,Past,He/She,He/She recorded, ew tescîl kir,ئەو تەسجیل كر
Record,Past,We,We recorded, em tescîl kirîn,ئەم تەسجیل كرین
Record,Past,You (pl.),You recorded, hîn tescîl kirin,ھین تەسجیل كرن
Record,Past,They,They recorded, ew tescîl kirin,ئەو تەسجیل كرن
Record,Present,I,I record,ez  tescîl di kem,ئەز تەسجیل د كەم
Record,Present,You,You record,tu  tescîl di key,تو تەسجیل د كەی
Record,Present,He/She,He/She records,ew  tescîl di ket,ئەو تەسجیل د كەت
Record,Present,We,We record,em  tescîl di keyn,ئەم تەسجیل د كەین
Record,Present,You (pl.),You record,hîn  tescîl di ken,ھین تەسجیل د كەن
Record,Present,They,They record,ew  tescîl di ken,ئەو تەسجیل د كەن
Record,Future,I,I will record,ez dê  tescîl kem,ئەز دێ تەسجیل كەم
Record,Future,You,You will record,tu dê  tescîl key,تو دێ تەسجیل كەی
Record,Future,He/She,He/She will record,ew dê  tescîl ket,ئەو دێ تەسجیل كەت
Record,Future,We,We will record,em dê  tescîl keyn,ئەم دێ تەسجیل كەین
Record,Future,You (pl.),You will record,hîn dê  tescîl ken,ھین دێ تەسجیل كەن
Record,Future,They,They will record,ew dê  tescîl ken,ئەو دێ تەسجیل كەن
Refuse,Past,I,I refused,min  qebîl ne kir,من قەبیل نە كر
Refuse,Past,You,You refused,te  qebîl ne kir,تە قەبیل نە كر
Refuse,Past,He/She,He/She refused,ewî/ewê  qebîl ne kir,ئەوی/ئەوێ قەبیل نە كر
Refuse,Past,We,We refused,me  qebîl ne kir,مە قەبیل نە كر
Refuse,Past,You (pl.),You refused,hewe  qebîl ne kir,ھەوە قەبیل نە كر
Refuse,Past,They,They refused,ewan  qebîl ne kir,ئەوان قەبیل نە كر
Refuse,Present,I,I refuse,ez  qebîl ne kem,ئەز قەبیل نە كەم
Refuse,Present,You,You refuse,tu  qebîl ne key,تو قەبیل نە كەی
Refuse,Present,He/She,He/She refuses,ew  qebîl ne ket,ئەو قەبیل نە كەت
Refuse,Present,We,We refuse,em  qebîl ne keyn,ئەم قەبیل نە كەین
Refuse,Present,You (pl.),You refuse,hîn  qebîl ne ken,ھین قەبیل نە كەن
Refuse,Present,They,They refuse,ew  qebîl ne ken,ئەو قەبیل نە كەن
Refuse,Future,I,I will refuse,ez  qebîl ne kem,ئەز قەبیل نە كەم
Refuse,Future,You,You will refuse,tu  qebîl ne key,تو قەبیل نە كەی
Refuse,Future,He/She,He/She will refuse,ew  qebîl ne ket,ئەو قەبیل نە كەت
Refuse,Future,We,We will refuse,em  qebîl ne keyn,ئەم قەبیل نە كەین
Refuse,Future,You (pl.),You will refuse,hîn  qebîl ne ken,ھین قەبیل نە كەن
Refuse,Future,They,They will refuse,ew  qebîl ne ken,ئەو قەبیل نە كەن
Remain,Past,I,I remained,ez mam,ئەز مام
Remain,Past,You,You remained,tu may,تو مای
Remain,Past,He/She,He/She remained,ew ma,ئەو ما
Remain,Past,We,We remained,em mayn,ئەم ماین
Remain,Past,You (pl.),You remained,hîn man,ھین مان
Remain,Past,They,They remained,ew man,ئەو مان
Remain,Present,I,I remain,ez di mînim,ئەز د مینم
Remain,Present,You,You remain,tu di mînî,تو د مینی
Remain,Present,He/She,He/She remains,ew di mînit,ئەو د مینیت
Remain,Present,We,We remain,em di mînîn,ئەم د مینین
Remain,Present,You (pl.),You remain,hîn di mînin,ھین د مینن
Remain,Present,They,They remain,ew di mînin,ئەو د مینن
Remain,Future,I,I will remain,ez dê mînim,ئەز دێ مینم
Remain,Future,You,You will remain,tu dê mînî,تو دێ مینی
Remain,Future,He/She,He/She will remain,ew dê mînit,ئەو دێ مینیت
Remain,Future,We,We will remain,em dê mînîn,ئەم دێ مینین
Remain,Future,You (pl.),You will remain,hîn dê mînin,ھین دێ مینن
Remain,Future,They,They will remain,ew dê mînin,ئەو دێ مینن
Remember,Past,I,I remembered,&lt;Not Used&gt;,نە
Remember,Past,You,You remembered,&lt;Not Used&gt;,نە
Remember,Past,He/She,He/She remembered,bîra  (bi OW) hat,بیرا ھات
Remember,Past,We,We remembered,&lt;Not Used&gt;,نە
Remember,Past,You (pl.),You remembered,&lt;Not Used&gt;,نە
Remember,Past,They,They remembered,&lt;Not Used&gt;,نە
Remember,Present,I,I remember,&lt;Not Used&gt;,نە
Remember,Present,You,You remember,&lt;Not Used&gt;,نە
Remember,Present,He/She,He/She remembers,bîra  (bi OW) di hêt,بیرا د ھێت
Remember,Present,We,We remember,&lt;Not Used&gt;,نە
Remember,Present,You (pl.),You remember,&lt;Not Used&gt;,نە
Remember,Present,They,They remember,&lt;Not Used&gt;,نە
Remember,Future,I,I will remember,&lt;Not Used&gt;,نە
Remember,Future,You,You will remember,&lt;Not Used&gt;,نە
Remember,Future,He/She,He/She will remember,bîra  (bi OW) dê hêt,بیرا دێ ھێت
Remember,Future,We,We will remember,&lt;Not Used&gt;,نە
Remember,Future,You (pl.),You will remember,&lt;Not Used&gt;,نە
Remember,Future,They,They will remember,&lt;Not Used&gt;,نە
Remove,Past,I,I removed,min  jê bir,من ژێ بر
Remove,Past,You,You removed,te  jê bir,تە ژێ بر
Remove,Past,He/She,He/She removed,ewî/ewê  jê bir,ئەوی/ئەوێ ژێ بر
Remove,Past,We,We removed,me  jê bir,مە ژێ بر
Remove,Past,You (pl.),You removed,hewe  jê bir,ھەوە ژێ بر
Remove,Past,They,They removed,ewan  jê bir,ئەوان ژێ بر
Remove,Present,I,I remove,ez  jê di bem,ئەز ژێ د بەم
Remove,Present,You,You remove,tu  jê di bê,تو ژێ د بێ
Remove,Present,He/She,He/She removes,ew  jê di bet,ئەو ژێ د بەت
Remove,Present,We,We remove,em  jê di bên,ئەم ژێ د بێن
Remove,Present,You (pl.),You remove,hîn  jê di ben,ھین ژێ د بەن
Remove,Present,They,They remove,ew  jê di ben,ئەو ژێ د بەن
Remove,Future,I,I will remove,ez dê  jê bem,ئەز دێ ژێ بەم
Remove,Future,You,You will remove,tu dê  jê bê,تو دێ ژێ بێ
Remove,Future,He/She,He/She will remove,ew dê  jê bet,ئەو دێ ژێ بەت
Remove,Future,We,We will remove,em dê  jê bên,ئەم دێ ژێ بێن
Remove,Future,You (pl.),You will remove,hîn dê  jê ben,ھین دێ ژێ بەن
Remove,Future,They,They will remove,ew dê  jê ben,ئەو دێ ژێ بەن
Repent,Past,I,I repented,min  tube kir,من توبە كر
Repent,Past,You,You repented,te  tube kir,تە توبە كر
Repent,Past,He/She,He/She repented,ewî/ewê  tube kir,ئەوی/ئەوێ توبە كر
Repent,Past,We,We repented,me  tube kir,مە توبە كر
Repent,Past,You (pl.),You repented,hewe  tube kir,ھەوە توبە كر
Repent,Past,They,They repented,ewan  tube kir,ئەوان توبە كر
Repent,Present,I,I repent,ez  tube di kem,ئەز توبە د كەم
Repent,Present,You,You repent,tu  tube di key,تو توبە د كەی
Repent,Present,He/She,He/She repents,ew  tube di ket,ئەو توبە د كەت
Repent,Present,We,We repent,em  tube di keyn,ئەم توبە د كەین
Repent,Present,You (pl.),You repent,hîn  tube di ken,ھین توبە د كەن
Repent,Present,They,They repent,ew  tube di ken,ئەو توبە د كەن
Repent,Future,I,I will repent,ez dê  tube kem,ئەز دێ توبە كەم
Repent,Future,You,You will repent,tu dê  tube key,تو دێ توبە كەی
Repent,Future,He/She,He/She will repent,ew dê  tube ket,ئەو دێ توبە كەت
Repent,Future,We,We will repent,em dê  tube keyn,ئەم دێ توبە كەین
Repent,Future,You (pl.),You will repent,hîn dê  tube ken,ھین دێ توبە كەن
Repent,Future,They,They will repent,ew dê  tube ken,ئەو دێ توبە كەن
Replay,Past,I,I replayed,min  dubare kir,من دوبارە كر
Replay,Past,You,You replayed,te  dubare kir,تە دوبارە كر
Replay,Past,He/She,He/She replayed,ewî/ewê  dubare kir,ئەوی/ئەوێ دوبارە كر
Replay,Past,We,We replayed,me  dubare kir,مە دوبارە كر
Replay,Past,You (pl.),You replayed,hewe  dubare kir,ھەوە دوبارە كر
Replay,Past,They,They replayed,ewan  dubare kir,ئەوان دوبارە كر
Replay,Present,I,I replay,ez  dubare di kem,ئەز دوبارە د كەم
Replay,Present,You,You replay,tu  dubare di key,تو دوبارە د كەی
Replay,Present,He/She,He/She replays,ew  dubare di ket,ئەو دوبارە د كەت
Replay,Present,We,We replay,em  dubare di keyn,ئەم دوبارە د كەین
Replay,Present,You (pl.),You replay,hîn  dubare di ken,ھین دوبارە د كەن
Replay,Present,They,They replay,ew  dubare di ken,ئەو دوبارە د كەن
Replay,Future,I,I will replay,ez dê  dubare kem,ئەز دێ دوبارە كەم
Replay,Future,You,You will replay,tu dê  dubare key,تو دێ دوبارە كەی
Replay,Future,He/She,He/She will replay,ew dê  dubare ket,ئەو دێ دوبارە كەت
Replay,Future,We,We will replay,em dê  dubare keyn,ئەم دێ دوبارە كەین
Replay,Future,You (pl.),You will replay,hîn dê  dubare en,ھین دێ دوبارە ئەن
Replay,Future,They,They will replay,ew dê  dubare ken,ئەو دێ دوبارە كەن
Request,Past,I,I requested, ez daxaz kirim,ئەز داخاز كرم
Request,Past,You,You requested, tu daxaz kirî,تو داخاز كری
Request,Past,He/She,He/She requested, ew daxaz kirit,ئەو داخاز كریت
Request,Past,We,We requested, em daxaz kirîn,ئەم داخاز كرین
Request,Past,You (pl.),You requested, hîn daxaz kirin,ھین داخاز كرن
Request,Past,They,They requested, ew daxaz kirin,ئەو داخاز كرن
Request,Present,I,I request,ez  daxaz di kem,ئەز داخاز د كەم
Request,Present,You,You request,tu  daxaz di key,تو داخاز د كەی
Request,Present,He/She,He/She requests,ew  daxaz di ket,ئەو داخاز د كەت
Request,Present,We,We request,em  daxaz di keyn,ئەم داخاز د كەین
Request,Present,You (pl.),You request,hîn  daxaz di ken,ھین داخاز د كەن
Request,Present,They,They request,ew  daxaz di ken,ئەو داخاز د كەن
Request,Future,I,I will request,ez dê  daxaz kem,ئەز دێ داخاز كەم
Request,Future,You,You will request,tu dê  daxaz key,تو دێ داخاز كەی
Request,Future,He/She,He/She will request,ew dê  daxaz ket,ئەو دێ داخاز كەت
Request,Future,We,We will request,em dê  daxaz keyn,ئەم دێ داخاز كەین
Request,Future,You (pl.),You will request,hîn dê  daxaz ken,ھین دێ داخاز كەن
Request,Future,They,They will request,ew dê  daxaz ken,ئەو دێ داخاز كەن
Respect,Past,I,I respected,min qedirê  girt,من قەدرێ گرت
Respect,Past,You,You respected,te qedirê  girt,تە قەدرێ گرت
Respect,Past,He/She,He/She respected,ewî/ewê qedirê  girt,ئەوی/ئەوێ قەدرێ گرت
Respect,Past,We,We respected,me qedirê  girt,مە قەدرێ گرت
Respect,Past,You (pl.),You respected,hewe qedirê  girt,ھەوە قەدرێ گرت
Respect,Past,They,They respected,ewan qedirê  girt,ئەوان قەدرێ گرت
Respect,Present,I,I respect,ez qedirê  di girim,ئەز قەدرێ د گرم
Respect,Present,You,You respect,tu qedirê  di girî,تو قەدرێ د گری
Respect,Present,He/She,He/She respects,ew qedirê  di girit,ئەو قەدرێ د گریت
Respect,Present,We,We respect,em qedirê  di girîn,ئەم قەدرێ د گرین
Respect,Present,You (pl.),You respect,hîn qedirê  di girin,ھین قەدرێ د گرن
Respect,Present,They,They respect,ew qedirê  di girin,ئەو قەدرێ د گرن
Respect,Future,I,I will respect,ez dê qedirê  girim,ئەز دێ قەدرێ گرم
Respect,Future,You,You will respect,tu dê qedirê  girî,تو دێ قەدرێ گری
Respect,Future,He/She,He/She will respect,ew dê qedirê  girit,ئەو دێ قەدرێ گریت
Respect,Future,We,We will respect,em dê qedirê  girîn,ئەم دێ قەدرێ گرین
Respect,Future,You (pl.),You will respect,hîn dê qedirê  girin,ھین دێ قەدرێ گرن
Respect,Future,They,They will respect,ew dê qedirê  girin,ئەو دێ قەدرێ گرن
Respect,Past,I,I respected,min iḧtîrama  girt,من ئحتیراما گرت
Respect,Past,You,You respected,te iḧtîrama  girt,تە ئحتیراما گرت
Respect,Past,He/She,He/She respected,ewî/ewê iḧtîrama  girt,ئەوی/ئەوێ ئحتیراما گرت
Respect,Past,We,We respected,me iḧtîrama  girt,مە ئحتیراما گرت
Respect,Past,You (pl.),You respected,hewe iḧtîrama  girt,ھەوە ئحتیراما گرت
Respect,Past,They,They respected,ewan iḧtîrama  girt,ئەوان ئحتیراما گرت
Respect,Present,I,I respect,ez iḧtîrama  di girim,ئەز ئحتیراما د گرم
Respect,Present,You,You respect,tu iḧtîrama  di girî,تو ئحتیراما د گری
Respect,Present,He/She,He/She respects,ew iḧtîrama  di girit,ئەو ئحتیراما د گریت
Respect,Present,We,We respect,em iḧtîrama  di girîn,ئەم ئحتیراما د گرین
Respect,Present,You (pl.),You respect,hîn iḧtîrama  di girin,ھین ئحتیراما د گرن
Respect,Present,They,They respect,ew iḧtîrama  di girin,ئەو ئحتیراما د گرن
Respect,Future,I,I will respect,ez dê iḧtîrama  girim,ئەز دێ ئحتیراما گرم
Respect,Future,You,You will respect,tu dê iḧtîrama  girî,تو دێ ئحتیراما گری
Respect,Future,He/She,He/She will respect,ew dê iḧtîrama  girit,ئەو دێ ئحتیراما گریت
Respect,Future,We,We will respect,em dê iḧtîrama  girîn,ئەم دێ ئحتیراما گرین
Respect,Future,You (pl.),You will respect,hîn dê iḧtîrama  girin,ھین دێ ئحتیراما گرن
Respect,Future,They,They will respect,ew dê iḧtîrama  girin,ئەو دێ ئحتیراما گرن
Rest,Past,I,I rested,min bêhna xo ve da,من بێھنا خو ڤە دا
Rest,Past,You,You rested,te bêhna xo ved a,تە بێھنا خو ڤەد ئا
Rest,Past,He/She,He/She rested,ewî/ewê bêhna xo ve da,ئەوی/ئەوێ بێھنا خو ڤە دا
Rest,Past,We,We rested,me bêhna xo ve da,مە بێھنا خو ڤە دا
Rest,Past,You (pl.),You rested,hewe bêhna xo ve da,ھەوە بێھنا خو ڤە دا
Rest,Past,They,They rested,ewan bêhna xo ve da,ئەوان بێھنا خو ڤە دا
Rest,Present,I,I rest,ez bêhna xo di ve dem,ئەز بێھنا خو د ڤە دەم
Rest,Present,You,You rest,tu bêhna xo di ve dey,تو بێھنا خو د ڤە دەی
Rest,Present,He/She,He/She rests,ew bêhna xo di ve det,ئەو بێھنا خو د ڤە دەت
Rest,Present,We,We rest,em bêhna xo di ve deyn,ئەم بێھنا خو د ڤە دەین
Rest,Present,You (pl.),You rest,hîn bêhna xo di ve den,ھین بێھنا خو د ڤە دەن
Rest,Present,They,They rest,ew bêhna xo di ve den,ئەو بێھنا خو د ڤە دەن
Rest,Future,I,I will rest,ez dê bêhna xo ve dem,ئەز دێ بێھنا خو ڤە دەم
Rest,Future,You,You will rest,tu dê bêhna xo ve dey,تو دێ بێھنا خو ڤە دەی
Rest,Future,He/She,He/She will rest,ew dê bêhna xo ve det,ئەو دێ بێھنا خو ڤە دەت
Rest,Future,We,We will rest,em dê bêhna xo ve deyn,ئەم دێ بێھنا خو ڤە دەین
Rest,Future,You (pl.),You will rest,hîn dê bêhna xo ve den,ھین دێ بێھنا خو ڤە دەن
Rest,Future,They,They will rest,ew dê bêhna xo ve den,ئەو دێ بێھنا خو ڤە دەن
Return,Past,I,I returned,min  zivrand,من زڤراند
Return,Past,You,You returned,te  zivrand,تە زڤراند
Return,Past,He/She,He/She returned,ewî/ewê  zivrand,ئەوی/ئەوێ زڤراند
Return,Past,We,We returned,me  zivrand,مە زڤراند
Return,Past,You (pl.),You returned,hewe  zivrand,ھەوە زڤراند
Return,Past,They,They returned,ewan  zivrand,ئەوان زڤراند
Return,Present,I,I return,ez  di zivrînim,ئەز د زڤرینم
Return,Present,You,You return,tu  di zivrînî,تو د زڤرینی
Return,Present,He/She,He/She returns,ew  di zivrînit,ئەو د زڤرینیت
Return,Present,We,We return,em  di zivrînîn,ئەم د زڤرینین
Return,Present,You (pl.),You return,hîn  di zivrînin,ھین د زڤرینن
Return,Present,They,They return,ew  di zivrînin,ئەو د زڤرینن
Return,Future,I,I will return,ez dê  zivrînim,ئەز دێ زڤرینم
Return,Future,You,You will return,tu dê  zivrînî,تو دێ زڤرینی
Return,Future,He/She,He/She will return,ew dê  zivrînit,ئەو دێ زڤرینیت
Return,Future,We,We will return,em dê  zivrînîn,ئەم دێ زڤرینین
Return,Future,You (pl.),You will return,hîn dê  zivrînin,ھین دێ زڤرینن
Return,Future,They,They will return,ew dê  zivrînin,ئەو دێ زڤرینن
Reveal,Past,I,I revealed,min  aşkîra kir,من ئاشكیرا كر
Reveal,Past,You,You revealed,te  aşkîra kir,تە ئاشكیرا كر
Reveal,Past,He/She,He/She revealed,ewî/ewê  aşkîra kir,ئەوی/ئەوێ ئاشكیرا كر
Reveal,Past,We,We revealed,me  aşkîra kir,مە ئاشكیرا كر
Reveal,Past,You (pl.),You revealed,hewe  aşkîra kir,ھەوە ئاشكیرا كر
Reveal,Past,They,They revealed,ewan  aşkîra kir,ئەوان ئاشكیرا كر
Reveal,Present,I,I reveal,ez  aşkîra di kem,ئەز ئاشكیرا د كەم
Reveal,Present,You,You reveal,tu  aşkîra di key,تو ئاشكیرا د كەی
Reveal,Present,He/She,He/She reveals,ew  aşkîra di ket,ئەو ئاشكیرا د كەت
Reveal,Present,We,We reveal,em  aşkîra di keyn,ئەم ئاشكیرا د كەین
Reveal,Present,You (pl.),You reveal,hîn  aşkîra di ken,ھین ئاشكیرا د كەن
Reveal,Present,They,They reveal,ew  aşkîra di ken,ئەو ئاشكیرا د كەن
Reveal,Future,I,I will reveal,ez dê  aşkîra kem,ئەز دێ ئاشكیرا كەم
Reveal,Future,You,You will reveal,tu dê  aşkîra key,تو دێ ئاشكیرا كەی
Reveal,Future,He/She,He/She will reveal,ew dê  aşkîra ket,ئەو دێ ئاشكیرا كەت
Reveal,Future,We,We will reveal,em dê  aşkîra keyn,ئەم دێ ئاشكیرا كەین
Reveal,Future,You (pl.),You will reveal,hîn dê  aşkîra ken,ھین دێ ئاشكیرا كەن
Reveal,Future,They,They will reveal,ew dê  aşkîra ken,ئەو دێ ئاشكیرا كەن
Ride,Past,I,I rode,ez (li OW) sîyar bum,ئەز سییار بوم
Ride,Past,You,You rode,tu (li OW) sîyar buî,تو سییار بوی
Ride,Past,He/She,He/She rode,ew (li OW) sîyar bu,ئەو سییار بو
Ride,Past,We,We rode,em (li OW) sîyar buîn,ئەم سییار بوین
Ride,Past,You (pl.),You rode,hîn (li OW) sîyar bun,ھین سییار بون
Ride,Past,They,They rode,ew (li OW) sîyar bun,ئەو سییار بون
Ride,Present,I,I ride,ez (li OW) sîyar di bim,ئەز سییار د بم
Ride,Present,You,You ride,tu (li OW) sîyar di bî,تو سییار د بی
Ride,Present,He/She,He/She rides,ew (li OW) sîyar di bit,ئەو سییار د بیت
Ride,Present,We,We ride,em (li OW) sîyar di bîn,ئەم سییار د بین
Ride,Present,You (pl.),You ride,hîn (li OW) sîyar di bin,ھین سییار د بن
Ride,Present,They,They ride,ew (li OW) sîyar di bin,ئەو سییار د بن
Ride,Future,I,I will ride,ez dê (li OW) sîyar bim,ئەز دێ سییار بم
Ride,Future,You,You will ride,tu dê (li OW) sîyar bî,تو دێ سییار بی
Ride,Future,He/She,He/She will ride,ew dê (li OW) sîyar bit,ئەو دێ سییار بیت
Ride,Future,We,We will ride,em dê (li OW) sîyar bîn,ئەم دێ سییار بین
Ride,Future,You (pl.),You will ride,hîn dê (li OW) sîyar bin,ھین دێ سییار بن
Ride,Future,They,They will ride,ew dê (li OW) sîyar bin,ئەو دێ سییار بن
Rip,Past,I,I ripped,min  dirand,من دراند
Rip,Past,You,You ripped,te  dirand,تە دراند
Rip,Past,He/She,He/She ripped,ewî/ewê  dirand,ئەوی/ئەوێ دراند
Rip,Past,We,We ripped,me  dirand,مە دراند
Rip,Past,You (pl.),You ripped,hewe  dirand,ھەوە دراند
Rip,Past,They,They ripped,ewan  dirand,ئەوان دراند
Rip,Present,I,I rip,ez  di dirînim,ئەز د درینم
Rip,Present,You,You rip,tu  di dirînî,تو د درینی
Rip,Present,He/She,He/She rips,ew  di dirînit,ئەو د درینیت
Rip,Present,We,We rip,em  di dirînîn,ئەم د درینین
Rip,Present,You (pl.),You rip,hîn  di dirînin,ھین د درینن
Rip,Present,They,They rip,ew  di dirînin,ئەو د درینن
Rip,Future,I,I will rip,ez dê  dirînim,ئەز دێ درینم
Rip,Future,You,You will rip,tu dê  dirînî,تو دێ درینی
Rip,Future,He/She,He/She will rip,ew dê  dirînit,ئەو دێ درینیت
Rip,Future,We,We will rip,em dê  dirînîn,ئەم دێ درینین
Rip,Future,You (pl.),You will rip,hîn dê  dirînin,ھین دێ درینن
Rip,Future,They,They will rip,ew dê  dirînin,ئەو دێ درینن
Rise,Past,I,I rose,ez ra bum,ئەز را بوم
Rise,Past,You,You rose,tu ra buî,تو را بوی
Rise,Past,He/She,He/She rose,ew ra bu,ئەو را بو
Rise,Past,We,We rose,em ra buîn,ئەم را بوین
Rise,Past,You (pl.),You rose,hîn ra bun,ھین را بون
Rise,Past,They,They rose,ew ra bun,ئەو را بون
Rise,Present,I,I rise,ez ra di bim,ئەز را د بم
Rise,Present,You,You rise,tu ra di bî,تو را د بی
Rise,Present,He/She,He/She rises,ew ra di bit,ئەو را د بیت
Rise,Present,We,We rise,em ra di bîn,ئەم را د بین
Rise,Present,You (pl.),You rise,hîn ra di bin,ھین را د بن
Rise,Present,They,They rise,ew ra di bin,ئەو را د بن
Rise,Future,I,I will rise,ez dê ra bim,ئەز دێ را بم
Rise,Future,You,You will rise,tu dê ra bî,تو دێ را بی
Rise,Future,He/She,He/She will rise,ew dê ra bit,ئەو دێ را بیت
Rise,Future,We,We will rise,em dê ra bîn,ئەم دێ را بین
Rise,Future,You (pl.),You will rise,hîn dê ra bin,ھین دێ را بن
Rise,Future,They,They will rise,ew dê ra bin,ئەو دێ را بن
Roast,Past,I,I roasted,min  bijart,من بژارت
Roast,Past,You,You roasted,te  bijart,تە بژارت
Roast,Past,He/She,He/She roasted,ewî/ewê  bijart,ئەوی/ئەوێ بژارت
Roast,Past,We,We roasted,me  bijart,مە بژارت
Roast,Past,You (pl.),You roasted,hewe  bijart,ھەوە بژارت
Roast,Past,They,They roasted,ewan  bijart,ئەوان بژارت
Roast,Present,I,I roast,ez  di bijêrim,ئەز د بژێرم
Roast,Present,You,You roast,tu  di bijêrî,تو د بژێری
Roast,Present,He/She,He/She roasts,ew  di bijêrit,ئەو د بژێریت
Roast,Present,We,We roast,em  di bijêrîn,ئەم د بژێرین
Roast,Present,You (pl.),You roast,hîn  di bijêrin,ھین د بژێرن
Roast,Present,They,They roast,ew  di bijêrin,ئەو د بژێرن
Roast,Future,I,I will roast,ez dê  bijêrim,ئەز دێ بژێرم
Roast,Future,You,You will roast,tu dê  bijêrî,تو دێ بژێری
Roast,Future,He/She,He/She will roast,ew dê  bijêrit,ئەو دێ بژێریت
Roast,Future,We,We will roast,em dê  bijêrîn,ئەم دێ بژێرین
Roast,Future,You (pl.),You will roast,hîn dê  bijêrin,ھین دێ بژێرن
Roast,Future,They,They will roast,ew dê  bijêrin,ئەو دێ بژێرن
Rob,Past,I,I robbed,min dizîyêt  kirin,من دزییێت كرن
Rob,Past,You,You robbed,te dizîyêt  kirin,تە دزییێت كرن
Rob,Past,He/She,He/She robbed,ewî/ewê dizîyêt  kirin,ئەوی/ئەوێ دزییێت كرن
Rob,Past,We,We robbed,me dizîyêt  kirin,مە دزییێت كرن
Rob,Past,You (pl.),You robbed,hewe dizîyêt  kirin,ھەوە دزییێت كرن
Rob,Past,They,They robbed,ewan dizîyêt  kirin,ئەوان دزییێت كرن
Rob,Present,I,I rob,ez dizîyêt  di kem,ئەز دزییێت د كەم
Rob,Present,You,You rob,tu dizîyêt  di key,تو دزییێت د كەی
Rob,Present,He/She,He/She robs,ew dizîyêt  di ket,ئەو دزییێت د كەت
Rob,Present,We,We rob,em dizîyêt  di keyn,ئەم دزییێت د كەین
Rob,Present,You (pl.),You rob,hîn dizîyêt  di ken,ھین دزییێت د كەن
Rob,Present,They,They rob,ew dizîyêt  di ken,ئەو دزییێت د كەن
Rob,Future,I,I will rob,ez dê dizîyêt  kem,ئەز دێ دزییێت كەم
Rob,Future,You,You will rob,tu dê dizîyêt  key,تو دێ دزییێت كەی
Rob,Future,He/She,He/She will rob,ew dê dizîyêt  ket,ئەو دێ دزییێت كەت
Rob,Future,We,We will rob,em dê dizîyêt  keyn,ئەم دێ دزییێت كەین
Rob,Future,You (pl.),You will rob,hîn dê dizîyêt  ken,ھین دێ دزییێت كەن
Rob,Future,They,They will rob,ew dê dizîyêt  ken,ئەو دێ دزییێت كەن
Roll Something,Past,I,I rolled something,min  dul kir,من دول كر
Roll Something,Past,You,You rolled something,te  dul kir,تە دول كر
Roll Something,Past,He/She,He/She rolled something,wî/wê  dul kir,وی/وێ دول كر
Roll Something,Past,We,We rolled something,me  dul kir,مە دول كر
Roll Something,Past,You (pl.),You rolled something,we  dul kir,وە دول كر
Roll Something,Past,They,They rolled something,wan  dul kir,وان دول كر
Roll Something,Present,I,I roll something,ez  dul di kem,ئەز دول د كەم
Roll Something,Present,You,You roll something,tu  dul di key,تو دول د كەی
Roll Something,Present,He/She,He/She rolls something,ew  dul di ket,ئەو دول د كەت
Roll Something,Present,We,We roll something,em  dul di keyn,ئەم دول د كەین
Roll Something,Present,You (pl.),You roll something,hîn  dul di ken,ھین دول د كەن
Roll Something,Present,They,They roll something,ew  dul di ken,ئەو دول د كەن
Roll Something,Future,I,I will roll something,ez dê  dul kem,ئەز دێ دول كەم
Roll Something,Future,You,You will roll something,tu dê  dul key,تو دێ دول كەی
Roll Something,Future,He/She,He/She will roll something,ew dê  dul ket,ئەو دێ دول كەت
Roll Something,Future,We,We will roll something,em dê  dul keyn,ئەم دێ دول كەین
Roll Something,Future,You (pl.),You will roll something,hîn dê  dul ken,ھین دێ دول كەن
Roll Something,Future,They,They will roll something,ew dê  dul ken,ئەو دێ دول كەن
Rule,Past,I,I ruled, ez ḧokim di kirim,ئەز حوكم د كرم
Rule,Past,You,You ruled, tu ḧokim di kirî,تو حوكم د كری
Rule,Past,He/She,He/She ruled, ew ḧokim di kir,ئەو حوكم د كر
Rule,Past,We,We ruled, em ḧokim di kirîn,ئەم حوكم د كرین
Rule,Past,You (pl.),You ruled, hîn ḧokim di kirin,ھین حوكم د كرن
Rule,Past,They,They ruled, ew ḧokim di kirin,ئەو حوكم د كرن
Rule,Present,I,I rule,ez  ḧokim di kem,ئەز حوكم د كەم
Rule,Present,You,You rule,tu  ḧokim di key,تو حوكم د كەی
Rule,Present,He/She,He/She rules,ew  ḧokim di ket,ئەو حوكم د كەت
Rule,Present,We,We rule,em  ḧokim di keyn,ئەم حوكم د كەین
Rule,Present,You (pl.),You rule,hîn  ḧokim di ken,ھین حوكم د كەن
Rule,Present,They,They rule,ew  ḧokim di ken,ئەو حوكم د كەن
Rule,Future,I,I will rule,ez dê  ḧokim kem,ئەز دێ حوكم كەم
Rule,Future,You,You will rule,tu dê  ḧokim key,تو دێ حوكم كەی
Rule,Future,He/She,He/She will rule,ew dê  ḧokim ket,ئەو دێ حوكم كەت
Rule,Future,We,We will rule,em dê  ḧokim keyn,ئەم دێ حوكم كەین
Rule,Future,You (pl.),You will rule,hîn dê  ḧokim ken,ھین دێ حوكم كەن
Rule,Future,They,They will rule,ew dê  ḧokim ken,ئەو دێ حوكم كەن
Run,Past,I,I ran,min kire ''ar,من كرە غار
Run,Past,You,You ran,te kire ''ar,تە كرە غار
Run,Past,He/She,He/She ran,ewî/ewê kire ''ar,ئەوی/ئەوێ كرە غار
Run,Past,We,We ran,me kire ''ar,مە كرە غار
Run,Past,You (pl.),You ran,hewe kire ''ar,ھەوە كرە غار
Run,Past,They,They ran,ewan kire ''ar,ئەوان كرە غار
Run,Present,I,I run,ez di keme ''ar,ئەز د كەمە غار
Run,Present,You,You run,tu di keyye ''ar,تو د كەییە غار
Run,Present,He/She,He/She runs,ew di kete ''ar,ئەو د كەتە غار
Run,Present,We,We run,em di keyne ''ar,ئەم د كەینە غار
Run,Present,You (pl.),You run,hîn di kene ''ar,ھین د كەنە غار
Run,Present,They,They run,ew di kene ''ar,ئەو د كەنە غار
Run,Future,I,I will run,ez dê keme ''ar,ئەز دێ كەمە غار
Run,Future,You,You will run,tu dê keyye ''ar,تو دێ كەییە غار
Run,Future,He/She,He/She will run,ew dê kete ''ar,ئەو دێ كەتە غار
Run,Future,We,We will run,em dê keyne ''ar,ئەم دێ كەینە غار
Run,Future,You (pl.),You will run,hîn dê kene ''ar,ھین دێ كەنە غار
Run,Future,They,They will run,ew dê kene ''ar,ئەو دێ كەنە غار
Run Somewhere,Past,I,I ran,ez bi ''ar çum,ئەز ب غار چوم
Run Somewhere,Past,You,You ran,tu bi ''ar çuî,تو ب غار چوی
Run Somewhere,Past,He/She,He/She ran,ew bi ''ar çu,ئەو ب غار چو
Run Somewhere,Past,We,We ran,em bi ''ar çuîn,ئەم ب غار چوین
Run Somewhere,Past,You (pl.),You ran,hîn bi ''ar çun,ھین ب غار چون
Run Somewhere,Past,They,They ran,ew bi ''ar çun,ئەو ب غار چون
Run Somewhere,Present,I,I run,ez bi ''ar di çim,ئەز ب غار د چم
Run Somewhere,Present,You,You run,tu bi ''ar di çî,تو ب غار د چی
Run Somewhere,Present,He/She,He/She runs,ew bi ''ar di çit,ئەو ب غار د چیت
Run Somewhere,Present,We,We run,em bi ''ar di çîn,ئەم ب غار د چین
Run Somewhere,Present,You (pl.),You run,hîn bi ''ar di çin,ھین ب غار د چن
Run Somewhere,Present,They,They run,ew di çin,ئەو د چن
Run Somewhere,Future,I,I will run,ez dê bi ''ar çim,ئەز دێ ب غار چم
Run Somewhere,Future,You,You will run,tu dê bi ''ar çî,تو دێ ب غار چی
Run Somewhere,Future,He/She,He/She will run,ew dê bi ''ar çit,ئەو دێ ب غار چیت
Run Somewhere,Future,We,We will run,em dê bi ''ar çîn,ئەم دێ ب غار چین
Run Somewhere,Future,You (pl.),You will run,hîn dê bi ''ar çin,ھین دێ ب غار چن
Run Somewhere,Future,They,They will run,ew dê bi ''ar çin,ئەو دێ ب غار چن
Sacrifice,Past,I,I sacrificed,min  kire qorban,من كرە قوربان
Sacrifice,Past,You,You sacrificed,te  kire qorban,تە كرە قوربان
Sacrifice,Past,He/She,He/She sacrificed,ewî/ewê  kire qorban,ئەوی/ئەوێ كرە قوربان
Sacrifice,Past,We,We sacrificed,me  kire qorban,مە كرە قوربان
Sacrifice,Past,You (pl.),You sacrificed,hewe  kire qorban,ھەوە كرە قوربان
Sacrifice,Past,They,They sacrificed,ewan  kire qorban,ئەوان كرە قوربان
Sacrifice,Present,I,I sacrifice,ez  di keme qorban,ئەز د كەمە قوربان
Sacrifice,Present,You,You sacrifice,tu  di keyye qorban,تو د كەییە قوربان
Sacrifice,Present,He/She,He/She sacrifices,ew  di kete qorban,ئەو د كەتە قوربان
Sacrifice,Present,We,We sacrifice,em  di keyne qorban,ئەم د كەینە قوربان
Sacrifice,Present,You (pl.),You sacrifice,hîn  di kene qorban,ھین د كەنە قوربان
Sacrifice,Present,They,They sacrifice,ew  di kene qorban,ئەو د كەنە قوربان
Sacrifice,Future,I,I will sacrifice,ez dê  keme qorban,ئەز دێ كەمە قوربان
Sacrifice,Future,You,You will sacrifice,tu dê  keyye qorban,تو دێ كەییە قوربان
Sacrifice,Future,He/She,He/She will sacrifice,ew dê  kete qorban,ئەو دێ كەتە قوربان
Sacrifice,Future,We,We will sacrifice,em dê  keyne qorban,ئەم دێ كەینە قوربان
Sacrifice,Future,You (pl.),You will sacrifice,hîn dê  kene qorban,ھین دێ كەنە قوربان
Sacrifice,Future,They,They will sacrifice,ew dê  kene qorban,ئەو دێ كەنە قوربان
Satisfy,Past,I,I satisfied, ez razî kirim,ئەز رازی كرم
Satisfy,Past,You,You satisfied, tu razî kirî,تو رازی كری
Satisfy,Past,He/She,He/She satisfied, ew razî kir,ئەو رازی كر
Satisfy,Past,We,We satisfied, em razî kirîn,ئەم رازی كرین
Satisfy,Past,You (pl.),You satisfied, hîn razî kirin,ھین رازی كرن
Satisfy,Past,They,They satisfied, ew razî kirin,ئەو رازی كرن
Satisfy,Present,I,I satisfy,ez  razî di kem,ئەز رازی د كەم
Satisfy,Present,You,You satisfy,tu  razî di key,تو رازی د كەی
Satisfy,Present,He/She,He/She satisfies,ew  razî di ket,ئەو رازی د كەت
Satisfy,Present,We,We satisfy,em  razî di keyn,ئەم رازی د كەین
Satisfy,Present,You (pl.),You satisfy,hîn  razî di ken,ھین رازی د كەن
Satisfy,Present,They,They satisfy,ew  razî di ken,ئەو رازی د كەن
Satisfy,Future,I,I will satisfy,ez dê  razî kem,ئەز دێ رازی كەم
Satisfy,Future,You,You will satisfy,tu dê  razî key,تو دێ رازی كەی
Satisfy,Future,He/She,He/She will satisfy,ew dê  razî ket,ئەو دێ رازی كەت
Satisfy,Future,We,We will satisfy,em dê  razî keyn,ئەم دێ رازی كەین
Satisfy,Future,You (pl.),You will satisfy,hîn dê  razî ken,ھین دێ رازی كەن
Satisfy,Future,They,They will satisfy,ew dê  razî ken,ئەو دێ رازی كەن
Save,Past,I,I saved, ez qortal kirim,ئەز قورتال كرم
Save,Past,You,You saved, tu qortal kirî,تو قورتال كری
Save,Past,He/She,He/She saved, ew qortal kir,ئەو قورتال كر
Save,Past,We,We saved, em qortal kirîn,ئەم قورتال كرین
Save,Past,You (pl.),You saved, hîn qortal kirin,ھین قورتال كرن
Save,Past,They,They saved, ew qortal kirin,ئەو قورتال كرن
Save,Present,I,I save,ez  qortal di kem,ئەز قورتال د كەم
Save,Present,You,You save,tu  qortal di key,تو قورتال د كەی
Save,Present,He/She,He/She saves,ew  qortal di ket,ئەو قورتال د كەت
Save,Present,We,We save,em  qortal di keyn,ئەم قورتال د كەین
Save,Present,You (pl.),You save,hîn  qortal di ken,ھین قورتال د كەن
Save,Present,They,They save,ew  qortal di ken,ئەو قورتال د كەن
Save,Future,I,I will save,ez dê  qortal kem,ئەز دێ قورتال كەم
Save,Future,You,You will save,tu dê  qortal key,تو دێ قورتال كەی
Save,Future,He/She,He/She will save,ew dê  qortal ket,ئەو دێ قورتال كەت
Save,Future,We,We will save,em dê  qortal keyn,ئەم دێ قورتال كەین
Save,Future,You (pl.),You will save,hîn dê  qortal ken,ھین دێ قورتال كەن
Save,Future,They,They will save,ew dê  qortal ken,ئەو دێ قورتال كەن
Say,Past,I,I said,min gut(e OW),من گوت
Say,Past,You,You said,te gut(e OW),تە گوت
Say,Past,He/She,He/She said,ewî/ewê gut(e OW),ئەوی/ئەوێ گوت
Say,Past,We,We said,me gut(e OW),مە گوت
Say,Past,You (pl.),You said,hewe gut(e OW),ھەوە گوت
Say,Past,They,They said,ewan gut(e OW),ئەوان گوت
Say,Present,I,I say,ez di bejim(e OW),ئەز د بەژم
Say,Present,You,You say,tu di bejî(ye OW),تو د بەژی
Say,Present,He/She,He/She says,ew di bejit(e OW),ئەو د بەژت
Say,Present,We,We say,em di bejîn(e OW),ئەم د بەژین
Say,Present,You (pl.),You say,hîn di bejin(e OW),ھین د بەژن
Say,Present,They,They say,ew di bejin(e OW),ئەو د بەژن
Say,Future,I,I will say,ez dê bejim(e OW),ئەز دێ بەژم
Say,Future,You,You will say,tu dê bejî(ye OW),تو دێ بەژی
Say,Future,He/She,He/She will say,ew dê bejit(e OW),ئەو دێ بەژت
Say,Future,We,We will say,em dê bejîn(e OW),ئەم دێ بەژین
Say,Future,You (pl.),You will say,hîn dê bejin(e OW),ھین دێ بەژن
Say,Future,They,They will say,ew dê bejin(e OW),ئەو دێ بەژن
Say Goodbye,Past,I,I Said Goodbye,min xatra xo (ji OW) xast,من خاترا خو خاست
Say Goodbye,Past,You,You Said Goodbye,te xatra xo (ji OW) xast,تە خاترا خو خاست
Say Goodbye,Past,He/She,He/She Said Goodbye,ewî/ewê xatra xo (ji OW) xast,ئەوی/ئەوێ خاترا خو خاست
Say Goodbye,Past,We,We Said Goodbye,me xatra xo (ji OW) xast,مە خاترا خو خاست
Say Goodbye,Past,You (pl.),You Said Goodbye,hewe xatra xo (ji OW) xast,ھەوە خاترا خو خاست
Say Goodbye,Past,They,They Said Goodbye,ewan xatra xo (ji OW) xast,ئەوان خاترا خو خاست
Say Goodbye,Present,I,I Say Goodbye,ez xatra xo (ji OW) di xazim,ئەز خاترا خو د خازم
Say Goodbye,Present,You,You Say Goodbye,tu xatra xo (ji OW) di xazî,تو خاترا خو د خازی
Say Goodbye,Present,He/She,He/She Says Goodbye,ew xatra xo (ji OW) di xazit,ئەو خاترا خو د خازیت
Say Goodbye,Present,We,We Say Goodbye,em xatra xo (ji OW) di xazîn,ئەم خاترا خو د خازین
Say Goodbye,Present,You (pl.),You Say Goodbye,hîn xatra xo (ji OW) di xazin,ھین خاترا خو د خازن
Say Goodbye,Present,They,They Say Goodbye,ew xatra xo (ji OW) di xazin,ئەو خاترا خو د خازن
Say Goodbye,Future,I,I will Say Goodbye,ez dê xatra xo (ji OW) xazim,ئەز دێ خاترا خو خازم
Say Goodbye,Future,You,You will Say Goodbye,tu dê xatra xo (ji OW) xazî,تو دێ خاترا خو خازی
Say Goodbye,Future,He/She,He/She will Say Goodbye,ew dê xatra xo (ji OW) xazit,ئەو دێ خاترا خو خازیت
Say Goodbye,Future,We,We will Say Goodbye,em dê xatra xo (ji OW) xazîn,ئەم دێ خاترا خو خازین
Say Goodbye,Future,You (pl.),You will Say Goodbye,hîn dê xatra xo (ji OW) xazin,ھین دێ خاترا خو خازن
Say Goodbye,Future,They,They will Say Goodbye,ew dê xatra xo (ji OW) xazin,ئەو دێ خاترا خو خازن
Say Something Bad About Someone,Past,I,I said something bad about someone,min gazinde ji  kir,من گازندە ژ كر
Say Something Bad About Someone,Past,You,You said something bad about someone,te gazinde ji  kir,تە گازندە ژ كر
Say Something Bad About Someone,Past,He/She,He/She said something bad about someone,ewî/ewê gazinde ji  kir,ئەوی/ئەوێ گازندە ژ كر
Say Something Bad About Someone,Past,We,We said something bad about someone,me gazinde ji  kir,مە گازندە ژ كر
Say Something Bad About Someone,Past,You (pl.),You said something bad about someone,hewe gazinde ji  kir,ھەوە گازندە ژ كر
Say Something Bad About Someone,Past,They,They said something bad about someone,ewan gazinde ji  kir,ئەوان گازندە ژ كر
Say Something Bad About Someone,Present,I,I say something bad about someone,ez gazinde ji  di kem,ئەز گازندە ژ د كەم
Say Something Bad About Someone,Present,You,You say something bad about someone,tu gazinde ji  di key,تو گازندە ژ د كەی
Say Something Bad About Someone,Present,He/She,He/She says something bad about someone,ew gazinde ji  di ket,ئەو گازندە ژ د كەت
Say Something Bad About Someone,Present,We,We say something bad about someone,em gazinde ji  di keyn,ئەم گازندە ژ د كەین
Say Something Bad About Someone,Present,You (pl.),You say something bad about someone,hîn gazinde ji  di ken,ھین گازندە ژ د كەن
Say Something Bad About Someone,Present,They,They say something bad about someone,ew gazinde ji  di ken,ئەو گازندە ژ د كەن
Say Something Bad About Someone,Future,I,I will say something bad about someone,ez dê gazinde ji  kem,ئەز دێ گازندە ژ كەم
Say Something Bad About Someone,Future,You,You will say something bad about someone,tu dê gazinde ji  key,تو دێ گازندە ژ كەی
Say Something Bad About Someone,Future,He/She,He/She will say something bad about someone,ew dê gazinde ji  ket,ئەو دێ گازندە ژ كەت
Say Something Bad About Someone,Future,We,We will say something bad about someone,em dê gazinde ji  keyn,ئەم دێ گازندە ژ كەین
Say Something Bad About Someone,Future,You (pl.),You will say something bad about someone,hîn dê gazinde ji  ken,ھین دێ گازندە ژ كەن
Say Something Bad About Someone,Future,They,They will say something bad about someone,ew dê gazinde ji  ken,ئەو دێ گازندە ژ كەن
Score,Past,I,I scored,min kire gol,من كرە گول
Score,Past,You,You scored,te kire gol,تە كرە گول
Score,Past,He/She,He/She scored,ewî/ewê kire gol,ئەوی/ئەوێ كرە گول
Score,Past,We,We scored,me kire gol,مە كرە گول
Score,Past,You (pl.),You scored,hewe kire gol,ھەوە كرە گول
Score,Past,They,They scored,ewan kire gol,ئەوان كرە گول
Score,Present,I,I score,ez di keme gol,ئەز د كەمە گول
Score,Present,You,You score,tu di keyye gol,تو د كەییە گول
Score,Present,He/She,He/She scores,ew di kete gol,ئەو د كەتە گول
Score,Present,We,We score,em di keyne gol,ئەم د كەینە گول
Score,Present,You (pl.),You score,hîn di kene gol,ھین د كەنە گول
Score,Present,They,They score,ew di kene gol,ئەو د كەنە گول
Score,Future,I,I will score,ez dê keme gol,ئەز دێ كەمە گول
Score,Future,You,You will score,tu dê keyye gol,تو دێ كەییە گول
Score,Future,He/She,He/She will score,ew dê kete gol,ئەو دێ كەتە گول
Score,Future,We,We will score,em dê keyne gol,ئەم دێ كەینە گول
Score,Future,You (pl.),You will score,hîn dê kene gol,ھین دێ كەنە گول
Score,Future,They,They will score,ew dê kene gol,ئەو دێ كەنە گول
Scratch,Past,I,I scratched, ez xorandim,ئەز خوراندم
Scratch,Past,You,You scratched, tu xorandî,تو خوراندی
Scratch,Past,He/She,He/She scratched, ew xorand,ئەو خوراند
Scratch,Past,We,We scratched, em xorandîn,ئەم خوراندین
Scratch,Past,You (pl.),You scratched, hîn xorandin,ھین خوراندن
Scratch,Past,They,They scratched, ew xorandin,ئەو خوراندن
Scratch,Present,I,I scratch,ez  di xorînim,ئەز د خورینم
Scratch,Present,You,You scratch,tu  di xorînî,تو د خورینی
Scratch,Present,He/She,He/She scratches,ew  di xorînit,ئەو د خورینیت
Scratch,Present,We,We scratch,em  di xorînîn,ئەم د خورینین
Scratch,Present,You (pl.),You scratch,hîn  di xorînin,ھین د خورینن
Scratch,Present,They,They scratch,ew  di xorînin,ئەو د خورینن
Scratch,Future,I,I will scratch,ez dê  xorînim,ئەز دێ خورینم
Scratch,Future,You,You will scratch,tu dê  xorînî,تو دێ خورینی
Scratch,Future,He/She,He/She will scratch,ew dê  xorînit,ئەو دێ خورینیت
Scratch,Future,We,We will scratch,em dê  xorînîn,ئەم دێ خورینین
Scratch,Future,You (pl.),You will scratch,hîn dê  xorînin,ھین دێ خورینن
Scratch,Future,They,They will scratch,ew dê  xorînin,ئەو دێ خورینن
Scream,Past,I,I screamed,min kire qêjî,من كرە قێژی
Scream,Past,You,You screamed,te kire qêjî,تە كرە قێژی
Scream,Past,He/She,He/She screamed,ewî/ewê kire qêjî,ئەوی/ئەوێ كرە قێژی
Scream,Past,We,We screamed,me kire qêjî,مە كرە قێژی
Scream,Past,You (pl.),You screamed,hewe kire qêjî,ھەوە كرە قێژی
Scream,Past,They,They screamed,ewan kire qêjî,ئەوان كرە قێژی
Scream,Present,I,I scream,ez di keme qêjî,ئەز د كەمە قێژی
Scream,Present,You,You scream,tu di keye qêjî,تو د كەیە قێژی
Scream,Present,He/She,He/She screams,ew di kete qêjî,ئەو د كەتە قێژی
Scream,Present,We,We scream,em di keyne qêjî,ئەم د كەینە قێژی
Scream,Present,You (pl.),You scream,hîn di kene qêjî,ھین د كەنە قێژی
Scream,Present,They,They scream,ew di kene qêjî,ئەو د كەنە قێژی
Scream,Future,I,I will scream,ez dê keme qêjî,ئەز دێ كەمە قێژی
Scream,Future,You,You will scream,tu dê keye qêjî,تو دێ كەیە قێژی
Scream,Future,He/She,He/She will scream,ew dê kete qêjî,ئەو دێ كەتە قێژی
Scream,Future,We,We will scream,em dê keyne qêjî,ئەم دێ كەینە قێژی
Scream,Future,You (pl.),You will scream,hîn dê kene qêjî,ھین دێ كەنە قێژی
Scream,Future,They,They will scream,ew dê kene qêjî,ئەو دێ كەنە قێژی
Search,Past,I,I searched, ez teftîş kirim,ئەز تەفتیش كرم
Search,Past,You,You searched, tu teftîş kirî,تو تەفتیش كری
Search,Past,He/She,He/She searched, ew teftîş kir,ئەو تەفتیش كر
Search,Past,We,We searched, em teftîş kirîn,ئەم تەفتیش كرین
Search,Past,You (pl.),You searched, hîn teftîş kirin,ھین تەفتیش كرن
Search,Past,They,They searched, ew teftîş kirin,ئەو تەفتیش كرن
Search,Present,I,I search,ez  teftîş di kem,ئەز تەفتیش د كەم
Search,Present,You,You search,tu  teftîş di key,تو تەفتیش د كەی
Search,Present,He/She,He/She searches,ew  teftîş di ket,ئەو تەفتیش د كەت
Search,Present,We,We search,em  teftîş di keyn,ئەم تەفتیش د كەین
Search,Present,You (pl.),You search,hîn  teftîş di ken,ھین تەفتیش د كەن
Search,Present,They,They search,ew  teftîş di ken,ئەو تەفتیش د كەن
Search,Future,I,I will search,ez dê  teftîş kem,ئەز دێ تەفتیش كەم
Search,Future,You,You will search,tu dê  teftîş key,تو دێ تەفتیش كەی
Search,Future,He/She,He/She will search,ew dê  teftîş ket,ئەو دێ تەفتیش كەت
Search,Future,We,We will search,em dê  teftîş keyn,ئەم دێ تەفتیش كەین
Search,Future,You (pl.),You will search,hîn dê  teftîş ken,ھین دێ تەفتیش كەن
Search,Future,They,They will search,ew dê  teftîş ken,ئەو دێ تەفتیش كەن
See,Past,I,I saw, ez dîtim,ئەز دیتم
See,Past,You,You saw, tu dîtî,تو دیتی
See,Past,He/She,He/She saw, ew dît,ئەو دیت
See,Past,We,We saw, em dîtîn,ئەم دیتین
See,Past,You (pl.),You saw, hîn dîtin,ھین دیتن
See,Past,They,They saw, ew dîtin,ئەو دیتن
See,Present,I,I see,ez  di bînim,ئەز د بینم
See,Present,You,You see,tu  di bînî,تو د بینی
See,Present,He/She,He/She sees,ew  di bînit,ئەو د بینیت
See,Present,We,We see,em  di bînîn,ئەم د بینین
See,Present,You (pl.),You see,hîn  di bînin,ھین د بینن
See,Present,They,They see,ew  di bînin,ئەو د بینن
See,Future,I,I will see,ez dê  bînim,ئەز دێ بینم
See,Future,You,You will see,tu dê  bînî,تو دێ بینی
See,Future,He/She,He/She will see,ew dê  bînit,ئەو دێ بینیت
See,Future,We,We will see,em dê  bînîn,ئەم دێ بینین
See,Future,You (pl.),You will see,hîn dê  bînin,ھین دێ بینن
See,Future,They,They will see,ew dê  bînin,ئەو دێ بینن
Sell,Past,I,I sold,min  firuşt,من فروشت
Sell,Past,You,You sold,te  firuşt,تە فروشت
Sell,Past,He/She,He/She sold,ewî/ewê  firuşt,ئەوی/ئەوێ فروشت
Sell,Past,We,We sold,me  firuşt,مە فروشت
Sell,Past,You (pl.),You sold,hewe  firuşt,ھەوە فروشت
Sell,Past,They,They sold,ewan  firuşt,ئەوان فروشت
Sell,Present,I,I sell,ez  di firuşim,ئەز د فروشم
Sell,Present,You,You sell,tu  di firuşî,تو د فروشی
Sell,Present,He/She,He/She sells,ew  di firuşit,ئەو د فروشیت
Sell,Present,We,We sell,em  di firuşîn,ئەم د فروشین
Sell,Present,You (pl.),You sell,hîn  di firuşin,ھین د فروشن
Sell,Present,They,They sell,ew  di firuşin,ئەو د فروشن
Sell,Future,I,I will sell,ez dê  firuşim,ئەز دێ فروشم
Sell,Future,You,You will sell,tu dê  firuşî,تو دێ فروشی
Sell,Future,He/She,He/She will sell,ew dê  firuşit,ئەو دێ فروشیت
Sell,Future,We,We will sell,em dê  firuşîn,ئەم دێ فروشین
Sell,Future,You (pl.),You will sell,hîn dê  firuşin,ھین دێ فروشن
Sell,Future,They,They will sell,ew dê  firuşin,ئەو دێ فروشن
Send,Past,I,I sent, ez frê kirim,ئەز فرێ كرم
Send,Past,You,You sent, tu frê kirî,تو فرێ كری
Send,Past,He/She,He/She sent, ew frê kir,ئەو فرێ كر
Send,Past,We,We sent, em frê kirîn,ئەم فرێ كرین
Send,Past,You (pl.),You sent, hîn frê kirin,ھین فرێ كرن
Send,Past,They,They sent, ew frê kirin,ئەو فرێ كرن
Send,Present,I,I send,ez  frê di kem,ئەز فرێ د كەم
Send,Present,You,You send,tu  frê di key,تو فرێ د كەی
Send,Present,He/She,He/She sends,ew  frê di ket,ئەو فرێ د كەت
Send,Present,We,We send,em  frê di keyn,ئەم فرێ د كەین
Send,Present,You (pl.),You send,hîn  frê di ken,ھین فرێ د كەن
Send,Present,They,They send,ew  frê di ken,ئەو فرێ د كەن
Send,Future,I,I will send,ez dê  frê kem,ئەز دێ فرێ كەم
Send,Future,You,You will send,tu dê  frê key,تو دێ فرێ كەی
Send,Future,He/She,He/She will send,ew dê  frê ket,ئەو دێ فرێ كەت
Send,Future,We,We will send,em dê  frê keyn,ئەم دێ فرێ كەین
Send,Future,You (pl.),You will send,hîn dê  frê ken,ھین دێ فرێ كەن
Send,Future,They,They will send,ew dê  frê ken,ئەو دێ فرێ كەن
Send,Past,I,I sent, ez hinartim,ئەز ھنارتم
Send,Past,You,You sent, tu hinartî,تو ھنارتی
Send,Past,He/She,He/She sent, ew hinart,ئەو ھنارت
Send,Past,We,We sent, em hinartîn,ئەم ھنارتین
Send,Past,You (pl.),You sent, hîn hinartin,ھین ھنارتن
Send,Past,They,They sent, ew hinartin,ئەو ھنارتن
Send,Present,I,I send,ez  di hinêrim,ئەز د ھنێرم
Send,Present,You,You send,tu  di hinêrî,تو د ھنێری
Send,Present,He/She,He/She sends,ew  di hinêrit,ئەو د ھنێریت
Send,Present,We,We send,em  di hinêrîn,ئەم د ھنێرین
Send,Present,You (pl.),You send,hîn  di hinêrin,ھین د ھنێرن
Send,Present,They,They send,ew  di hinêrin,ئەو د ھنێرن
Send,Future,I,I will send,ez dê  hinêrim,ئەز دێ ھنێرم
Send,Future,You,You will send,tu dê  hinêrî,تو دێ ھنێری
Send,Future,He/She,He/She will send,ew dê  hinêrit,ئەو دێ ھنێریت
Send,Future,We,We will send,em dê  hinêrîn,ئەم دێ ھنێرین
Send,Future,You (pl.),You will send,hîn dê  hinêrin,ھین دێ ھنێرن
Send,Future,They,They will send,ew dê  hinêrin,ئەو دێ ھنێرن
Separate,Past,I,I separated,min  ji  dîr kir,من ژ دیر كر
Separate,Past,You,You separated,te  ji  dîr kir,تە ژ دیر كر
Separate,Past,He/She,He/She separated,ewî/ewê  ji  dîr kir,ئەوی/ئەوێ ژ دیر كر
Separate,Past,We,We separated,me  ji  dîr kir,مە ژ دیر كر
Separate,Past,You (pl.),You separated,hewe  ji  dîr kir,ھەوە ژ دیر كر
Separate,Past,They,They separated,ewan  ji  dîr kir,ئەوان ژ دیر كر
Separate,Present,I,I separate,ez  ji  dîr di kem,ئەز ژ دیر د كەم
Separate,Present,You,You separate,tu  ji  dîr di key,تو ژ دیر د كەی
Separate,Present,He/She,He/She separates,ew  ji  dîr di ket,ئەو ژ دیر د كەت
Separate,Present,We,We separate,em  ji  dîr di keyn,ئەم ژ دیر د كەین
Separate,Present,You (pl.),You separate,hîn  ji  dîr di ken,ھین ژ دیر د كەن
Separate,Present,They,They separate,ew  ji  dîr di ken,ئەو ژ دیر د كەن
Separate,Future,I,I will separate,ez dê  ji  dîr kem,ئەز دێ ژ دیر كەم
Separate,Future,You,You will separate,tu dê  ji  dîr key,تو دێ ژ دیر كەی
Separate,Future,He/She,He/She will separate,ew dê  ji  dîr ket,ئەو دێ ژ دیر كەت
Separate,Future,We,We will separate,em dê  ji  dîr keyn,ئەم دێ ژ دیر كەین
Separate,Future,You (pl.),You will separate,hîn dê  ji  dîr ken,ھین دێ ژ دیر كەن
Separate,Future,They,They will separate,ew dê  ji  dîr ken,ئەو دێ ژ دیر كەن
Serve,Past,I,I served,min xizmeta  kir,من خزمەتا كر
Serve,Past,You,You served,te xizmeta  kir,تە خزمەتا كر
Serve,Past,He/She,He/She served,ewî/ewê xizmeta  kir,ئەوی/ئەوێ خزمەتا كر
Serve,Past,We,We served,me xizmeta  kir,مە خزمەتا كر
Serve,Past,You (pl.),You served,hewe xizmeta  kir,ھەوە خزمەتا كر
Serve,Past,They,They served,ewan xizmeta  kir,ئەوان خزمەتا كر
Serve,Present,I,I serve,ez xizmetê  di kem,ئەز خزمەتێ د كەم
Serve,Present,You,You serve,tu xizmetê  di key,تو خزمەتێ د كەی
Serve,Present,He/She,He/She serves,ew xizmetê  di ket,ئەو خزمەتێ د كەت
Serve,Present,We,We serve,em xizmetê  di keyn,ئەم خزمەتێ د كەین
Serve,Present,You (pl.),You serve,hîn xizmetê  di ken,ھین خزمەتێ د كەن
Serve,Present,They,They serve,ew xizmetê  di ken,ئەو خزمەتێ د كەن
Serve,Future,I,I will serve,ez dê xizmetê  kem,ئەز دێ خزمەتێ كەم
Serve,Future,You,You will serve,tu dê xizmetê  key,تو دێ خزمەتێ كەی
Serve,Future,He/She,He/She will serve,ew dê xizmetê  ket,ئەو دێ خزمەتێ كەت
Serve,Future,We,We will serve,em dê xizmetê  keyn,ئەم دێ خزمەتێ كەین
Serve,Future,You (pl.),You will serve,hîn dê xizmetê  ken,ھین دێ خزمەتێ كەن
Serve,Future,They,They will serve,ew dê xizmetê  ken,ئەو دێ خزمەتێ كەن
Serve A Ball,Past,I,I served,min îrsal kir,من ئیرسال كر
Serve A Ball,Past,You,You served,te îrsal kir,تە ئیرسال كر
Serve A Ball,Past,He/She,He/She served,ewî/ewê îrsal kir,ئەوی/ئەوێ ئیرسال كر
Serve A Ball,Past,We,We served,me îrsal kir,مە ئیرسال كر
Serve A Ball,Past,You (pl.),You served,hewe îrsal kir,ھەوە ئیرسال كر
Serve A Ball,Past,They,They served,ewan îrsal kir,ئەوان ئیرسال كر
Serve A Ball,Present,I,I serve,ez îrsalê di kem,ئەز ئیرسالێ د كەم
Serve A Ball,Present,You,You serve,tu îrsalê di key,تو ئیرسالێ د كەی
Serve A Ball,Present,He/She,He/She serves,ew îrsalê di ket,ئەو ئیرسالێ د كەت
Serve A Ball,Present,We,We serve,em îrsalê di keyn,ئەم ئیرسالێ د كەین
Serve A Ball,Present,You (pl.),You serve,hîn îrsalê di ken,ھین ئیرسالێ د كەن
Serve A Ball,Present,They,They serve,ew îrsalê di ken,ئەو ئیرسالێ د كەن
Serve A Ball,Future,I,I will serve,ez dê îrsalê kem,ئەز دێ ئیرسالێ كەم
Serve A Ball,Future,You,You will serve,tu dê îrsalê key,تو دێ ئیرسالێ كەی
Serve A Ball,Future,He/She,He/She will serve,ew dê îrsalê ket,ئەو دێ ئیرسالێ كەت
Serve A Ball,Future,We,We will serve,em dê îrsalê keyn,ئەم دێ ئیرسالێ كەین
Serve A Ball,Future,You (pl.),You will serve,hîn dê îrsalê ken,ھین دێ ئیرسالێ كەن
Serve A Ball,Future,They,They will serve,ew dê îrsalê ken,ئەو دێ ئیرسالێ كەن
Serve A Ball,Past,I,I served,min sêrv kir,من سێرڤ كر
Serve A Ball,Past,You,You served,te sêrv kir,تە سێرڤ كر
Serve A Ball,Past,He/She,He/She served,ewî/ewê sêrv kir,ئەوی/ئەوێ سێرڤ كر
Serve A Ball,Past,We,We served,me sêrv kir,مە سێرڤ كر
Serve A Ball,Past,You (pl.),You served,hewe sêrv kir,ھەوە سێرڤ كر
Serve A Ball,Past,They,They served,ewan sêrv kir,ئەوان سێرڤ كر
Serve A Ball,Present,I,I serve,ez sêrvê di kem,ئەز سێرڤێ د كەم
Serve A Ball,Present,You,You serve,tu sêrvê di key,تو سێرڤێ د كەی
Serve A Ball,Present,He/She,He/She serves,ew sêrvê di ket,ئەو سێرڤێ د كەت
Serve A Ball,Present,We,We serve,em sêrvê di keyn,ئەم سێرڤێ د كەین
Serve A Ball,Present,You (pl.),You serve,hîn sêrvê di ken,ھین سێرڤێ د كەن
Serve A Ball,Present,They,They serve,ew sêrvê di ken,ئەو سێرڤێ د كەن
Serve A Ball,Future,I,I will serve,ez dê sêrvê kem,ئەز دێ سێرڤێ كەم
Serve A Ball,Future,You,You will serve,tu dê sêrvê key,تو دێ سێرڤێ كەی
Serve A Ball,Future,He/She,He/She will serve,ew dê sêrvê ket,ئەو دێ سێرڤێ كەت
Serve A Ball,Future,We,We will serve,em dê sêrvê keyn,ئەم دێ سێرڤێ كەین
Serve A Ball,Future,You (pl.),You will serve,hîn dê sêrvê ken,ھین دێ سێرڤێ كەن
Serve A Ball,Future,They,They will serve,ew dê sêrvê ken,ئەو دێ سێرڤێ كەن
Sew,Past,I,I sewed,min  dirî,من دری
Sew,Past,You,You sewed,te  dirî,تە دری
Sew,Past,He/She,He/She sewed,ewî/ewê  dirî,ئەوی/ئەوێ دری
Sew,Past,We,We sewed,me  dirî,مە دری
Sew,Past,You (pl.),You sewed,hewe  dirî,ھەوە دری
Sew,Past,They,They sewed,ewan  dirî,ئەوان دری
Sew,Present,I,I sew,ez  di dirim,ئەز د درم
Sew,Present,You,You sew,tu  di dirî,تو د دری
Sew,Present,He/She,He/She sews,ew  di dirit,ئەو د دریت
Sew,Present,We,We sew,em  di dirîn,ئەم د درین
Sew,Present,You (pl.),You sew,hîn  di dirin,ھین د درن
Sew,Present,They,They sew,ew  di dirin,ئەو د درن
Sew,Future,I,I will sew,ez dê  dirim,ئەز دێ درم
Sew,Future,You,You will sew,tu dê  dirî,تو دێ دری
Sew,Future,He/She,He/She will sew,ew dê  dirit,ئەو دێ دریت
Sew,Future,We,We will sew,em dê  dirîn,ئەم دێ درین
Sew,Future,You (pl.),You will sew,hîn dê  dirin,ھین دێ درن
Sew,Future,They,They will sew,ew dê  dirin,ئەو دێ درن
Shake,Past,I,I shook,ez lerzîm,ئەز لەرزیم
Shake,Past,You,You shook,tu lerzî,تو لەرزی
Shake,Past,He/She,He/She shook,ew lerzî,ئەو لەرزی
Shake,Past,We,We shook,em lerzîn,ئەم لەرزین
Shake,Past,You (pl.),You shook,hîn lerzîn,ھین لەرزین
Shake,Past,They,They shook,ew lerzîn,ئەو لەرزین
Shake,Present,I,I shake,ez di lerzim,ئەز د لەرزم
Shake,Present,You,You shake,tu di lerzî,تو د لەرزی
Shake,Present,He/She,He/She shakes,ew di lerzit,ئەو د لەرزیت
Shake,Present,We,We shake,em di lerzîn,ئەم د لەرزین
Shake,Present,You (pl.),You shake,hîn di lerzin,ھین د لەرزن
Shake,Present,They,They shake,ew di lerzin,ئەو د لەرزن
Shake,Future,I,I will shake,ez dê lerzim,ئەز دێ لەرزم
Shake,Future,You,You will shake,tu dê lerzî,تو دێ لەرزی
Shake,Future,He/She,He/She will shake,ew dê lerzit,ئەو دێ لەرزیت
Shake,Future,We,We will shake,em dê lerzîn,ئەم دێ لەرزین
Shake,Future,You (pl.),You will shake,hîn dê lerzin,ھین دێ لەرزن
Shake,Future,They,They will shake,ew dê lerzin,ئەو دێ لەرزن
Shake Something,Past,I,I shook, ez lerzandim,ئەز لەرزاندم
Shake Something,Past,You,You shook, tu lerzandî,تو لەرزاندی
Shake Something,Past,He/She,He/She shook, ew lerzand,ئەو لەرزاند
Shake Something,Past,We,We shook, em lerzandîn,ئەم لەرزاندین
Shake Something,Past,You (pl.),You shook, hîn lerzandin,ھین لەرزاندن
Shake Something,Past,They,They shook, ew lerzandin,ئەو لەرزاندن
Shake Something,Present,I,I shake,ez  di lerzînim,ئەز د لەرزینم
Shake Something,Present,You,You shake,tu  di lerzînî,تو د لەرزینی
Shake Something,Present,He/She,He/She shakes,ew  di lerzînit,ئەو د لەرزینیت
Shake Something,Present,We,We shake,em  di lerzînîn,ئەم د لەرزینین
Shake Something,Present,You (pl.),You shake,hîn  di lerzînin,ھین د لەرزینن
Shake Something,Present,They,They shake,ew  di lerzînin,ئەو د لەرزینن
Shake Something,Future,I,I will shake,ez dê  lerzînim,ئەز دێ لەرزینم
Shake Something,Future,You,You will shake,tu dê  lerzînî,تو دێ لەرزینی
Shake Something,Future,He/She,He/She will shake,ew dê  lerzînit,ئەو دێ لەرزینیت
Shake Something,Future,We,We will shake,em dê  lerzînîn,ئەم دێ لەرزینین
Shake Something,Future,You (pl.),You will shake,hîn dê  lerzînin,ھین دێ لەرزینن
Shake Something,Future,They,They will shake,ew dê  lerzînin,ئەو دێ لەرزینن
Shave,Past,I,I shaved,min  tiraşîn,من تراشین
Shave,Past,You,You shaved,te  tiraşîn,تە تراشین
Shave,Past,He/She,He/She shaved,ewî/ewê  tiraşîn,ئەوی/ئەوێ تراشین
Shave,Past,We,We shaved,me  tiraşîn,مە تراشین
Shave,Past,You (pl.),You shaved,hewe  tiraşîn,ھەوە تراشین
Shave,Past,They,They shaved,ewan  tiraşîn,ئەوان تراشین
Shave,Present,I,I shave,ez  di tiraşim,ئەز د تراشم
Shave,Present,You,You shave,tu  di tiraşî,تو د تراشی
Shave,Present,He/She,He/She shaves,ew  di tiraşit,ئەو د تراشیت
Shave,Present,We,We shave,em  di tiraşîn,ئەم د تراشین
Shave,Present,You (pl.),You shave,hîn  di tiraşin,ھین د تراشن
Shave,Present,They,They shave,ew  di tiraşin,ئەو د تراشن
Shave,Future,I,I will shave,ez dê  tiraşim,ئەز دێ تراشم
Shave,Future,You,You will shave,tu dê  tiraşî,تو دێ تراشی
Shave,Future,He/She,He/She will shave,ew dê  tiraşit,ئەو دێ تراشیت
Shave,Future,We,We will shave,em dê  tiraşîn,ئەم دێ تراشین
Shave,Future,You (pl.),You will shave,hîn dê  tiraşin,ھین دێ تراشن
Shave,Future,They,They will shave,ew dê  tiraşin,ئەو دێ تراشن
Shoot,Past,I,I shot,min dana golê,من دانا گولێ
Shoot,Past,You,You shot,te dana golê,تە دانا گولێ
Shoot,Past,He/She,He/She shot,ewî/ewê dana golê,ئەوی/ئەوێ دانا گولێ
Shoot,Past,We,We shot,me dana golê,مە دانا گولێ
Shoot,Past,You (pl.),You shot,hewe dana golê,ھەوە دانا گولێ
Shoot,Past,They,They shot,ewan dana golê,ئەوان دانا گولێ
Shoot,Present,I,I shoot,ez di danme golê,ئەز د دانمە گولێ
Shoot,Present,You,You shoot,tu di danye golê,تو د دانیە گولێ
Shoot,Present,He/She,He/She shoots,ew di dante golê,ئەو د دانتە گولێ
Shoot,Present,We,We shoot,em di danne golê,ئەم د داننە گولێ
Shoot,Present,You (pl.),You shoot,hîn di danne golê,ھین د داننە گولێ
Shoot,Present,They,They shoot,ew di danne golê,ئەو د داننە گولێ
Shoot,Future,I,I will shoot,ez dê danme golê,ئەز دێ دانمە گولێ
Shoot,Future,You,You will shoot,tu dê danye golê,تو دێ دانیە گولێ
Shoot,Future,He/She,He/She will shoot,ew dê dante golê,ئەو دێ دانتە گولێ
Shoot,Future,We,We will shoot,em dê danne golê,ئەم دێ داننە گولێ
Shoot,Future,You (pl.),You will shoot,hîn dê danne golê,ھین دێ داننە گولێ
Shoot,Future,They,They will shoot,ew dê danne golê,ئەو دێ داننە گولێ
Shoot A Weapon,Past,I,I shot,min telqek (li OW) da,من تەلقەك دا
Shoot A Weapon,Past,You,You shot,te telqek (li OW) da,تە تەلقەك دا
Shoot A Weapon,Past,He/She,He/She shot,ewî/ewê telqek (li OW) da,ئەوی/ئەوێ تەلقەك دا
Shoot A Weapon,Past,We,We shot,me telqek (li OW) da,مە تەلقەك دا
Shoot A Weapon,Past,You (pl.),You shot,hewe telqek (li OW) da,ھەوە تەلقەك دا
Shoot A Weapon,Past,They,They shot,ewan telqek (li OW) da,ئەوان تەلقەك دا
Shoot A Weapon,Present,I,I shoot,ez telqekê (li OW) di dem,ئەز تەلقەكێ د دەم
Shoot A Weapon,Present,You,You shoot,tu telqekê (li OW) di dey,تو تەلقەكێ د دەی
Shoot A Weapon,Present,He/She,He/She shoots,ew telqekê (li OW) di det,ئەو تەلقەكێ د دەت
Shoot A Weapon,Present,We,We shoot,em telqekê (li OW) di deyn,ئەم تەلقەكێ د دەین
Shoot A Weapon,Present,You (pl.),You shoot,hîn telqekê (li OW) di den,ھین تەلقەكێ د دەن
Shoot A Weapon,Present,They,They shoot,ew telqekê (li OW) di den,ئەو تەلقەكێ د دەن
Shoot A Weapon,Future,I,I will shoot,ez dê telqekê (li OW) dem,ئەز دێ تەلقەكێ دەم
Shoot A Weapon,Future,You,You will shoot,tu dê telqekê (li OW) dey,تو دێ تەلقەكێ دەی
Shoot A Weapon,Future,He/She,He/She will shoot,ew dê telqekê (li OW) det,ئەو دێ تەلقەكێ دەت
Shoot A Weapon,Future,We,We will shoot,em dê telqekê (li OW) deyn,ئەم دێ تەلقەكێ دەین
Shoot A Weapon,Future,You (pl.),You will shoot,hîn dê telqekê (li OW) den,ھین دێ تەلقەكێ دەن
Shoot A Weapon,Future,They,They will shoot,ew dê telqekê (li OW) den,ئەو دێ تەلقەكێ دەن
Shoot At With A Weapon,Past,I,I shot,min telqek dana ,من تەلقەك دانا
Shoot At With A Weapon,Past,You,You shot,te telqek dana ,تە تەلقەك دانا
Shoot At With A Weapon,Past,He/She,He/She shot,ewî/ewê telqek dana ,ئەوی/ئەوێ تەلقەك دانا
Shoot At With A Weapon,Past,We,We shot,me telqek dana ,مە تەلقەك دانا
Shoot At With A Weapon,Past,You (pl.),You shot,hewe telqek dana ,ھەوە تەلقەك دانا
Shoot At With A Weapon,Past,They,They shot,ewan telqek dana ,ئەوان تەلقەك دانا
Shoot At With A Weapon,Present,I,I shoot,ez telqekê di danim(e OW),ئەز تەلقەكێ د دانم
Shoot At With A Weapon,Present,You,You shoot,tu telqekê di dan(iye OW),تو تەلقەكێ د دان
Shoot At With A Weapon,Present,He/She,He/She shoots,ew telqekê di danit(e OW),ئەو تەلقەكێ د دانت
Shoot At With A Weapon,Present,We,We shoot,em telqekê di danîn(e OW),ئەم تەلقەكێ د دانین
Shoot At With A Weapon,Present,You (pl.),You shoot,hîn telqekê di danin(e OW),ھین تەلقەكێ د دانن
Shoot At With A Weapon,Present,They,They shoot,ew telqekê di danin(e OW),ئەو تەلقەكێ د دانن
Shoot At With A Weapon,Future,I,I will shoot,ez dê telqekê danim(e OW),ئەز دێ تەلقەكێ دانم
Shoot At With A Weapon,Future,You,You will shoot,tu dê telqekê dan(iye OW),تو دێ تەلقەكێ دان
Shoot At With A Weapon,Future,He/She,He/She will shoot,ew dê telqekê danit(e OW),ئەو دێ تەلقەكێ دانت
Shoot At With A Weapon,Future,We,We will shoot,em dê telqekê danîn(e OW),ئەم دێ تەلقەكێ دانین
Shoot At With A Weapon,Future,You (pl.),You will shoot,hîn dê telqekê danin(e OW),ھین دێ تەلقەكێ دانن
Shoot At With A Weapon,Future,They,They will shoot,ew dê telqekê danin(e OW),ئەو دێ تەلقەكێ دانن
Show,Past,I,I showed,min  dîyar kir,من دییار كر
Show,Past,You,You showed,te  dîyar kir,تە دییار كر
Show,Past,He/She,He/She showed,ewî/ewê  dîyar kir,ئەوی/ئەوێ دییار كر
Show,Past,We,We showed,me  dîyar kir,مە دییار كر
Show,Past,You (pl.),You showed,hewe  dîyar kir,ھەوە دییار كر
Show,Past,They,They showed,ewan  dîyar kir,ئەوان دییار كر
Show,Present,I,I show,ez  dîyar di kem,ئەز دییار د كەم
Show,Present,You,You show,tu  dîyar di key,تو دییار د كەی
Show,Present,He/She,He/She shows,ew  dîyar di ket,ئەو دییار د كەت
Show,Present,We,We show,em  dîyar di keyn,ئەم دییار د كەین
Show,Present,You (pl.),You show,hîn  dîyar di ken,ھین دییار د كەن
Show,Present,They,They show,ew  dîyar di ken,ئەو دییار د كەن
Show,Future,I,I will show,ez dê  dîyar kem,ئەز دێ دییار كەم
Show,Future,You,You will show,tu dê  dîyar key,تو دێ دییار كەی
Show,Future,He/She,He/She will show,ew dê  dîyar ket,ئەو دێ دییار كەت
Show,Future,We,We will show,em dê  dîyar keyn,ئەم دێ دییار كەین
Show,Future,You (pl.),You will show,hîn dê  dîyar ken,ھین دێ دییار كەن
Show,Future,They,They will show,ew dê  dîyar ken,ئەو دێ دییار كەن
Show Someone Around,Past,I,I showed around, ez li dur  zivirandim,ئەز ل دور زڤراندم
Show Someone Around,Past,You,You showed around, tu li dur  zivirandî,تو ل دور زڤراندی
Show Someone Around,Past,He/She,He/She showed around, ew li dur  zivirand,ئەو ل دور زڤراند
Show Someone Around,Past,We,We showed around, em li dur  zivirandîn,ئەم ل دور زڤراندین
Show Someone Around,Past,You (pl.),You showed around, hîn li dur  zivirandin,ھین ل دور زڤراندن
Show Someone Around,Past,They,They showed around, ew li dur  zivirandin,ئەو ل دور زڤراندن
Show Someone Around,Present,I,I show around,ez  li dur  di zivirînim,ئەز ل دور د زڤرینم
Show Someone Around,Present,You,You show around,tu  li dur  di zivirînî,تو ل دور د زڤرینی
Show Someone Around,Present,He/She,He/She shows around,ew  li dur  di zivirînit,ئەو ل دور د زڤرینیت
Show Someone Around,Present,We,We show around,em  li dur  di zivirînîn,ئەم ل دور د زڤرینین
Show Someone Around,Present,You (pl.),You show around,hîn  li dur  di zivirînin,ھین ل دور د زڤرینن
Show Someone Around,Present,They,They show around,ew  li dur  di zivirînin,ئەو ل دور د زڤرینن
Show Someone Around,Future,I,I will show around,ez dê  li dur  zivirînim,ئەز دێ ل دور زڤرینم
Show Someone Around,Future,You,You will show around,tu dê  li dur  zivirînî,تو دێ ل دور زڤرینی
Show Someone Around,Future,He/She,He/She will show around,ew dê  li dur  zivirînit,ئەو دێ ل دور زڤرینیت
Show Someone Around,Future,We,We will show around,em dê  li dur  zivirînîn,ئەم دێ ل دور زڤرینین
Show Someone Around,Future,You (pl.),You will show around,hîn dê  li dur  zivirînin,ھین دێ ل دور زڤرینن
Show Someone Around,Future,They,They will show around,ew dê  li dur  zivirînin,ئەو دێ ل دور زڤرینن
Sign,Past,I,I signed,min  imza kir,من ئمزا كر
Sign,Past,You,You signed,te  imza kir,تە ئمزا كر
Sign,Past,He/She,He/She signed,ewî/ewê  imza kir,ئەوی/ئەوێ ئمزا كر
Sign,Past,We,We signed,me  imza kir,مە ئمزا كر
Sign,Past,You (pl.),You signed,hewe  imza kir,ھەوە ئمزا كر
Sign,Past,They,They signed,ewan  imza kir,ئەوان ئمزا كر
Sign,Present,I,I sign,ez  imza di kem,ئەز ئمزا د كەم
Sign,Present,You,You sign,tu  imza di key,تو ئمزا د كەی
Sign,Present,He/She,He/She signs,ew  imza di ket,ئەو ئمزا د كەت
Sign,Present,We,We sign,em  imza di keyn,ئەم ئمزا د كەین
Sign,Present,You (pl.),You sign,hîn  imza di ken,ھین ئمزا د كەن
Sign,Present,They,They sign,ew  imza di ken,ئەو ئمزا د كەن
Sign,Future,I,I will sign,ez dê  imza kem,ئەز دێ ئمزا كەم
Sign,Future,You,You will sign,tu dê  imza key,تو دێ ئمزا كەی
Sign,Future,He/She,He/She will sign,ew dê  imza ket,ئەو دێ ئمزا كەت
Sign,Future,We,We will sign,em dê  imza keyn,ئەم دێ ئمزا كەین
Sign,Future,You (pl.),You will sign,hîn dê  imza ken,ھین دێ ئمزا كەن
Sign,Future,They,They will sign,ew dê  imza ken,ئەو دێ ئمزا كەن
Sin,Past,I,I sinned,min guneh kir,من گونەھ كر
Sin,Past,You,You sinned,te guneh kir,تە گونەھ كر
Sin,Past,He/She,He/She sinned,ewî/ewê guneh kir,ئەوی/ئەوێ گونەھ كر
Sin,Past,We,We sinned,me guneh kir,مە گونەھ كر
Sin,Past,You (pl.),You sinned,hewe guneh kir,ھەوە گونەھ كر
Sin,Past,They,They sinned,ewan guneh kir,ئەوان گونەھ كر
Sin,Present,I,I sin,ez guneha di kem,ئەز گونەھا د كەم
Sin,Present,You,You sin,tu guneha di key,تو گونەھا د كەی
Sin,Present,He/She,He/She sins,ew guneha di ket,ئەو گونەھا د كەت
Sin,Present,We,We sin,em guneha di keyn,ئەم گونەھا د كەین
Sin,Present,You (pl.),You sin,hîn guneha di ken,ھین گونەھا د كەن
Sin,Present,They,They sin,ew guneha di ken,ئەو گونەھا د كەن
Sin,Future,I,I will sin,ez dê guneha kem,ئەز دێ گونەھا كەم
Sin,Future,You,You will sin,tu dê guneha key,تو دێ گونەھا كەی
Sin,Future,He/She,He/She will sin,ew dê guneha ket,ئەو دێ گونەھا كەت
Sin,Future,We,We will sin,em dê guneha keyn,ئەم دێ گونەھا كەین
Sin,Future,You (pl.),You will sin,hîn dê guneha ken,ھین دێ گونەھا كەن
Sin,Future,They,They will sin,ew dê guneha ken,ئەو دێ گونەھا كەن
Sing,Past,I,I sang,min stran guten,من ستران گوتەن
Sing,Past,You,You sang,te stran guten,تە ستران گوتەن
Sing,Past,He/She,He/She sang,ewî/ewê stran guten,ئەوی/ئەوێ ستران گوتەن
Sing,Past,We,We sang,me stran guten,مە ستران گوتەن
Sing,Past,You (pl.),You sang,hewe stran guten,ھەوە ستران گوتەن
Sing,Past,They,They sang,ewan stran guten,ئەوان ستران گوتەن
Sing,Present,I,I sing,ez strana di bejim,ئەز سترانا د بەژم
Sing,Present,You,You sing,tu strana di bejî,تو سترانا د بەژی
Sing,Present,He/She,He/She sings,ew strana di bejit,ئەو سترانا د بەژیت
Sing,Present,We,We sing,em strana di bejîn,ئەم سترانا د بەژین
Sing,Present,You (pl.),You sing,hîn strana di bejin,ھین سترانا د بەژن
Sing,Present,They,They sing,ew strana di bejin,ئەو سترانا د بەژن
Sing,Future,I,I will sing,ez dê strana bejim,ئەز دێ سترانا بەژم
Sing,Future,You,You will sing,tu dê strana bejî,تو دێ سترانا بەژی
Sing,Future,He/She,He/She will sing,ew dê strana bejit,ئەو دێ سترانا بەژیت
Sing,Future,We,We will sing,em dê strana bejîn,ئەم دێ سترانا بەژین
Sing,Future,You (pl.),You will sing,hîn dê strana bejin,ھین دێ سترانا بەژن
Sing,Future,They,They will sing,ew dê strana bejin,ئەو دێ سترانا بەژن
Sit,Past,I,I sat,ez rîniştim,ئەز رینشتم
Sit,Past,You,You sat,tu rîniştî,تو رینشتی
Sit,Past,He/She,He/She sat,ew rînişt,ئەو رینشت
Sit,Past,We,We sat,em rîniştîn,ئەم رینشتین
Sit,Past,You (pl.),You sat,hîn rîniştin,ھین رینشتن
Sit,Past,They,They sat,ew rîniştin,ئەو رینشتن
Sit,Present,I,I sit,ez di rînim,ئەز د رینم
Sit,Present,You,You sit,tu di rînî,تو د رینی
Sit,Present,He/She,He/She sits,ew di rînit,ئەو د رینیت
Sit,Present,We,We sit,em di rînîn,ئەم د رینین
Sit,Present,You (pl.),You sit,hîn di rînin,ھین د رینن
Sit,Present,They,They sit,ew di rînin,ئەو د رینن
Sit,Future,I,I will sit,ez dê rînim,ئەز دێ رینم
Sit,Future,You,You will sit,tu dê rînî,تو دێ رینی
Sit,Future,He/She,He/She will sit,ew dê rînit,ئەو دێ رینیت
Sit,Future,We,We will sit,em dê rînîn,ئەم دێ رینین
Sit,Future,You (pl.),You will sit,hîn dê rînin,ھین دێ رینن
Sit,Future,They,They will sit,ew dê rînin,ئەو دێ رینن
Sleep,Past,I,I slept,ez nivistim,ئەز نڤستم
Sleep,Past,You,You slept,tu nivistî,تو نڤستی
Sleep,Past,He/She,He/She slept,ew nivist,ئەو نڤست
Sleep,Past,We,We slept,em nivistîn,ئەم نڤستین
Sleep,Past,You (pl.),You slept,hîn nivistin,ھین نڤستن
Sleep,Past,They,They slept,ew nivistin,ئەو نڤستن
Sleep,Present,I,I sleep,&lt;Not Used&gt;,نە
Sleep,Present,You,You sleep,&lt;Not Used&gt;,نە
Sleep,Present,He/She,He/She sleeps,&lt;Not Used&gt;,نە
Sleep,Present,We,We sleep,&lt;Not Used&gt;,نە
Sleep,Present,You (pl.),You sleep,&lt;Not Used&gt;,نە
Sleep,Present,They,They sleep,&lt;Not Used&gt;,نە
Sleep,Future,I,I will sleep,ez dê nivim,ئەز دێ نڤم
Sleep,Future,You,You will sleep,tu dê nivî,تو دێ نڤی
Sleep,Future,He/She,He/She will sleep,ew dê nivit,ئەو دێ نڤیت
Sleep,Future,We,We will sleep,em dê nivîn,ئەم دێ نڤین
Sleep,Future,You (pl.),You will sleep,hîn dê nivin,ھین دێ نڤن
Sleep,Future,They,They will sleep,ew dê nivin,ئەو دێ نڤن
Slip,Past,I,I slipped,ez teḧsîm,ئەز تەحسیم
Slip,Past,You,You slipped,tu teḧsî,تو تەحسی
Slip,Past,He/She,He/She slipped,ew teḧsî,ئەو تەحسی
Slip,Past,We,We slipped,em teḧsîn,ئەم تەحسین
Slip,Past,You (pl.),You slipped,hîn teḧsîn,ھین تەحسین
Slip,Past,They,They slipped,ew teḧsîn,ئەو تەحسین
Slip,Present,I,I slip,ez di teḧsim,ئەز د تەحسم
Slip,Present,You,You slip,tu di teḧsî,تو د تەحسی
Slip,Present,He/She,He/She slips,ew di teḧsit,ئەو د تەحسیت
Slip,Present,We,We slip,em di teḧsîn,ئەم د تەحسین
Slip,Present,You (pl.),You slip,hîn di teḧsin,ھین د تەحسن
Slip,Present,They,They slip,ew di teḧsin,ئەو د تەحسن
Slip,Future,I,I will slip,ez dê teḧsim,ئەز دێ تەحسم
Slip,Future,You,You will slip,tu dê teḧsî,تو دێ تەحسی
Slip,Future,He/She,He/She will slip,ew dê teḧsit,ئەو دێ تەحسیت
Slip,Future,We,We will slip,em dê teḧsîn,ئەم دێ تەحسین
Slip,Future,You (pl.),You will slip,hîn dê teḧsin,ھین دێ تەحسن
Slip,Future,They,They will slip,ew dê teḧsin,ئەو دێ تەحسن
Smash,Past,I,I smashed,min kebis kir,من كەبس كر
Smash,Past,You,You smashed,te kebis kir,تە كەبس كر
Smash,Past,He/She,He/She smashed,ewî/ewê kebis kir,ئەوی/ئەوێ كەبس كر
Smash,Past,We,We smashed,me kebis kir,مە كەبس كر
Smash,Past,You (pl.),You smashed,hewe kebis kir,ھەوە كەبس كر
Smash,Past,They,They smashed,ewan kebis kir,ئەوان كەبس كر
Smash,Present,I,I smash,ez kebis di kem,ئەز كەبس د كەم
Smash,Present,You,You smash,tu kebis di key,تو كەبس د كەی
Smash,Present,He/She,He/She smashes,ew kebis di ket,ئەو كەبس د كەت
Smash,Present,We,We smash,em kebis di keyn,ئەم كەبس د كەین
Smash,Present,You (pl.),You smash,hîn kebis di ken,ھین كەبس د كەن
Smash,Present,They,They smash,ew kebis di ken,ئەو كەبس د كەن
Smash,Future,I,I will smash,ez dê kebis kem,ئەز دێ كەبس كەم
Smash,Future,You,You will smash,tu dê kebis key,تو دێ كەبس كەی
Smash,Future,He/She,He/She will smash,ew dê kebis ket,ئەو دێ كەبس كەت
Smash,Future,We,We will smash,em dê kebis keyn,ئەم دێ كەبس كەین
Smash,Future,You (pl.),You will smash,hîn dê kebis ken,ھین دێ كەبس كەن
Smash,Future,They,They will smash,ew dê kebis ken,ئەو دێ كەبس كەن
Smell,Past,I,I smelled,min bihin kire ,من بھن كرە
Smell,Past,You,You smelled,te bihin kire ,تە بھن كرە
Smell,Past,He/She,He/She smelled,ewî/ewê bihin kire ,ئەوی/ئەوێ بھن كرە
Smell,Past,We,We smelled,me bihin kire ,مە بھن كرە
Smell,Past,You (pl.),You smelled,hewe bihin kire ,ھەوە بھن كرە
Smell,Past,They,They smelled,ewan bihin kire ,ئەوان بھن كرە
Smell,Present,I,I smell,ez bihin di keme ,ئەز بھن د كەمە
Smell,Present,You,You smell,tu bihin di keyye ,تو بھن د كەییە
Smell,Present,He/She,He/She smells,ew bihin di kete ,ئەو بھن د كەتە
Smell,Present,We,We smell,em bihin di keyne ,ئەم بھن د كەینە
Smell,Present,You (pl.),You smell,hîn bihin di kene ,ھین بھن د كەنە
Smell,Present,They,They smell,ew bihin di kene ,ئەو بھن د كەنە
Smell,Future,I,I will smell,ez dê bihin keme ,ئەز دێ بھن كەمە
Smell,Future,You,You will smell,tu dê bihin keyye ,تو دێ بھن كەییە
Smell,Future,He/She,He/She will smell,ew dê bihin kete ,ئەو دێ بھن كەتە
Smell,Future,We,We will smell,em dê bihin keyne ,ئەم دێ بھن كەینە
Smell,Future,You (pl.),You will smell,hîn dê bihin kene ,ھین دێ بھن كەنە
Smell,Future,They,They will smell,ew dê bihin kene ,ئەو دێ بھن كەنە
Smile,Past,I,I smiled,ez (bu OW) girnijîm,ئەز گرنژیم
Smile,Past,You,You smiled,tu (bu OW) girnijî,تو گرنژی
Smile,Past,He/She,He/She smiled,ew (bu OW) girnijî,ئەو گرنژی
Smile,Past,We,We smiled,em (bu OW) girnijîn,ئەم گرنژین
Smile,Past,You (pl.),You smiled,hîn (bu OW) girnijîn,ھین گرنژین
Smile,Past,They,They smiled,ew (bu OW) girnijîn,ئەو گرنژین
Smile,Present,I,I smile,ez (bu OW) di girnijim,ئەز د گرنژم
Smile,Present,You,You smile,tu (bu OW) di girnijî,تو د گرنژی
Smile,Present,He/She,He/She smiles,ew (bu OW) di girnijit,ئەو د گرنژیت
Smile,Present,We,We smile,em (bu OW) di girnijîn,ئەم د گرنژین
Smile,Present,You (pl.),You smile,hîn (bu OW) di girnijin,ھین د گرنژن
Smile,Present,They,They smile,ew (bu OW) di girnijin,ئەو د گرنژن
Smile,Future,I,I will smile,ez dê (bu OW) girnijim,ئەز دێ گرنژم
Smile,Future,You,You will smile,tu dê (bu OW) girnijî,تو دێ گرنژی
Smile,Future,He/She,He/She will smile,ew dê (bu OW) girnijit,ئەو دێ گرنژیت
Smile,Future,We,We will smile,em dê (bu OW) girnijîn,ئەم دێ گرنژین
Smile,Future,You (pl.),You will smile,hîn dê (bu OW) girnijin,ھین دێ گرنژن
Smile,Future,They,They will smile,ew dê (bu OW) girnijin,ئەو دێ گرنژن
Smoke,Past,I,I smoked,min  keyşa,من كەیشا
Smoke,Past,You,You smoked,te  keyşa,تە كەیشا
Smoke,Past,He/She,He/She smoked,ewî/ewê  keyşa,ئەوی/ئەوێ كەیشا
Smoke,Past,We,We smoked,me  keyşa,مە كەیشا
Smoke,Past,You (pl.),You smoked,hewe  keyşa,ھەوە كەیشا
Smoke,Past,They,They smoked,ewan  keyşa,ئەوان كەیشا
Smoke,Present,I,I smoke,ez  di keşim,ئەز د كەشم
Smoke,Present,You,You smoke,tu  di keşî,تو د كەشی
Smoke,Present,He/She,He/She smokes,ew  di keşit,ئەو د كەشیت
Smoke,Present,We,We smoke,em  di keşîn,ئەم د كەشین
Smoke,Present,You (pl.),You smoke,hîn  di keşin,ھین د كەشن
Smoke,Present,They,They smoke,ew  di keşin,ئەو د كەشن
Smoke,Future,I,I will smoke,ez dê  keşim,ئەز دێ كەشم
Smoke,Future,You,You will smoke,tu dê  keşî,تو دێ كەشی
Smoke,Future,He/She,He/She will smoke,ew dê  keşit,ئەو دێ كەشیت
Smoke,Future,We,We will smoke,em dê  keşîn,ئەم دێ كەشین
Smoke,Future,You (pl.),You will smoke,hîn dê  keşin,ھین دێ كەشن
Smoke,Future,They,They will smoke,ew dê  keşin,ئەو دێ كەشن
Smuggle From,Past,I,I smuggled from,min  bi qaça''î îna,من ب قاچاغی ئینا
Smuggle From,Past,You,You smuggled from,te  bi qaça''î îna,تە ب قاچاغی ئینا
Smuggle From,Past,He/She,He/She smuggled from,ewî/ewê  bi qaça''î îna,ئەوی/ئەوێ ب قاچاغی ئینا
Smuggle From,Past,We,We smuggled from,me  bi qaça''î îna,مە ب قاچاغی ئینا
Smuggle From,Past,You (pl.),You smuggled from,hewe  bi qaça''î îna,ھەوە ب قاچاغی ئینا
Smuggle From,Past,They,They smuggled from,ewan  bi qaça''î îna,ئەوان ب قاچاغی ئینا
Smuggle From,Present,I,I smuggle from,ez  bi qaça'' di înim,ئەز ب قاچاغ د ئینم
Smuggle From,Present,You,You smuggle from,tu  bi qaça'' di înî,تو ب قاچاغ د ئینی
Smuggle From,Present,He/She,He/She smuggles from,ew  bi qaça'' di înit,ئەو ب قاچاغ د ئینیت
Smuggle From,Present,We,We smuggle from,em  bi qaça'' di înîn,ئەم ب قاچاغ د ئینین
Smuggle From,Present,You (pl.),You smuggle from,hîn  bi qaça'' di înin,ھین ب قاچاغ د ئینن
Smuggle From,Present,They,They smuggle from,ew  bi qaça'' di înin,ئەو ب قاچاغ د ئینن
Smuggle From,Future,I,I will smuggle from,ez dê  bi qaça'' înim,ئەز دێ ب قاچاغ ئینم
Smuggle From,Future,You,You will smuggle from,tu dê  bi qaça'' înî,تو دێ ب قاچاغ ئینی
Smuggle From,Future,He/She,He/She will smuggle from,ew dê  bi qaça'' înit,ئەو دێ ب قاچاغ ئینیت
Smuggle From,Future,We,We will smuggle from,em dê  bi qaça'' înîn,ئەم دێ ب قاچاغ ئینین
Smuggle From,Future,You (pl.),You will smuggle from,hîn dê  bi qaça'' înin,ھین دێ ب قاچاغ ئینن
Smuggle From,Future,They,They will smuggle from,ew dê  bi qaça'' înin,ئەو دێ ب قاچاغ ئینن
Smuggle To,Past,I,I smuggled to,min  bi qaça''î bir,من ب قاچاغی بر
Smuggle To,Past,You,You smuggled to,te  bi qaça''î bir,تە ب قاچاغی بر
Smuggle To,Past,He/She,He/She smuggled to,ewî/ewê  bi qaça''î bir,ئەوی/ئەوێ ب قاچاغی بر
Smuggle To,Past,We,We smuggled to,me  bi qaça''î bir,مە ب قاچاغی بر
Smuggle To,Past,You (pl.),You smuggled to,hewe  bi qaça''î bir,ھەوە ب قاچاغی بر
Smuggle To,Past,They,They smuggled to,ewan  bi qaça''î bir,ئەوان ب قاچاغی بر
Smuggle To,Present,I,I smuggle to,ez  bi qaça'' di bem,ئەز ب قاچاغ د بەم
Smuggle To,Present,You,You smuggle to,tu  bi qaça'' di bê,تو ب قاچاغ د بێ
Smuggle To,Present,He/She,He/She smuggles to,ew  bi qaça'' di bet,ئەو ب قاچاغ د بەت
Smuggle To,Present,We,We smuggle to,em  bi qaça'' di bên,ئەم ب قاچاغ د بێن
Smuggle To,Present,You (pl.),You smuggle to,hîn  bi qaça'' di ben,ھین ب قاچاغ د بەن
Smuggle To,Present,They,They smuggle to,ew  bi qaça'' di ben,ئەو ب قاچاغ د بەن
Smuggle To,Future,I,I will smuggle to,ez dê  bi qaça'' bem,ئەز دێ ب قاچاغ بەم
Smuggle To,Future,You,You will smuggle to,tu dê  bi qaça'' bê,تو دێ ب قاچاغ بێ
Smuggle To,Future,He/She,He/She will smuggle to,ew dê  bi qaça'' bet,ئەو دێ ب قاچاغ بەت
Smuggle To,Future,We,We will smuggle to,em dê  bi qaça'' bên,ئەم دێ ب قاچاغ بێن
Smuggle To,Future,You (pl.),You will smuggle to,hîn dê  bi qaça'' ben,ھین دێ ب قاچاغ بەن
Smuggle To,Future,They,They will smuggle to,ew dê  bi qaça'' ben,ئەو دێ ب قاچاغ بەن
Sneeze,Past,I,I sneezed,ez behnijîm,ئەز بەھنژیم
Sneeze,Past,You,You sneezed,tu behnijî,تو بەھنژی
Sneeze,Past,He/She,He/She sneezed,ew behnijî,ئەو بەھنژی
Sneeze,Past,We,We sneezed,em behnejîn,ئەم بەھنەژین
Sneeze,Past,You (pl.),You sneezed,hîn behnejîn,ھین بەھنەژین
Sneeze,Past,They,They sneezed,ew behnejîn,ئەو بەھنەژین
Sneeze,Present,I,I sneeze,ez di bêhnijim,ئەز د بێھنژم
Sneeze,Present,You,You sneeze,tu di bêhnijî,تو د بێھنژی
Sneeze,Present,He/She,He/She sneezes,ew di bêhnijit,ئەو د بێھنژیت
Sneeze,Present,We,We sneeze,em di bêhnijîn,ئەم د بێھنژین
Sneeze,Present,You (pl.),You sneeze,hîn di bêhnijin,ھین د بێھنژن
Sneeze,Present,They,They sneeze,ew di bêhnijin,ئەو د بێھنژن
Sneeze,Future,I,I will sneeze,ez dê bêhnijim,ئەز دێ بێھنژم
Sneeze,Future,You,You will sneeze,tu dê bêhnijî,تو دێ بێھنژی
Sneeze,Future,He/She,He/She will sneeze,ew dê bêhnijit,ئەو دێ بێھنژیت
Sneeze,Future,We,We will sneeze,em dê bêhnijîn,ئەم دێ بێھنژین
Sneeze,Future,You (pl.),You will sneeze,hîn dê bêhnijin,ھین دێ بێھنژن
Sneeze,Future,They,They will sneeze,ew dê bêhnijin,ئەو دێ بێھنژن
Soak,Past,I,I soaked, ez nimandim,ئەز نماندم
Soak,Past,You,You soaked, tu nimandî,تو نماندی
Soak,Past,He/She,He/She soaked, ew nimand,ئەو نماند
Soak,Past,We,We soaked, em nimandîn,ئەم نماندین
Soak,Past,You (pl.),You soaked, hîn nimandin,ھین نماندن
Soak,Past,They,They soaked, ew nimandin,ئەو نماندن
Soak,Present,I,I soak,ez  di nimînim,ئەز د نمینم
Soak,Present,You,You soak,tu  di nimînî,تو د نمینی
Soak,Present,He/She,He/She soaks,ew  di nimînit,ئەو د نمینیت
Soak,Present,We,We soak,em  di nimînîn,ئەم د نمینین
Soak,Present,You (pl.),You soak,hîn  di nimînin,ھین د نمینن
Soak,Present,They,They soak,ew  di nimînin,ئەو د نمینن
Soak,Future,I,I will soak,ez dê  nimînim,ئەز دێ نمینم
Soak,Future,You,You will soak,tu dê  nimînî,تو دێ نمینی
Soak,Future,He/She,He/She will soak,ew dê  nimînit,ئەو دێ نمینیت
Soak,Future,We,We will soak,em dê  nimînîn,ئەم دێ نمینین
Soak,Future,You (pl.),You will soak,hîn dê  nimînin,ھین دێ نمینن
Soak,Future,They,They will soak,ew dê  nimînin,ئەو دێ نمینن
Solve,Past,I,I solved,min  ḧel kir,من حەل كر
Solve,Past,You,You solved,te  ḧel kir,تە حەل كر
Solve,Past,He/She,He/She solved,ewî/ewê  ḧel kir,ئەوی/ئەوێ حەل كر
Solve,Past,We,We solved,me  ḧel kir,مە حەل كر
Solve,Past,You (pl.),You solved,hewe  ḧel kir,ھەوە حەل كر
Solve,Past,They,They solved,ewan  ḧel kir,ئەوان حەل كر
Solve,Present,I,I solve,ez  ḧel di kem,ئەز حەل د كەم
Solve,Present,You,You solve,tu  ḧel di key,تو حەل د كەی
Solve,Present,He/She,He/She solves,ew  ḧel di ket,ئەو حەل د كەت
Solve,Present,We,We solve,em  ḧel di keyn,ئەم حەل د كەین
Solve,Present,You (pl.),You solve,hîn  ḧel di ken,ھین حەل د كەن
Solve,Present,They,They solve,ew  ḧel di ken,ئەو حەل د كەن
Solve,Future,I,I will solve,ez dê  ḧel kem,ئەز دێ حەل كەم
Solve,Future,You,You will solve,tu dê  ḧel key,تو دێ حەل كەی
Solve,Future,He/She,He/She will solve,ew dê  ḧel ket,ئەو دێ حەل كەت
Solve,Future,We,We will solve,em dê  ḧel keyn,ئەم دێ حەل كەین
Solve,Future,You (pl.),You will solve,hîn dê  ḧel ken,ھین دێ حەل كەن
Solve,Future,They,They will solve,ew dê  ḧel ken,ئەو دێ حەل كەن
Sort,Past,I,I sorted,min  tertîb kir,من تەرتیب كر
Sort,Past,You,You sorted,te  tertîb kir,تە تەرتیب كر
Sort,Past,He/She,He/She sorted,ewî/ewê  tertîb kir,ئەوی/ئەوێ تەرتیب كر
Sort,Past,We,We sorted,me  tertîb kir,مە تەرتیب كر
Sort,Past,You (pl.),You sorted,hewe  tertîb kir,ھەوە تەرتیب كر
Sort,Past,They,They sorted,ewan  tertîb kir,ئەوان تەرتیب كر
Sort,Present,I,I sort,ez  tertîb di kem,ئەز تەرتیب د كەم
Sort,Present,You,You sort,tu  tertîb di key,تو تەرتیب د كەی
Sort,Present,He/She,He/She sorts,ew  tertîb di ket,ئەو تەرتیب د كەت
Sort,Present,We,We sort,em  tertîb di keyn,ئەم تەرتیب د كەین
Sort,Present,You (pl.),You sort,hîn  tertîb di ken,ھین تەرتیب د كەن
Sort,Present,They,They sort,ew  tertîb di ken,ئەو تەرتیب د كەن
Sort,Future,I,I will sort,ez dê  tertîb kem,ئەز دێ تەرتیب كەم
Sort,Future,You,You will sort,tu dê  tertîb key,تو دێ تەرتیب كەی
Sort,Future,He/She,He/She will sort,ew dê  tertîb ket,ئەو دێ تەرتیب كەت
Sort,Future,We,We will sort,em dê  tertîb keyn,ئەم دێ تەرتیب كەین
Sort,Future,You (pl.),You will sort,hîn dê  tertîb ken,ھین دێ تەرتیب كەن
Sort,Future,They,They will sort,ew dê  tertîb ken,ئەو دێ تەرتیب كەن
Spell,Past,I,I spelled,min  spel kir,من سپەل كر
Spell,Past,You,You spelled,te  spel kir,تە سپەل كر
Spell,Past,He/She,He/She spelled,ewî/ewê  spel kir,ئەوی/ئەوێ سپەل كر
Spell,Past,We,We spelled,me  spel kir,مە سپەل كر
Spell,Past,You (pl.),You spelled,hewe  spel kir,ھەوە سپەل كر
Spell,Past,They,They spelled,ewan  spel kir,ئەوان سپەل كر
Spell,Present,I,I spell,ez  spel di kem,ئەز سپەل د كەم
Spell,Present,You,You spell,tu  spel di key,تو سپەل د كەی
Spell,Present,He/She,He/She spells,ew  spel di ket,ئەو سپەل د كەت
Spell,Present,We,We spell,em  spel di keyn,ئەم سپەل د كەین
Spell,Present,You (pl.),You spell,hîn  spel di ken,ھین سپەل د كەن
Spell,Present,They,They spell,ew  spel di ken,ئەو سپەل د كەن
Spell,Future,I,I will spell,ez dê  spel kem,ئەز دێ سپەل كەم
Spell,Future,You,You will spell,tu dê  spel key,تو دێ سپەل كەی
Spell,Future,He/She,He/She will spell,ew dê  spel ket,ئەو دێ سپەل كەت
Spell,Future,We,We will spell,em dê  spel keyn,ئەم دێ سپەل كەین
Spell,Future,You (pl.),You will spell,hîn dê  spel ken,ھین دێ سپەل كەن
Spell,Future,They,They will spell,ew dê  spel ken,ئەو دێ سپەل كەن
Spend,Past,I,I spent,min  serif kir,من سەرف كر
Spend,Past,You,You spent,te  serif kir,تە سەرف كر
Spend,Past,He/She,He/She spent,ewî/ewê  serif kir,ئەوی/ئەوێ سەرف كر
Spend,Past,We,We spent,me  serif kir,مە سەرف كر
Spend,Past,You (pl.),You spent,hewe  serif kir,ھەوە سەرف كر
Spend,Past,They,They spent,ewan  serif kir,ئەوان سەرف كر
Spend,Present,I,I spend,ez  serif di kem,ئەز سەرف د كەم
Spend,Present,You,You spend,tu  serif di key,تو سەرف د كەی
Spend,Present,He/She,He/She spends,ew  serif di ket,ئەو سەرف د كەت
Spend,Present,We,We spend,em  serif di keyn,ئەم سەرف د كەین
Spend,Present,You (pl.),You spend,hîn  serif di ken,ھین سەرف د كەن
Spend,Present,They,They spend,ew  serif di ken,ئەو سەرف د كەن
Spend,Future,I,I will spend,ez dê  serif kem,ئەز دێ سەرف كەم
Spend,Future,You,You will spend,tu dê  serif key,تو دێ سەرف كەی
Spend,Future,He/She,He/She will spend,ew dê  serif ket,ئەو دێ سەرف كەت
Spend,Future,We,We will spend,em dê  serif keyn,ئەم دێ سەرف كەین
Spend,Future,You (pl.),You will spend,hîn dê  serif ken,ھین دێ سەرف كەن
Spend,Future,They,They will spend,ew dê  serif ken,ئەو دێ سەرف كەن
Spend,Past,I,I spent,min  mezaxt,من مەزاخت
Spend,Past,You,You spent,te  mezaxt,تە مەزاخت
Spend,Past,He/She,He/She spent,ewî/ewê  mezaxt,ئەوی/ئەوێ مەزاخت
Spend,Past,We,We spent,me  mezaxt,مە مەزاخت
Spend,Past,You (pl.),You spent,hewe  mezaxt,ھەوە مەزاخت
Spend,Past,They,They spent,ewan  mezaxt,ئەوان مەزاخت
Spend,Present,I,I spend,ez  di mezêxim,ئەز د مەزێخم
Spend,Present,You,You spend,tu  di mezêxî,تو د مەزێخی
Spend,Present,He/She,He/She spends,ew  di mezêxit,ئەو د مەزێخیت
Spend,Present,We,We spend,em  di mezêxîn,ئەم د مەزێخین
Spend,Present,You (pl.),You spend,hîn  di mezêxin,ھین د مەزێخن
Spend,Present,They,They spend,ew  di mezêxin,ئەو د مەزێخن
Spend,Future,I,I will spend,ez dê  mezêxim,ئەز دێ مەزێخم
Spend,Future,You,You will spend,tu dê  mezêxî,تو دێ مەزێخی
Spend,Future,He/She,He/She will spend,ew dê  mezêxit,ئەو دێ مەزێخیت
Spend,Future,We,We will spend,em dê  mezêxîn,ئەم دێ مەزێخین
Spend,Future,You (pl.),You will spend,hîn dê  mezêxin,ھین دێ مەزێخن
Spend,Future,They,They will spend,ew dê  mezêxin,ئەو دێ مەزێخن
Spend,Past,I,I spent,&lt;Not Used&gt;,نە
Spend,Past,You,You spent,&lt;Not Used&gt;,نە
Spend,Past,He/She,He/She spent, ew borand,ئەو بوراند
Spend,Past,We,We spent,&lt;Not Used&gt;,نە
Spend,Past,You (pl.),You spent,&lt;Not Used&gt;,نە
Spend,Past,They,They spent,&lt;Not Used&gt;,نە
Spend,Present,I,I spend,ez  di borînim,ئەز د بورینم
Spend,Present,You,You spend,tu  di borînî,تو د بورینی
Spend,Present,He/She,He/She spends,ew  di borînit,ئەو د بورینیت
Spend,Present,We,We spend,em  di borînîn,ئەم د بورینین
Spend,Present,You (pl.),You spend,hîn  di borînin,ھین د بورینن
Spend,Present,They,They spend,ew  di borînin,ئەو د بورینن
Spend,Future,I,I will spend,ez dê  borînim,ئەز دێ بورینم
Spend,Future,You,You will spend,tu dê  borînî,تو دێ بورینی
Spend,Future,He/She,He/She will spend,ew dê  borînit,ئەو دێ بورینیت
Spend,Future,We,We will spend,em dê  borînîn,ئەم دێ بورینین
Spend,Future,You (pl.),You will spend,hîn dê  borînin,ھین دێ بورینن
Spend,Future,They,They will spend,ew dê  borînin,ئەو دێ بورینن
Spill,Past,I,I spilled,min  rêşt,من رێشت
Spill,Past,You,You spilled,te  rêşt,تە رێشت
Spill,Past,He/She,He/She spilled,ewî/ewê  rêşt,ئەوی/ئەوێ رێشت
Spill,Past,We,We spilled,me  rêşt,مە رێشت
Spill,Past,You (pl.),You spilled,hewe  rêşt,ھەوە رێشت
Spill,Past,They,They spilled,ewan  rêşt,ئەوان رێشت
Spill,Present,I,I spill,ez  di rêjim,ئەز د رێژم
Spill,Present,You,You spill,tu  di rêjî,تو د رێژی
Spill,Present,He/She,He/She spills,ew  di rêjit,ئەو د رێژیت
Spill,Present,We,We spill,em  di rêjîn,ئەم د رێژین
Spill,Present,You (pl.),You spill,hîn  di rêjin,ھین د رێژن
Spill,Present,They,They spill,ew  di rêjin,ئەو د رێژن
Spill,Future,I,I will spill,ez dê  rêjim,ئەز دێ رێژم
Spill,Future,You,You will spill,tu dê  rêjî,تو دێ رێژی
Spill,Future,He/She,He/She will spill,ew dê  rêjit,ئەو دێ رێژیت
Spill,Future,We,We will spill,em dê  rêjîn,ئەم دێ رێژین
Spill,Future,You (pl.),You will spill,hîn dê  rêjin,ھین دێ رێژن
Spill,Future,They,They will spill,ew dê  rêjin,ئەو دێ رێژن
Spit,Past,I,I spat,min tif kir,من تف كر
Spit,Past,You,You spat,te tif kir,تە تف كر
Spit,Past,He/She,He/She spat,ewî/ewê tif kir,ئەوی/ئەوێ تف كر
Spit,Past,We,We spat,me tif kir,مە تف كر
Spit,Past,You (pl.),You spat,hewe tif kir,ھەوە تف كر
Spit,Past,They,They spat,ewan tif kir,ئەوان تف كر
Spit,Present,I,I spit,ez tif di kem,ئەز تف د كەم
Spit,Present,You,You spit,tu tif di key,تو تف د كەی
Spit,Present,He/She,He/She spits,ew tif di ket,ئەو تف د كەت
Spit,Present,We,We spit,em tif di keyn,ئەم تف د كەین
Spit,Present,You (pl.),You spit,hîn tif di ken,ھین تف د كەن
Spit,Present,They,They spit,ew tif di ken,ئەو تف د كەن
Spit,Future,I,I will spit,ez dê tif kem,ئەز دێ تف كەم
Spit,Future,You,You will spit,tu dê tif key,تو دێ تف كەی
Spit,Future,He/She,He/She will spit,ew dê tif ket,ئەو دێ تف كەت
Spit,Future,We,We will spit,em dê tif keyn,ئەم دێ تف كەین
Spit,Future,You (pl.),You will spit,hîn dê tif ken,ھین دێ تف كەن
Spit,Future,They,They will spit,ew dê tif ken,ئەو دێ تف كەن
Spread Something,Past,I,I spread,min  belav kir,من بەلاڤ كر
Spread Something,Past,You,You spread,te  belav kir,تە بەلاڤ كر
Spread Something,Past,He/She,He/She spread,ewî/ewê  belav kir,ئەوی/ئەوێ بەلاڤ كر
Spread Something,Past,We,We spread,me  belav kir,مە بەلاڤ كر
Spread Something,Past,You (pl.),You spread,hewe  belav kir,ھەوە بەلاڤ كر
Spread Something,Past,They,They spread,ewan  belav kir,ئەوان بەلاڤ كر
Spread Something,Present,I,I spread,ez  belav di kem,ئەز بەلاڤ د كەم
Spread Something,Present,You,You spread,tu  belav di key,تو بەلاڤ د كەی
Spread Something,Present,He/She,He/She spreads,ew  belav di ket,ئەو بەلاڤ د كەت
Spread Something,Present,We,We spread,em  belav di keyn,ئەم بەلاڤ د كەین
Spread Something,Present,You (pl.),You spread,hîn  belav di ken,ھین بەلاڤ د كەن
Spread Something,Present,They,They spread,ew  belav di ken,ئەو بەلاڤ د كەن
Spread Something,Future,I,I will spread,ez dê  belav kem,ئەز دێ بەلاڤ كەم
Spread Something,Future,You,You will spread,tu dê  belav key,تو دێ بەلاڤ كەی
Spread Something,Future,He/She,He/She will spread,ew dê  belav ket,ئەو دێ بەلاڤ كەت
Spread Something,Future,We,We will spread,em dê  belav keyn,ئەم دێ بەلاڤ كەین
Spread Something,Future,You (pl.),You will spread,hîn dê  belav ken,ھین دێ بەلاڤ كەن
Spread Something,Future,They,They will spread,ew dê  belav ken,ئەو دێ بەلاڤ كەن
Sprinkle,Past,I,I Sprinkled,min reşand,من رەشاند
Sprinkle,Past,You,You Sprinkled,te reşand,تە رەشاند
Sprinkle,Past,He/She,He/She Sprinkled,ewî/ewê reşand,ئەوی/ئەوێ رەشاند
Sprinkle,Past,We,We Sprinkled,me reşand,مە رەشاند
Sprinkle,Past,You (pl.),You Sprinkled,hewe reşand,ھەوە رەشاند
Sprinkle,Past,They,They Sprinkled,ewan reşand,ئەوان رەشاند
Sprinkle,Present,I,I Sprinkle,ez di reşînim,ئەز د رەشینم
Sprinkle,Present,You,You Sprinkle,tu di reşînî,تو د رەشینی
Sprinkle,Present,He/She,He/She Sprinkles,ew di reşînit,ئەو د رەشینیت
Sprinkle,Present,We,We Sprinkle,em di reşînîn,ئەم د رەشینین
Sprinkle,Present,You (pl.),You Sprinkle,hîn di reşînin,ھین د رەشینن
Sprinkle,Present,They,They Sprinkle,ew di reşînin,ئەو د رەشینن
Sprinkle,Future,I,I will Sprinkle,ez dê reşînim,ئەز دێ رەشینم
Sprinkle,Future,You,You will Sprinkle,tu dê reşînî,تو دێ رەشینی
Sprinkle,Future,He/She,He/She will Sprinkle,ew dê reşînit,ئەو دێ رەشینیت
Sprinkle,Future,We,We will Sprinkle,em dê reşînîn,ئەم دێ رەشینین
Sprinkle,Future,You (pl.),You will Sprinkle,hîn dê reşînin,ھین دێ رەشینن
Sprinkle,Future,They,They will Sprinkle,ew dê reşînin,ئەو دێ رەشینن
Start,Past,I,I started,min  destpê kir,من دەستپێ كر
Start,Past,You,You started,te  destpê kir,تە دەستپێ كر
Start,Past,He/She,He/She started,ewî/ewê  destpê kir,ئەوی/ئەوێ دەستپێ كر
Start,Past,We,We started,me  destpê kir,مە دەستپێ كر
Start,Past,You (pl.),You started,hewe  destpê kir,ھەوە دەستپێ كر
Start,Past,They,They started,ewan  destpê kir,ئەوان دەستپێ كر
Start,Present,I,I start,ez  destpê di kem,ئەز دەستپێ د كەم
Start,Present,You,You start,tu  destpê di key,تو دەستپێ د كەی
Start,Present,He/She,He/She starts,ew  destpê di ket,ئەو دەستپێ د كەت
Start,Present,We,We start,em  destpê di keyn,ئەم دەستپێ د كەین
Start,Present,You (pl.),You start,hîn  destpê di ken,ھین دەستپێ د كەن
Start,Present,They,They start,ew  destpê di ken,ئەو دەستپێ د كەن
Start,Future,I,I will start,ez dê  destpê kem,ئەز دێ دەستپێ كەم
Start,Future,You,You will start,tu dê  destpê key,تو دێ دەستپێ كەی
Start,Future,He/She,He/She will start,ew dê  destpê ket,ئەو دێ دەستپێ كەت
Start,Future,We,We will start,em dê  destpê keyn,ئەم دێ دەستپێ كەین
Start,Future,You (pl.),You will start,hîn dê  destpê ken,ھین دێ دەستپێ كەن
Start,Future,They,They will start,ew dê  destpê ken,ئەو دێ دەستپێ كەن
Starve,Past,I,I starved,ez ji birsa da mirîm,ئەز ژ برسا دا مریم
Starve,Past,You,You starved,tu ji birsa da mirî,تو ژ برسا دا مری
Starve,Past,He/She,He/She starved,ew ji birsa da mirî,ئەو ژ برسا دا مری
Starve,Past,We,We starved,em ji birsa da mirîn,ئەم ژ برسا دا مرین
Starve,Past,You (pl.),You starved,hîn ji birsa da mirîn,ھین ژ برسا دا مرین
Starve,Past,They,They starved,ew ji birsa da mirîn,ئەو ژ برسا دا مرین
Starve,Present,I,I starve,ez ji birsa da di mirim,ئەز ژ برسا دا د مرم
Starve,Present,You,You starve,tu ji birsa da di mirî,تو ژ برسا دا د مری
Starve,Present,He/She,He/She starves,ew ji birsa da di mirit,ئەو ژ برسا دا د مریت
Starve,Present,We,We starve,em ji birsa da di mirîn,ئەم ژ برسا دا د مرین
Starve,Present,You (pl.),You starve,hîn ji birsa da di mirin,ھین ژ برسا دا د مرن
Starve,Present,They,They starve,ew ji birsa da di mirin,ئەو ژ برسا دا د مرن
Starve,Future,I,I will starve,ez dê ji birsa da mirim,ئەز دێ ژ برسا دا مرم
Starve,Future,You,You will starve,tu dê ji birsa da mirî,تو دێ ژ برسا دا مری
Starve,Future,He/She,He/She will starve,ew dê ji birsa da mirit,ئەو دێ ژ برسا دا مریت
Starve,Future,We,We will starve,em dê ji birsa da mirîn,ئەم دێ ژ برسا دا مرین
Starve,Future,You (pl.),You will starve,hîn dê ji birsa da mirin,ھین دێ ژ برسا دا مرن
Starve,Future,They,They will starve,ew dê ji birsa da mirin,ئەو دێ ژ برسا دا مرن
Steal,Past,I,I stole,min  dizî,من دزی
Steal,Past,You,You stole,te  dizî,تە دزی
Steal,Past,He/She,He/She stole,ewî/ewê  dizî,ئەوی/ئەوێ دزی
Steal,Past,We,We stole,me  dizî,مە دزی
Steal,Past,You (pl.),You stole,hewe  dizî,ھەوە دزی
Steal,Past,They,They stole,ewan  dizî,ئەوان دزی
Steal,Present,I,I steal,ez  di dizim,ئەز د دزم
Steal,Present,You,You steal,tu  di dizî,تو د دزی
Steal,Present,He/She,He/She steals,ew  di dizit,ئەو د دزیت
Steal,Present,We,We steal,em  di dizîn,ئەم د دزین
Steal,Present,You (pl.),You steal,hîn  di dizin,ھین د دزن
Steal,Present,They,They steal,ew  di dizin,ئەو د دزن
Steal,Future,I,I will steal,ez dê  dizim,ئەز دێ دزم
Steal,Future,You,You will steal,tu dê  dizî,تو دێ دزی
Steal,Future,He/She,He/She will steal,ew dê  dizit,ئەو دێ دزیت
Steal,Future,We,We will steal,em dê  dizîn,ئەم دێ دزین
Steal,Future,You (pl.),You will steal,hîn dê  dizin,ھین دێ دزن
Steal,Future,They,They will steal,ew dê  dizin,ئەو دێ دزن
Sting,Past,I,I stung, bi min ve da,ب من ڤە دا
Sting,Past,You,You stung, bi te ve da,ب تە ڤە دا
Sting,Past,He/She,He/She stung, bi ewî/ewê ve da,ب ئەوی/ئەوێ ڤە دا
Sting,Past,We,We stung, bi me ve da,ب مە ڤە دا
Sting,Past,You (pl.),You stung, bi hewe ve da,ب ھەوە ڤە دا
Sting,Past,They,They stung, bi ewan ve da,ب ئەوان ڤە دا
Sting,Present,I,I sting, bi min ve di det,ب من ڤە د دەت
Sting,Present,You,You sting, bi te ve di det,ب تە ڤە د دەت
Sting,Present,He/She,He/She stings, bi ewî/ewê ve di det,ب ئەوی/ئەوێ ڤە د دەت
Sting,Present,We,We sting, bi me ve di det,ب مە ڤە د دەت
Sting,Present,You (pl.),You sting, bi hewe ve di det,ب ھەوە ڤە د دەت
Sting,Present,They,They sting, bi ewan ve di det,ب ئەوان ڤە د دەت
Sting,Future,I,I will sting, dê bi min ve det,دێ ب من ڤە دەت
Sting,Future,You,You will sting, dê bi te ve det,دێ ب تە ڤە دەت
Sting,Future,He/She,He/She will sting, dê bi ewî/ewê ve det,دێ ب ئەوی/ئەوێ ڤە دەت
Sting,Future,We,We will sting, dê bi me ve det,دێ ب مە ڤە دەت
Sting,Future,You (pl.),You will sting, dê bi hewe ve det,دێ ب ھەوە ڤە دەت
Sting,Future,They,They will sting, dê bi ewan ve det,دێ ب ئەوان ڤە دەت
Stone,Past,I,I stoned, ez bi bera kuştim,ئەز ب بەرا كوشتم
Stone,Past,You,You stoned, tu bi bera kuştî,تو ب بەرا كوشتی
Stone,Past,He/She,He/She stoned, ew bi bera kuşt,ئەو ب بەرا كوشت
Stone,Past,We,We stoned, em bi bera kuştîn,ئەم ب بەرا كوشتین
Stone,Past,You (pl.),You stoned, hîn bi bera kuştin,ھین ب بەرا كوشتن
Stone,Past,They,They stoned, ew bi bera kuştin,ئەو ب بەرا كوشتن
Stone,Present,I,I stone,ez  bi bera di kujim,ئەز ب بەرا د كوژم
Stone,Present,You,You stone,tu  bi bera di kujî,تو ب بەرا د كوژی
Stone,Present,He/She,He/She stones,ew  bi bera di kujit,ئەو ب بەرا د كوژیت
Stone,Present,We,We stone,em  bi bera di kujîn,ئەم ب بەرا د كوژین
Stone,Present,You (pl.),You stone,hîn  bi bera di kujin,ھین ب بەرا د كوژن
Stone,Present,They,They stone,ew  bi bera di kujin,ئەو ب بەرا د كوژن
Stone,Future,I,I will stone,ez dê  bi bera kujim,ئەز دێ ب بەرا كوژم
Stone,Future,You,You will stone,tu dê  bi bera kujî,تو دێ ب بەرا كوژی
Stone,Future,He/She,He/She will stone,ew dê  bi bera kujit,ئەو دێ ب بەرا كوژیت
Stone,Future,We,We will stone,em dê  bi bera kujîn,ئەم دێ ب بەرا كوژین
Stone,Future,You (pl.),You will stone,hîn dê  bi bera kujin,ھین دێ ب بەرا كوژن
Stone,Future,They,They will stone,ew dê  bi bera kujin,ئەو دێ ب بەرا كوژن
Stop,Past,I,I stopped,ez rawestîyam,ئەز راوەستییام
Stop,Past,You,You stopped,tu rawestîyay,تو راوەستییای
Stop,Past,He/She,He/She stopped,ew rawestîya,ئەو راوەستییا
Stop,Past,We,We stopped,em rawestîyayn,ئەم راوەستییاین
Stop,Past,You (pl.),You stopped,hîn rawestîyan,ھین راوەستییان
Stop,Past,They,They stopped,ew rawestîyan,ئەو راوەستییان
Stop,Present,I,I stop,ez di rawestim,ئەز د راوەستم
Stop,Present,You,You stop,tu di rawestî,تو د راوەستی
Stop,Present,He/She,He/She stops,ew di rawestit,ئەو د راوەستیت
Stop,Present,We,We stop,em di rawestîn,ئەم د راوەستین
Stop,Present,You (pl.),You stop,hîn di rawestin,ھین د راوەستن
Stop,Present,They,They stop,ew di rawestin,ئەو د راوەستن
Stop,Future,I,I will stop,ez dê rawestim,ئەز دێ راوەستم
Stop,Future,You,You will stop,tu dê rawestî,تو دێ راوەستی
Stop,Future,He/She,He/She will stop,ew dê rawestit,ئەو دێ راوەستیت
Stop,Future,We,We will stop,em dê rawestîn,ئەم دێ راوەستین
Stop,Future,You (pl.),You will stop,hîn dê rawestin,ھین دێ راوەستن
Stop,Future,They,They will stop,ew dê rawestin,ئەو دێ راوەستن
Straighten,Past,I,I straightened,min  rast kir,من راست كر
Straighten,Past,You,You straightened,min  rast kir,من راست كر
Straighten,Past,He/She,He/She straightened,min  rast kir,من راست كر
Straighten,Past,We,We straightened,min  rast kir,من راست كر
Straighten,Past,You (pl.),You straightened,min  rast kir,من راست كر
Straighten,Past,They,They straightened,min  rast kir,من راست كر
Straighten,Present,I,I straighten,ez  rast di kem,ئەز راست د كەم
Straighten,Present,You,You straighten,tu  rast di key,تو راست د كەی
Straighten,Present,He/She,He/She straightens,ew  rast di ket,ئەو راست د كەت
Straighten,Present,We,We straighten,em  rast di keyn,ئەم راست د كەین
Straighten,Present,You (pl.),You straighten,hîn  rast di ken,ھین راست د كەن
Straighten,Present,They,They straighten,ew  rast di ken,ئەو راست د كەن
Straighten,Future,I,I will straighten,ez dê  rast kem,ئەز دێ راست كەم
Straighten,Future,You,You will straighten,tu dê  rast key,تو دێ راست كەی
Straighten,Future,He/She,He/She will straighten,ew dê  rast ket,ئەو دێ راست كەت
Straighten,Future,We,We will straighten,em dê  rast keyn,ئەم دێ راست كەین
Straighten,Future,You (pl.),You will straighten,hîn dê  rast ken,ھین دێ راست كەن
Straighten,Future,They,They will straighten,ew dê  rast ken,ئەو دێ راست كەن
Strangle,Past,I,I strangled, ez xendiqandim,ئەز خەندقاندم
Strangle,Past,You,You strangled, tu xendiqandî,تو خەندقاندی
Strangle,Past,He/She,He/She strangled, ew xendiqand,ئەو خەندقاند
Strangle,Past,We,We strangled, em xendiqandîn,ئەم خەندقاندین
Strangle,Past,You (pl.),You strangled, hîn xendiqandin,ھین خەندقاندن
Strangle,Past,They,They strangled, ew xendiqandin,ئەو خەندقاندن
Strangle,Present,I,I strangle,ez  di xendiqînim,ئەز د خەندقینم
Strangle,Present,You,You strangle,tu  di xendiqînî,تو د خەندقینی
Strangle,Present,He/She,He/She strangles,ew  di xendiqînit,ئەو د خەندقینیت
Strangle,Present,We,We strangle,em  di xendiqînîn,ئەم د خەندقینین
Strangle,Present,You (pl.),You strangle,hîn  di xendiqînin,ھین د خەندقینن
Strangle,Present,They,They strangle,ew  di xendiqînin,ئەو د خەندقینن
Strangle,Future,I,I will strangle,ez dê  xendiqînim,ئەز دێ خەندقینم
Strangle,Future,You,You will strangle,tu dê  xendiqînî,تو دێ خەندقینی
Strangle,Future,He/She,He/She will strangle,ew dê  xendiqînit,ئەو دێ خەندقینیت
Strangle,Future,We,We will strangle,em dê  xendiqînîn,ئەم دێ خەندقینین
Strangle,Future,You (pl.),You will strangle,hîn dê  xendiqînin,ھین دێ خەندقینن
Strangle,Future,They,They will strangle,ew dê  xendiqînin,ئەو دێ خەندقینن
Stretch,Past,I,I stretched,min  ji êk îna dar,من ژ ئێك ئینا دار
Stretch,Past,You,You stretched,te  ji êk îna dar,تە ژ ئێك ئینا دار
Stretch,Past,He/She,He/She stretched,ewî/ewê  ji êk îna dar,ئەوی/ئەوێ ژ ئێك ئینا دار
Stretch,Past,We,We stretched,me  ji êk îna dar,مە ژ ئێك ئینا دار
Stretch,Past,You (pl.),You stretched,hewe  ji êk îna dar,ھەوە ژ ئێك ئینا دار
Stretch,Past,They,They stretched,ewan  ji êk îna dar,ئەوان ژ ئێك ئینا دار
Stretch,Present,I,I stretch,ez  ji êk di înme dar,ئەز ژ ئێك د ئینمە دار
Stretch,Present,You,You stretch,tu  ji êk di înye dar,تو ژ ئێك د ئینیە دار
Stretch,Present,He/She,He/She stretchs,ew  ji êk di înte dar,ئەو ژ ئێك د ئینتە دار
Stretch,Present,We,We stretch,em  ji êk di înne dar,ئەم ژ ئێك د ئیننە دار
Stretch,Present,You (pl.),You stretch,hîn  ji êk di înne dar,ھین ژ ئێك د ئیننە دار
Stretch,Present,They,They stretch,ew  ji êk di înne dar,ئەو ژ ئێك د ئیننە دار
Stretch,Future,I,I will stretch,ez dê  ji êk înme dar,ئەز دێ ژ ئێك ئینمە دار
Stretch,Future,You,You will stretch,tu dê  ji êk înye dar,تو دێ ژ ئێك ئینیە دار
Stretch,Future,He/She,He/She will stretch,ew dê  ji êk înte dar,ئەو دێ ژ ئێك ئینتە دار
Stretch,Future,We,We will stretch,em dê  ji êk înne dar,ئەم دێ ژ ئێك ئیننە دار
Stretch,Future,You (pl.),You will stretch,hîn dê  ji êk înne dar,ھین دێ ژ ئێك ئیننە دار
Stretch,Future,They,They will stretch,ew dê  ji êk înne dar,ئەو دێ ژ ئێك ئیننە دار
Study,Past,I,I studied,min  xand,من خاند
Study,Past,You,You studied,te  xand,تە خاند
Study,Past,He/She,He/She studied,ewî/ewê  xand,ئەوی/ئەوێ خاند
Study,Past,We,We studied,me  xand,مە خاند
Study,Past,You (pl.),You studied,hewe  xand,ھەوە خاند
Study,Past,They,They studied,ewan  xand,ئەوان خاند
Study,Present,I,I study,ez  di xwînim,ئەز د خوینم
Study,Present,You,You study,tu  di xwînî,تو د خوینی
Study,Present,He/She,He/She studys,ew  di xwînit,ئەو د خوینیت
Study,Present,We,We study,em  di xwînîn,ئەم د خوینین
Study,Present,You (pl.),You study,hîn  di xwînin,ھین د خوینن
Study,Present,They,They study,ew  di xwînin,ئەو د خوینن
Study,Future,I,I will study,ez dê  xwînim,ئەز دێ خوینم
Study,Future,You,You will study,tu dê  xwînî,تو دێ خوینی
Study,Future,He/She,He/She will study,ew dê  xwînit,ئەو دێ خوینیت
Study,Future,We,We will study,em dê  xwînîn,ئەم دێ خوینین
Study,Future,You (pl.),You will study,hîn dê  xwînin,ھین دێ خوینن
Study,Future,They,They will study,ew dê  xwînin,ئەو دێ خوینن
Subtract,Past,I,I subtracted,min  ji êk bir,من ژ ئێك بر
Subtract,Past,You,You subtracted,te  ji êk bir,تە ژ ئێك بر
Subtract,Past,He/She,He/She subtracted,ewî/ewê  ji êk bir,ئەوی/ئەوێ ژ ئێك بر
Subtract,Past,We,We subtracted,me  ji êk bir,مە ژ ئێك بر
Subtract,Past,You (pl.),You subtracted,hewe  ji êk bir,ھەوە ژ ئێك بر
Subtract,Past,They,They subtracted,ewan  ji êk bir,ئەوان ژ ئێك بر
Subtract,Present,I,I subtract,ez  ji êk di bem,ئەز ژ ئێك د بەم
Subtract,Present,You,You subtract,tu  ji êk di bê,تو ژ ئێك د بێ
Subtract,Present,He/She,He/She subtracts,ew  ji êk di bet,ئەو ژ ئێك د بەت
Subtract,Present,We,We subtract,em  ji êk di bên,ئەم ژ ئێك د بێن
Subtract,Present,You (pl.),You subtract,hîn  ji êk di ben,ھین ژ ئێك د بەن
Subtract,Present,They,They subtract,ew  ji êk di ben,ئەو ژ ئێك د بەن
Subtract,Future,I,I will subtract,ez dê  ji êk bem,ئەز دێ ژ ئێك بەم
Subtract,Future,You,You will subtract,tu dê  ji êk bê,تو دێ ژ ئێك بێ
Subtract,Future,He/She,He/She will subtract,ew dê  ji êk bet,ئەو دێ ژ ئێك بەت
Subtract,Future,We,We will subtract,em dê  ji êk bên,ئەم دێ ژ ئێك بێن
Subtract,Future,You (pl.),You will subtract,hîn dê  ji êk ben,ھین دێ ژ ئێك بەن
Subtract,Future,They,They will subtract,ew dê  ji êk ben,ئەو دێ ژ ئێك بەن
Succeed,Past,I,I succeeded,ez serkeftim,ئەز سەركەفتم
Succeed,Past,You,You succeeded,tu serkeftî,تو سەركەفتی
Succeed,Past,He/She,He/She succeeded,ew serkeft,ئەو سەركەفت
Succeed,Past,We,We succeeded,em serkeftîn,ئەم سەركەفتین
Succeed,Past,You (pl.),You succeeded,hîn serkeftin,ھین سەركەفتن
Succeed,Past,They,They succeeded,ew serkeftin,ئەو سەركەفتن
Succeed,Present,I,I succeed,ez di serkevim,ئەز د سەركەڤم
Succeed,Present,You,You succeed,tu di serkevî,تو د سەركەڤی
Succeed,Present,He/She,He/She succeeds,ew di serkevit,ئەو د سەركەڤیت
Succeed,Present,We,We succeed,em di serkevîn,ئەم د سەركەڤین
Succeed,Present,You (pl.),You succeed,hîn di serkevin,ھین د سەركەڤن
Succeed,Present,They,They succeed,ew di serkevin,ئەو د سەركەڤن
Succeed,Future,I,I will succeed,ez dê serkevim,ئەز دێ سەركەڤم
Succeed,Future,You,You will succeed,tu dê serkevî,تو دێ سەركەڤی
Succeed,Future,He/She,He/She will succeed,ew dê serkevit,ئەو دێ سەركەڤیت
Succeed,Future,We,We will succeed,em dê serkevîn,ئەم دێ سەركەڤین
Succeed,Future,You (pl.),You will succeed,hîn dê serkevin,ھین دێ سەركەڤن
Succeed,Future,They,They will succeed,ew dê serkevin,ئەو دێ سەركەڤن
Suffocate,Past,I,I suffocated,ez xendiqîm,ئەز خەندقیم
Suffocate,Past,You,You suffocated,tu xendiqî,تو خەندقی
Suffocate,Past,He/She,He/She suffocated,ew xendiqî,ئەو خەندقی
Suffocate,Past,We,We suffocated,em xendiqîn,ئەم خەندقین
Suffocate,Past,You (pl.),You suffocated,hîn xendiqîn,ھین خەندقین
Suffocate,Past,They,They suffocated,ew xendiqîn,ئەو خەندقین
Suffocate,Present,I,I suffocate,ez di xendiqim,ئەز د خەندقم
Suffocate,Present,You,You suffocate,tu di xendiqî,تو د خەندقی
Suffocate,Present,He/She,He/She suffocates,ew di xendiqit,ئەو د خەندقیت
Suffocate,Present,We,We suffocate,em di xendiqîn,ئەم د خەندقین
Suffocate,Present,You (pl.),You suffocate,hîn di xendiqin,ھین د خەندقن
Suffocate,Present,They,They suffocate,ew di xendiqin,ئەو د خەندقن
Suffocate,Future,I,I will suffocate,ez dê xendiqim,ئەز دێ خەندقم
Suffocate,Future,You,You will suffocate,tu dê xendiqî,تو دێ خەندقی
Suffocate,Future,He/She,He/She will suffocate,ew dê xendiqit,ئەو دێ خەندقیت
Suffocate,Future,We,We will suffocate,em dê xendiqîn,ئەم دێ خەندقین
Suffocate,Future,You (pl.),You will suffocate,hîn dê xendiqin,ھین دێ خەندقن
Suffocate,Future,They,They will suffocate,ew dê xendiqin,ئەو دێ خەندقن
Support,Past,I,I supported,min  hîr kir,من ھیر كر
Support,Past,You,You supported,te  hîr kir,تە ھیر كر
Support,Past,He/She,He/She supported,ewî/ewê  hîr kir,ئەوی/ئەوێ ھیر كر
Support,Past,We,We supported,me  hîr kir,مە ھیر كر
Support,Past,You (pl.),You supported,hewe  hîr kir,ھەوە ھیر كر
Support,Past,They,They supported,ewan  hîr kir,ئەوان ھیر كر
Support,Present,I,I support,ez  hîr di kem,ئەز ھیر د كەم
Support,Present,You,You support,tu  hîr di key,تو ھیر د كەی
Support,Present,He/She,He/She supports,ew  hîr di ket,ئەو ھیر د كەت
Support,Present,We,We support,em  hîr di keyn,ئەم ھیر د كەین
Support,Present,You (pl.),You support,hîn  hîr di ken,ھین ھیر د كەن
Support,Present,They,They support,ew  hîr di kwn,ئەو ھیر د كون
Support,Future,I,I will support,ez dê  hîr kem,ئەز دێ ھیر كەم
Support,Future,You,You will support,tu dê  hîr key,تو دێ ھیر كەی
Support,Future,He/She,He/She will support,ew dê  hîr ket,ئەو دێ ھیر كەت
Support,Future,We,We will support,em dê  hîr keyn,ئەم دێ ھیر كەین
Support,Future,You (pl.),You will support,hîn dê  hîr ken,ھین دێ ھیر كەن
Support,Future,They,They will support,ew dê  hîr ken,ئەو دێ ھیر كەن
Surprise,Past,I,I surprised, ez bizdandim,ئەز بزداندم
Surprise,Past,You,You surprised, tu bizdandî,تو بزداندی
Surprise,Past,He/She,He/She surprised, ew bizdand,ئەو بزداند
Surprise,Past,We,We surprised, em bizdandîn,ئەم بزداندین
Surprise,Past,You (pl.),You surprised, hîn bizdandin,ھین بزداندن
Surprise,Past,They,They surprised, ew bizdandin,ئەو بزداندن
Surprise,Present,I,I surprise,ez  di bizdînim,ئەز د بزدینم
Surprise,Present,You,You surprise,tu  di bizdînî,تو د بزدینی
Surprise,Present,He/She,He/She surprises,ew  di bizdînit,ئەو د بزدینیت
Surprise,Present,We,We surprise,em  di bizdînîn,ئەم د بزدینین
Surprise,Present,You (pl.),You surprise,hîn  di bizdînin,ھین د بزدینن
Surprise,Present,They,They surprise,ew  di bizdînin,ئەو د بزدینن
Surprise,Future,I,I will surprise,ez dê  bizdînim,ئەز دێ بزدینم
Surprise,Future,You,You will surprise,tu dê  bizdînî,تو دێ بزدینی
Surprise,Future,He/She,He/She will surprise,ew dê  bizdînit,ئەو دێ بزدینیت
Surprise,Future,We,We will surprise,em dê  bizdînîn,ئەم دێ بزدینین
Surprise,Future,You (pl.),You will surprise,hîn dê  bizdînin,ھین دێ بزدینن
Surprise,Future,They,They will surprise,ew dê  bizdînin,ئەو دێ بزدینن
Surprise,Past,I,I surprised,min cirfek vi  kir,من جرفەك ڤ كر
Surprise,Past,You,You surprised,te cirfek vi  kir,تە جرفەك ڤ كر
Surprise,Past,He/She,He/She surprised,ewî/ewê cirfek vi  kir,ئەوی/ئەوێ جرفەك ڤ كر
Surprise,Past,We,We surprised,me cirfek vi  kir,مە جرفەك ڤ كر
Surprise,Past,You (pl.),You surprised,hewe cirfek vi  kir,ھەوە جرفەك ڤ كر
Surprise,Past,They,They surprised,ewan cirfek vi  kir,ئەوان جرفەك ڤ كر
Surprise,Present,I,I surprise,ez cirfek vi  di kem,ئەز جرفەك ڤ د كەم
Surprise,Present,You,You surprise,tu cirfek vi  di key,تو جرفەك ڤ د كەی
Surprise,Present,He/She,He/She surprises,ew cirfek vi  di ket,ئەو جرفەك ڤ د كەت
Surprise,Present,We,We surprise,em cirfek vi  di keyn,ئەم جرفەك ڤ د كەین
Surprise,Present,You (pl.),You surprise,hîn cirfek vi  di ken,ھین جرفەك ڤ د كەن
Surprise,Present,They,They surprise,ew cirfek vi  di ken,ئەو جرفەك ڤ د كەن
Surprise,Future,I,I will surprise,ez dê cirfek vi  kem,ئەز دێ جرفەك ڤ كەم
Surprise,Future,You,You will surprise,tu dê cirfek vi  key,تو دێ جرفەك ڤ كەی
Surprise,Future,He/She,He/She will surprise,ew dê cirfek vi  ket,ئەو دێ جرفەك ڤ كەت
Surprise,Future,We,We will surprise,em dê cirfek vi  keyn,ئەم دێ جرفەك ڤ كەین
Surprise,Future,You (pl.),You will surprise,hîn dê cirfek vi  ken,ھین دێ جرفەك ڤ كەن
Surprise,Future,They,They will surprise,ew dê cirfek vi  ken,ئەو دێ جرفەك ڤ كەن
Surrender,Past,I,I surrendered,min xo teslîm kir,من خو تەسلیم كر
Surrender,Past,You,You surrendered,te xo teslîm kir,تە خو تەسلیم كر
Surrender,Past,He/She,He/She surrendered,ewî/ewê xo teslîm kir,ئەوی/ئەوێ خو تەسلیم كر
Surrender,Past,We,We surrendered,me xo teslîm kir,مە خو تەسلیم كر
Surrender,Past,You (pl.),You surrendered,hewe xo teslîm kir,ھەوە خو تەسلیم كر
Surrender,Past,They,They surrendered,ewan xo teslîm kir,ئەوان خو تەسلیم كر
Surrender,Present,I,I surrender,ez xo teslîm di kem,ئەز خو تەسلیم د كەم
Surrender,Present,You,You surrender,tu xo teslîm di key,تو خو تەسلیم د كەی
Surrender,Present,He/She,He/She surrenders,ew xo teslîm di ket,ئەو خو تەسلیم د كەت
Surrender,Present,We,We surrender,em xo teslîm di keyn,ئەم خو تەسلیم د كەین
Surrender,Present,You (pl.),You surrender,hîn xo teslîm di ken,ھین خو تەسلیم د كەن
Surrender,Present,They,They surrender,ew xo teslîm di ken,ئەو خو تەسلیم د كەن
Surrender,Future,I,I will surrender,ez dê xo teslîm kem,ئەز دێ خو تەسلیم كەم
Surrender,Future,You,You will surrender,tu dê xo teslîm key,تو دێ خو تەسلیم كەی
Surrender,Future,He/She,He/She will surrender,ew dê xo teslîm ket,ئەو دێ خو تەسلیم كەت
Surrender,Future,We,We will surrender,em dê xo teslîm keyn,ئەم دێ خو تەسلیم كەین
Surrender,Future,You (pl.),You will surrender,hîn dê xo teslîm ken,ھین دێ خو تەسلیم كەن
Surrender,Future,They,They will surrender,ew dê xo teslîm ken,ئەو دێ خو تەسلیم كەن
Swear,Past,I,I swore,min (bu OW) sînd xar,من سیند خار
Swear,Past,You,You swore,te (bu OW) sînd xar,تە سیند خار
Swear,Past,He/She,He/She swore,ewî/ewê (bu OW) sînd xar,ئەوی/ئەوێ سیند خار
Swear,Past,We,We swore,me (bu OW) sînd xar,مە سیند خار
Swear,Past,You (pl.),You swore,hewe (bu OW) sînd xar,ھەوە سیند خار
Swear,Past,They,They swore,ewan (bu OW) sînd xar,ئەوان سیند خار
Swear,Present,I,I swear,ez (bu OW) sînd di xom,ئەز سیند د خوم
Swear,Present,You,You swear,tu (bu OW) sînd di xoî,تو سیند د خوی
Swear,Present,He/She,He/She swears,ew (bu OW) sînd di xot,ئەو سیند د خوت
Swear,Present,We,We swear,em (bu OW) sînd di xoîn,ئەم سیند د خوین
Swear,Present,You (pl.),You swear,hîn (bu OW) sînd di xon,ھین سیند د خون
Swear,Present,They,They swear,ew (bu OW) sînd di xon,ئەو سیند د خون
Swear,Future,I,I will swear,ez dê (bu OW) sînd xom,ئەز دێ سیند خوم
Swear,Future,You,You will swear,tu dê (bu OW) sînd xoî,تو دێ سیند خوی
Swear,Future,He/She,He/She will swear,ew dê (bu OW) sînd xot,ئەو دێ سیند خوت
Swear,Future,We,We will swear,em dê (bu OW) sînd xoîn,ئەم دێ سیند خوین
Swear,Future,You (pl.),You will swear,hîn dê (bu OW) sînd xon,ھین دێ سیند خون
Swear,Future,They,They will swear,ew dê (bu OW) sînd xon,ئەو دێ سیند خون
Sweep,Past,I,I swept,min  malî,من مالی
Sweep,Past,You,You swept,te  malî,تە مالی
Sweep,Past,He/She,He/She swept,ewî/ewê  malî,ئەوی/ئەوێ مالی
Sweep,Past,We,We swept,me  malî,مە مالی
Sweep,Past,You (pl.),You swept,hewe  malî,ھەوە مالی
Sweep,Past,They,They swept,ewan  malî,ئەوان مالی
Sweep,Present,I,I sweep,ez  di malim,ئەز د مالم
Sweep,Present,You,You sweep,tu  di malî,تو د مالی
Sweep,Present,He/She,He/She sweeps,ew  di malit,ئەو د مالیت
Sweep,Present,We,We sweep,em  di malîn,ئەم د مالین
Sweep,Present,You (pl.),You sweep,hîn  di malin,ھین د مالن
Sweep,Present,They,They sweep,ew  di malin,ئەو د مالن
Sweep,Future,I,I will sweep,ez dê  malim,ئەز دێ مالم
Sweep,Future,You,You will sweep,tu dê  malî,تو دێ مالی
Sweep,Future,He/She,He/She will sweep,ew dê  malit,ئەو دێ مالیت
Sweep,Future,We,We will sweep,em dê  malîn,ئەم دێ مالین
Sweep,Future,You (pl.),You will sweep,hîn dê  malin,ھین دێ مالن
Sweep,Future,They,They will sweep,ew dê  malin,ئەو دێ مالن
Swim,Past,I,I swam,min melevanî kir,من مەلەڤانی كر
Swim,Past,You,You swam,te melevanî kir,تە مەلەڤانی كر
Swim,Past,He/She,He/She swam,ewî/ewê melevanî kir,ئەوی/ئەوێ مەلەڤانی كر
Swim,Past,We,We swam,me  melevanî kir,مە  مەلەڤانی كر
Swim,Past,You (pl.),You swam,hewe melevanî kir,ھەوە مەلەڤانی كر
Swim,Past,They,They swam,ewan melevanî kir,ئەوان مەلەڤانی كر
Swim,Present,I,I swim,ez melevanîya di kem,ئەز مەلەڤانییا د كەم
Swim,Present,You,You swim,tu melevanîya di key,تو مەلەڤانییا د كەی
Swim,Present,He/She,He/She swims,ew melevanîya di ket,ئەو مەلەڤانییا د كەت
Swim,Present,We,We swim,em melevanîya di keyn,ئەم مەلەڤانییا د كەین
Swim,Present,You (pl.),You swim,hîn melevanîya di ken,ھین مەلەڤانییا د كەن
Swim,Present,They,They swim,ew melevanîya di ken,ئەو مەلەڤانییا د كەن
Swim,Future,I,I will swim,ez dê melevanîya kem,ئەز دێ مەلەڤانییا كەم
Swim,Future,You,You will swim,tu dê melevanîya key,تو دێ مەلەڤانییا كەی
Swim,Future,He/She,He/She will swim,ew dê melevanîya ket,ئەو دێ مەلەڤانییا كەت
Swim,Future,We,We will swim,em dê melevanîya keyn,ئەم دێ مەلەڤانییا كەین
Swim,Future,You (pl.),You will swim,hîn dê melevanîya ken,ھین دێ مەلەڤانییا كەن
Swim,Future,They,They will swim,ew dê melevanîya ken,ئەو دێ مەلەڤانییا كەن
Take,Past,I,I took, ez birim,ئەز برم
Take,Past,You,You took, tu birî,تو بری
Take,Past,He/She,He/She took, ew bir,ئەو بر
Take,Past,We,We took, em birîn,ئەم برین
Take,Past,You (pl.),You took, hîn birin,ھین برن
Take,Past,They,They took, ew birin,ئەو برن
Take,Present,I,I take,ez di bem(e OW),ئەز د بەم
Take,Present,You,You take,tu di bê(ye OW),تو د بێ
Take,Present,He/She,He/She takes,ew di bet(e OW),ئەو د بەت
Take,Present,We,We take,em di bên(e OW),ئەم د بێن
Take,Present,You (pl.),You take,hîn di ben(e OW),ھین د بەن
Take,Present,They,They take,ew di ben(e OW),ئەو د بەن
Take,Future,I,I will take,ez dê bem(e OW),ئەز دێ بەم
Take,Future,You,You will take,tu dê bê(ye OW),تو دێ بێ
Take,Future,He/She,He/She will take,ew dê bet(e OW),ئەو دێ بەت
Take,Future,We,We will take,em dê bên(e OW),ئەم دێ بێن
Take,Future,You (pl.),You will take,hîn dê ben(e OW),ھین دێ بەن
Take,Future,They,They will take,ew dê ben(e OW),ئەو دێ بەن
Take A Shower,Past,I,I took a shower,min sêrê xo şişt,من سێرێ خو ششت
Take A Shower,Past,You,You took a shower,te sêrê xo şişt,تە سێرێ خو ششت
Take A Shower,Past,He/She,He/She took a shower,ewî/ewê sêrê xo şişt,ئەوی/ئەوێ سێرێ خو ششت
Take A Shower,Past,We,We took a shower,me sêrê xo şişt,مە سێرێ خو ششت
Take A Shower,Past,You (pl.),You took a shower,hewe sêrê xo şişt,ھەوە سێرێ خو ششت
Take A Shower,Past,They,They took a shower,ewan sêrê xo şişt,ئەوان سێرێ خو ششت
Take A Shower,Present,I,I take a shower,ez sêrê xo di şum,ئەز سێرێ خو د شوم
Take A Shower,Present,You,You take a shower,tu sêrê xo di şuî,تو سێرێ خو د شوی
Take A Shower,Present,He/She,He/She takes a shower,ew sêrê xo di şut,ئەو سێرێ خو د شوت
Take A Shower,Present,We,We take a shower,em sêrê xo di şuîn,ئەم سێرێ خو د شوین
Take A Shower,Present,You (pl.),You take a shower,hîn sêrê xo di şun,ھین سێرێ خو د شون
Take A Shower,Present,They,They take a shower,ew sêrê xo di şun,ئەو سێرێ خو د شون
Take A Shower,Future,I,I will take a shower,ez dê sêrê xo şum,ئەز دێ سێرێ خو شوم
Take A Shower,Future,You,You will take a shower,tu dê sêrê xo şuî,تو دێ سێرێ خو شوی
Take A Shower,Future,He/She,He/She will take a shower,ew dê sêrê xo şut,ئەو دێ سێرێ خو شوت
Take A Shower,Future,We,We will take a shower,em dê sêrê xo şuîn,ئەم دێ سێرێ خو شوین
Take A Shower,Future,You (pl.),You will take a shower,hîn dê sêrê xo şun,ھین دێ سێرێ خو شون
Take A Shower,Future,They,They will take a shower,ew dê sêrê xo şun,ئەو دێ سێرێ خو شون
Take BP,Past,I,I took BP,min zexta  girt,من زەختا گرت
Take BP,Past,You,You took BP,te zexta  girt,تە زەختا گرت
Take BP,Past,He/She,He/She took BP,ewî/ewê zexta  girt,ئەوی/ئەوێ زەختا گرت
Take BP,Past,We,We took BP,me zexta  girt,مە زەختا گرت
Take BP,Past,You (pl.),You took BP,hewe zexta  girt,ھەوە زەختا گرت
Take BP,Past,They,They took BP,ewan zexta  girt,ئەوان زەختا گرت
Take BP,Present,I,I take BP,ez zexta  di girim,ئەز زەختا د گرم
Take BP,Present,You,You take BP,tu zexta  di girî,تو زەختا د گری
Take BP,Present,He/She,He/She takes BP,ew zexta  di girit,ئەو زەختا د گریت
Take BP,Present,We,We take BP,em zexta  di girîn,ئەم زەختا د گرین
Take BP,Present,You (pl.),You take BP,hîn zexta  di girin,ھین زەختا د گرن
Take BP,Present,They,They take BP,ew zexta  di girin,ئەو زەختا د گرن
Take BP,Future,I,I will take BP,ez dê zexta  girim,ئەز دێ زەختا گرم
Take BP,Future,You,You will take BP,tu dê zexta  girî,تو دێ زەختا گری
Take BP,Future,He/She,He/She will take BP,ew dê zexta  girit,ئەو دێ زەختا گریت
Take BP,Future,We,We will take BP,em dê zexta  girîn,ئەم دێ زەختا گرین
Take BP,Future,You (pl.),You will take BP,hîn dê zexta  girin,ھین دێ زەختا گرن
Take BP,Future,They,They will take BP,ew dê zexta  girin,ئەو دێ زەختا گرن
Take Out,Past,I,I took out, ez derêxistim,ئەز دەرێخستم
Take Out,Past,You,You took out, tu derêxistî,تو دەرێخستی
Take Out,Past,He/She,He/She took out, ew derêxist,ئەو دەرێخست
Take Out,Past,We,We took out, em derêxistîn,ئەم دەرێخستین
Take Out,Past,You (pl.),You took out, hîn derêxistin,ھین دەرێخستن
Take Out,Past,They,They took out, ew derêxistin,ئەو دەرێخستن
Take Out,Present,I,I take out,ez  di derêxim,ئەز د دەرێخم
Take Out,Present,You,You take out,tu  di derêxî,تو د دەرێخی
Take Out,Present,He/She,He/She takes out,ew  di derêxit,ئەو د دەرێخیت
Take Out,Present,We,We take out,em  di derêxîn,ئەم د دەرێخین
Take Out,Present,You (pl.),You take out,hîn  di derêxin,ھین د دەرێخن
Take Out,Present,They,They take out,ew  di derêxin,ئەو د دەرێخن
Take Out,Future,I,I will take out,ez dê  derêxim,ئەز دێ دەرێخم
Take Out,Future,You,You will take out,tu dê  derêxî,تو دێ دەرێخی
Take Out,Future,He/She,He/She will take out,ew dê  derêxit,ئەو دێ دەرێخیت
Take Out,Future,We,We will take out,em dê  derêxîn,ئەم دێ دەرێخین
Take Out,Future,You (pl.),You will take out,hîn dê  derêxin,ھین دێ دەرێخن
Take Out,Future,They,They will take out,ew dê  derêxin,ئەو دێ دەرێخن
Take Temp,Past,I,I took temperature,min ḧerareta  girt,من حەرارەتا گرت
Take Temp,Past,You,You took temperature,te ḧerareta  girt,تە حەرارەتا گرت
Take Temp,Past,He/She,He/She took temperature,ewî/ewê ḧerareta  girt,ئەوی/ئەوێ حەرارەتا گرت
Take Temp,Past,We,We took temperature,me ḧerareta  girt,مە حەرارەتا گرت
Take Temp,Past,You (pl.),You took temperature,hewe ḧerareta  girt,ھەوە حەرارەتا گرت
Take Temp,Past,They,They took temperature,ewan ḧerareta  girt,ئەوان حەرارەتا گرت
Take Temp,Present,I,I take temperature,ez ḧerareta  di girim,ئەز حەرارەتا د گرم
Take Temp,Present,You,You take temperature,tu ḧerareta  di girî,تو حەرارەتا د گری
Take Temp,Present,He/She,He/She takes temperature,ew ḧerareta  di girit,ئەو حەرارەتا د گریت
Take Temp,Present,We,We take temperature,em ḧerareta  di girîn,ئەم حەرارەتا د گرین
Take Temp,Present,You (pl.),You take temperature,hîn ḧerareta  di girin,ھین حەرارەتا د گرن
Take Temp,Present,They,They take temperature,ew ḧerareta  di girin,ئەو حەرارەتا د گرن
Take Temp,Future,I,I will take temperature,ez dê ḧerareta  girim,ئەز دێ حەرارەتا گرم
Take Temp,Future,You,You will take temperature,tu dê ḧerareta  girî,تو دێ حەرارەتا گری
Take Temp,Future,He/She,He/She will take temperature,ew dê ḧerareta  girit,ئەو دێ حەرارەتا گریت
Take Temp,Future,We,We will take temperature,em dê ḧerareta  girîn,ئەم دێ حەرارەتا گرین
Take Temp,Future,You (pl.),You will take temperature,hîn dê ḧerareta  girin,ھین دێ حەرارەتا گرن
Take Temp,Future,They,They will take temperature,ew dê ḧerareta  girin,ئەو دێ حەرارەتا گرن
Take The Ball,Past,I,I took the ball,min tepe ji  stand,من تەپە ژ ستاند
Take The Ball,Past,You,You took the ball,te tepe ji  stand,تە تەپە ژ ستاند
Take The Ball,Past,He/She,He/She took the ball,ewî/ewê tepe ji  stand,ئەوی/ئەوێ تەپە ژ ستاند
Take The Ball,Past,We,We took the ball,me tepe ji  stand,مە تەپە ژ ستاند
Take The Ball,Past,You (pl.),You took the ball,hewe tepe ji  stand,ھەوە تەپە ژ ستاند
Take The Ball,Past,They,They took the ball,ewan tepe ji  stand,ئەوان تەپە ژ ستاند
Take The Ball,Present,I,I take the ball,ez tepê ji  di stînim,ئەز تەپێ ژ د ستینم
Take The Ball,Present,You,You take the ball,tu tepê ji  di stînî,تو تەپێ ژ د ستینی
Take The Ball,Present,He/She,He/She takes the ball,ew tepê ji  di stînit,ئەو تەپێ ژ د ستینیت
Take The Ball,Present,We,We take the ball,em tepê ji  di stînîn,ئەم تەپێ ژ د ستینین
Take The Ball,Present,You (pl.),You take the ball,hîn tepê ji  di stînin,ھین تەپێ ژ د ستینن
Take The Ball,Present,They,They take the ball,ew tepê ji  di stînin,ئەو تەپێ ژ د ستینن
Take The Ball,Future,I,I will take the ball,ez dê tepê ji  stînim,ئەز دێ تەپێ ژ ستینم
Take The Ball,Future,You,You will take the ball,tu dê tepê ji  stînî,تو دێ تەپێ ژ ستینی
Take The Ball,Future,He/She,He/She will take the ball,ew dê tepê ji  stînit,ئەو دێ تەپێ ژ ستینیت
Take The Ball,Future,We,We will take the ball,em dê tepê ji  stînîn,ئەم دێ تەپێ ژ ستینین
Take The Ball,Future,You (pl.),You will take the ball,hîn dê tepê ji  stînin,ھین دێ تەپێ ژ ستینن
Take The Ball,Future,They,They will take the ball,ew dê tepê ji  stînin,ئەو دێ تەپێ ژ ستینن
Take With Hand,Past,I,I took, ez (ji OW) standim,ئەز ستاندم
Take With Hand,Past,You,You took, tu (ji OW) standî,تو ستاندی
Take With Hand,Past,He/She,He/She took, ew (ji OW) stand,ئەو ستاند
Take With Hand,Past,We,We took, em (ji OW) standîn,ئەم ستاندین
Take With Hand,Past,You (pl.),You took, hîn (ji OW) standin,ھین ستاندن
Take With Hand,Past,They,They took, ew (ji OW) standin,ئەو ستاندن
Take With Hand,Present,I,I take,ez  (ji OW) di stînim,ئەز د ستینم
Take With Hand,Present,You,You take,tu  (ji OW) di stînî,تو د ستینی
Take With Hand,Present,He/She,He/She takes,ew  (ji OW) di stînit,ئەو د ستینیت
Take With Hand,Present,We,We take,em  (ji OW) di stînîn,ئەم د ستینین
Take With Hand,Present,You (pl.),You take,hîn  (ji OW) di stînin,ھین د ستینن
Take With Hand,Present,They,They take,ew  (ji OW) di stînin,ئەو د ستینن
Take With Hand,Future,I,I will take,ez dê  (ji OW) stînim,ئەز دێ ستینم
Take With Hand,Future,You,You will take,tu dê  (ji OW) stînî,تو دێ ستینی
Take With Hand,Future,He/She,He/She will take,ew dê  (ji OW) stînit,ئەو دێ ستینیت
Take With Hand,Future,We,We will take,em dê  (ji OW) stînîn,ئەم دێ ستینین
Take With Hand,Future,You (pl.),You will take,hîn dê  (ji OW) stînin,ھین دێ ستینن
Take With Hand,Future,They,They will take,ew dê  (ji OW) stînin,ئەو دێ ستینن
Talk,Past,I,I talked,min (di gel OW) axift,من ئاخفت
Talk,Past,You,You talked,te (di gel OW) axift,تە ئاخفت
Talk,Past,He/She,He/She talked,ewî/ewê (di gel OW) axift,ئەوی/ئەوێ ئاخفت
Talk,Past,We,We talked,me (di gel OW) axift,مە ئاخفت
Talk,Past,You (pl.),You talked,hewe (di gel OW) axift,ھەوە ئاخفت
Talk,Past,They,They talked,ewan (di gel OW) axift,ئەوان ئاخفت
Talk,Present,I,I talk,ez (di gel OW) di axivim,ئەز د ئاخڤم
Talk,Present,You,You talk,tu (di gel OW) di axivî,تو د ئاخڤی
Talk,Present,He/She,He/She talks,ew (di gel OW) di axivit,ئەو د ئاخڤیت
Talk,Present,We,We talk,em (di gel OW) di axivîn,ئەم د ئاخڤین
Talk,Present,You (pl.),You talk,hîn (di gel OW) di axivin,ھین د ئاخڤن
Talk,Present,They,They talk,ew (di gel OW) di axivin,ئەو د ئاخڤن
Talk,Future,I,I will talk,ez dê (di gel OW) axivim,ئەز دێ ئاخڤم
Talk,Future,You,You will talk,tu dê (di gel OW) axivî,تو دێ ئاخڤی
Talk,Future,He/She,He/She will talk,ew dê (di gel OW) axivit,ئەو دێ ئاخڤیت
Talk,Future,We,We will talk,em dê (di gel OW) axivîn,ئەم دێ ئاخڤین
Talk,Future,You (pl.),You will talk,hîn dê (di gel OW) axivin,ھین دێ ئاخڤن
Talk,Future,They,They will talk,ew dê (di gel OW) axivin,ئەو دێ ئاخڤن
Teach,Past,I,I taught,min nîşa  da,من نیشا دا
Teach,Past,You,You  taught,te nîşa  da,تە نیشا دا
Teach,Past,He/She,He/She  taught,ewî/ewê nîşa  da,ئەوی/ئەوێ نیشا دا
Teach,Past,We,We  taught,me nîşa  da,مە نیشا دا
Teach,Past,You (pl.),You  taught,hewe nîşa  da,ھەوە نیشا دا
Teach,Past,They,They  taught,ewan nîşa  da,ئەوان نیشا دا
Teach,Present,I,I teach,ez nîşa  di dem,ئەز نیشا د دەم
Teach,Present,You,You teach,tu nîşa  di dey,تو نیشا د دەی
Teach,Present,He/She,He/She teaches,ew nîşa  di det,ئەو نیشا د دەت
Teach,Present,We,We teach,em nîşa  di deyn,ئەم نیشا د دەین
Teach,Present,You (pl.),You teach,hîn nîşa  di den,ھین نیشا د دەن
Teach,Present,They,They teach,ew nîşa  di den,ئەو نیشا د دەن
Teach,Future,I,I will teach,ez dê nîşa  dem,ئەز دێ نیشا دەم
Teach,Future,You,You will teach,tu dê nîşa  dey,تو دێ نیشا دەی
Teach,Future,He/She,He/She will teach,ew dê nîşa  det,ئەو دێ نیشا دەت
Teach,Future,We,We will teach,em dê nîşa  deyn,ئەم دێ نیشا دەین
Teach,Future,You (pl.),You will teach,hîn dê nîşa  den,ھین دێ نیشا دەن
Teach,Future,They,They will teach,ew dê nîşa  den,ئەو دێ نیشا دەن
Tend,Past,I,I tended,min çavê xo da ,من چاڤێ خو دا
Tend,Past,You,You tended,te çavê xo da ,تە چاڤێ خو دا
Tend,Past,He/She,He/She tended,ewî/ewê çavê xo da ,ئەوی/ئەوێ چاڤێ خو دا
Tend,Past,We,We tended,me çavê xo da ,مە چاڤێ خو دا
Tend,Past,You (pl.),You tended,hewe çavê xo da ,ھەوە چاڤێ خو دا
Tend,Past,They,They tended,ewan çavê xo da ,ئەوان چاڤێ خو دا
Tend,Present,I,I tend,ez çavê xo di dem(e OW),ئەز چاڤێ خو د دەم
Tend,Present,You,You tend,tu çavê xo di dey(e OW),تو چاڤێ خو د دەی
Tend,Present,He/She,He/She tends,ew çavê xo di det(e OW),ئەو چاڤێ خو د دەت
Tend,Present,We,We tend,em çavê xo di deyn(e OW),ئەم چاڤێ خو د دەین
Tend,Present,You (pl.),You tend,hîn çavê xo di den(e OW),ھین چاڤێ خو د دەن
Tend,Present,They,They tend,ew çavê xo di den(e OW),ئەو چاڤێ خو د دەن
Tend,Future,I,I will tend,ez dê çavê xo dem(e OW),ئەز دێ چاڤێ خو دەم
Tend,Future,You,You will tend,tu dê çavê xo dey(e OW),تو دێ چاڤێ خو دەی
Tend,Future,He/She,He/She will tend,ew dê çavê xo det(e OW),ئەو دێ چاڤێ خو دەت
Tend,Future,We,We will tend,em dê çavê xo deyn(e OW),ئەم دێ چاڤێ خو دەین
Tend,Future,You (pl.),You will tend,hîn dê çavê xo den(e OW),ھین دێ چاڤێ خو دەن
Tend,Future,They,They will tend,ew dê çavê xo den(e OW),ئەو دێ چاڤێ خو دەن
Test,Past,I,I tested,min  test kir,من تەست كر
Test,Past,You,You tested,te  test kir,تە تەست كر
Test,Past,He/She,He/She tested,ewî/ewê  test kir,ئەوی/ئەوێ تەست كر
Test,Past,We,We tested,me  test kir,مە تەست كر
Test,Past,You (pl.),You tested,hewe  test kir,ھەوە تەست كر
Test,Past,They,They tested,ewan  test kir,ئەوان تەست كر
Test,Present,I,I test,ez  test di kem,ئەز تەست د كەم
Test,Present,You,You test,tu  test di key,تو تەست د كەی
Test,Present,He/She,He/She tests,ew  test di ket,ئەو تەست د كەت
Test,Present,We,We test,em  test di keyn,ئەم تەست د كەین
Test,Present,You (pl.),You test,hîn  test di ken,ھین تەست د كەن
Test,Present,They,They test,ew  test di ken,ئەو تەست د كەن
Test,Future,I,I will test,ez dê  test kem,ئەز دێ تەست كەم
Test,Future,You,You will test,tu dê  test key,تو دێ تەست كەی
Test,Future,He/She,He/She will test,ew dê  test ket,ئەو دێ تەست كەت
Test,Future,We,We will test,em dê  test keyn,ئەم دێ تەست كەین
Test,Future,You (pl.),You will test,hîn dê  test ken,ھین دێ تەست كەن
Test,Future,They,They will test,ew dê  test ken,ئەو دێ تەست كەن
Thank,Past,I,I thanked,min supasîya  kir,من سوپاسییا كر
Thank,Past,You,You thanked,te supasîya  kir,تە سوپاسییا كر
Thank,Past,He/She,He/She thanked,ewî/ewê supasîya  kir,ئەوی/ئەوێ سوپاسییا كر
Thank,Past,We,We thanked,me supasîya  kir,مە سوپاسییا كر
Thank,Past,You (pl.),You thanked,hewe supasîya  kir,ھەوە سوپاسییا كر
Thank,Past,They,They thanked,ewan supasîya  kir,ئەوان سوپاسییا كر
Thank,Present,I,I thank,ez supasîyê  di kem,ئەز سوپاسییێ د كەم
Thank,Present,You,You thank,tu supasîyê  di key,تو سوپاسییێ د كەی
Thank,Present,He/She,He/She thanks,ew supasîyê  di ket,ئەو سوپاسییێ د كەت
Thank,Present,We,We thank,em supasîyê  di keyn,ئەم سوپاسییێ د كەین
Thank,Present,You (pl.),You thank,hîn supasîyê  di ken,ھین سوپاسییێ د كەن
Thank,Present,They,They thank,ew supasîyê  di ken,ئەو سوپاسییێ د كەن
Thank,Future,I,I will thank,ez dê supasîyê  kem,ئەز دێ سوپاسییێ كەم
Thank,Future,You,You will thank,tu dê supasîyê  key,تو دێ سوپاسییێ كەی
Thank,Future,He/She,He/She will thank,ew dê supasîyê  ket,ئەو دێ سوپاسییێ كەت
Thank,Future,We,We will thank,em dê supasîyê  keyn,ئەم دێ سوپاسییێ كەین
Thank,Future,You (pl.),You will thank,hîn dê supasîyê  ken,ھین دێ سوپاسییێ كەن
Thank,Future,They,They will thank,ew dê supasîyê  ken,ئەو دێ سوپاسییێ كەن
Think About,Past,I,I thought about,min hizra  kir,من ھزرا كر
Think About,Past,You,You thought about,te hizra  kir,تە ھزرا كر
Think About,Past,He/She,He/She thought about,ewî/ewê hizra  kir,ئەوی/ئەوێ ھزرا كر
Think About,Past,We,We thought about,me hizra  kir,مە ھزرا كر
Think About,Past,You (pl.),You thought about,hewe hizra  kir,ھەوە ھزرا كر
Think About,Past,They,They thought about,ewan hizra  kir,ئەوان ھزرا كر
Think About,Present,I,I think about,ez hizra  di kem,ئەز ھزرا د كەم
Think About,Present,You,You think about,tu hizra  di key,تو ھزرا د كەی
Think About,Present,He/She,He/She thinks about,ew hizra  di ket,ئەو ھزرا د كەت
Think About,Present,We,We think about,em hizra  di keyn,ئەم ھزرا د كەین
Think About,Present,You (pl.),You think about,hîn hizra  di ken,ھین ھزرا د كەن
Think About,Present,They,They think about,ew hizra  di ken,ئەو ھزرا د كەن
Think About,Future,I,I will think about,ez dê hizra  kem,ئەز دێ ھزرا كەم
Think About,Future,You,You will think about,tu dê hizra  key,تو دێ ھزرا كەی
Think About,Future,He/She,He/She will think about,ew dê hizra  ket,ئەو دێ ھزرا كەت
Think About,Future,We,We will think about,em dê hizra  keyn,ئەم دێ ھزرا كەین
Think About,Future,You (pl.),You will think about,hîn dê hizra  ken,ھین دێ ھزرا كەن
Think About,Future,They,They will think about,ew dê hizra  ken,ئەو دێ ھزرا كەن
Threaten,Past,I,I threatened,min tehdîd kirin,من تەھدید كرن
Threaten,Past,You,You threatened,te tehdîd kirin,تە تەھدید كرن
Threaten,Past,He/She,He/She threatened,ewî/ewê tehdîd kirin,ئەوی/ئەوێ تەھدید كرن
Threaten,Past,We,We threatened,me tehdîd kirin,مە تەھدید كرن
Threaten,Past,You (pl.),You threatened,hewe tehdîd kirin,ھەوە تەھدید كرن
Threaten,Past,They,They threatened,ewan tehdîd kirin,ئەوان تەھدید كرن
Threaten,Present,I,I threaten,ez tehdîda di kem,ئەز تەھدیدا د كەم
Threaten,Present,You,You threaten,tu tehdîda di key,تو تەھدیدا د كەی
Threaten,Present,He/She,He/She threatens,ew tehdîda di ket,ئەو تەھدیدا د كەت
Threaten,Present,We,We threaten,em tehdîda di keyn,ئەم تەھدیدا د كەین
Threaten,Present,You (pl.),You threaten,hîn tehdîda di ken,ھین تەھدیدا د كەن
Threaten,Present,They,They threaten,ew tehdîda di ken,ئەو تەھدیدا د كەن
Threaten,Future,I,I will threaten,ez dê tehdîda kem,ئەز دێ تەھدیدا كەم
Threaten,Future,You,You will threaten,tu dê tehdîda key,تو دێ تەھدیدا كەی
Threaten,Future,He/She,He/She will threaten,ew dê tehdîda ket,ئەو دێ تەھدیدا كەت
Threaten,Future,We,We will threaten,em dê tehdîda keyn,ئەم دێ تەھدیدا كەین
Threaten,Future,You (pl.),You will threaten,hîn dê tehdîda ken,ھین دێ تەھدیدا كەن
Threaten,Future,They,They will threaten,ew dê tehdîda ken,ئەو دێ تەھدیدا كەن
Throw,Past,I,I threw,min  havêt,من ھاڤێت
Throw,Past,You,You threw,te  havêt,تە ھاڤێت
Throw,Past,He/She,He/She threw,ewî/ewê  havêt,ئەوی/ئەوێ ھاڤێت
Throw,Past,We,We threw,me  havêt,مە ھاڤێت
Throw,Past,You (pl.),You threw,hewe  havêt,ھەوە ھاڤێت
Throw,Past,They,They threw,ewan  havêt,ئەوان ھاڤێت
Throw,Present,I,I throw,ez  di havêjim,ئەز د ھاڤێژم
Throw,Present,You,You throw,tu  di havêjî,تو د ھاڤێژی
Throw,Present,He/She,He/She throws,ew  di havêjit,ئەو د ھاڤێژیت
Throw,Present,We,We throw,em  di havêjîn,ئەم د ھاڤێژین
Throw,Present,You (pl.),You throw,hîn  di havêjin,ھین د ھاڤێژن
Throw,Present,They,They throw,ew  di havêjin,ئەو د ھاڤێژن
Throw,Future,I,I will throw,ez dê  havêjim,ئەز دێ ھاڤێژم
Throw,Future,You,You will throw,tu dê  havêjî,تو دێ ھاڤێژی
Throw,Future,He/She,He/She will throw,ew dê  havêjit,ئەو دێ ھاڤێژیت
Throw,Future,We,We will throw,em dê  havêjîn,ئەم دێ ھاڤێژین
Throw,Future,You (pl.),You will throw,hîn dê  havêjin,ھین دێ ھاڤێژن
Throw,Future,They,They will throw,ew dê  havêjin,ئەو دێ ھاڤێژن
Tighten,Past,I,I tightened,&lt;Not Used&gt;,نە
Tighten,Past,You,You tightened,&lt;Not Used&gt;,نە
Tighten,Past,He/She,He/She tightened, ew şidand,ئەو شداند
Tighten,Past,We,We tightened,&lt;Not Used&gt;,نە
Tighten,Past,You (pl.),You tightened,&lt;Not Used&gt;,نە
Tighten,Past,They,They tightened, ew şidandin,ئەو شداندن
Tighten,Present,I,I tighten,ez  di şidînim,ئەز د شدینم
Tighten,Present,You,You tighten,tu  di şidînî,تو د شدینی
Tighten,Present,He/She,He/She tightens,ew  di şidînit,ئەو د شدینیت
Tighten,Present,We,We tighten,em  di şidînîn,ئەم د شدینین
Tighten,Present,You (pl.),You tighten,hîn  di şidînin,ھین د شدینن
Tighten,Present,They,They tighten,ew  di şidînin,ئەو د شدینن
Tighten,Future,I,I will tighten,ez dê  şidînim,ئەز دێ شدینم
Tighten,Future,You,You will tighten,tu dê  şidînî,تو دێ شدینی
Tighten,Future,He/She,He/She will tighten,ew dê  şidînit,ئەو دێ شدینیت
Tighten,Future,We,We will tighten,em dê  şidînîn,ئەم دێ شدینین
Tighten,Future,You (pl.),You will tighten,hîn dê  şidînin,ھین دێ شدینن
Tighten,Future,They,They will tighten,ew dê  şidînin,ئەو دێ شدینن
Till,Past,I,I tilled,min xepare kir,من خەپارە كر
Till,Past,You,You tilled,te xepare kir,تە خەپارە كر
Till,Past,He/She,He/She tilled,ewî/ewê xepare kir,ئەوی/ئەوێ خەپارە كر
Till,Past,We,We tilled,me xepare kir,مە خەپارە كر
Till,Past,You (pl.),You tilled,hewe xepare kir,ھەوە خەپارە كر
Till,Past,They,They tilled,ewan xepare kir,ئەوان خەپارە كر
Till,Present,I,I till,ez  xepare di kem,ئەز خەپارە د كەم
Till,Present,You,You till,tu  xepare di key,تو خەپارە د كەی
Till,Present,He/She,He/She tills,ew  xepare di ket,ئەو خەپارە د كەت
Till,Present,We,We till,em  xepare di keyn,ئەم خەپارە د كەین
Till,Present,You (pl.),You till,hîn  xepare di ken,ھین خەپارە د كەن
Till,Present,They,They till,ew  xepare di ken,ئەو خەپارە د كەن
Till,Future,I,I will till,ez dê  xepare kem,ئەز دێ خەپارە كەم
Till,Future,You,You will till,tu dê  xepare key,تو دێ خەپارە كەی
Till,Future,He/She,He/She will till,ew dê  xepare ket,ئەو دێ خەپارە كەت
Till,Future,We,We will till,em dê  xepare keyn,ئەم دێ خەپارە كەین
Till,Future,You (pl.),You will till,hîn dê  xepare ken,ھین دێ خەپارە كەن
Till,Future,They,They will till,ew dê  xepare ken,ئەو دێ خەپارە كەن
Torture,Past,I,I tortured, ez te'zîb dam,ئەز تەعزیب دام
Torture,Past,You,You tortured, tu te'zîb day,تو تەعزیب دای
Torture,Past,He/She,He/She tortured, ew te'zîb da,ئەو تەعزیب دا
Torture,Past,We,We tortured, em te'zîb dayn,ئەم تەعزیب داین
Torture,Past,You (pl.),You tortured, hîn te'zîb dan,ھین تەعزیب دان
Torture,Past,They,They tortured, ew te'zîb dan,ئەو تەعزیب دان
Torture,Present,I,I torture,ez  te'zîb di dem,ئەز تەعزیب د دەم
Torture,Present,You,You torture,tu  te'zîb di dey,تو تەعزیب د دەی
Torture,Present,He/She,He/She tortures,ew  te'zîb di det,ئەو تەعزیب د دەت
Torture,Present,We,We torture,em  te'zîb di deyn,ئەم تەعزیب د دەین
Torture,Present,You (pl.),You torture,hîn  te'zîb di den,ھین تەعزیب د دەن
Torture,Present,They,They torture,ew  te'zîb di den,ئەو تەعزیب د دەن
Torture,Future,I,I will torture,ez dê  te'zîb dem,ئەز دێ تەعزیب دەم
Torture,Future,You,You will torture,tu dê  te'zîb dey,تو دێ تەعزیب دەی
Torture,Future,He/She,He/She will torture,ew dê  te'zîb det,ئەو دێ تەعزیب دەت
Torture,Future,We,We will torture,em dê  te'zîb deyn,ئەم دێ تەعزیب دەین
Torture,Future,You (pl.),You will torture,hîn dê  te'zîb den,ھین دێ تەعزیب دەن
Torture,Future,They,They will torture,ew dê  te'zîb den,ئەو دێ تەعزیب دەن
Touch,Past,I,I touched,min destê xo kir(e OW),من دەستێ خو كر
Touch,Past,You,You touched,te destê xo kir(e OW),تە دەستێ خو كر
Touch,Past,He/She,He/She touched,ewî/ewê destê xo kir(e OW),ئەوی/ئەوێ دەستێ خو كر
Touch,Past,We,We touched,me destê xo kir(e OW),مە دەستێ خو كر
Touch,Past,You (pl.),You touched,hewe destê xo kir(e OW),ھەوە دەستێ خو كر
Touch,Past,They,They touched,ewan destê xo kir(e OW),ئەوان دەستێ خو كر
Touch,Present,I,I touch,ez destê xo di kem(e OW),ئەز دەستێ خو د كەم
Touch,Present,You,You touch,tu destê xo di key(ye OW),تو دەستێ خو د كەی
Touch,Present,He/She,He/She touches,ew destê xo di ket(e OW),ئەو دەستێ خو د كەت
Touch,Present,We,We touch,em destê xo di keyn(e OW),ئەم دەستێ خو د كەین
Touch,Present,You (pl.),You touch,hîn destê xo di ken(e OW),ھین دەستێ خو د كەن
Touch,Present,They,They touch,ew destê xo di ken(e OW),ئەو دەستێ خو د كەن
Touch,Future,I,I will touch,ez dê destê xo kem(e OW),ئەز دێ دەستێ خو كەم
Touch,Future,You,You will touch,tu dê destê xo key(ye OW),تو دێ دەستێ خو كەی
Touch,Future,He/She,He/She will touch,ew dê destê xo ket(e OW),ئەو دێ دەستێ خو كەت
Touch,Future,We,We will touch,em dê destê xo keyn(e OW),ئەم دێ دەستێ خو كەین
Touch,Future,You (pl.),You will touch,hîn dê destê xo ken(e OW),ھین دێ دەستێ خو كەن
Touch,Future,They,They will touch,ew dê destê xo ken(e OW),ئەو دێ دەستێ خو كەن
Trade,Past,I,I traded,min tîcareta  kir,من تیجارەتا كر
Trade,Past,You,You traded,te tîcareta  kir,تە تیجارەتا كر
Trade,Past,He/She,He/She traded,ewî/ewê tîcareta  kir,ئەوی/ئەوێ تیجارەتا كر
Trade,Past,We,We traded,me tîcareta  kir,مە تیجارەتا كر
Trade,Past,You (pl.),You traded,hewe tîcareta  kir,ھەوە تیجارەتا كر
Trade,Past,They,They traded,ewan tîcareta  kir,ئەوان تیجارەتا كر
Trade,Present,I,I trade,ez tîcareta  di kem,ئەز تیجارەتا د كەم
Trade,Present,You,You trade,tu tîcareta  di key,تو تیجارەتا د كەی
Trade,Present,He/She,He/She trades,ew tîcareta  di ket,ئەو تیجارەتا د كەت
Trade,Present,We,We trade,em tîcareta  di keyn,ئەم تیجارەتا د كەین
Trade,Present,You (pl.),You trade,hîn tîcareta  di ken,ھین تیجارەتا د كەن
Trade,Present,They,They trade,ew tîcareta  di ken,ئەو تیجارەتا د كەن
Trade,Future,I,I will trade,ez dê tîcareta  kem,ئەز دێ تیجارەتا كەم
Trade,Future,You,You will trade,tu dê tîcareta  key,تو دێ تیجارەتا كەی
Trade,Future,He/She,He/She will trade,ew dê tîcareta  ket,ئەو دێ تیجارەتا كەت
Trade,Future,We,We will trade,em dê tîcareta  keyn,ئەم دێ تیجارەتا كەین
Trade,Future,You (pl.),You will trade,hîn dê tîcareta  ken,ھین دێ تیجارەتا كەن
Trade,Future,They,They will trade,ew dê tîcareta  ken,ئەو دێ تیجارەتا كەن
Translate,Past,I,I translated,min tercume kir,من تەرجومە كر
Translate,Past,You,You translated,te tercume kir,تە تەرجومە كر
Translate,Past,He/She,He/She translated,ewî/ewê tercume kir,ئەوی/ئەوێ تەرجومە كر
Translate,Past,We,We translated,me tercume kir,مە تەرجومە كر
Translate,Past,You (pl.),You translated,hewe tercume kir,ھەوە تەرجومە كر
Translate,Past,They,They translated,ewan tercume kir,ئەوان تەرجومە كر
Translate,Present,I,I translate,ez tercume di kem,ئەز تەرجومە د كەم
Translate,Present,You,You translate,tu tercume di key,تو تەرجومە د كەی
Translate,Present,He/She,He/She translates,ew tercume di ket,ئەو تەرجومە د كەت
Translate,Present,We,We translate,em tercume di keyn,ئەم تەرجومە د كەین
Translate,Present,You (pl.),You translate,hîn tercume di ken,ھین تەرجومە د كەن
Translate,Present,They,They translate,ew tercume di ken,ئەو تەرجومە د كەن
Translate,Future,I,I will translate,ez dê tercume kem,ئەز دێ تەرجومە كەم
Translate,Future,You,You will translate,tu dê tercume key,تو دێ تەرجومە كەی
Translate,Future,He/She,He/She will translate,ew dê tercume ket,ئەو دێ تەرجومە كەت
Translate,Future,We,We will translate,em dê tercume keyn,ئەم دێ تەرجومە كەین
Translate,Future,You (pl.),You will translate,hîn dê tercume ken,ھین دێ تەرجومە كەن
Translate,Future,They,They will translate,ew dê tercume ken,ئەو دێ تەرجومە كەن
Transport,Past,I,I transported,min  neqil kir,من نەقل كر
Transport,Past,You,You transported,te  neqil kir,تە نەقل كر
Transport,Past,He/She,He/She transported,ewî/ewê  neqil kir,ئەوی/ئەوێ نەقل كر
Transport,Past,We,We transported,me  neqil kir,مە نەقل كر
Transport,Past,You (pl.),You transported,hewe  neqil kir,ھەوە نەقل كر
Transport,Past,They,They transported,ewan  neqil kir,ئەوان نەقل كر
Transport,Present,I,I transport,ez  neqil di kem,ئەز نەقل د كەم
Transport,Present,You,You transport,tu  neqil di key,تو نەقل د كەی
Transport,Present,He/She,He/She transports,ew  neqil di ket,ئەو نەقل د كەت
Transport,Present,We,We transport,em  neqil di keyn,ئەم نەقل د كەین
Transport,Present,You (pl.),You transport,hîn  neqil di ken,ھین نەقل د كەن
Transport,Present,They,They transport,ew  neqil di ken,ئەو نەقل د كەن
Transport,Future,I,I will transport,ez dê  neqil kem,ئەز دێ نەقل كەم
Transport,Future,You,You will transport,tu dê  neqil key,تو دێ نەقل كەی
Transport,Future,He/She,He/She will transport,ew dê  neqil ket,ئەو دێ نەقل كەت
Transport,Future,We,We will transport,em dê  neqil keyn,ئەم دێ نەقل كەین
Transport,Future,You (pl.),You will transport,hîn dê  neqil ken,ھین دێ نەقل كەن
Transport,Future,They,They will transport,ew dê  neqil ken,ئەو دێ نەقل كەن
Travel,Past,I,I traveled,min sefer kir (bu OW),من سەفەر كر
Travel,Past,You,You traveled,te sefer kir (bu OW),تە سەفەر كر
Travel,Past,He/She,He/She traveled,ewî/ewê sefer kir (bu OW),ئەوی/ئەوێ سەفەر كر
Travel,Past,We,We traveled,me sefer kir (bu OW),مە سەفەر كر
Travel,Past,You (pl.),You traveled,hewe sefer kir (bu OW),ھەوە سەفەر كر
Travel,Past,They,They traveled,ewan sefer kir (bu OW),ئەوان سەفەر كر
Travel,Present,I,I travel,ez seferê di kem (bu OW),ئەز سەفەرێ د كەم
Travel,Present,You,You travel,tu seferê di key (bu OW),تو سەفەرێ د كەی
Travel,Present,He/She,He/She travels,ew seferê di ket (bu OW),ئەو سەفەرێ د كەت
Travel,Present,We,We travel,em seferê di keyn (bu OW),ئەم سەفەرێ د كەین
Travel,Present,You (pl.),You travel,hîn seferê di ken (bu OW),ھین سەفەرێ د كەن
Travel,Present,They,They travel,ew seferê di ken (bu OW),ئەو سەفەرێ د كەن
Travel,Future,I,I will travel,ez dê seferê kem (bu OW),ئەز دێ سەفەرێ كەم
Travel,Future,You,You will travel,tu dê seferê key (bu OW),تو دێ سەفەرێ كەی
Travel,Future,He/She,He/She will travel,ew dê seferê ket (bu OW),ئەو دێ سەفەرێ كەت
Travel,Future,We,We will travel,em dê seferê keyn (bu OW),ئەم دێ سەفەرێ كەین
Travel,Future,You (pl.),You will travel,hîn dê seferê ken (bu OW),ھین دێ سەفەرێ كەن
Travel,Future,They,They will travel,ew dê seferê ken (bu OW),ئەو دێ سەفەرێ كەن
Treat,Past,I,I treated, ez çareser kirim,ئەز چارەسەر كرم
Treat,Past,You,You treated, tu çareser kirî,تو چارەسەر كری
Treat,Past,He/She,He/She treated, ew çareser kir,ئەو چارەسەر كر
Treat,Past,We,We treated, em çareser kirîn,ئەم چارەسەر كرین
Treat,Past,You (pl.),You treated, hîn çareser kirin,ھین چارەسەر كرن
Treat,Past,They,They treated, ew çareser kirin,ئەو چارەسەر كرن
Treat,Present,I,I treat,ez  çareser di kem,ئەز چارەسەر د كەم
Treat,Present,You,You treat,tu  çareser di key,تو چارەسەر د كەی
Treat,Present,He/She,He/She treats,ew  çareser di ket,ئەو چارەسەر د كەت
Treat,Present,We,We treat,em  çareser di keyn,ئەم چارەسەر د كەین
Treat,Present,You (pl.),You treat,hîn  çareser di ken,ھین چارەسەر د كەن
Treat,Present,They,They treat,ew  çareser di ken,ئەو چارەسەر د كەن
Treat,Future,I,I will treat,ez dê  çareser kem,ئەز دێ چارەسەر كەم
Treat,Future,You,You will treat,tu dê  çareser key,تو دێ چارەسەر كەی
Treat,Future,He/She,He/She will treat,ew dê  çareser ket,ئەو دێ چارەسەر كەت
Treat,Future,We,We will treat,em dê  çareser keyn,ئەم دێ چارەسەر كەین
Treat,Future,You (pl.),You will treat,hîn dê  çareser ken,ھین دێ چارەسەر كەن
Treat,Future,They,They will treat,ew dê  çareser ken,ئەو دێ چارەسەر كەن
Trim,Past,I,I trimmed,min  qosand,من قوساند
Trim,Past,You,You trimmed,te  qosand,تە قوساند
Trim,Past,He/She,He/She trimmed,ewî/ewê  qosand,ئەوی/ئەوێ قوساند
Trim,Past,We,We trimmed,me  qosand,مە قوساند
Trim,Past,You (pl.),You trimmed,hewe  qosand,ھەوە قوساند
Trim,Past,They,They trimmed,ewan  qosand,ئەوان قوساند
Trim,Present,I,I trim,ez  di qosînim,ئەز د قوسینم
Trim,Present,You,You trim,tu  di qosînî,تو د قوسینی
Trim,Present,He/She,He/She trims,ew  di qosînit,ئەو د قوسینیت
Trim,Present,We,We trim,em  di qosînîn,ئەم د قوسینین
Trim,Present,You (pl.),You trim,hîn  di qosînin,ھین د قوسینن
Trim,Present,They,They trim,ew  di qosînin,ئەو د قوسینن
Trim,Future,I,I will trim,ez dê  qosînim,ئەز دێ قوسینم
Trim,Future,You,You will trim,tu dê  qosînî,تو دێ قوسینی
Trim,Future,He/She,He/She will trim,ew dê  qosînit,ئەو دێ قوسینیت
Trim,Future,We,We will trim,em dê  qosînîn,ئەم دێ قوسینین
Trim,Future,You (pl.),You will trim,hîn dê  qosînin,ھین دێ قوسینن
Trim,Future,They,They will trim,ew dê  qosînin,ئەو دێ قوسینن
Trust,Past,I,I trusted,min bawerîya xo bi  îna,من باوەرییا خو ب ئینا
Trust,Past,You,You trusted,te bawerîya xo bi  îna,تە باوەرییا خو ب ئینا
Trust,Past,He/She,He/She trusted,ewî/ewê bawerîya xo bi  îna,ئەوی/ئەوێ باوەرییا خو ب ئینا
Trust,Past,We,We trusted,me bawerîya xo bi  îna,مە باوەرییا خو ب ئینا
Trust,Past,You (pl.),You trusted,hewe bawerîya xo bi  îna,ھەوە باوەرییا خو ب ئینا
Trust,Past,They,They trusted,ewan bawerîya xo bi  îna,ئەوان باوەرییا خو ب ئینا
Trust,Present,I,I trust,ez bawerîya xo bi  di înim,ئەز باوەرییا خو ب د ئینم
Trust,Present,You,You trust,tu bawerîya xo bi  di înî,تو باوەرییا خو ب د ئینی
Trust,Present,He/She,He/She trusts,ew bawerîya xo bi  di înit,ئەو باوەرییا خو ب د ئینیت
Trust,Present,We,We trust,em bawerîya xo bi  di înîn,ئەم باوەرییا خو ب د ئینین
Trust,Present,You (pl.),You trust,hîn bawerîya xo bi  di înin,ھین باوەرییا خو ب د ئینن
Trust,Present,They,They trust,ew bawerîya xo bi  di înin,ئەو باوەرییا خو ب د ئینن
Trust,Future,I,I will trust,ez dê bawerîya xo bi  înim,ئەز دێ باوەرییا خو ب ئینم
Trust,Future,You,You will trust,tu dê bawerîya xo bi  înî,تو دێ باوەرییا خو ب ئینی
Trust,Future,He/She,He/She will trust,ew dê  bawerîya xo bi  înit,ئەو دێ  باوەرییا خو ب ئینیت
Trust,Future,We,We will trust,em dê bawerîya xo bi  înîn,ئەم دێ باوەرییا خو ب ئینین
Trust,Future,You (pl.),You will trust,hîn dê bawerîya xo bi  înin,ھین دێ باوەرییا خو ب ئینن
Trust,Future,They,They will trust,ew dê bawerîya xo bi  înin,ئەو دێ باوەرییا خو ب ئینن
Try,Past,I,I tried, ez ceribandim,ئەز جەرباندم
Try,Past,You,You tried, tu ceribandî,تو جەرباندی
Try,Past,He/She,He/She tried, ew ceriband,ئەو جەرباند
Try,Past,We,We tried, em ceribandîn,ئەم جەرباندین
Try,Past,You (pl.),You tried, hîn ceribandin,ھین جەرباندن
Try,Past,They,They tried, ew ceribandin,ئەو جەرباندن
Try,Present,I,I try,ez  di ceribînim,ئەز د جەربینم
Try,Present,You,You try,tu  di ceribînî,تو د جەربینی
Try,Present,He/She,He/She tries,ew  di ceribînit,ئەو د جەربینیت
Try,Present,We,We try,em  di ceribînîn,ئەم د جەربینین
Try,Present,You (pl.),You try,hîn  di ceribînin,ھین د جەربینن
Try,Present,They,They try,ew  di ceribînin,ئەو د جەربینن
Try,Future,I,I will try,ez dê  ceribînim,ئەز دێ جەربینم
Try,Future,You,You will try,tu dê  ceribînî,تو دێ جەربینی
Try,Future,He/She,He/She will try,ew dê  ceribînit,ئەو دێ جەربینیت
Try,Future,We,We will try,em dê  ceribînîn,ئەم دێ جەربینین
Try,Future,You (pl.),You will try,hîn dê  ceribînin,ھین دێ جەربینن
Try,Future,They,They will try,ew dê  ceribînin,ئەو دێ جەربینن
Try,Past,I,I tried,min muḧawelê kir,من موحاوەلێ كر
Try,Past,You,You tried,te muḧawelê kir,تە موحاوەلێ كر
Try,Past,He/She,He/She tried,ewî/ewê muḧawelê kir,ئەوی/ئەوێ موحاوەلێ كر
Try,Past,We,We tried,me muḧawelê kir,مە موحاوەلێ كر
Try,Past,You (pl.),You tried,hewe muḧawelê kir,ھەوە موحاوەلێ كر
Try,Past,They,They tried,ewan muḧawelê kir,ئەوان موحاوەلێ كر
Try,Present,I,I try,ez muḧawelê di kem,ئەز موحاوەلێ د كەم
Try,Present,You,You try,tu muḧawelê di key,تو موحاوەلێ د كەی
Try,Present,He/She,He/She tries,ew muḧawelê di ket,ئەو موحاوەلێ د كەت
Try,Present,We,We try,em muḧawelê di keyn,ئەم موحاوەلێ د كەین
Try,Present,You (pl.),You try,hîn muḧawelê di ken,ھین موحاوەلێ د كەن
Try,Present,They,They try,ew muḧawelê di ken,ئەو موحاوەلێ د كەن
Try,Future,I,I will try,ez dê muḧawelê kem,ئەز دێ موحاوەلێ كەم
Try,Future,You,You will try,tu dê muḧawelê key,تو دێ موحاوەلێ كەی
Try,Future,He/She,He/She will try,ew dê muḧawelê ket,ئەو دێ موحاوەلێ كەت
Try,Future,We,We will try,em dê muḧawelê keyn,ئەم دێ موحاوەلێ كەین
Try,Future,You (pl.),You will try,hîn dê muḧawelê ken,ھین دێ موحاوەلێ كەن
Try,Future,They,They will try,ew dê muḧawelê ken,ئەو دێ موحاوەلێ كەن
Turn Off,Past,I,I turned off,min  temrand,من تەمراند
Turn Off,Past,You,You turned off,te  temrand,تە تەمراند
Turn Off,Past,He/She,He/She turned off,ewî/ewê  temrand,ئەوی/ئەوێ تەمراند
Turn Off,Past,We,We turned off,me  temrand,مە تەمراند
Turn Off,Past,You (pl.),You turned off,hewe  temrand,ھەوە تەمراند
Turn Off,Past,They,They turned off,ewan  temrand,ئەوان تەمراند
Turn Off,Present,I,I turn off,ez  di temrînim,ئەز د تەمرینم
Turn Off,Present,You,You turn off,tu  di temrînî,تو د تەمرینی
Turn Off,Present,He/She,He/She turns off,ew  di temrînit,ئەو د تەمرینیت
Turn Off,Present,We,We turn off,em  di temrînîn,ئەم د تەمرینین
Turn Off,Present,You (pl.),You turn off,hîn  di temrînin,ھین د تەمرینن
Turn Off,Present,They,They turn off,ew  di temrînin,ئەو د تەمرینن
Turn Off,Future,I,I will turn off,ez dê  temrînim,ئەز دێ تەمرینم
Turn Off,Future,You,You will turn off,tu dê  temrînî,تو دێ تەمرینی
Turn Off,Future,He/She,He/She will turn off,ew dê  temrînit,ئەو دێ تەمرینیت
Turn Off,Future,We,We will turn off,em dê  temrînîn,ئەم دێ تەمرینین
Turn Off,Future,You (pl.),You will turn off,hîn dê  temrînin,ھین دێ تەمرینن
Turn Off,Future,They,They will turn off,ew dê  temrînin,ئەو دێ تەمرینن
Turn On,Past,I,I turned on,min  hil kir,من ھل كر
Turn On,Past,You,You turned on,te  hil kir,تە ھل كر
Turn On,Past,He/She,He/She turned on,ewî/ewê  hil kir,ئەوی/ئەوێ ھل كر
Turn On,Past,We,We turned on,me  hil kir,مە ھل كر
Turn On,Past,You (pl.),You turned on,hewe  hil kir,ھەوە ھل كر
Turn On,Past,They,They turned on,ewan  hil kir,ئەوان ھل كر
Turn On,Present,I,I turn on,ez  hil di kem,ئەز ھل د كەم
Turn On,Present,You,You turn on,tu  hil di key,تو ھل د كەی
Turn On,Present,He/She,He/She turns on,ew  hil di ket,ئەو ھل د كەت
Turn On,Present,We,We turn on,em  hil di keyn,ئەم ھل د كەین
Turn On,Present,You (pl.),You turn on,hîn  hil di ken,ھین ھل د كەن
Turn On,Present,They,They turn on,ew  hil di ken,ئەو ھل د كەن
Turn On,Future,I,I will turn on,ez dê  hil kem,ئەز دێ ھل كەم
Turn On,Future,You,You will turn on,tu dê  hil key,تو دێ ھل كەی
Turn On,Future,He/She,He/She will turn on,ew dê  hil ket,ئەو دێ ھل كەت
Turn On,Future,We,We will turn on,em dê  hil keyn,ئەم دێ ھل كەین
Turn On,Future,You (pl.),You will turn on,hîn dê  hil ken,ھین دێ ھل كەن
Turn On,Future,They,They will turn on,ew dê  hil ken,ئەو دێ ھل كەن
Understand,Past,I,I understood,ez ti  gehiştim,ئەز ت گەھشتم
Understand,Past,You,You understood,tu ti  gehiştî,تو ت گەھشتی
Understand,Past,He/She,He/She understood,ew ti  gehişt,ئەو ت گەھشت
Understand,Past,We,We understood,em ti  gehiştîn,ئەم ت گەھشتین
Understand,Past,You (pl.),You understood,hîn ti  gehiştin,ھین ت گەھشتن
Understand,Past,They,They understood,ew ti  gehiştin,ئەو ت گەھشتن
Understand,Present,I,I understand,ez ti  di gehim,ئەز ت د گەھم
Understand,Present,You,You understand,tu ti  di gehî,تو ت د گەھی
Understand,Present,He/She,He/She understands,ew ti  di gehit,ئەو ت د گەھیت
Understand,Present,We,We understand,em ti  di gehîn,ئەم ت د گەھین
Understand,Present,You (pl.),You understand,hîn ti  di gehin,ھین ت د گەھن
Understand,Present,They,They understand,ew ti  di gehin,ئەو ت د گەھن
Understand,Future,I,I will understand,ez dê ti  gehim,ئەز دێ ت گەھم
Understand,Future,You,You will understand,tu dê ti  gehî,تو دێ ت گەھی
Understand,Future,He/She,He/She will understand,ew dê ti  gehit,ئەو دێ ت گەھیت
Understand,Future,We,We will understand,em dê ti  gehîn,ئەم دێ ت گەھین
Understand,Future,You (pl.),You will understand,hîn dê ti  gehin,ھین دێ ت گەھن
Understand,Future,They,They will understand,ew dê ti  gehin,ئەو دێ ت گەھن
Use,Past,I,I used,min  bi kar îna,من ب لار ئینا
Use,Past,You,You used,te  bi kar îna,تە ب لار ئینا
Use,Past,He/She,He/She used,ewî/ewê  bi kar îna,ئەوی/ئەوێ ب لار ئینا
Use,Past,We,We used,me  bi kar îna,مە ب لار ئینا
Use,Past,You (pl.),You used,hewe  bi kar îna,ھەوە ب لار ئینا
Use,Past,They,They used,ewan  bi kar îna,ئەوان ب لار ئینا
Use,Present,I,I use,ez  bi kar di înim,ئەز ب لار د ئینم
Use,Present,You,You use,tu  bi kar di înî,تو ب لار د ئینی
Use,Present,He/She,He/She uses,ew  bi kar di înit,ئەو ب لار د ئینیت
Use,Present,We,We use,em  bi kar di înîn,ئەم ب لار د ئینین
Use,Present,You (pl.),You use,hîn  bi kar di înin,ھین ب لار د ئینن
Use,Present,They,They use,ew  bi kar di înin,ئەو ب لار د ئینن
Use,Future,I,I will use,ez dê  bi kar înim,ئەز دێ ب لار ئینم
Use,Future,You,You will use,tu dê  bi kar înî,تو دێ ب لار ئینی
Use,Future,He/She,He/She will use,ew dê  bi kar înit,ئەو دێ ب لار ئینیت
Use,Future,We,We will use,em dê  bi kar înîn,ئەم دێ ب لار ئینین
Use,Future,You (pl.),You will use,hîn dê  bi kar înin,ھین دێ ب لار ئینن
Use,Future,They,They will use,ew dê  bi kar înin,ئەو دێ ب لار ئینن
Use,Past,I,I used,min  istî'mal kir,من ئستیعمال كر
Use,Past,You,You used,tu  istî'mal kir,تو ئستیعمال كر
Use,Past,He/She,He/She used,ewî/ewê  istî'mal kir,ئەوی/ئەوێ ئستیعمال كر
Use,Past,We,We used,me  istî'mal kir,مە ئستیعمال كر
Use,Past,You (pl.),You used,hewe  istî'mal kir,ھەوە ئستیعمال كر
Use,Past,They,They used,ewan  istî'mal kir,ئەوان ئستیعمال كر
Use,Present,I,I use,ez  istî'mal di kem,ئەز ئستیعمال د كەم
Use,Present,You,You use,tu  istî'mal di key,تو ئستیعمال د كەی
Use,Present,He/She,He/She uses,ew  istî'mal di ket,ئەو ئستیعمال د كەت
Use,Present,We,We use,em  istî'mal di keyn,ئەم ئستیعمال د كەین
Use,Present,You (pl.),You use,hîn  istî'mal di ken,ھین ئستیعمال د كەن
Use,Present,They,They use,ew  istî'mal di ken,ئەو ئستیعمال د كەن
Use,Future,I,I will use,ez dê  istî'mal kem,ئەز دێ ئستیعمال كەم
Use,Future,You,You will use,tu dê  istî'mal key,تو دێ ئستیعمال كەی
Use,Future,He/She,He/She will use,ew dê  istî'mal ket,ئەو دێ ئستیعمال كەت
Use,Future,We,We will use,em dê  istî'mal keyn,ئەم دێ ئستیعمال كەین
Use,Future,You (pl.),You will use,hîn dê  istî'mal en,ھین دێ ئستیعمال ئەن
Use,Future,They,They will use,ew dê  istî'mal ken,ئەو دێ ئستیعمال كەن
Visit,Past,I,I visited,min sera  da,من سەرا دا
Visit,Past,You,You visited,te sera  da,تە سەرا دا
Visit,Past,He/She,He/She visited,ewî/ewê sera  da,ئەوی/ئەوێ سەرا دا
Visit,Past,We,We visited,me sera  da,مە سەرا دا
Visit,Past,You (pl.),You visited,hewe sera  da,ھەوە سەرا دا
Visit,Past,They,They visited,ewan sera  da,ئەوان سەرا دا
Visit,Present,I,I visit,ez sera  di dem,ئەز سەرا د دەم
Visit,Present,You,You visit,tu sera  di dey,تو سەرا د دەی
Visit,Present,He/She,He/She visits,ew sera  di det,ئەو سەرا د دەت
Visit,Present,We,We visit,em sera  di deyn,ئەم سەرا د دەین
Visit,Present,You (pl.),You visit,hîn sera  di den,ھین سەرا د دەن
Visit,Present,They,They visit,ew sera  di den,ئەو سەرا د دەن
Visit,Future,I,I will visit,ez dê sera  dem,ئەز دێ سەرا دەم
Visit,Future,You,You will visit,tu dê sera  dey,تو دێ سەرا دەی
Visit,Future,He/She,He/She will visit,ew dê sera  det,ئەو دێ سەرا دەت
Visit,Future,We,We will visit,em dê sera  deyn,ئەم دێ سەرا دەین
Visit,Future,You (pl.),You will visit,hîn dê sera  den,ھین دێ سەرا دەن
Visit,Future,They,They will visit,ew dê sera  den,ئەو دێ سەرا دەن
Vomit,Past,I,I vomited,&lt;Not Used&gt;,نە
Vomit,Past,You,You vomited,&lt;Not Used&gt;,نە
Vomit,Past,He/She,He/She vomited,dilê  ra bu,دلێ را بو
Vomit,Past,We,We vomited,&lt;Not Used&gt;,نە
Vomit,Past,You (pl.),You vomited,&lt;Not Used&gt;,نە
Vomit,Past,They,They vomited,&lt;Not Used&gt;,نە
Vomit,Present,I,I vomit,&lt;Not Used&gt;,نە
Vomit,Present,You,You vomit,&lt;Not Used&gt;,نە
Vomit,Present,He/She,He/She vomits,dilê  ra di bit,دلێ را د بیت
Vomit,Present,We,We vomit,&lt;Not Used&gt;,نە
Vomit,Present,You (pl.),You vomit,&lt;Not Used&gt;,نە
Vomit,Present,They,They vomit,&lt;Not Used&gt;,نە
Vomit,Future,I,I will vomit,&lt;Not Used&gt;,نە
Vomit,Future,You,You will vomit,&lt;Not Used&gt;,نە
Vomit,Future,He/She,He/She will vomit,dilê  dê ra bit,دلێ دێ را بیت
Vomit,Future,We,We will vomit,&lt;Not Used&gt;,نە
Vomit,Future,You (pl.),You will vomit,&lt;Not Used&gt;,نە
Vomit,Future,They,They will vomit,&lt;Not Used&gt;,نە
Vote,Past,I,I voted,min dengê xo da ,من دەنگێ خو دا
Vote,Past,You,You voted,te dengê xo da ,تە دەنگێ خو دا
Vote,Past,He/She,He/She voted,ewî/ewê dengê xo da ,ئەوی/ئەوێ دەنگێ خو دا
Vote,Past,We,We voted,me dengê xo da ,مە دەنگێ خو دا
Vote,Past,You (pl.),You voted,hewe dengê xo da ,ھەوە دەنگێ خو دا
Vote,Past,They,They voted,ewan dengê xo da ,ئەوان دەنگێ خو دا
Vote,Present,I,I vote,ez dengê xo di dem(e OW),ئەز دەنگێ خو د دەم
Vote,Present,You,You vote,tu dengê xo di dey(e OW),تو دەنگێ خو د دەی
Vote,Present,He/She,He/She votes,ew dengê xo di det(e OW),ئەو دەنگێ خو د دەت
Vote,Present,We,We vote,em dengê xo di deyn(e OW),ئەم دەنگێ خو د دەین
Vote,Present,You (pl.),You vote,hîn dengê xo di den(e OW),ھین دەنگێ خو د دەن
Vote,Present,They,They vote,ew dengê xo di den(e OW),ئەو دەنگێ خو د دەن
Vote,Future,I,I will vote,ez dê dengê xo dem(e OW),ئەز دێ دەنگێ خو دەم
Vote,Future,You,You will vote,tu dê dengê xo dey(e OW),تو دێ دەنگێ خو دەی
Vote,Future,He/She,He/She will vote,ew dê dengê xo det(e OW),ئەو دێ دەنگێ خو دەت
Vote,Future,We,We will vote,em dê dengê xo deyn(e OW),ئەم دێ دەنگێ خو دەین
Vote,Future,You (pl.),You will vote,hîn dê dengê xo den(e OW),ھین دێ دەنگێ خو دەن
Vote,Future,They,They will vote,ew dê dengê xo den(e OW),ئەو دێ دەنگێ خو دەن
Wait,Past,I,I waited,ez li hîvîya  bum,ئەز ل ھیڤییا بوم
Wait,Past,You,You waited,tu li hîvîya  buî,تو ل ھیڤییا بوی
Wait,Past,He/She,He/She waited,ew li hîvîya  bu,ئەو ل ھیڤییا بو
Wait,Past,We,We waited,em li hîvîya  buîn,ئەم ل ھیڤییا بوین
Wait,Past,You (pl.),You waited,hîn li hîvîya  bun,ھین ل ھیڤییا بون
Wait,Past,They,They waited,ew li hîvîya  bun,ئەو ل ھیڤییا بون
Wait,Present,I,I wait,ez li hîvîya  di bim,ئەز ل ھیڤییا د بم
Wait,Present,You,You wait,tu li hîvîya  di bî,تو ل ھیڤییا د بی
Wait,Present,He/She,He/She waits,ew li hîvîya  di bit,ئەو ل ھیڤییا د بیت
Wait,Present,We,We wait,em li hîvîya  di bîn,ئەم ل ھیڤییا د بین
Wait,Present,You (pl.),You wait,hîn li hîvîya  di bin,ھین ل ھیڤییا د بن
Wait,Present,They,They wait,ew li hîvîya  di bin,ئەو ل ھیڤییا د بن
Wait,Future,I,I will wait,ez dê li hîvîya  bim,ئەز دێ ل ھیڤییا بم
Wait,Future,You,You will wait,tu dê li hîvîya  bî,تو دێ ل ھیڤییا بی
Wait,Future,He/She,He/She will wait,ew dê li hîvîya  bit,ئەو دێ ل ھیڤییا بیت
Wait,Future,We,We will wait,em dê li hîvîya  bîn,ئەم دێ ل ھیڤییا بین
Wait,Future,You (pl.),You will wait,hîn dê li hîvîya  bin,ھین دێ ل ھیڤییا بن
Wait,Future,They,They will wait,ew dê li hîvîya  bin,ئەو دێ ل ھیڤییا بن
Wait,Past,I,I waited,min xo li hîvîya  girt,من خو ل ھیڤییا گرت
Wait,Past,You,You waited,te xo li hîvîya  girt,تە خو ل ھیڤییا گرت
Wait,Past,He/She,He/She waited,ewî/ewê xo li hîvîya  girt,ئەوی/ئەوێ خو ل ھیڤییا گرت
Wait,Past,We,We waited,me xo li hîvîya  girt,مە خو ل ھیڤییا گرت
Wait,Past,You (pl.),You waited,hewe xo li hîvîya  girt,ھەوە خو ل ھیڤییا گرت
Wait,Past,They,They waited,ewan xo li hîvîya  girt,ئەوان خو ل ھیڤییا گرت
Wait,Present,I,I wait,ez xo li hîvîya  di girim,ئەز خو ل ھیڤییا د گرم
Wait,Present,You,You wait,tu xo li hîvîya  di girî,تو خو ل ھیڤییا د گری
Wait,Present,He/She,He/She waits,ew xo li hîvîya  di girit,ئەو خو ل ھیڤییا د گریت
Wait,Present,We,We wait,em xo li hîvîya  di girîn,ئەم خو ل ھیڤییا د گرین
Wait,Present,You (pl.),You wait,hîn xo li hîvîya  di girin,ھین خو ل ھیڤییا د گرن
Wait,Present,They,They wait,ew xo li hîvîya  di girin,ئەو خو ل ھیڤییا د گرن
Wait,Future,I,I will wait,ez dê xo li hîvîya  girim,ئەز دێ خو ل ھیڤییا گرم
Wait,Future,You,You will wait,tu dê xo li hîvîya  girî,تو دێ خو ل ھیڤییا گری
Wait,Future,He/She,He/She will wait,ew dê xo li hîvîya  girit,ئەو دێ خو ل ھیڤییا گریت
Wait,Future,We,We will wait,em dê xo li hîvîya  girîn,ئەم دێ خو ل ھیڤییا گرین
Wait,Future,You (pl.),You will wait,hîn dê xo li hîvîya  girin,ھین دێ خو ل ھیڤییا گرن
Wait,Future,They,They will wait,ew dê xo li hîvîya  girin,ئەو دێ خو ل ھیڤییا گرن
Wake Up,Past,I,I woke up,ez ji xew ra bum,ئەز ژ خەو را بوم
Wake Up,Past,You,You woke up,tu ji xew ra buî,تو ژ خەو را بوی
Wake Up,Past,He/She,He/She woke up,ew ji xew ra bu,ئەو ژ خەو را بو
Wake Up,Past,We,We woke up,em ji xew ra buîn,ئەم ژ خەو را بوین
Wake Up,Past,You (pl.),You woke up,hîn ji xew ra bun,ھین ژ خەو را بون
Wake Up,Past,They,They woke up,ew ji xew ra bun,ئەو ژ خەو را بون
Wake Up,Present,I,I wake up,&lt;Not Used&gt;,نە
Wake Up,Present,You,You wake up,&lt;Not Used&gt;,نە
Wake Up,Present,He/She,He/She wakes up,&lt;Not Used&gt;,نە
Wake Up,Present,We,We wake up,&lt;Not Used&gt;,نە
Wake Up,Present,You (pl.),You wake up,&lt;Not Used&gt;,نە
Wake Up,Present,They,They wake up,&lt;Not Used&gt;,نە
Wake Up,Future,I,I will wake up,ez dê ji xew ra bim,ئەز دێ ژ خەو را بم
Wake Up,Future,You,You will wake up,tu dê ji xew ra bî,تو دێ ژ خەو را بی
Wake Up,Future,He/She,He/She will wake up,ew dê ji xew ra bit,ئەو دێ ژ خەو را بیت
Wake Up,Future,We,We will wake up,em dê ji xew ra bîn,ئەم دێ ژ خەو را بین
Wake Up,Future,You (pl.),You will wake up,hîn dê ji xew ra bin,ھین دێ ژ خەو را بن
Wake Up,Future,They,They will wake up,ew dê ji xew ra bin,ئەو دێ ژ خەو را بن
Want Something,Past,I,I wanted,min  di vîya,من د ڤییا
Want Something,Past,You,You wanted,te  di vîya,تە د ڤییا
Want Something,Past,He/She,He/She wanted,ewî/ewê  di vîya,ئەوی/ئەوێ د ڤییا
Want Something,Past,We,We wanted,me  di vîya,مە د ڤییا
Want Something,Past,You (pl.),You wanted,hewe  di vîya,ھەوە د ڤییا
Want Something,Past,They,They wanted,ewan  di vîya,ئەوان د ڤییا
Want Something,Present,I,I want,min  di vêt,من د ڤێت
Want Something,Present,You,You want,te  di vêt,تە د ڤێت
Want Something,Present,He/She,He/She wants,ewî/ewê  di vêt,ئەوی/ئەوێ د ڤێت
Want Something,Present,We,We want,me  di vêt,مە د ڤێت
Want Something,Present,You (pl.),You want,hewe  di vêt,ھەوە د ڤێت
Want Something,Present,They,They want,ewan  di vêt,ئەوان د ڤێت
Want Something,Future,I,I will want,min  dê vêt,من دێ ڤێت
Want Something,Future,You,You will want,te  dê vêt,تە دێ ڤێت
Want Something,Future,He/She,He/She will want,ewî/ewê  dê vêt,ئەوی/ئەوێ دێ ڤێت
Want Something,Future,We,We will want,me  dê vêt,مە دێ ڤێت
Want Something,Future,You (pl.),You will want,hewe  dê vêt,ھەوە دێ ڤێت
Want Something,Future,They,They will want,ewan  dê vêt,ئەوان دێ ڤێت
Want to Do Something,Past,I,I wanted to,min di vîya,من د ڤییا
Want to Do Something,Past,You,You wanted to,te di vîya,تە د ڤییا
Want to Do Something,Past,He/She,He/She wanted to,ewî/ewê di vîya,ئەوی/ئەوێ د ڤییا
Want to Do Something,Past,We,We wanted to,me di vîya,مە د ڤییا
Want to Do Something,Past,You (pl.),You wanted to,hewe di vîya,ھەوە د ڤییا
Want to Do Something,Past,They,They wanted to,ewan di vîya,ئەوان د ڤییا
Want to Do Something,Present,I,I want to,min di vêt,من د ڤێت
Want to Do Something,Present,You,You want to,te di vêt,تە د ڤێت
Want to Do Something,Present,He/She,He/She wants to,ewî/ewê di vêt,ئەوی/ئەوێ د ڤێت
Want to Do Something,Present,We,We want to,me di vêt,مە د ڤێت
Want to Do Something,Present,You (pl.),You want to,hewe di vêt,ھەوە د ڤێت
Want to Do Something,Present,They,They want to,ewan di vêt,ئەوان د ڤێت
Want to Do Something,Future,I,I will want to,min dê vêt,من دێ ڤێت
Want to Do Something,Future,You,You will want to,te dê vêt,تە دێ ڤێت
Want to Do Something,Future,He/She,He/She will want to,ewî/ewê dê vêt,ئەوی/ئەوێ دێ ڤێت
Want to Do Something,Future,We,We will want to,me dê vêt,مە دێ ڤێت
Want to Do Something,Future,You (pl.),You will want to,hewe dê vêt,ھەوە دێ ڤێت
Want to Do Something,Future,They,They will want to,ewan dê vêt,ئەوان دێ ڤێت
Warn,Past,I,I warned, ez agehdar kirim,ئەز ئاگەھدار كرم
Warn,Past,You,You warned, tu agehdar kirî,تو ئاگەھدار كری
Warn,Past,He/She,He/She warned, ew agehdar kir,ئەو ئاگەھدار كر
Warn,Past,We,We warned, em agehdar kirîn,ئەم ئاگەھدار كرین
Warn,Past,You (pl.),You warned, hîn agehdar kirin,ھین ئاگەھدار كرن
Warn,Past,They,They warned, ew agehdar kirin,ئەو ئاگەھدار كرن
Warn,Present,I,I warn,ez  agehdar di kem,ئەز ئاگەھدار د كەم
Warn,Present,You,You warn,tu  agehdar di key,تو ئاگەھدار د كەی
Warn,Present,He/She,He/She warns,ew  agehdar di ket,ئەو ئاگەھدار د كەت
Warn,Present,We,We warn,em  agehdar di keyn,ئەم ئاگەھدار د كەین
Warn,Present,You (pl.),You warn,hîn  agehdar di ken,ھین ئاگەھدار د كەن
Warn,Present,They,They warn,ew  agehdar di ken,ئەو ئاگەھدار د كەن
Warn,Future,I,I will warn,ez dê  agehdar kem,ئەز دێ ئاگەھدار كەم
Warn,Future,You,You will warn,tu dê  agehdar key,تو دێ ئاگەھدار كەی
Warn,Future,He/She,He/She will warn,ew dê  agehdar ket,ئەو دێ ئاگەھدار كەت
Warn,Future,We,We will warn,em dê  agehdar keyn,ئەم دێ ئاگەھدار كەین
Warn,Future,You (pl.),You will warn,hîn dê  agehdar ken,ھین دێ ئاگەھدار كەن
Warn,Future,They,They will warn,ew dê  agehdar ken,ئەو دێ ئاگەھدار كەن
Wash,Past,I,I washed, ez şîştim,ئەز شیشتم
Wash,Past,You,You washed, tu şîştî,تو شیشتی
Wash,Past,He/She,He/She washed, ew şîşt,ئەو شیشت
Wash,Past,We,We washed, em şîştîn,ئەم شیشتین
Wash,Past,You (pl.),You washed, hîn şîştin,ھین شیشتن
Wash,Past,They,They washed, ew şîştin,ئەو شیشتن
Wash,Present,I,I wash,ez  di şum,ئەز د شوم
Wash,Present,You,You wash,tu  di şuî,تو د شوی
Wash,Present,He/She,He/She washes,ew  di şut,ئەو د شوت
Wash,Present,We,We wash,em  di şuîn,ئەم د شوین
Wash,Present,You (pl.),You wash,hîn  di şun,ھین د شون
Wash,Present,They,They wash,ew  di şun,ئەو د شون
Wash,Future,I,I will wash,ez dê  şum,ئەز دێ شوم
Wash,Future,You,You will wash,tu dê  şuî,تو دێ شوی
Wash,Future,He/She,He/She will wash,ew dê  şut,ئەو دێ شوت
Wash,Future,We,We will wash,em dê  şuîn,ئەم دێ شوین
Wash,Future,You (pl.),You will wash,hîn dê  şun,ھین دێ شون
Wash,Future,They,They will wash,ew dê  şun,ئەو دێ شون
Watch,Past,I,I watched,min seḧ kir(e OW),من سەح كر
Watch,Past,You,You watched,te seḧ kir(e OW),تە سەح كر
Watch,Past,He/She,He/She watched,ewî/ewê seḧ kir(e OW),ئەوی/ئەوێ سەح كر
Watch,Past,We,We watched,me seḧ kir(e OW),مە سەح كر
Watch,Past,You (pl.),You watched,hîn seḧ kir(e OW),ھین سەح كر
Watch,Past,They,They watched,ewan seḧ kir(e OW),ئەوان سەح كر
Watch,Present,I,I watch,ez seḧ di kem(e OW),ئەز سەح د كەم
Watch,Present,You,You watch,tu seḧ di key(ye OW),تو سەح د كەی
Watch,Present,He/She,He/She watches,ew seḧ di ket(e OW),ئەو سەح د كەت
Watch,Present,We,We watch,em seḧ di keyn(e OW),ئەم سەح د كەین
Watch,Present,You (pl.),You watch,hîn seḧ di ken(e OW),ھین سەح د كەن
Watch,Present,They,They watch,ew seḧ di ken(e OW),ئەو سەح د كەن
Watch,Future,I,I will watch,ez dê seḧ kem(e OW),ئەز دێ سەح كەم
Watch,Future,You,You will watch,tu dê seḧ key(ye OW),تو دێ سەح كەی
Watch,Future,He/She,He/She will watch,ew dê seḧ ket(e OW),ئەو دێ سەح كەت
Watch,Future,We,We will watch,em dê seḧ keyn(e OW),ئەم دێ سەح كەین
Watch,Future,You (pl.),You will watch,hîn dê seḧ ken(e OW),ھین دێ سەح كەن
Watch,Future,They,They will watch,ew dê seḧ ken(e OW),ئەو دێ سەح كەن
Water,Past,I,I watered,min  av da,من ئاڤ دا
Water,Past,You,You watered,te  av da,تە ئاڤ دا
Water,Past,He/She,He/She watered,ewî/ewê  av da,ئەوی/ئەوێ ئاڤ دا
Water,Past,We,We watered,me  av da,مە ئاڤ دا
Water,Past,You (pl.),You watered,hewe  av da,ھەوە ئاڤ دا
Water,Past,They,They watered,ewan  av da,ئەوان ئاڤ دا
Water,Present,I,I water,ez  av di dem,ئەز ئاڤ د دەم
Water,Present,You,You water,tu  av di dey,تو ئاڤ د دەی
Water,Present,He/She,He/She waters,ew  av di det,ئەو ئاڤ د دەت
Water,Present,We,We water,em  av di deyn,ئەم ئاڤ د دەین
Water,Present,You (pl.),You water,hîn  av di den,ھین ئاڤ د دەن
Water,Present,They,They water,ew  av di den,ئەو ئاڤ د دەن
Water,Future,I,I will water,ez dê  av dem,ئەز دێ ئاڤ دەم
Water,Future,You,You will water,tu dê  av dey,تو دێ ئاڤ دەی
Water,Future,He/She,He/She will water,ew dê  av det,ئەو دێ ئاڤ دەت
Water,Future,We,We will water,em dê  av deyn,ئەم دێ ئاڤ دەین
Water,Future,You (pl.),You will water,hîn dê  av den,ھین دێ ئاڤ دەن
Water,Future,They,They will water,ew dê  av den,ئەو دێ ئاڤ دەن
Wear,Past,I,I wore,min  kire ber xo,من كرە بەر خو
Wear,Past,You,You wore,te  kire ber xo,تە كرە بەر خو
Wear,Past,He/She,He/She wore,ewî/ewê  kire ber xo,ئەوی/ئەوێ كرە بەر خو
Wear,Past,We,We wore,me  kire ber xo,مە كرە بەر خو
Wear,Past,You (pl.),You wore,hewe  kire ber xo,ھەوە كرە بەر خو
Wear,Past,They,They wore,ewan  kire ber xo,ئەوان كرە بەر خو
Wear,Present,I,I wear,ez  di keme ber xo,ئەز د كەمە بەر خو
Wear,Present,You,You wear,tu  di keyye ber xo,تو د كەییە بەر خو
Wear,Present,He/She,He/She wears,ew  di kete ber xo,ئەو د كەتە بەر خو
Wear,Present,We,We wear,em  di keyne ber xo,ئەم د كەینە بەر خو
Wear,Present,You (pl.),You wear,hîn  di kene ber xo,ھین د كەنە بەر خو
Wear,Present,They,They wear,ew  di kene ber xo,ئەو د كەنە بەر خو
Wear,Future,I,I will wear,ez dê  keme ber xo,ئەز دێ كەمە بەر خو
Wear,Future,You,You will wear,tu dê  keyye ber xo,تو دێ كەییە بەر خو
Wear,Future,He/She,He/She will wear,ew dê  kete ber xo,ئەو دێ كەتە بەر خو
Wear,Future,We,We will wear,em dê  keyne ber xo,ئەم دێ كەینە بەر خو
Wear,Future,You (pl.),You will wear,hîn dê  kene ber xo,ھین دێ كەنە بەر خو
Wear,Future,They,They will wear,ew dê  kene ber xo,ئەو دێ كەنە بەر خو
Wear,Past,I,I wore,min  kirê,من كرێ
Wear,Past,You,You wore,te  kirê,تە كرێ
Wear,Past,He/She,He/She wore,ewî/ewê  kirê,ئەوی/ئەوێ كرێ
Wear,Past,We,We wore,me  kirê,مە كرێ
Wear,Past,You (pl.),You wore,hewe  kirê,ھەوە كرێ
Wear,Past,They,They wore,ewan  kirê,ئەوان كرێ
Wear,Present,I,I wear,ez  di kemê,ئەز د كەمێ
Wear,Present,You,You wear,tu  di keyyê,تو د كەییێ
Wear,Present,He/She,He/She wears,ew  di ketê,ئەو د كەتێ
Wear,Present,We,We wear,em  di keynê,ئەم د كەینێ
Wear,Present,You (pl.),You wear,hîn  di kenê,ھین د كەنێ
Wear,Present,They,They wear,ew  di kenê,ئەو د كەنێ
Wear,Future,I,I will wear,ez dê  kemê,ئەز دێ كەمێ
Wear,Future,You,You will wear,tu dê  keyyê,تو دێ كەییێ
Wear,Future,He/She,He/She will wear,ew dê  ketê,ئەو دێ كەتێ
Wear,Future,We,We will wear,em dê  keynê,ئەم دێ كەینێ
Wear,Future,You (pl.),You will wear,hîn dê  kenê,ھین دێ كەنێ
Wear,Future,They,They will wear,ew dê  kenê,ئەو دێ كەنێ
Wear Something Out,Past,I,I wore out,min  jengî kir,من ژەنگی كر
Wear Something Out,Past,You,You wore out,te  jengî kir,تە ژەنگی كر
Wear Something Out,Past,He/She,He/She wore out,ewî/ewê  jengî kir,ئەوی/ئەوێ ژەنگی كر
Wear Something Out,Past,We,We wore out,me  jengî kir,مە ژەنگی كر
Wear Something Out,Past,You (pl.),You wore out,hewe  jengî kir,ھەوە ژەنگی كر
Wear Something Out,Past,They,They wore out,ewan  jengî kir,ئەوان ژەنگی كر
Wear Something Out,Present,I,I wear out,&lt;Not Used&gt;,نە
Wear Something Out,Present,You,You wear out,&lt;Not Used&gt;,نە
Wear Something Out,Present,He/She,He/She wears out,&lt;Not Used&gt;,نە
Wear Something Out,Present,We,We wear out,&lt;Not Used&gt;,نە
Wear Something Out,Present,You (pl.),You wear out,&lt;Not Used&gt;,نە
Wear Something Out,Present,They,They wear out,&lt;Not Used&gt;,نە
Wear Something Out,Future,I,I will wear out,&lt;Not Used&gt;,نە
Wear Something Out,Future,You,You will wear out,&lt;Not Used&gt;,نە
Wear Something Out,Future,He/She,He/She will wear out,&lt;Not Used&gt;,نە
Wear Something Out,Future,We,We will wear out,&lt;Not Used&gt;,نە
Wear Something Out,Future,You (pl.),You will wear out,&lt;Not Used&gt;,نە
Wear Something Out,Future,They,They will wear out,&lt;Not Used&gt;,نە
Weigh,Past,I,I weighed,min  keyşa,من كەیشا
Weigh,Past,You,You weighed,te  keyşa,تە كەیشا
Weigh,Past,He/She,He/She weighed,ewî/ewê  keyşa,ئەوی/ئەوێ كەیشا
Weigh,Past,We,We weighed,me  keyşa,مە كەیشا
Weigh,Past,You (pl.),You weighed,hewe  keyşa,ھەوە كەیشا
Weigh,Past,They,They weighed,ewan  keyşa,ئەوان كەیشا
Weigh,Present,I,I weigh,ez  di keşim,ئەز د كەشم
Weigh,Present,You,You weigh,tu  di keşî,تو د كەشی
Weigh,Present,He/She,He/She weighs,ew  di keşit,ئەو د كەشیت
Weigh,Present,We,We weigh,em  di keşîn,ئەم د كەشین
Weigh,Present,You (pl.),You weigh,hîn  di keşin,ھین د كەشن
Weigh,Present,They,They weigh,ew  di keşin,ئەو د كەشن
Weigh,Future,I,I will weigh,ez dê  keşim,ئەز دێ كەشم
Weigh,Future,You,You will weigh,tu dê  keşî,تو دێ كەشی
Weigh,Future,He/She,He/She will weigh,ew dê  keşit,ئەو دێ كەشیت
Weigh,Future,We,We will weigh,em dê  keşîn,ئەم دێ كەشین
Weigh,Future,You (pl.),You will weigh,hîn dê  keşin,ھین دێ كەشن
Weigh,Future,They,They will weigh,ew dê  keşin,ئەو دێ كەشن
Weld,Past,I,I welded,min  leḧîm kir,من لەحیم كر
Weld,Past,You,You welded,te  leḧîm kir,تە لەحیم كر
Weld,Past,He/She,He/She welded,ewî/ewê  leḧîm kir,ئەوی/ئەوێ لەحیم كر
Weld,Past,We,We welded,me  leḧîm kir,مە لەحیم كر
Weld,Past,You (pl.),You welded,hewe  leḧîm kir,ھەوە لەحیم كر
Weld,Past,They,They welded,ewan  leḧîm kir,ئەوان لەحیم كر
Weld,Present,I,I weld,ez  leḧîm di kem,ئەز لەحیم د كەم
Weld,Present,You,You weld,tu  leḧîm di key,تو لەحیم د كەی
Weld,Present,He/She,He/She welds,ew  leḧîm di ket,ئەو لەحیم د كەت
Weld,Present,We,We weld,em  leḧîm di keyn,ئەم لەحیم د كەین
Weld,Present,You (pl.),You weld,hîn  leḧîm di ken,ھین لەحیم د كەن
Weld,Present,They,They weld,ew  leḧîm di ken,ئەو لەحیم د كەن
Weld,Future,I,I will weld,ez dê  leḧîm kem,ئەز دێ لەحیم كەم
Weld,Future,You,You will weld,tu dê  leḧîm key,تو دێ لەحیم كەی
Weld,Future,He/She,He/She will weld,ew dê  leḧîm ket,ئەو دێ لەحیم كەت
Weld,Future,We,We will weld,em dê  leḧîm keyn,ئەم دێ لەحیم كەین
Weld,Future,You (pl.),You will weld,hîn dê  leḧîm ken,ھین دێ لەحیم كەن
Weld,Future,They,They will weld,ew dê  leḧîm ken,ئەو دێ لەحیم كەن
Whip,Past,I,I whipped, ez qamçî dam,ئەز قامچی دام
Whip,Past,You,You whipped, tu qamçî day,تو قامچی دای
Whip,Past,He/She,He/She whipped, ew qamçî da,ئەو قامچی دا
Whip,Past,We,We whipped, em qamçî dayn,ئەم قامچی داین
Whip,Past,You (pl.),You whipped, hîn qamçî dan,ھین قامچی دان
Whip,Past,They,They whipped, ew qamçî dan,ئەو قامچی دان
Whip,Present,I,I whip,ez  qamçî di dem,ئەز قامچی د دەم
Whip,Present,You,You whip,tu  qamçî di dey,تو قامچی د دەی
Whip,Present,He/She,He/She whips,ew  qamçî di det,ئەو قامچی د دەت
Whip,Present,We,We whip,em  qamçî di deyn,ئەم قامچی د دەین
Whip,Present,You (pl.),You whip,hîn  qamçî di den,ھین قامچی د دەن
Whip,Present,They,They whip,ew  qamçî di den,ئەو قامچی د دەن
Whip,Future,I,I will whip,ez dê  qamçî dem,ئەز دێ قامچی دەم
Whip,Future,You,You will whip,tu dê  qamçî dey,تو دێ قامچی دەی
Whip,Future,He/She,He/She will whip,ew dê  qamçî det,ئەو دێ قامچی دەت
Whip,Future,We,We will whip,em dê  qamçî deyn,ئەم دێ قامچی دەین
Whip,Future,You (pl.),You will whip,hîn dê  qamçî den,ھین دێ قامچی دەن
Whip,Future,They,They will whip,ew dê  qamçî den,ئەو دێ قامچی دەن
Win,Past,I,I won,ez (di OW da) fayde bum,ئەز فایدە بوم
Win,Past,You,You won,tu (di OW da) fayde buî,تو فایدە بوی
Win,Past,He/She,He/She won,ew (di OW da) fayde bu,ئەو فایدە بو
Win,Past,We,We won,em (di OW da) fayde buîn,ئەم فایدە بوین
Win,Past,You (pl.),You won,hîn (di OW da) fayde bun,ھین فایدە بون
Win,Past,They,They won,ew (di OW da) fayde bun,ئەو فایدە بون
Win,Present,I,I win,ez (di OW da) fayde di bim,ئەز فایدە د بم
Win,Present,You,You win,tu (di OW da) fayde di bî,تو فایدە د بی
Win,Present,He/She,He/She wins,ew (di OW da) fayde di bit,ئەو فایدە د بیت
Win,Present,We,We win,em (di OW da) fayde di bîn,ئەم فایدە د بین
Win,Present,You (pl.),You win,hîn (di OW da) fayde di bin,ھین فایدە د بن
Win,Present,They,They win,ew (di OW da) fayde di bin,ئەو فایدە د بن
Win,Future,I,I will win,ez dê (di OW da) fayde bim,ئەز دێ فایدە بم
Win,Future,You,You will win,tu dê (di OW da) fayde bî,تو دێ فایدە بی
Win,Future,He/She,He/She will win,ew dê (di OW da) fayde bit,ئەو دێ فایدە بیت
Win,Future,We,We will win,em dê (di OW da) fayde bîn,ئەم دێ فایدە بین
Win,Future,You (pl.),You will win,hîn dê (di OW da) fayde bin,ھین دێ فایدە بن
Win,Future,They,They will win,ew dê (di OW da) fayde bin,ئەو دێ فایدە بن
Wink,Past,I,I winked,min çavê xo li  niqand,من چاڤێ خو ل نقاند
Wink,Past,You,You winked,te çavê xo li  niqand,تە چاڤێ خو ل نقاند
Wink,Past,He/She,He/She winked,ewî/ewê çavê xo li  niqand,ئەوی/ئەوێ چاڤێ خو ل نقاند
Wink,Past,We,We winked,me çavê xo li  niqand,مە چاڤێ خو ل نقاند
Wink,Past,You (pl.),You winked,hewe çavê xo li  niqand,ھەوە چاڤێ خو ل نقاند
Wink,Past,They,They winked,ewan çavê xo li  niqand,ئەوان چاڤێ خو ل نقاند
Wink,Present,I,I wink,ez çavê xo li  di niqînim,ئەز چاڤێ خو ل د نقینم
Wink,Present,You,You wink,tu çavê xo li  di niqînî,تو چاڤێ خو ل د نقینی
Wink,Present,He/She,He/She winks,ew çavê xo li  di niqînit,ئەو چاڤێ خو ل د نقینیت
Wink,Present,We,We wink,em çavê xo li  di niqînîn,ئەم چاڤێ خو ل د نقینین
Wink,Present,You (pl.),You wink,hîn çavê xo li  di niqînin,ھین چاڤێ خو ل د نقینن
Wink,Present,They,They wink,ew çavê xo li  di niqînin,ئەو چاڤێ خو ل د نقینن
Wink,Future,I,I will wink,ez dê çavê xo li  niqînim,ئەز دێ چاڤێ خو ل نقینم
Wink,Future,You,You will wink,tu dê çavê xo li  niqînî,تو دێ چاڤێ خو ل نقینی
Wink,Future,He/She,He/She will wink,ew dê çavê xo li  niqînit,ئەو دێ چاڤێ خو ل نقینیت
Wink,Future,We,We will wink,em dê çavê xo li  niqînîn,ئەم دێ چاڤێ خو ل نقینین
Wink,Future,You (pl.),You will wink,hîn dê çavê xo li  niqînin,ھین دێ چاڤێ خو ل نقینن
Wink,Future,They,They will wink,ew dê çavê xo li  niqînin,ئەو دێ چاڤێ خو ل نقینن
Work,Past,I,I worked,min şul kir,من شول كر
Work,Past,You,You worked,te şul kir,تە شول كر
Work,Past,He/She,He/She worked,ewî/ewê şul kir,ئەوی/ئەوێ شول كر
Work,Past,We,We worked,me şul kir,مە شول كر
Work,Past,You (pl.),You worked,hewe şul kir,ھەوە شول كر
Work,Past,They,They worked,ewan şul kir,ئەوان شول كر
Work,Present,I,I work,ez şul di kem,ئەز شول د كەم
Work,Present,You,You work,tu şul di key,تو شول د كەی
Work,Present,He/She,He/She works,ew şul di ket,ئەو شول د كەت
Work,Present,We,We work,em şul di keyn,ئەم شول د كەین
Work,Present,You (pl.),You work,hîn şul di ken,ھین شول د كەن
Work,Present,They,They work,ew şul di ken,ئەو شول د كەن
Work,Future,I,I will work,ez dê şul kem,ئەز دێ شول كەم
Work,Future,You,You will work,tu dê şul key,تو دێ شول كەی
Work,Future,He/She,He/She will work,ew dê şul ket,ئەو دێ شول كەت
Work,Future,We,We will work,em dê şul keyn,ئەم دێ شول كەین
Work,Future,You (pl.),You will work,hîn dê şul ken,ھین دێ شول كەن
Work,Future,They,They will work,ew dê şul ken,ئەو دێ شول كەن
Worship,Past,I,I worshiped,min 'îbadetê  kir,من عیبادەتێ كر
Worship,Past,You,You worshiped,te 'îbadetê  kir,تە عیبادەتێ كر
Worship,Past,He/She,He/She worshiped,ewî/ewê 'îbadetê  kir,ئەوی/ئەوێ عیبادەتێ كر
Worship,Past,We,We worshiped,me 'îbadetê  kir,مە عیبادەتێ كر
Worship,Past,You (pl.),You worshiped,hewe 'îbadetê  kir,ھەوە عیبادەتێ كر
Worship,Past,They,They worshiped,ewan 'îbadetê  kir,ئەوان عیبادەتێ كر
Worship,Present,I,I worship,ez 'îbadetê  di kem,ئەز عیبادەتێ د كەم
Worship,Present,You,You worship,tu 'îbadetê  di key,تو عیبادەتێ د كەی
Worship,Present,He/She,He/She worships,ew 'îbadetê  di ket,ئەو عیبادەتێ د كەت
Worship,Present,We,We worship,em 'îbadetê  di keyn,ئەم عیبادەتێ د كەین
Worship,Present,You (pl.),You worship,hîn 'îbadetê  di ken,ھین عیبادەتێ د كەن
Worship,Present,They,They worship,ew 'îbadetê  di ken,ئەو عیبادەتێ د كەن
Worship,Future,I,I will worship,ez dê 'îbadetê  kem,ئەز دێ عیبادەتێ كەم
Worship,Future,You,You will worship,tu dê 'îbadetê  key,تو دێ عیبادەتێ كەی
Worship,Future,He/She,He/She will worship,ew dê 'îbadetê  ket,ئەو دێ عیبادەتێ كەت
Worship,Future,We,We will worship,em dê 'îbadetê  keyn,ئەم دێ عیبادەتێ كەین
Worship,Future,You (pl.),You will worship,hîn dê 'îbadetê  ken,ھین دێ عیبادەتێ كەن
Worship,Future,They,They will worship,ew dê 'îbadetê  ken,ئەو دێ عیبادەتێ كەن
Write,Past,I,I wrote,min  nivêsa,من نڤێسا
Write,Past,You,You wrote,min  nivêsa,من نڤێسا
Write,Past,He/She,He/She wrote,min  nivêsa,من نڤێسا
Write,Past,We,We wrote,min  nivêsa,من نڤێسا
Write,Past,You (pl.),You wrote,min  nivêsa,من نڤێسا
Write,Past,They,They wrote,min  nivêsa,من نڤێسا
Write,Present,I,I write,ez  di nivêsim,ئەز د نڤێسم
Write,Present,You,You write,tu  di nivêsî,تو د نڤێسی
Write,Present,He/She,He/She writes,ew  di nivêsit,ئەو د نڤێسیت
Write,Present,We,We write,em  di nivêsîn,ئەم د نڤێسین
Write,Present,You (pl.),You write,hîn  di nivêsin,ھین د نڤێسن
Write,Present,They,They write,ew  di nivêsin,ئەو د نڤێسن
Write,Future,I,I will write,ez dê dê  nivêsim,ئەز دێ دێ نڤێسم
Write,Future,You,You will write,tu dê dê  nivêsî,تو دێ دێ نڤێسی
Write,Future,He/She,He/She will write,ew dê dê  nivêsit,ئەو دێ دێ نڤێسیت
Write,Future,We,We will write,em dê dê  nivêsîn,ئەم دێ دێ نڤێسین
Write,Future,You (pl.),You will write,hîn dê dê  nivêsin,ھین دێ دێ نڤێسن
Write,Future,They,They will write,ew dê dê  nivêsin,ئەو دێ دێ نڤێسن
Yell,Past,I,I yelled,min hawar kir,من ھاوار كر
Yell,Past,You,You yelled,te hawar kir,تە ھاوار كر
Yell,Past,He/She,He/She yelled,ewî/ewê hawar kir,ئەوی/ئەوێ ھاوار كر
Yell,Past,We,We yelled,me hawar kir,مە ھاوار كر
Yell,Past,You (pl.),You yelled,hewe hawar kir,ھەوە ھاوار كر
Yell,Past,They,They yelled,ewan hawar kir,ئەوان ھاوار كر
Yell,Present,I,I yell,ez hawar di kem,ئەز ھاوار د كەم
Yell,Present,You,You yell,tu hawar di key,تو ھاوار د كەی
Yell,Present,He/She,He/She yells,ew hawar di ket,ئەو ھاوار د كەت
Yell,Present,We,We yell,em hawar di keyn,ئەم ھاوار د كەین
Yell,Present,You (pl.),You yell,hîn hawar di ken,ھین ھاوار د كەن
Yell,Present,They,They yell,ew hawar di ken,ئەو ھاوار د كەن
Yell,Future,I,I will yell,ez dê hawar kem,ئەز دێ ھاوار كەم
Yell,Future,You,You will yell,tu dê hawar key,تو دێ ھاوار كەی
Yell,Future,He/She,He/She will yell,ew dê hawar ket,ئەو دێ ھاوار كەت
Yell,Future,We,We will yell,em dê hawar keyn,ئەم دێ ھاوار كەین
Yell,Future,You (pl.),You will yell,hîn dê hawar ken,ھین دێ ھاوار كەن
Yell,Future,They,They will yell,ew dê hawar ken,ئەو دێ ھاوار كەن
